{"correlation": 0.06869158999202753, "p_value": 9.649056063995835e-105}