{"correlation": 0.11834184637080138, "p_value": 2.7512585688977e-308}