{"correlation": 0.095722093963071, "p_value": 6.01890131296321e-202}