{"correlation": 0.025243513337039315, "p_value": 1.4737994551797588e-15}