{"correlation": 0.03997577747398525, "p_value": 1.289740817785319e-36}