{"correlation": -0.0038387393580944355, "p_value": 0.22505995287949004}