{"correlation": 0.07750054401055785, "p_value": 7.100890195412795e-133}