{"correlation": -0.0402802780382398, "p_value": 3.770241548455675e-37}