{"correlation": 0.09171036276298372, "p_value": 1.7815654518088013e-185}