{"correlation": -0.009664335773804393, "p_value": 0.0022555218158867682}