{"correlation": 0.016148599731276216, "p_value": 3.327854306838508e-07}