{"correlation": 0.08189546380518918, "p_value": 3.4416616325008397e-148}