{"correlation": -0.08495994725527871, "p_value": 2.2555058089492726e-159}