{"correlation": -0.10049425971609342, "p_value": 1.7880275068779884e-222}