{"correlation": 0.10492363013481808, "p_value": 1.947481340783113e-242}