{"correlation": 0.040671598416144275, "p_value": 7.656732486210972e-38}