{"correlation": -0.04563835552244692, "p_value": 3.309097810580951e-47}