{"correlation": 0.09008269204710447, "p_value": 5.365682919517992e-179}