{"correlation": 0.03856118813670272, "p_value": 3.46105194787491e-34}