{"correlation": -0.07649100139818922, "p_value": 1.7733949756301295e-129}