{"correlation": -0.08602954119801391, "p_value": 2.2492192142244066e-163}