{"correlation": -0.010954600328205864, "p_value": 0.000535883279728119}