{"correlation": -0.09460389787526012, "p_value": 2.7705593232348876e-197}