{"correlation": 0.08970410571664279, "p_value": 1.6584268950686355e-177}