{"correlation": 0.003602256912741067, "p_value": 0.254934664511314}