{"correlation": -0.05084385488896802, "p_value": 3.588804210296655e-58}