{"correlation": -0.10323679016685157, "p_value": 9.895599650989306e-235}