{"correlation": 0.015470284906550393, "p_value": 1.0111639158490845e-06}