{"correlation": -0.10553789317901968, "p_value": 2.8293780421126063e-245}