{"correlation": 0.026807261395617978, "p_value": 2.3798149505747763e-17}