{"correlation": 0.04407377929320344, "p_value": 3.846574752641829e-44}