{"correlation": -0.0001879233332353427, "p_value": 0.9526411084713884}