{"correlation": 0.10589916992326044, "p_value": 5.95335806309037e-247}