{"correlation": 0.06511328394657112, "p_value": 2.745709798620392e-94}