{"correlation": -0.08581058593973696, "p_value": 1.4970590431249465e-162}