{"correlation": -0.05877895272880119, "p_value": 3.7080994548693594e-77}