{"correlation": 0.026276059940043218, "p_value": 9.93127290762588e-17}