{"correlation": 0.09117331486847091, "p_value": 2.5205148768018154e-183}