{"correlation": -0.01617800310451057, "p_value": 3.1681457752757275e-07}