{"correlation": 0.05740849086832715, "p_value": 1.1078859366924782e-73}