{"correlation": 0.034280544459236076, "p_value": 2.2974234981668034e-27}