{"correlation": 0.06339086374182919, "p_value": 1.8647752867096406e-89}