{"correlation": -0.013931946627338857, "p_value": 1.0666339801661598e-05}