{"correlation": 0.08059229370251861, "p_value": 1.4680526436388483e-143}