{"correlation": -0.04688273060342231, "p_value": 1.0133652672440626e-49}