{"correlation": -0.0071364505127768756, "p_value": 0.024108161814811332}