{"correlation": -0.003614672329108567, "p_value": 0.2533007264441257}