{"correlation": 0.07859765321676526, "p_value": 1.282826976625823e-136}