{"correlation": 0.08620658967608627, "p_value": 4.8398178452161514e-164}