{"correlation": 0.06440750018485197, "p_value": 2.71854368589556e-92}