{"correlation": 0.05916738669884143, "p_value": 3.708486624450366e-78}