{"correlation": -0.10338188617523009, "p_value": 2.1757501008058186e-235}