{"correlation": -0.11504976883680178, "p_value": 2.2184624940872386e-291}