{"correlation": -0.05805260859989356, "p_value": 2.638168279627856e-75}