{"correlation": -0.0001941015259963751, "p_value": 0.9510860520561313}