{"correlation": 0.0995056446759542, "p_value": 3.875072178340254e-218}