{"correlation": 0.0014177876001990422, "p_value": 0.6541015387289726}