{"correlation": 0.07458513088897432, "p_value": 3.470221307045914e-123}