{"correlation": 0.06233734468234917, "p_value": 1.452297440049178e-86}