{"correlation": 0.0319519924621068, "p_value": 5.493555498961225e-24}