{"correlation": 0.020586601794193103, "p_value": 7.677436894582978e-11}