{"correlation": -0.021597601039242943, "p_value": 8.706772226550917e-12}