{"correlation": -0.023511840637335323, "p_value": 1.0728707729436742e-13}