{"correlation": 0.028602056526814683, "p_value": 1.5507808648175314e-19}