{"correlation": 0.04950669546983644, "p_value": 3.0481633588290246e-55}