{"correlation": 0.03178907831778885, "p_value": 9.27856060928998e-24}