{"correlation": 0.10574437000954637, "p_value": 3.118954733191433e-246}