{"correlation": 0.09918178743799573, "p_value": 9.98104533176696e-217}