{"correlation": 0.09784013156233314, "p_value": 6.227186938354752e-211}