{"correlation": 0.09704558745053378, "p_value": 1.5430298653281333e-207}