{"correlation": 0.024666178165880712, "p_value": 6.3609262395403936e-15}