{"correlation": -0.006799370119711976, "p_value": 0.031644877235684606}