{"correlation": 0.07365710813232962, "p_value": 3.5154895451942865e-120}