{"correlation": -0.029792930794778995, "p_value": 4.610017573958822e-21}