{"correlation": 0.09352850267725828, "p_value": 7.492568737541039e-193}