{"correlation": -0.07599469894277132, "p_value": 7.990623884036759e-128}