{"correlation": -0.07284396431542899, "p_value": 1.4073272802627635e-117}