{"correlation": -0.11571315674031366, "p_value": 9.518694196239446e-295}