{"correlation": 0.0762317507952124, "p_value": 1.3002666153367124e-128}