{"correlation": 0.10776487263155067, "p_value": 1.0510533765832317e-255}