{"correlation": 0.010871678458332744, "p_value": 0.0005905040286196567}