{"correlation": 0.08347760584045946, "p_value": 6.527814035073622e-154}