{"correlation": 0.10381177194048773, "p_value": 2.4158564960802674e-237}