{"correlation": 0.03813321067815578, "p_value": 1.8068826484244898e-33}