{"correlation": 0.09499621085766809, "p_value": 6.499821700001611e-199}