{"correlation": 0.09592870558066843, "p_value": 8.162442965256965e-203}