{"correlation": 0.024262787613750867, "p_value": 1.732972093872001e-14}