{"correlation": 0.09266064423349683, "p_value": 2.5933118012883417e-189}