{"correlation": -0.09303531602808313, "p_value": 7.762648158199996e-191}