{"correlation": 0.08316189632453876, "p_value": 9.234375927722098e-153}