{"correlation": 0.010464064499935734, "p_value": 0.0009426473430271356}