{"correlation": -0.08159501949137939, "p_value": 4.0818625246785796e-147}