{"correlation": 0.06874131222758129, "p_value": 6.843233498199099e-105}