{"correlation": -0.022840539742226072, "p_value": 5.223074585288273e-13}