{"correlation": -0.02545924244911926, "p_value": 8.461895595920908e-16}