{"correlation": 0.059108106654639905, "p_value": 5.275081383294999e-78}