{"correlation": -0.022811988326988893, "p_value": 5.581292178289832e-13}