{"correlation": 0.0599556911656243, "p_value": 3.3080349897974007e-80}