{"correlation": -0.06499785461200323, "p_value": 5.841670994069592e-94}