{"correlation": 0.031574009994908094, "p_value": 1.8459787718454998e-23}