{"correlation": 0.044488595458025304, "p_value": 6.063313725921958e-45}