{"correlation": 0.11034504143521824, "p_value": 4.56078062558883e-268}