{"correlation": 0.05449879754305273, "p_value": 1.4165772038825276e-66}