{"correlation": 0.07739594884971047, "p_value": 1.6047283728212167e-132}