{"correlation": -0.044717503871805356, "p_value": 2.1714084300770063e-45}