{"correlation": 0.05911964653211067, "p_value": 4.925505567118376e-78}