{"correlation": 0.02718771264621413, "p_value": 8.40856000810172e-18}