{"correlation": -0.11861250313313992, "p_value": 1.06607158438726e-309}