{"correlation": 0.07858062733279644, "p_value": 1.4677869098373444e-136}