{"correlation": 0.04793230820627632, "p_value": 6.8081633345168e-52}