{"correlation": 0.006750745790882339, "p_value": 0.032883707145081494}