{"correlation": 0.10089282435435586, "p_value": 3.104465840987506e-224}