{"correlation": -0.026771731031772814, "p_value": 2.6207263491051965e-17}