{"correlation": 0.09258269951142568, "p_value": 5.3713442545923136e-189}