{"correlation": -0.0301069301207511, "p_value": 1.7821815531709023e-21}