{"correlation": 0.10716982870454131, "p_value": 6.765389075398602e-253}