{"correlation": 0.053511981345821566, "p_value": 3.0032204914969666e-64}