{"correlation": -0.02141639287993914, "p_value": 1.2956907875603849e-11}