{"correlation": 0.09188599247419171, "p_value": 3.504983298600628e-186}