{"correlation": -0.08196439726137454, "p_value": 1.9488033481980826e-148}