{"correlation": 0.09807712613383139, "p_value": 5.976720960269741e-212}