{"correlation": 0.07425541600319988, "p_value": 4.0979014770502847e-122}