{"correlation": -0.05560970868257108, "p_value": 3.030536451960512e-69}