{"correlation": 0.07179645929422357, "p_value": 2.8707199078770684e-114}