{"correlation": 0.0899180583667129, "p_value": 2.3899324111869236e-178}