{"correlation": -0.019828370909077027, "p_value": 3.67864289909333e-10}