{"correlation": -0.10135906715687085, "p_value": 2.6525845408238822e-226}