{"correlation": 0.09931661450428855, "p_value": 2.584435415139962e-217}