{"correlation": 0.10369831303510826, "p_value": 7.938381064643705e-237}