{"correlation": -0.01720862461895824, "p_value": 5.3598290581007163e-08}