{"correlation": -0.09408210972509934, "p_value": 3.976104160258272e-195}