{"correlation": 0.06629187374583083, "p_value": 1.141261607682631e-97}