{"correlation": 0.06150398226956987, "p_value": 2.599178987168202e-84}