{"correlation": 0.0883817706025096, "p_value": 2.367806207210207e-172}