{"correlation": -0.03937736801053549, "p_value": 1.4076232497230756e-35}