{"correlation": -0.018900273493350522, "p_value": 2.319423834370821e-09}