{"correlation": 0.0480559070110584, "p_value": 3.74985602634157e-52}