{"correlation": 0.057344661051665004, "p_value": 1.600887430185434e-73}