{"correlation": -0.0819073984337694, "p_value": 3.1190290786592365e-148}