{"correlation": 0.008555339547893115, "p_value": 0.006854300880231035}