{"correlation": 0.06644397091088333, "p_value": 4.13613420118558e-98}