{"correlation": 0.06006965776133822, "p_value": 1.6634273208223383e-80}