{"correlation": 0.11720639924180715, "p_value": 2.1180531886949478e-302}