{"correlation": -0.05876571808298954, "p_value": 4.009640699788097e-77}