{"correlation": 0.03999311904722475, "p_value": 1.2027932020814616e-36}