{"correlation": -0.03245931536181453, "p_value": 1.0560432414624202e-24}