{"correlation": 0.10287914426653143, "p_value": 4.101157940916853e-233}