{"correlation": -0.08242785094082963, "p_value": 4.204193971971529e-150}