{"correlation": -0.07013364649428123, "p_value": 4.0980944386159846e-109}