{"correlation": 0.11010514848624037, "p_value": 6.6232507639266015e-267}