{"correlation": 0.06762774040294034, "p_value": 1.4165953036989203e-101}