{"correlation": 0.038119679579190366, "p_value": 1.903235048967685e-33}