{"correlation": -0.0766987896831185, "p_value": 3.574301481153407e-130}