{"correlation": -0.046755500430577045, "p_value": 1.8445523658558128e-49}