{"correlation": -0.058956460811628184, "p_value": 1.2971984556854557e-77}