{"correlation": 0.10493650064437339, "p_value": 1.6989762599014522e-242}