{"correlation": 0.02110891941790475, "p_value": 2.5248968708893092e-11}