{"correlation": -0.1012414916686661, "p_value": 8.834183241372453e-226}