{"correlation": 0.07621799008011476, "p_value": 1.4450233171786402e-128}