{"correlation": 0.05727687186835496, "p_value": 2.365637342967337e-73}