{"correlation": 0.026647443006556734, "p_value": 3.6685106041557716e-17}