{"correlation": -0.029338087983994916, "p_value": 1.7950111281800487e-20}