{"correlation": -0.05885964840633847, "p_value": 2.3012156255107703e-77}