{"correlation": -0.060850086036793705, "p_value": 1.4494305882175e-82}