{"correlation": 0.023330705329267544, "p_value": 1.6516478771916276e-13}