{"correlation": 0.11082711399907495, "p_value": 2.0704965647541287e-270}