{"correlation": 0.0012093255528802655, "p_value": 0.7023203900929406}