{"correlation": 0.0396646608577875, "p_value": 4.488407647991193e-36}