{"correlation": 0.10331096891437651, "p_value": 4.5629934142992824e-235}