{"correlation": -0.07618102696600858, "p_value": 1.9185470508981963e-128}