{"correlation": 0.010324430103325908, "p_value": 0.0011024947419487363}