{"correlation": 0.10150564928368679, "p_value": 5.907494047454438e-227}