{"correlation": -0.09733294179758467, "p_value": 9.207072435798721e-209}