{"correlation": -0.09147910981028233, "p_value": 1.508201102051151e-184}