{"correlation": -0.05823738839113855, "p_value": 8.95998205310345e-76}