{"correlation": -0.08708989932477734, "p_value": 2.1644652972619073e-167}