{"correlation": 0.06008378047720041, "p_value": 1.527446508500686e-80}