{"correlation": 0.10836083198424462, "p_value": 1.5585040736314108e-258}