{"correlation": 0.06248827014867177, "p_value": 5.63399230146141e-87}