{"correlation": 0.0479031791413391, "p_value": 7.833872383420578e-52}