{"correlation": 0.07119360593424674, "p_value": 2.1919618832645885e-112}