{"correlation": 0.11342522285605752, "p_value": 3.2264840749348827e-283}