{"correlation": 0.04175046280406394, "p_value": 8.728447007449909e-40}