{"correlation": 0.0752823135154698, "p_value": 1.808910484318876e-125}