{"correlation": 0.09236190403658599, "p_value": 4.2111671653479744e-188}