{"correlation": 0.06313944827562176, "p_value": 9.227040301421314e-89}