{"correlation": 0.08079492821773936, "p_value": 2.8296751030461765e-144}