{"correlation": -0.10315136926663883, "p_value": 2.4114649204354782e-234}