{"correlation": 0.007793266405326796, "p_value": 0.013778490512788726}