{"correlation": 0.06421952593569975, "p_value": 9.165861395256491e-92}