{"correlation": -0.08511387008041958, "p_value": 6.03335592930887e-160}