{"correlation": -0.008780767261716076, "p_value": 0.0055186682054895915}