{"correlation": -0.015246519604568014, "p_value": 1.4447996785323695e-06}