{"correlation": -0.04962169791388991, "p_value": 1.7186254289362965e-55}