{"correlation": 0.03959372306608799, "p_value": 5.956530241788206e-36}