{"correlation": -0.009888102217932375, "p_value": 0.0017776353826340517}