{"correlation": 0.08583207443233491, "p_value": 1.24320431079104e-162}