{"correlation": -0.09582862836764995, "p_value": 2.1495480775341245e-202}