{"correlation": -0.01607158164994112, "p_value": 3.7838975501178715e-07}