{"correlation": 0.0447654745525039, "p_value": 1.7498254539221932e-45}