{"correlation": 0.10704261433754095, "p_value": 2.683467296497923e-252}