{"correlation": 0.027237897489790098, "p_value": 7.322486767317686e-18}