{"correlation": -0.048707149882158476, "p_value": 1.578650622093134e-53}