{"correlation": 0.08357718233166965, "p_value": 2.824458663152311e-154}