{"correlation": 0.022742812731014004, "p_value": 6.552227927679066e-13}