{"correlation": -0.04155933225720068, "p_value": 1.9447053417221412e-39}