{"correlation": -0.08161253588351185, "p_value": 3.5346520636787294e-147}