{"correlation": 0.0671416815818487, "p_value": 3.8156280386312077e-100}