{"correlation": 0.02827711795115512, "p_value": 3.949773908003065e-19}