{"correlation": 0.012258493520379641, "p_value": 0.00010694659278591157}