{"correlation": 0.09442681682654715, "p_value": 1.4993985397290184e-196}