{"correlation": -0.0813714329863939, "p_value": 2.5561876374253905e-146}