{"correlation": 0.042270155888783065, "p_value": 9.703415269831033e-41}