{"correlation": 0.06532462825648495, "p_value": 6.867641340833098e-95}