{"correlation": -0.08974035112712948, "p_value": 1.1948518062433131e-177}