{"correlation": 0.08266769772364563, "p_value": 5.724281953862247e-151}