{"correlation": 0.09331816818856338, "p_value": 5.438431793142013e-192}