{"correlation": 0.06389431268123721, "p_value": 7.44260855311106e-91}