{"correlation": 0.07430480592427172, "p_value": 2.8330518834474446e-122}