{"correlation": -0.06529621672836237, "p_value": 8.276167536815387e-95}