{"correlation": -0.0751342130512223, "p_value": 5.548377281511185e-125}