{"correlation": -0.013369566229888573, "p_value": 2.3846620022365635e-05}