{"correlation": -0.06718820178318806, "p_value": 2.786891752193128e-100}