{"correlation": 0.11397538119156844, "p_value": 5.724421040609045e-286}