{"correlation": 0.047091156287600654, "p_value": 3.785422295972217e-50}