{"correlation": 0.03998881476102848, "p_value": 1.2238147353795957e-36}