{"correlation": 0.10244950787304768, "p_value": 3.5349554766815244e-231}