{"correlation": -0.0504045273423266, "p_value": 3.356579485131128e-57}