{"correlation": 0.11007402760191388, "p_value": 9.367635114969218e-267}