{"correlation": 0.11588222191591364, "p_value": 1.309777060476396e-295}