{"correlation": 0.09247195918772086, "p_value": 1.5097368691198127e-188}