{"correlation": 0.052011660571556116, "p_value": 8.573102043396361e-61}