{"correlation": 0.059575662109767336, "p_value": 3.243801835515751e-79}