{"correlation": -0.09186971029870505, "p_value": 4.075733418450363e-186}