{"correlation": 0.021241798781397023, "p_value": 1.8946153290745438e-11}