{"correlation": 0.0037528611822705577, "p_value": 0.2356057496168212}