{"correlation": 0.09696695111470048, "p_value": 3.332401877899439e-207}