{"correlation": -0.009968898820735785, "p_value": 0.0016293257269944085}