{"correlation": 0.00016675778091010336, "p_value": 0.9579698270544659}