{"correlation": -0.03992539823014442, "p_value": 1.5793807472920365e-36}