{"correlation": -0.059475619168823705, "p_value": 5.90219206370266e-79}