{"correlation": 0.08590824948098708, "p_value": 6.431542907089521e-163}