{"correlation": -0.02818752291035881, "p_value": 5.101832310319455e-19}