{"correlation": 0.012722387359482702, "p_value": 5.7978669248677025e-05}