{"correlation": 0.0935061873198651, "p_value": 9.248149776629371e-193}