{"correlation": 0.06491164484756036, "p_value": 1.025744129376478e-93}