{"correlation": 0.024378031864303356, "p_value": 1.3036165405624108e-14}