{"correlation": 0.010446905803519186, "p_value": 0.0009610619995505013}