{"correlation": 0.09351091928468315, "p_value": 8.844438132443622e-193}