{"correlation": -0.03994717270812347, "p_value": 1.4470131658650946e-36}