{"correlation": 0.0629287974641226, "p_value": 3.5056683743676626e-88}