{"correlation": 0.0898972468895661, "p_value": 2.8860929449006145e-178}