{"correlation": 0.0927324685688697, "p_value": 1.3250073134851158e-189}