{"correlation": 0.0636629618733739, "p_value": 3.280526296698952e-90}