{"correlation": 0.06122059322931541, "p_value": 1.4927274767901735e-83}