{"correlation": 0.08270160649935404, "p_value": 4.31607415676499e-151}