{"correlation": 0.0899444989882331, "p_value": 1.880502793953818e-178}