{"correlation": -0.11170020533636293, "p_value": 1.1119257163946623e-274}