{"correlation": -0.003384434385815596, "p_value": 0.2847972281945153}