{"correlation": 0.06214288713697055, "p_value": 4.902757151408002e-86}