{"correlation": 0.048579432529419854, "p_value": 2.9480781938110706e-53}