{"correlation": 0.05143605675121283, "p_value": 1.7093717818010082e-59}