{"correlation": 0.044204497923526515, "p_value": 2.1529600787563595e-44}