{"correlation": 0.08591324950056531, "p_value": 6.159119585147321e-163}