{"correlation": 0.09151262801071562, "p_value": 1.10700664211801e-184}