{"correlation": 0.035000429937488996, "p_value": 1.8593567500823506e-28}