{"correlation": -0.071822411355951, "p_value": 2.3800065380539114e-114}