{"correlation": 0.07018199371898999, "p_value": 2.9135632133419396e-109}