{"correlation": 0.08877901785185738, "p_value": 6.822947267104193e-174}