{"correlation": 0.105701759196444, "p_value": 4.918166620653564e-246}