{"correlation": 0.06991475336608344, "p_value": 1.91462354311101e-108}