{"correlation": -0.04061212792588392, "p_value": 9.76532146742967e-38}