{"correlation": -0.03736987106823856, "p_value": 3.2913905251765816e-32}