{"correlation": 0.00748443571621293, "p_value": 0.018011518379483053}