{"correlation": 0.008612825031196977, "p_value": 0.006488621797022535}