{"correlation": 0.09759755393388082, "p_value": 6.815606053891393e-210}