{"correlation": 0.07254661949319546, "p_value": 1.2381191381334345e-116}