{"correlation": -0.02663482691244309, "p_value": 3.7955930960240386e-17}