{"correlation": 0.104912600901458, "p_value": 2.1891314707968455e-242}