{"correlation": 0.036342848845131705, "p_value": 1.4909362139436098e-30}