{"correlation": 0.06525251484659271, "p_value": 1.1025178901550123e-94}