{"correlation": 0.09261818491549084, "p_value": 3.856108371857383e-189}