{"correlation": 0.10732586143639125, "p_value": 1.2454869695069831e-253}