{"correlation": -0.017976692168359544, "p_value": 1.3333611635050284e-08}