{"correlation": 0.07555703922596449, "p_value": 2.248752915429441e-126}