{"correlation": 0.11356102056371567, "p_value": 6.775757440625465e-284}