{"correlation": 0.104768377407663, "p_value": 1.0093369220967286e-241}