{"correlation": 0.08476537563214526, "p_value": 1.1903261429641231e-158}