{"correlation": 0.11453377430269207, "p_value": 8.945546305824333e-289}