{"correlation": 0.031804282564676954, "p_value": 8.83660242185775e-24}