{"correlation": 0.0510514159411925, "p_value": 1.239653961459448e-58}