{"correlation": 0.09829815220916054, "p_value": 6.682774221270493e-213}