{"correlation": 0.09279578638946998, "p_value": 7.327090382788318e-190}