{"correlation": 0.03188328165477012, "p_value": 6.854838340171782e-24}