{"correlation": 0.09592314664034683, "p_value": 8.613718431815485e-203}