{"correlation": 0.047901041910378875, "p_value": 7.914924048993371e-52}