{"correlation": -0.013784950840404977, "p_value": 1.3201261067548398e-05}