{"correlation": 0.07167979866393186, "p_value": 6.661839819743571e-114}