{"correlation": 0.06389354715827687, "p_value": 7.479295902116888e-91}