{"correlation": 0.04526230238505743, "p_value": 1.845823852591488e-46}