{"correlation": 0.07050466916213805, "p_value": 2.9714776188394893e-110}