{"correlation": -0.042063437040618046, "p_value": 2.332416162316629e-40}