{"correlation": 0.11624321768069579, "p_value": 1.877676909050093e-297}