{"correlation": 0.1176634432654835, "p_value": 9.194479214158789e-305}