{"correlation": 0.11285403538236405, "p_value": 2.241055467442979e-280}