{"correlation": 0.08359314238597804, "p_value": 2.4693326491208948e-154}