{"correlation": 0.03334327968004897, "p_value": 5.614314719535687e-26}