{"correlation": 0.08987337437207474, "p_value": 3.583118434473154e-178}