{"correlation": 0.07644049902715161, "p_value": 2.6156833050859873e-129}