{"correlation": 0.044941021153552814, "p_value": 7.926481308697695e-46}