{"correlation": 0.05158471263264638, "p_value": 7.916950951029491e-60}