{"correlation": 0.03564380549195654, "p_value": 1.8818537899909622e-29}