{"correlation": 0.04032066596076813, "p_value": 3.200529109941252e-37}