{"correlation": -0.011868296559399432, "p_value": 0.00017617545282266187}