{"correlation": 0.09648571041619064, "p_value": 3.656949689129847e-205}