{"correlation": -0.03664454784655759, "p_value": 4.916989705093984e-31}