{"correlation": -0.1031558455873079, "p_value": 2.301534546422813e-234}