{"correlation": 0.03193386368189604, "p_value": 5.824249937349682e-24}