{"correlation": -0.07011858508951355, "p_value": 4.557386508260548e-109}