{"correlation": -0.06146723921315758, "p_value": 3.2618350306800147e-84}