{"correlation": 0.09442689332495094, "p_value": 1.498306212859387e-196}