{"correlation": -0.06756497822498245, "p_value": 2.170292523056115e-101}