{"correlation": 0.01459393760549298, "p_value": 3.979513905931075e-06}