{"correlation": 0.05613381734654542, "p_value": 1.5969574635702515e-70}