{"correlation": 0.04691295039867506, "p_value": 8.787746865670926e-50}