{"correlation": -0.04093939926649403, "p_value": 2.549318852545658e-38}