{"correlation": -0.05260543726096993, "p_value": 3.7781388772857147e-62}