{"correlation": 0.06829967782474075, "p_value": 1.4350577656177363e-103}