{"correlation": -0.017120764715065837, "p_value": 6.261509828567095e-08}