{"correlation": -0.04616498600963226, "p_value": 2.910716193107238e-48}