{"correlation": -0.0218867097394145, "p_value": 4.586853603636293e-12}