{"correlation": -0.07873034585686052, "p_value": 4.485850152755151e-137}