{"correlation": -0.07806240383370697, "p_value": 8.729264524747941e-135}