{"correlation": 0.08950538771438822, "p_value": 9.983459008641603e-177}