{"correlation": -0.018704104166493502, "p_value": 3.3863621582675256e-09}