{"correlation": -0.08713501134279368, "p_value": 1.4566643845412018e-167}