{"correlation": -0.09879969606254523, "p_value": 4.5472807612808063e-215}