{"correlation": -0.02417257776993666, "p_value": 2.163606276569174e-14}