{"correlation": 0.0028213520608271554, "p_value": 0.37258084882206144}