{"correlation": 0.023787686915828474, "p_value": 5.527294443339629e-14}