{"correlation": 0.002547473197779788, "p_value": 0.420765712085324}