{"correlation": 0.06622719460877359, "p_value": 1.7559956067553468e-97}