{"correlation": 0.07871181265222062, "p_value": 5.195486208954077e-137}