{"correlation": -0.04837378175174101, "p_value": 8.031929050953789e-53}