{"correlation": 0.09419322475818367, "p_value": 1.384083587173853e-195}