{"correlation": 0.04210477852344582, "p_value": 1.9578627212907482e-40}