{"correlation": 0.042798508373146325, "p_value": 1.0115953965250836e-41}