{"correlation": 0.044701397515780644, "p_value": 2.3345059520545863e-45}