{"correlation": 0.024734162028534474, "p_value": 5.363865250027085e-15}