{"correlation": 0.11078248408541316, "p_value": 3.4152568276196544e-270}