{"correlation": 0.004184735018494508, "p_value": 0.18599138382458458}