{"correlation": -0.027639191662500263, "p_value": 2.4015175124285885e-18}