{"correlation": 0.08898143439629737, "p_value": 1.11271821794039e-174}