{"correlation": 0.09941682272460568, "p_value": 9.455879307302465e-218}