{"correlation": 0.11649414646986969, "p_value": 9.742755313710276e-299}