{"correlation": 0.11543962227238419, "p_value": 2.3414907898181444e-293}