{"correlation": 0.05065454045546565, "p_value": 9.427131380115321e-58}