{"correlation": 0.10945015981293586, "p_value": 9.563965726255859e-264}