{"correlation": 0.07693374194407028, "p_value": 5.81229089967486e-131}