{"correlation": 0.008431913504436528, "p_value": 0.007702674571989826}