{"correlation": 0.09507611449307238, "p_value": 3.0209413255926955e-199}