{"correlation": 0.103612695796518, "p_value": 1.9463814257138259e-236}