{"correlation": 0.006515277912845942, "p_value": 0.03948642109364448}