{"correlation": 0.055791395277007265, "p_value": 1.0958966912749103e-69}