{"correlation": 0.06937273883260248, "p_value": 8.527425819036775e-107}