{"correlation": -0.08309241566323228, "p_value": 1.6521368260672778e-152}