{"correlation": -0.09483014447073816, "p_value": 3.1884279082260334e-198}