{"correlation": -0.05956141778084929, "p_value": 3.5326007419023736e-79}