{"correlation": -0.003571092370234729, "p_value": 0.2590683345527732}