{"correlation": -0.020920054805027136, "p_value": 3.786355974698491e-11}