{"correlation": -0.09253082417218225, "p_value": 8.717578616606178e-189}