{"correlation": 0.007651970111277592, "p_value": 0.01559191384514273}