{"correlation": -0.09965329865010181, "p_value": 8.779417818104473e-219}