{"correlation": 0.09710169857745167, "p_value": 8.904429063688228e-208}