{"correlation": -0.1183704458822339, "p_value": 1.9521488495905385e-308}