{"correlation": 0.09716240627251968, "p_value": 4.910436478146881e-208}