{"correlation": -0.06125840893271366, "p_value": 1.1827222114076705e-83}