{"correlation": 0.08859491049855786, "p_value": 3.537861135773759e-173}