{"correlation": -0.0627567254575946, "p_value": 1.0396065534188635e-87}