{"correlation": 0.09280026879886996, "p_value": 7.02604444313826e-190}