{"correlation": -0.03752716747064735, "p_value": 1.8184827498623414e-32}