{"correlation": 0.0497555990814972, "p_value": 8.804473995284271e-56}