{"correlation": -0.003955851729396458, "p_value": 0.21122837293426136}