{"correlation": 0.102109471475485, "p_value": 1.1867732578883896e-229}