{"correlation": 0.04487993935873981, "p_value": 1.0444747317382486e-45}