{"correlation": 0.021209753106804858, "p_value": 2.0308058042559656e-11}