{"correlation": 0.044762399979530014, "p_value": 1.7742148782604014e-45}