{"correlation": -0.09666406512465521, "p_value": 6.428882253172637e-206}