{"correlation": 0.08998690734148455, "p_value": 1.280040108333428e-178}