{"correlation": -0.025539918739481717, "p_value": 6.868145579573023e-16}