{"correlation": -0.007400099495740986, "p_value": 0.01934957218683564}