{"correlation": 0.013807393686718083, "p_value": 1.2780143987595138e-05}