{"correlation": 0.06164285828020198, "p_value": 1.1003509202867794e-84}