{"correlation": -0.048408780102342515, "p_value": 6.774421181553897e-53}