{"correlation": 0.08431276993188358, "p_value": 5.618965748813312e-157}