{"correlation": -0.023080331530838716, "p_value": 2.9826427242326603e-13}