{"correlation": -0.004238963759156611, "p_value": 0.18035282737847463}