{"correlation": 0.09437382573833854, "p_value": 2.483698798431074e-196}