{"correlation": -0.051076969155021676, "p_value": 1.0872671813386294e-58}