{"correlation": 0.11094374488076687, "p_value": 5.593145475111947e-271}