{"correlation": -0.008802877265297052, "p_value": 0.005401230864164078}