{"correlation": 0.0037744815405768906, "p_value": 0.23291841603511937}