{"correlation": 0.02630800279781491, "p_value": 9.120876908766106e-17}