{"correlation": 0.04323985222422742, "p_value": 1.497981908069136e-42}