{"correlation": 0.06840809730830372, "p_value": 6.811031435445422e-104}