{"correlation": 0.016359867179512877, "p_value": 2.3328558950880822e-07}