{"correlation": 0.011910110486879254, "p_value": 0.00016711494919966044}