{"correlation": 0.09802201433280255, "p_value": 1.0312812235927352e-211}