{"correlation": 0.10207403489280062, "p_value": 1.710406175591969e-229}