{"correlation": 0.06668279204935663, "p_value": 8.36417690295255e-99}