{"correlation": 0.11791622925961796, "p_value": 4.4962488355239065e-306}