{"correlation": 0.060258563830932525, "p_value": 5.307162050974552e-81}