{"correlation": 0.0837451656725475, "p_value": 6.8574658451100865e-155}