{"correlation": -0.06299848846822255, "p_value": 2.2552627151203216e-88}