{"correlation": 0.08076458800374396, "p_value": 3.62166965631173e-144}