{"correlation": 0.09274979353743754, "p_value": 1.126775546230065e-189}