{"correlation": 0.04001534893778205, "p_value": 1.099806037531386e-36}