{"correlation": -0.10229673826983048, "p_value": 1.7163620741002117e-230}