{"correlation": 0.05750172067455181, "p_value": 6.4665913228235804e-74}