{"correlation": -0.09489630453117284, "p_value": 1.6926299745804636e-198}