{"correlation": -0.0514779964812952, "p_value": 1.3760215900606656e-59}