{"correlation": 0.07368046283593953, "p_value": 2.956724728095754e-120}