{"correlation": 0.08496998613829225, "p_value": 2.069785169367539e-159}