{"correlation": 0.032527082210077704, "p_value": 8.456237009791204e-25}