{"correlation": 0.05407007603351267, "p_value": 1.4693910424529972e-65}