{"correlation": -0.06059013842653211, "p_value": 7.083426984053947e-82}