{"correlation": 0.037092191833071754, "p_value": 9.32477839039691e-32}