{"correlation": -0.09940802183439088, "p_value": 1.0329286440316476e-217}