{"correlation": 0.025813336298032504, "p_value": 3.369922101749759e-16}