{"correlation": 0.005568416332202416, "p_value": 0.07843639155198272}