{"correlation": 0.009936535306481158, "p_value": 0.0016873088554464858}