{"correlation": 0.0915560563829385, "p_value": 7.414065739698211e-185}