{"correlation": 0.027197537487520945, "p_value": 8.184109183009064e-18}