{"correlation": 0.012396174249649592, "p_value": 8.936714684173564e-05}