{"correlation": -0.09719684478659006, "p_value": 3.502773517342401e-208}