{"correlation": -0.038273587141154385, "p_value": 1.052909809492253e-33}