{"correlation": 0.05195379213639291, "p_value": 1.1599949611021537e-60}