{"correlation": 0.03658974255109833, "p_value": 6.018748085158707e-31}