{"correlation": 0.10683955486281008, "p_value": 2.4119224445789094e-251}