{"correlation": 0.014319645431545859, "p_value": 6.018176338845907e-06}