{"correlation": 0.09688329072834063, "p_value": 7.554425229042467e-207}