{"correlation": 0.05442163724989315, "p_value": 2.1610790297596697e-66}