{"correlation": 0.08655269019492197, "p_value": 2.37983789080585e-165}