{"correlation": 0.060027199813450734, "p_value": 2.1493159974976794e-80}