{"correlation": -0.07910237643211959, "p_value": 2.3351115911463247e-138}