{"correlation": -0.05675720292838212, "p_value": 4.648697140385986e-72}