{"correlation": -0.01622371087604352, "p_value": 2.934472346927512e-07}