{"correlation": 0.10860518879944354, "p_value": 1.0670352087366103e-259}