{"correlation": -0.014101523267375132, "p_value": 8.319023745941373e-06}