{"correlation": 0.07279885317387265, "p_value": 1.9584766165185378e-117}