{"correlation": 0.0691673671352133, "p_value": 3.5658243912711487e-106}