{"correlation": -0.04148722054409046, "p_value": 2.6284996513683948e-39}