{"correlation": -0.016706549075205513, "p_value": 1.2901990800172163e-07}