{"correlation": -0.0017001192071286174, "p_value": 0.5910613856728935}