{"correlation": -0.05162198342246529, "p_value": 6.525250155298664e-60}