{"correlation": -0.10351625874752039, "p_value": 5.340148044278164e-236}