{"correlation": 0.03402407906818459, "p_value": 5.556811177285963e-27}