{"correlation": 0.07204586445277779, "p_value": 4.724669388197141e-115}