{"correlation": -0.0682728327399196, "p_value": 1.7255529410909127e-103}