{"correlation": -0.05703471177842744, "p_value": 9.508632084552702e-73}