{"correlation": 0.11601956263062925, "p_value": 2.609171159931878e-296}