{"correlation": 0.03582786704454282, "p_value": 9.698449918771223e-30}