{"correlation": 0.1141772659638831, "p_value": 5.556621151480893e-287}