{"correlation": 0.06712368770944244, "p_value": 4.3084140900682873e-100}