{"correlation": -0.04264796956919519, "p_value": 1.9320113370429052e-41}