{"correlation": -0.010287649921243914, "p_value": 0.0011485851206755064}