{"correlation": 0.08320729897559972, "p_value": 6.312534203842536e-153}