{"correlation": 0.01856254972692917, "p_value": 4.439327159593323e-09}