{"correlation": 0.00425718434335545, "p_value": 0.17848709001651109}