{"correlation": 0.06514653757953476, "p_value": 2.2084509996119118e-94}