{"correlation": 0.08556050221087179, "p_value": 1.296828216066809e-161}