{"correlation": -0.02136330820012461, "p_value": 1.4548303105053507e-11}