{"correlation": 0.11703377758406203, "p_value": 1.643401696948195e-301}