{"correlation": 0.03283928037987536, "p_value": 3.020145643221391e-25}