{"correlation": 0.10473039890273057, "p_value": 1.5089360918894628e-241}