{"correlation": -0.03831062711173247, "p_value": 9.127737880231329e-34}