{"correlation": 0.11715697384437752, "p_value": 3.8093052118535176e-302}