{"correlation": 0.08042295527912217, "p_value": 5.7925387292601335e-143}