{"correlation": -0.005688189234375074, "p_value": 0.07222696598513854}