{"correlation": 0.10325060538351366, "p_value": 8.567370936327476e-235}