{"correlation": 0.050313644412270896, "p_value": 5.317481222957449e-57}