{"correlation": -0.00700549662930313, "p_value": 0.026827850959720685}