{"correlation": 0.06806419486102741, "p_value": 7.21209570559445e-103}