{"correlation": 0.08741454486465366, "p_value": 1.2462844487123416e-168}