{"correlation": -0.05894764170099972, "p_value": 1.3667891546657392e-77}