{"correlation": -0.05684448601085153, "p_value": 2.8243593822196717e-72}