{"correlation": 0.016155967055708795, "p_value": 3.2871230224516963e-07}