{"correlation": 0.06264717086508763, "p_value": 2.073807493962121e-87}