{"correlation": 0.03966488573460331, "p_value": 4.484379347763733e-36}