{"correlation": -0.06312872727634355, "p_value": 9.876735087075726e-89}