{"correlation": -0.02981114576175715, "p_value": 4.363902407366357e-21}