{"correlation": 0.08061823183719186, "p_value": 1.189375422185802e-143}