{"correlation": 0.06620196500616579, "p_value": 2.0771664668439705e-97}