{"correlation": 0.0018284118090622697, "p_value": 0.563369645387406}