{"correlation": 0.08708202391425043, "p_value": 2.3193519425906638e-167}