{"correlation": 0.10643550446608972, "p_value": 1.881401119209853e-249}