{"correlation": 0.10807105261197494, "p_value": 3.717340380266855e-257}