{"correlation": 0.012251051727938717, "p_value": 0.00010798415994264436}