{"correlation": 0.05710943415553321, "p_value": 6.193910868796138e-73}