{"correlation": -0.013958291522785502, "p_value": 1.0264182002967807e-05}