{"correlation": -0.08275141673828122, "p_value": 2.850076155610957e-151}