{"correlation": 0.018279988312682335, "p_value": 7.576929011926705e-09}