{"correlation": 0.03140118229815063, "p_value": 3.1978112668538446e-23}