{"correlation": 0.04056745768234966, "p_value": 1.1720273045910856e-37}