{"correlation": 0.038440491975905725, "p_value": 5.526106927884789e-34}