{"correlation": -0.04018213665029236, "p_value": 5.609970400214302e-37}