{"correlation": -0.007702052450371795, "p_value": 0.01492644241785795}