{"correlation": 0.09103250659452002, "p_value": 9.18875376565349e-183}