{"correlation": -0.029014675681133556, "p_value": 4.6604440960163914e-20}