{"correlation": -0.11487294992408127, "p_value": 1.7388629443419515e-290}