{"correlation": 0.11336241658842566, "p_value": 6.636163374526824e-283}