{"correlation": 0.10318516789509019, "p_value": 1.6953478758265656e-234}