{"correlation": 0.09847435212473898, "p_value": 1.1610844988303662e-213}