{"correlation": -0.03734796772928637, "p_value": 3.5741665654517916e-32}