{"correlation": 0.006447446017284764, "p_value": 0.04158558416736355}