{"correlation": 0.030979422650771138, "p_value": 1.2072048940408203e-22}