{"correlation": 0.09678080175907607, "p_value": 2.0569154892064266e-206}