{"correlation": 0.10650576225544604, "p_value": 8.83077273837077e-250}