{"correlation": -0.09810278174596658, "p_value": 4.6358422077064025e-212}