{"correlation": 0.09845524747068396, "p_value": 1.4039273117544403e-213}