{"correlation": -0.09311373734390058, "p_value": 3.717653962720113e-191}