{"correlation": 0.02736540754431354, "p_value": 5.147111601934589e-18}