{"correlation": -0.017596813474954308, "p_value": 2.672357339438165e-08}