{"correlation": -0.10950828595451684, "p_value": 5.0237241398756624e-264}