{"correlation": 0.09227192054456355, "p_value": 9.733161259763102e-188}