{"correlation": 0.049457588222823354, "p_value": 3.8915928932608555e-55}