{"correlation": 0.06547545748704699, "p_value": 2.5473734140162015e-95}