{"correlation": 0.10405994859288294, "p_value": 1.7821066871861178e-238}