{"correlation": 0.05483684188081884, "p_value": 2.2108440001560722e-67}