{"correlation": 0.09383367779615293, "p_value": 4.1892019392534497e-194}