{"correlation": 0.03525793837838046, "p_value": 7.470573504678711e-29}