{"correlation": 0.06672904451011445, "p_value": 6.13329632582174e-99}