{"correlation": 0.11597249013488965, "p_value": 4.536869955269355e-296}