{"correlation": -0.0027306262505254666, "p_value": 0.3881502710773901}