{"correlation": 0.00887985915571788, "p_value": 0.005009738159610671}