{"correlation": 0.018954371109385273, "p_value": 2.088187968300649e-09}