{"correlation": 0.006692654573783479, "p_value": 0.03441795007480239}