{"correlation": 0.06271456772881889, "p_value": 1.356236974985124e-87}