{"correlation": -0.020609788740867278, "p_value": 7.311763218062122e-11}