{"correlation": 0.00956800317874657, "p_value": 0.002495398740541387}