{"correlation": 0.008161992310615774, "p_value": 0.009893684335149772}