{"correlation": 0.11309758585352513, "p_value": 1.3821599994557916e-281}