{"correlation": 0.031729040090495986, "p_value": 1.124809061656271e-23}