{"correlation": -0.012909779228969057, "p_value": 4.5012491694995356e-05}