{"correlation": 0.08026808075658387, "p_value": 2.0275418271494558e-142}