{"correlation": -0.08922530331847665, "p_value": 1.2447900551837592e-175}