{"correlation": -0.06487703725165578, "p_value": 1.285579662295669e-93}