{"correlation": 0.10508518143553885, "p_value": 3.5056972925087117e-243}