{"correlation": 0.06516843967924016, "p_value": 1.9132687579694642e-94}