{"correlation": 0.08278318992021418, "p_value": 2.1869138411562637e-151}