{"correlation": 0.11793790501642977, "p_value": 3.4699937709910087e-306}