{"correlation": 0.022981001052518442, "p_value": 3.7643777412459173e-13}