{"correlation": 0.10342569496046657, "p_value": 1.3765897350672078e-235}