{"correlation": -0.025773502335798178, "p_value": 3.739979217189016e-16}