{"correlation": 0.10063148379202733, "p_value": 4.436919688825431e-223}