{"correlation": 0.02773212008005455, "p_value": 1.850882413848797e-18}