{"correlation": 0.07342916416821797, "p_value": 1.898624893009916e-119}