{"correlation": -0.03200439200488266, "p_value": 4.638703288008559e-24}