{"correlation": -0.079768050220472, "p_value": 1.1387632883233842e-140}