{"correlation": 0.05145338550516174, "p_value": 1.5628575162261138e-59}