{"correlation": -0.0979418161407278, "p_value": 2.279766653057486e-211}