{"correlation": -0.040469893135007706, "p_value": 1.7447372239343998e-37}