{"correlation": 0.08995396979556974, "p_value": 1.725736661663072e-178}