{"correlation": 0.03976482479190862, "p_value": 3.0073585702702574e-36}