{"correlation": -0.09710779700309513, "p_value": 8.387782238041265e-208}