{"correlation": 0.07409109581964178, "p_value": 1.3967851697503191e-121}