{"correlation": -0.002689922793694082, "p_value": 0.3952623203439418}