{"correlation": 0.04711184251831649, "p_value": 3.432155226159897e-50}