{"correlation": 0.049746556979242816, "p_value": 9.21177719352243e-56}