{"correlation": -0.10592557669057452, "p_value": 4.487050507585854e-247}