{"correlation": 0.009570550720370836, "p_value": 0.0024887657104790974}