{"correlation": 0.014905768605067789, "p_value": 2.4648584175762028e-06}