{"correlation": -0.10938977484469001, "p_value": 1.8661880941910483e-263}