{"correlation": -0.07017593549369354, "p_value": 3.04085130950955e-109}