{"correlation": 0.07342671317551697, "p_value": 1.9333146024061653e-119}