{"correlation": 0.05519102402212829, "p_value": 3.119016443620128e-68}