{"correlation": 0.10969946709248059, "p_value": 6.029618445450638e-265}