{"correlation": -0.11071300532483239, "p_value": 7.440609111639323e-270}