{"correlation": 0.04831965660236821, "p_value": 1.044901698906095e-52}