{"correlation": -0.023740314932785306, "p_value": 6.197393851523713e-14}