{"correlation": 0.08389872027650652, "p_value": 1.875448181272315e-155}