{"correlation": 0.08351947099355936, "p_value": 4.590440129693591e-154}