{"correlation": -0.10333147449139486, "p_value": 3.683589291983226e-235}