{"correlation": 0.10765231515033007, "p_value": 3.5820038322269336e-255}