{"correlation": 0.10866095186948364, "p_value": 5.781671530756612e-260}