{"correlation": -0.05701311538232148, "p_value": 1.076155238832863e-72}