{"correlation": 0.039034266587928725, "p_value": 5.452866323028013e-35}