{"correlation": -0.0013073220884546718, "p_value": 0.6794890287721576}