{"correlation": -0.007141847600403899, "p_value": 0.02400139782909064}