{"correlation": 0.10385774486902653, "p_value": 1.491279149689944e-237}