{"correlation": 0.11074853550737583, "p_value": 4.996821691655675e-270}