{"correlation": 0.0015207509153449346, "p_value": 0.6307924950465508}