{"correlation": 0.04237799784811101, "p_value": 6.130404131612602e-41}