{"correlation": 0.10887073515756272, "p_value": 5.749452997507229e-261}