{"correlation": -0.011399310347630927, "p_value": 0.0003149229589616543}