{"correlation": 0.08730386693314227, "p_value": 3.3021064671029677e-168}