{"correlation": 0.023638190255818876, "p_value": 7.92535319366355e-14}