{"correlation": 0.06597805290409763, "p_value": 9.197266143990546e-97}