{"correlation": 0.03998340524388516, "p_value": 1.2507525798931067e-36}