{"correlation": -0.06517536147888224, "p_value": 1.8284327352695507e-94}