{"correlation": 0.059507573564955916, "p_value": 4.8756016849556764e-79}