{"correlation": -0.030269526918218527, "p_value": 1.0853041040732932e-21}