{"correlation": 0.08642528991332418, "p_value": 7.223465638521098e-165}