{"correlation": -0.11858139447137096, "p_value": 1.54959267734395e-309}