{"correlation": 0.006008640788459133, "p_value": 0.05756953393160784}