{"correlation": -0.062049653346238666, "p_value": 8.773855496697942e-86}