{"correlation": 0.09455954815577074, "p_value": 4.2302391745219026e-197}