{"correlation": -0.03224033445434895, "p_value": 2.158596083606851e-24}