{"correlation": 0.002191615707493488, "p_value": 0.4885421456097724}