{"correlation": 0.08369135822935075, "p_value": 1.079492376601322e-154}