{"correlation": -0.058222068619438204, "p_value": 9.800482254587377e-76}