{"correlation": 0.009005124025013285, "p_value": 0.004427254715787865}