{"correlation": -0.10152983938868433, "p_value": 4.609661644353041e-227}