{"correlation": 0.11342348242781229, "p_value": 3.2916274759247616e-283}