{"correlation": -0.011240622211224315, "p_value": 0.000381517957804432}