{"correlation": 0.0554603272917828, "p_value": 6.976600242045498e-69}