{"correlation": 0.10825577292865733, "p_value": 4.92677655047013e-258}