{"correlation": 0.06163085859854701, "p_value": 1.1852779595801362e-84}