{"correlation": -0.04143595069450619, "p_value": 3.2554063117432315e-39}