{"correlation": 0.08322260048005145, "p_value": 5.552730179473258e-153}