{"correlation": 0.03477089685165144, "p_value": 4.168070279865037e-28}