{"correlation": -0.11035373743151887, "p_value": 4.138734118447262e-268}