{"correlation": -0.031142417616630235, "p_value": 7.239815630817078e-23}