{"correlation": 0.06383617378750846, "p_value": 1.081033188017178e-90}