{"correlation": 0.034712300043112654, "p_value": 5.117607212868988e-28}