{"correlation": 0.028232051675332402, "p_value": 4.492889642631289e-19}