{"correlation": 0.08823615565815798, "p_value": 8.654313374737576e-172}