{"correlation": -0.03944049213003363, "p_value": 1.0957839157006812e-35}