{"correlation": -0.04272606730126573, "p_value": 1.381501902595647e-41}