{"correlation": -0.11765303467368428, "p_value": 1.0409575437404324e-304}