{"correlation": 0.07052103506598754, "p_value": 2.6458468959060966e-110}