{"correlation": 0.060209274378302625, "p_value": 7.152638466642053e-81}