{"correlation": -0.061320639457974384, "p_value": 8.060785526977634e-84}