{"correlation": -0.041270550044495785, "p_value": 6.479215091614199e-39}