{"correlation": -0.03706722048575058, "p_value": 1.0236374390560491e-31}