{"correlation": 0.016624659953974705, "p_value": 1.4855021364279077e-07}