{"correlation": -0.07659395146764349, "p_value": 8.024106014586556e-130}