{"correlation": 0.04409399030697546, "p_value": 3.516850153666104e-44}