{"correlation": -0.10511345824183625, "p_value": 2.596015645166507e-243}