{"correlation": -0.020334788571404236, "p_value": 1.2999150424952963e-10}