{"correlation": 0.012413460086436347, "p_value": 8.736370484144901e-05}