{"correlation": -0.03617835110754077, "p_value": 2.7194114717763668e-30}