{"correlation": 0.029767404678741574, "p_value": 4.978173676918598e-21}