{"correlation": -0.040701431482385024, "p_value": 6.776265873019899e-38}