{"correlation": -0.03949907404562998, "p_value": 8.682306905903821e-36}