{"correlation": -0.1113220437028496, "p_value": 7.938679764312231e-273}