{"correlation": 0.08471461351841608, "p_value": 1.8359642718249467e-158}