{"correlation": 0.037088549502049734, "p_value": 9.452542982243744e-32}