{"correlation": 0.014505465234428, "p_value": 4.5510769949593585e-06}