{"correlation": -0.010726103666398307, "p_value": 0.0006991095570209841}