{"correlation": -0.08480462650135726, "p_value": 8.512692522917981e-159}