{"correlation": 0.055858312762566656, "p_value": 7.528430672624491e-70}