{"correlation": 0.09239843778619723, "p_value": 2.996223727319546e-188}