{"correlation": 0.03232512246740646, "p_value": 1.6375594132949826e-24}