{"correlation": 0.029848539134067875, "p_value": 3.898655682828786e-21}