{"correlation": -0.048156330857085365, "p_value": 2.307149447092432e-52}