{"correlation": -0.02401909108186645, "p_value": 3.150463251650072e-14}