{"correlation": 0.10028522682507203, "p_value": 1.488666671221457e-221}