{"correlation": 0.051933438091238, "p_value": 1.2900599423548754e-60}