{"correlation": 0.04709127660051055, "p_value": 3.7832664587858365e-50}