{"correlation": -0.00647336111823887, "p_value": 0.04077270634488224}