{"correlation": 0.09067524833771842, "p_value": 2.4244825015897794e-181}