{"correlation": 0.08309491548401449, "p_value": 1.6179314682278123e-152}