{"correlation": 0.09007209578584646, "p_value": 5.9076831118465935e-179}