{"correlation": 0.053521525418608405, "p_value": 2.8529301612138345e-64}