{"correlation": 0.11097407950314792, "p_value": 3.9784641538884895e-271}