{"correlation": 0.0038913564651974672, "p_value": 0.21876757789440315}