{"correlation": 0.09904058972049953, "p_value": 4.1005648548629967e-216}