{"correlation": 0.09452423127631825, "p_value": 5.924684052396608e-197}