{"correlation": 0.029528921758482724, "p_value": 1.0173203197054538e-20}