{"correlation": 0.018467418761569574, "p_value": 5.319392669695258e-09}