{"correlation": 0.07248419964304195, "p_value": 1.9521537131090148e-116}