{"correlation": 0.10447340844512228, "p_value": 2.2839142121950712e-240}