{"correlation": 0.08457600016287686, "p_value": 5.9866804421769515e-158}