{"correlation": -0.03679356868317894, "p_value": 2.8332656384914087e-31}