{"correlation": -0.04370098052937079, "p_value": 1.9943065868831537e-43}