{"correlation": 0.06686750064856978, "p_value": 2.420041175697865e-99}