{"correlation": 0.07604130926804888, "p_value": 5.594070474985018e-128}