{"correlation": 0.06840066070973688, "p_value": 7.168516414825953e-104}