{"correlation": 0.09336111290097791, "p_value": 3.629713152426096e-192}