{"correlation": 0.09274467100697327, "p_value": 1.1820845576743005e-189}