{"correlation": -0.06168090005529788, "p_value": 8.692124578141039e-85}