{"correlation": 0.07728465998324488, "p_value": 3.816110762129827e-132}