{"correlation": 0.11093334519547793, "p_value": 6.285870250985404e-271}