{"correlation": 0.06453969432469601, "p_value": 1.1539957210189562e-92}