{"correlation": 0.011068637485574427, "p_value": 0.0004684261893625816}