{"correlation": -0.1133770837389381, "p_value": 5.607822686777402e-283}