{"correlation": 0.07366088086358463, "p_value": 3.418563412573238e-120}