{"correlation": 0.06613044431068026, "p_value": 3.3428100246449753e-97}