{"correlation": -0.06833259108569124, "p_value": 1.1446440539785253e-103}