{"correlation": 0.06833075384398496, "p_value": 1.15918631109012e-103}