{"correlation": 0.11109646404069035, "p_value": 1.0056130873283654e-271}