{"correlation": 0.10737429553489408, "p_value": 7.361735113137965e-254}