{"correlation": 0.02106672115501659, "p_value": 2.764994741754309e-11}