{"correlation": 0.08733171606746512, "p_value": 2.5844124787977343e-168}