{"correlation": -0.09135375050376716, "p_value": 4.790022251137156e-184}