{"correlation": 0.021524117235169078, "p_value": 1.023379547849052e-11}