{"correlation": -0.06369404943598261, "p_value": 2.6885220432464508e-90}