{"correlation": -0.009125242129671559, "p_value": 0.003927068817939393}