{"correlation": -0.07151389802644172, "p_value": 2.2002931072207325e-113}