{"correlation": 0.11172890802474258, "p_value": 8.037448684509831e-275}