{"correlation": 0.02849202854028318, "p_value": 2.1307982354168263e-19}