{"correlation": -0.015322252759871178, "p_value": 1.2811137916466566e-06}