{"correlation": 0.008306653483034446, "p_value": 0.008658702077971715}