{"correlation": 0.05602772247758532, "p_value": 2.904099501401906e-70}