{"correlation": 0.07783528902082598, "p_value": 5.186199107296013e-134}