{"correlation": -0.04968640466192075, "p_value": 1.2442493494012584e-55}