{"correlation": -0.000758530611883587, "p_value": 0.8105452274267257}