{"correlation": -0.09620578402994143, "p_value": 5.561626100133528e-204}