{"correlation": 0.118316330016636, "p_value": 3.7364037817087473e-308}