{"correlation": 0.04572371805603268, "p_value": 2.2356609970563956e-47}