{"correlation": -0.030292778310952412, "p_value": 1.0107787292753402e-21}