{"correlation": 0.053420491112383936, "p_value": 4.910408896650042e-64}