{"correlation": -0.07748477385380742, "p_value": 8.0302821392273e-133}