{"correlation": 0.04782815188907237, "p_value": 1.1240497150475247e-51}