{"correlation": -0.0269518970771591, "p_value": 1.6051169445776917e-17}