{"correlation": 0.10454340941238825, "p_value": 1.0903183393241722e-240}