{"correlation": -0.07559761157407065, "p_value": 1.6517205471487534e-126}