{"correlation": -0.0012846814208131423, "p_value": 0.6847387574630375}