{"correlation": 0.09672448060570911, "p_value": 3.5651071442625547e-206}