{"correlation": 0.05679352865234584, "p_value": 3.7783744287520127e-72}