{"correlation": 0.10714056165237418, "p_value": 9.290227189731649e-253}