{"correlation": 0.05655162750398502, "p_value": 1.4987333004943749e-71}