{"correlation": -0.0018752134400644132, "p_value": 0.5534256350496101}