{"correlation": 0.09084058594000304, "p_value": 5.339778228686596e-182}