{"correlation": 0.07298194161405369, "p_value": 5.1151451260271856e-118}