{"correlation": 0.10101378778731758, "p_value": 9.042938007447027e-225}