{"correlation": -0.007900591447379398, "p_value": 0.01252817670543957}