{"correlation": -0.11183210211990852, "p_value": 2.5005213897822154e-275}