{"correlation": 0.006595120183013146, "p_value": 0.03713148524688534}