{"correlation": 0.11723410907056596, "p_value": 1.5239705952743894e-302}