{"correlation": 0.10187335405492595, "p_value": 1.3519229728871602e-228}