{"correlation": -0.08489022874230606, "p_value": 4.095372546520632e-159}