{"correlation": -0.11197410246676034, "p_value": 5.0057435448239386e-276}