{"correlation": 0.032747759753442233, "p_value": 4.088319829789938e-25}