{"correlation": 0.10153029632877775, "p_value": 4.588109202719879e-227}