{"correlation": 0.11066180674279345, "p_value": 1.3203122132320514e-269}