{"correlation": 0.11590052202674307, "p_value": 1.0565296983677773e-295}