{"correlation": 0.10894371703152812, "p_value": 2.572924643350007e-261}