{"correlation": 0.04734524828663726, "p_value": 1.1329453587261497e-50}