{"correlation": 0.03486246973077839, "p_value": 3.0223590847400577e-28}