{"correlation": -0.09306896864687114, "p_value": 5.660232612674349e-191}