{"correlation": 0.009629530383753257, "p_value": 0.0023396396692746077}