{"correlation": -0.11010344525985953, "p_value": 6.7501327026164265e-267}