{"correlation": 0.10849919027493635, "p_value": 3.417151853649243e-259}