{"correlation": 0.04697160125007709, "p_value": 6.662704132015233e-50}