{"correlation": 0.0198386906146854, "p_value": 3.6023857088485467e-10}