{"correlation": 0.10306224019528047, "p_value": 6.10329854519916e-234}