{"correlation": -0.06522477744400491, "p_value": 1.322505925318383e-94}