{"correlation": 0.07088638712599363, "p_value": 1.9687873833568735e-111}