{"correlation": -0.1158597008460929, "p_value": 1.7061443021890641e-295}