{"correlation": 0.04322977616962216, "p_value": 1.565087663525807e-42}