{"correlation": 0.07796807902373078, "p_value": 1.8308655094728283e-134}