{"correlation": 0.016773514801536823, "p_value": 1.1491753546218546e-07}