{"correlation": 0.08191066657931671, "p_value": 3.0360724273163428e-148}