{"correlation": -0.029397145513538978, "p_value": 1.506315913399534e-20}