{"correlation": 0.1147137556472407, "p_value": 1.1069821343406143e-289}