{"correlation": -0.08376104584700228, "p_value": 5.9976638155215306e-155}