{"correlation": 0.060135165511550265, "p_value": 1.1197769525228176e-80}