{"correlation": 0.003114950363807907, "p_value": 0.32490040186954927}