{"correlation": -0.0772992733970058, "p_value": 3.406045897997891e-132}