{"correlation": -0.07327316001067449, "p_value": 6.003577355698613e-119}