{"correlation": -0.009590927060652767, "p_value": 0.0024362895538676335}