{"correlation": 0.08271794009604458, "p_value": 3.7670363119230996e-151}