{"correlation": 0.011340266941285895, "p_value": 0.000338315973698951}