{"correlation": -0.05932801852790235, "p_value": 1.4247898508702012e-78}