{"correlation": 0.09613925281179553, "p_value": 1.060812443228116e-203}