{"correlation": 0.03233276280176879, "p_value": 1.5972424085302147e-24}