{"correlation": -0.09679601459361567, "p_value": 1.7728625773901853e-206}