{"correlation": 0.08574741969685375, "p_value": 2.584227383311745e-162}