{"correlation": 0.051956348918910884, "p_value": 1.1446091090222912e-60}