{"correlation": 0.043486093268330285, "p_value": 5.117124686222183e-43}