{"correlation": -0.03164622674654515, "p_value": 1.466001807044673e-23}