{"correlation": 0.021876700232447775, "p_value": 4.690413908205329e-12}