{"correlation": -0.09818114230950231, "p_value": 2.1327993742585946e-212}