{"correlation": -0.08101904704771229, "p_value": 4.5583834841645125e-145}