{"correlation": -0.03935601837004057, "p_value": 1.5319068281642192e-35}