{"correlation": -0.022752269267233532, "p_value": 6.410310744254292e-13}