{"correlation": 0.08255665345663207, "p_value": 1.4419830601839613e-150}