{"correlation": 0.04350634216660284, "p_value": 4.683270746005364e-43}