{"correlation": 0.1042541836080689, "p_value": 2.3064535211834997e-239}