{"correlation": 0.10482158140295308, "p_value": 5.744896410887385e-242}