{"correlation": 0.07462735864194175, "p_value": 2.5274955806172826e-123}