{"correlation": -0.01643361393483477, "p_value": 2.0586990181451894e-07}