{"correlation": 0.11148248205893617, "p_value": 1.3004614328155395e-273}