{"correlation": -0.11130543828279811, "p_value": 9.57188021032159e-273}