{"correlation": 0.05328623446263485, "p_value": 1.008789510838261e-63}