{"correlation": 0.08618968602772457, "p_value": 5.6051849769066216e-164}