{"correlation": -0.010503631514982075, "p_value": 0.0009014230069984379}