{"correlation": -0.023405556910297432, "p_value": 1.3824818602541776e-13}