{"correlation": -0.01691946784427815, "p_value": 8.915923867414491e-08}