{"correlation": 0.043382072566259804, "p_value": 8.061288834234523e-43}