{"correlation": 0.06659872408541899, "p_value": 1.469147350286949e-98}