{"correlation": 0.06691209456972184, "p_value": 1.792936774043653e-99}