{"correlation": -0.03007392988173285, "p_value": 1.970290043585557e-21}