{"correlation": 0.004949839140094573, "p_value": 0.11773892590577265}