{"correlation": 0.0385957651252779, "p_value": 3.026049692043676e-34}