{"correlation": 0.05897762643587637, "p_value": 1.1442605659607664e-77}