{"correlation": 0.012113505991237068, "p_value": 0.00012895828245039278}