{"correlation": -0.014925301349065565, "p_value": 2.3912520431322812e-06}