{"correlation": 0.043059010849604375, "p_value": 3.284110468413067e-42}