{"correlation": 0.07523133583857324, "p_value": 2.6611539776071067e-125}