{"correlation": 0.11014664155863318, "p_value": 4.171242345863323e-267}