{"correlation": -0.004611786674452731, "p_value": 0.14497937262945032}