{"correlation": 0.031157110092645178, "p_value": 6.912819595617896e-23}