{"correlation": 0.095672763054701, "p_value": 9.69189544178455e-202}