{"correlation": 0.07969549655822354, "p_value": 2.0387355269661089e-140}