{"correlation": 0.014475081715018193, "p_value": 4.764912421010926e-06}