{"correlation": 0.008306477528532011, "p_value": 0.00866011647981985}