{"correlation": -0.09761508403010108, "p_value": 5.7344634210755226e-210}