{"correlation": -0.11195004079603763, "p_value": 6.575100064177005e-276}