{"correlation": -0.007430507649092158, "p_value": 0.018857433085154546}