{"correlation": 0.07659699189413596, "p_value": 7.838232181653995e-130}