{"correlation": -0.009211338301794854, "p_value": 0.0036007507936272587}