{"correlation": -0.08184977795197129, "p_value": 5.015942420552407e-148}