{"correlation": -0.03243910404260479, "p_value": 1.1283027326871187e-24}