{"correlation": 0.051519117684279574, "p_value": 1.1121881602679337e-59}