{"correlation": 0.02276144238364853, "p_value": 6.275531891052667e-13}