{"correlation": 0.004639563790551309, "p_value": 0.14257332524805894}