{"correlation": 0.0683835297597504, "p_value": 8.064877002791618e-104}