{"correlation": 0.09353481673157513, "p_value": 7.059250163884614e-193}