{"correlation": 0.033893373433800285, "p_value": 8.694091986913573e-27}