{"correlation": 0.033960589504631225, "p_value": 6.907896609511267e-27}