{"correlation": 0.024208747579495787, "p_value": 1.9795825827632468e-14}