{"correlation": 0.02933148638991473, "p_value": 1.830501862440009e-20}