{"correlation": 0.04359702394094527, "p_value": 3.147882092133452e-43}