{"correlation": -0.09800759359088453, "p_value": 1.189450870742562e-211}