{"correlation": 0.045318645761640866, "p_value": 1.428031029771002e-46}