{"correlation": -0.026524731806611617, "p_value": 5.105691048364639e-17}