{"correlation": 0.07277070532435843, "p_value": 2.4067267296578892e-117}