{"correlation": -0.034968870475098085, "p_value": 2.0782573174607485e-28}