{"correlation": 0.04139716863890581, "p_value": 3.826482976134896e-39}