{"correlation": 0.013719105099058713, "p_value": 1.4514537454102767e-05}