{"correlation": 0.06463560432712809, "p_value": 6.190619856713084e-93}