{"correlation": 0.03232550517866994, "p_value": 1.6355161235257868e-24}