{"correlation": 0.10477373621092549, "p_value": 9.536518120980196e-242}