{"correlation": 0.0611008689223773, "p_value": 3.1163260981736634e-83}