{"correlation": 0.05045639732169099, "p_value": 2.58046470318937e-57}