{"correlation": 0.0455409586808732, "p_value": 5.17172935868053e-47}