{"correlation": 0.06035729217696452, "p_value": 2.917037353803208e-81}