{"correlation": 0.08767641585543612, "p_value": 1.2365127430089502e-169}