{"correlation": 0.025647173638971347, "p_value": 5.199028820914961e-16}