{"correlation": -0.06677414371402847, "p_value": 4.531413157617118e-99}