{"correlation": -0.036625950216494875, "p_value": 5.2663563450620524e-31}