{"correlation": 0.08640313631730896, "p_value": 8.760351287345494e-165}