{"correlation": -0.021614562708042132, "p_value": 8.387364678410484e-12}