{"correlation": -0.016517444072820943, "p_value": 1.784826921057285e-07}