{"correlation": -0.060830109774030125, "p_value": 1.6377724903215406e-82}