{"correlation": 0.0828696889065186, "p_value": 1.0628284653067015e-151}