{"correlation": -0.09193381900394772, "p_value": 2.2498981537584953e-186}