{"correlation": 0.07876409389447704, "p_value": 3.432914914257991e-137}