{"correlation": 0.01844737746470506, "p_value": 5.525356382231854e-09}