{"correlation": 0.09436767446589486, "p_value": 2.633502511712133e-196}