{"correlation": -0.043793818943162935, "p_value": 1.3254679732946464e-43}