{"correlation": 0.059584262225739204, "p_value": 3.080964603815723e-79}