{"correlation": -0.0015855196458924403, "p_value": 0.6163141417154607}