{"correlation": 0.06052366798660761, "p_value": 1.0616046376871644e-81}