{"correlation": -0.03037036280050484, "p_value": 7.968876337571275e-22}