{"correlation": -0.0766971115085323, "p_value": 3.620902581128204e-130}