{"correlation": -0.09060097715182318, "p_value": 4.779664817186797e-181}