{"correlation": 0.06973752242058613, "p_value": 6.6468481341679644e-108}