{"correlation": -0.05751451761745671, "p_value": 6.005527337248143e-74}