{"correlation": -0.008533638563400038, "p_value": 0.0069970909805261395}