{"correlation": -0.04989288240877639, "p_value": 4.4266812499131725e-56}