{"correlation": -0.10270186333658289, "p_value": 2.585493567730965e-232}