{"correlation": -0.05679708216892296, "p_value": 3.702501114141027e-72}