{"correlation": 0.1013216066852829, "p_value": 3.892315102307777e-226}