{"correlation": 0.10116275660750407, "p_value": 1.9756684500906866e-225}