{"correlation": 0.11681893358892592, "p_value": 2.095620262869187e-300}