{"correlation": 0.05403258133794627, "p_value": 1.8013723050251098e-65}