{"correlation": 0.027570624364179334, "p_value": 2.9087339024964282e-18}