{"correlation": 0.05545449977330666, "p_value": 7.206940503183199e-69}