{"correlation": 0.08540070948327864, "p_value": 5.135066751906563e-161}