{"correlation": -0.07140403929759039, "p_value": 4.8463974839848843e-113}