{"correlation": 0.000653123268477269, "p_value": 0.8364704839738477}