{"correlation": 0.09058044871801657, "p_value": 5.765413936525602e-181}