{"correlation": 0.06102639033139093, "p_value": 4.922473340310714e-83}