{"correlation": 0.006294828370918738, "p_value": 0.04665601483117682}