{"correlation": 0.09339890085442895, "p_value": 2.5426648556223227e-192}