{"correlation": 0.022328753372930922, "p_value": 1.694506818983299e-12}