{"correlation": 0.11635806701492116, "p_value": 4.851332115898994e-298}