{"correlation": 0.09753368345521615, "p_value": 1.27847382803657e-209}