{"correlation": 0.08326917275417388, "p_value": 3.757687770483191e-153}