{"correlation": 0.032155773566456956, "p_value": 2.8412902414308053e-24}