{"correlation": 0.09072252203142081, "p_value": 1.573492556662974e-181}