{"correlation": 0.04366579713159846, "p_value": 2.327731337568433e-43}