{"correlation": 0.01673092605320138, "p_value": 1.2370266829466698e-07}