{"correlation": -0.06006356788047333, "p_value": 1.725727745656473e-80}