{"correlation": 0.06511938448311481, "p_value": 2.6382109846046703e-94}