{"correlation": 0.0029308634232259752, "p_value": 0.354311310559572}