{"correlation": 0.060663503475637905, "p_value": 4.5297399461484064e-82}