{"correlation": 0.08566509659869663, "p_value": 5.260920546575354e-162}