{"correlation": 0.059733982685316434, "p_value": 1.2553596087430914e-79}