{"correlation": 0.05215232682201883, "p_value": 4.105085996262315e-61}