{"correlation": 0.06346323839152238, "p_value": 1.175457594774619e-89}