{"correlation": -0.008926641202419417, "p_value": 0.004784546712815217}