{"correlation": 0.0866025696184644, "p_value": 1.540148149285609e-165}