{"correlation": -0.08294213185051051, "p_value": 5.804466888770199e-152}