{"correlation": 0.046244047479597386, "p_value": 2.015899416943405e-48}