{"correlation": 0.10253242658951739, "p_value": 1.4979067535086352e-231}