{"correlation": -0.02683755327166721, "p_value": 2.1917769598815503e-17}