{"correlation": -0.0919465885049476, "p_value": 1.9986775482593074e-186}