{"correlation": -0.0049889817407937145, "p_value": 0.11486327083528755}