{"correlation": 0.06541565441470445, "p_value": 3.775620850463259e-95}