{"correlation": 0.08382866590084426, "p_value": 3.3893149687656815e-155}