{"correlation": 0.0992959413066671, "p_value": 3.179762587378061e-217}