{"correlation": 0.059741181128649075, "p_value": 1.2022546778605376e-79}