{"correlation": 0.004132106974894793, "p_value": 0.1915870841232286}