{"correlation": -0.005847691523101739, "p_value": 0.06458867415848878}