{"correlation": 0.012202169048789445, "p_value": 0.00011503933008587273}