{"correlation": 0.11788686386661516, "p_value": 6.386398295457711e-306}