{"correlation": -0.07615882121544615, "p_value": 2.2745470283351586e-128}