{"correlation": 0.09591138450986866, "p_value": 9.652407919255322e-203}