{"correlation": -0.02786059252425431, "p_value": 1.2894335247129939e-18}