{"correlation": 0.04541799407125523, "p_value": 9.075722118447616e-47}