{"correlation": 0.07596262486793239, "p_value": 1.0211376457807169e-127}