{"correlation": -0.08998304557085501, "p_value": 1.3256801446843882e-178}