{"correlation": 0.0727088200553886, "p_value": 3.785258047005812e-117}