{"correlation": -0.016463382776835254, "p_value": 1.9570914290937297e-07}