{"correlation": 0.07721645150560583, "p_value": 6.485364324907228e-132}