{"correlation": 0.04434809896053778, "p_value": 1.1358058607034254e-44}