{"correlation": -0.0897312976112217, "p_value": 1.2968337215813225e-177}