{"correlation": -0.05951169544940413, "p_value": 4.756861334607283e-79}