{"correlation": -0.09240132997747845, "p_value": 2.916546424912111e-188}