{"correlation": -0.11108244311340086, "p_value": 1.1773150894925561e-271}