{"correlation": -0.09533266574813132, "p_value": 2.5692800675899334e-200}