{"correlation": 0.04552002998468409, "p_value": 5.691843894213167e-47}