{"correlation": 0.026921259345669576, "p_value": 1.745065614825466e-17}