{"correlation": -0.025662998192990238, "p_value": 4.989306346520022e-16}