{"correlation": 0.017535049918773613, "p_value": 2.988210360312339e-08}