{"correlation": -0.05142586692367592, "p_value": 1.8018343918591858e-59}