{"correlation": 0.026207046944941904, "p_value": 1.1932353118342247e-16}