{"correlation": 0.11517832080003697, "p_value": 4.955076882071028e-292}