{"correlation": -0.08314627307678082, "p_value": 1.0525283658481345e-152}