{"correlation": -0.061810869204791015, "p_value": 3.8795564509397665e-85}