{"correlation": -0.06966800063772023, "p_value": 1.0821109064268602e-107}