{"correlation": -0.027346859851628755, "p_value": 5.418464926911426e-18}