{"correlation": -0.023397345750648182, "p_value": 1.4097635469941191e-13}