{"correlation": 0.02612959432740817, "p_value": 1.4653898209738657e-16}