{"correlation": 0.07100914633976844, "p_value": 8.198762584135978e-112}