{"correlation": 0.07664330712464391, "p_value": 5.48424380216912e-130}