{"correlation": 0.024961477570083778, "p_value": 3.0232033783265733e-15}