{"correlation": 0.03639986907077204, "p_value": 1.2097886327235175e-30}