{"correlation": 0.05800658254199999, "p_value": 3.4505680371376333e-75}