{"correlation": 0.05501591181135115, "p_value": 8.226590849374705e-68}