{"correlation": -0.07365242622915037, "p_value": 3.639596108413996e-120}