{"correlation": -0.03177520048111391, "p_value": 9.701036498410928e-24}