{"correlation": 0.01629347882500676, "p_value": 2.609574770994478e-07}