{"correlation": -0.03510768712800327, "p_value": 1.272815932848382e-28}