{"correlation": -0.07028556722793136, "p_value": 1.401790869642064e-109}