{"correlation": 0.035502466911338126, "p_value": 3.123591902551237e-29}