{"correlation": 0.07198945368185641, "p_value": 7.109692344071244e-115}