{"correlation": -0.04333168067444359, "p_value": 1.0042777980528998e-42}