{"correlation": -0.07332116787710714, "p_value": 4.213721798525343e-119}