{"correlation": 0.07446274447993037, "p_value": 8.687719343223589e-123}