{"correlation": 0.046031955211064825, "p_value": 5.392841310023377e-48}