{"correlation": 0.0711660210134195, "p_value": 2.670572963361265e-112}