{"correlation": -0.03506124234986051, "p_value": 1.5000331942972562e-28}