{"correlation": 0.023145445327031788, "p_value": 2.5591991162586975e-13}