{"correlation": 0.10992137752471576, "p_value": 5.1227197997675364e-266}