{"correlation": -0.0028476873732192357, "p_value": 0.36813493343038617}