{"correlation": 0.11185826045969885, "p_value": 1.859578081858208e-275}