{"correlation": 0.05460901764565471, "p_value": 7.74047266354588e-67}