{"correlation": -0.019484812798232352, "p_value": 7.344688267209344e-10}