{"correlation": -0.06968141759495476, "p_value": 9.850107478023842e-108}