{"correlation": 0.0918286427750607, "p_value": 5.9622477618809005e-186}