{"correlation": 0.1071978959859531, "p_value": 4.990790734168281e-253}