{"correlation": 0.06541016386841783, "p_value": 3.914448041706164e-95}