{"correlation": 0.10344927885714952, "p_value": 1.0758336424423195e-235}