{"correlation": -0.09734345563531828, "p_value": 8.303444609475066e-209}