{"correlation": -0.055596757886365415, "p_value": 3.2580133856694127e-69}