{"correlation": 0.04224832264554542, "p_value": 1.0647315309431014e-40}