{"correlation": 0.03628207541543334, "p_value": 1.862203865731671e-30}