{"correlation": -0.058782515605221825, "p_value": 3.6308586746626665e-77}