{"correlation": 0.1075176561778494, "p_value": 1.5503897707874973e-254}