{"correlation": -0.022772960347650594, "p_value": 6.110234761529982e-13}