{"correlation": 0.02924863663066646, "p_value": 2.339502355827759e-20}