{"correlation": 0.015216289603445128, "p_value": 1.5156009748740009e-06}