{"correlation": 0.03534529983921314, "p_value": 5.474626360767402e-29}