{"correlation": 0.08652444755037614, "p_value": 3.044424441859044e-165}