{"correlation": 0.11436476784169922, "p_value": 6.344655367857036e-288}