{"correlation": 0.042487344489550265, "p_value": 3.8437564100852797e-41}