{"correlation": -0.10829042120455282, "p_value": 3.37105960651064e-258}