{"correlation": 0.013404149973173822, "p_value": 2.2715337260709833e-05}