{"correlation": 0.027897015862951832, "p_value": 1.1634948170470023e-18}