{"correlation": 0.10121894504087942, "p_value": 1.1124779895399849e-225}