{"correlation": 0.0815168147348059, "p_value": 7.758657144530608e-147}