{"correlation": 0.06396773660077354, "p_value": 4.642791131176665e-91}