{"correlation": 0.06447082191620405, "p_value": 1.803758964062579e-92}