{"correlation": -0.07848356830554935, "p_value": 3.1613989015615775e-136}