{"correlation": 0.012513911154892905, "p_value": 7.653585087846431e-05}