{"correlation": 0.05686639098266092, "p_value": 2.4920465036103644e-72}