{"correlation": -0.03681400866419369, "p_value": 2.6264805789365296e-31}