{"correlation": 0.004952890476424942, "p_value": 0.11751274497528584}