{"correlation": 0.07062083586094292, "p_value": 1.3029232529609768e-110}