{"correlation": -0.027393287074446715, "p_value": 4.764277086983347e-18}