{"correlation": -0.024190671128891894, "p_value": 2.0695403610820963e-14}