{"correlation": 0.08325633166235602, "p_value": 4.184939267451744e-153}