{"correlation": -0.05141896035659606, "p_value": 1.867321167054939e-59}