{"correlation": 0.029204039929824954, "p_value": 2.6690529683699726e-20}