{"correlation": -0.11807108575562081, "p_value": 7.055117314902736e-307}