{"correlation": -0.009889465338028638, "p_value": 0.0017750335584997632}