{"correlation": -0.11641944746425764, "p_value": 2.3522991455046346e-298}