{"correlation": -0.08289339469427563, "p_value": 8.720152882152626e-152}