{"correlation": 0.08508024655840725, "p_value": 8.049114396055736e-160}