{"correlation": 0.005492279271639655, "p_value": 0.08260471209683622}