{"correlation": -0.05982764090692582, "p_value": 7.150801705288813e-80}