{"correlation": -0.07669179206324925, "p_value": 3.772663984852069e-130}