{"correlation": 0.07168242228214457, "p_value": 6.537001620311116e-114}