{"correlation": 0.05467023898894928, "p_value": 5.530304320856798e-67}