{"correlation": 0.030745623109386604, "p_value": 2.502049361878957e-22}