{"correlation": -0.0242503090368135, "p_value": 1.7870854675313366e-14}