{"correlation": 0.09195417362807705, "p_value": 1.8629259379180538e-186}