{"correlation": 0.07767373379965159, "p_value": 1.836319182282424e-133}