{"correlation": 0.054778999896370494, "p_value": 3.040472982358853e-67}