{"correlation": 0.08450095471547399, "p_value": 1.1343428885405556e-157}