{"correlation": -0.04169061925840393, "p_value": 1.1221246881732236e-39}