{"correlation": 0.11605581197156038, "p_value": 1.703809547134605e-296}