{"correlation": 0.058956672964808374, "p_value": 1.2955686368705932e-77}