{"correlation": -0.00293223517902367, "p_value": 0.354086111965489}