{"correlation": -0.009420623648708324, "p_value": 0.0029078175771634135}