{"correlation": 0.007771881217918247, "p_value": 0.014040395613100849}