{"correlation": 0.1134899539765988, "p_value": 1.5337606916755941e-283}