{"correlation": 0.08021916678362101, "p_value": 3.010183335309972e-142}