{"correlation": 0.029866334188508346, "p_value": 3.694827826483607e-21}