{"correlation": -0.09964261980678676, "p_value": 9.775377611659703e-219}