{"correlation": 0.0538717751762427, "p_value": 4.308429027092986e-65}