{"correlation": -0.003799791693221823, "p_value": 0.22980016673141698}