{"correlation": 0.08967542525920157, "p_value": 2.149413671616983e-177}