{"correlation": -0.03318741622466042, "p_value": 9.472144617650403e-26}