{"correlation": 0.07909303657194831, "p_value": 2.5153921021678388e-138}