{"correlation": 0.04237566177605723, "p_value": 6.191767238318776e-41}