{"correlation": 0.004758663446719457, "p_value": 0.13260310793717076}