{"correlation": -0.014240426586801198, "p_value": 6.7726875260322426e-06}