{"correlation": 0.08261255969030011, "p_value": 9.057760892687315e-151}