{"correlation": -0.0030727943348851667, "p_value": 0.33149116868818607}