{"correlation": -0.07402403131761169, "p_value": 2.3022194923371297e-121}