{"correlation": 0.10869655139218327, "p_value": 3.909166455084712e-260}