{"correlation": -0.0037206226991562223, "p_value": 0.23965350564034146}