{"correlation": 0.049336037557618576, "p_value": 7.116537966140372e-55}