{"correlation": 0.009514772983093259, "p_value": 0.0026377463943014472}