{"correlation": -0.11449735909194457, "p_value": 1.3646923760654403e-288}