{"correlation": 0.04320296012204491, "p_value": 1.7586059809330375e-42}