{"correlation": -0.012427486302065933, "p_value": 8.576931852017754e-05}