{"correlation": 0.09927653243462156, "p_value": 3.862783565977923e-217}