{"correlation": 0.020839878124776095, "p_value": 4.4922963426148623e-11}