{"correlation": 0.10679415469434911, "p_value": 3.9385090394180286e-251}