{"correlation": 0.03240951379023404, "p_value": 1.2430146435264157e-24}