{"correlation": 0.11439217250782781, "p_value": 4.6188807999749186e-288}