{"correlation": 0.08300473678817101, "p_value": 3.4399352188230726e-152}