{"correlation": 0.08476188126859137, "p_value": 1.226379333171082e-158}