{"correlation": 0.10274622348017559, "p_value": 1.631496273443544e-232}