{"correlation": -0.044285125157747796, "p_value": 1.5038653017109423e-44}