{"correlation": 0.04825312896292262, "p_value": 1.4432364211998573e-52}