{"correlation": 0.04568542046452098, "p_value": 2.6659452361700956e-47}