{"correlation": -0.04776573710756424, "p_value": 1.5172166306666063e-51}