{"correlation": 0.07166096816062177, "p_value": 7.630466852282315e-114}