{"correlation": -0.029351713778854763, "p_value": 1.7238950755781545e-20}