{"correlation": -0.06157433445734164, "p_value": 1.6820225589085032e-84}