{"correlation": 0.07507688579435047, "p_value": 8.556953126213619e-125}