{"correlation": -0.022898919330209197, "p_value": 4.559451181472467e-13}