{"correlation": 0.0934235197071368, "p_value": 2.016248246060474e-192}