{"correlation": 0.06120353297625434, "p_value": 1.65794263783973e-83}