{"correlation": 0.10315818690895122, "p_value": 2.2460448497739756e-234}