{"correlation": 0.09207050556596372, "p_value": 6.329626946771023e-187}