{"correlation": -0.09116698772742783, "p_value": 2.6714734667836857e-183}