{"correlation": 0.09634597586695455, "p_value": 1.4243977940165116e-204}