{"correlation": 0.019077249716954764, "p_value": 1.6432661911048294e-09}