{"correlation": 0.06412783209328698, "p_value": 1.6561146091056387e-91}