{"correlation": 0.023289917415385376, "p_value": 1.8193486071601148e-13}