{"correlation": 0.01671118661885554, "p_value": 1.2799159852789698e-07}