{"correlation": 0.10776261939322003, "p_value": 1.0771848978758058e-255}