{"correlation": -0.09233449878550719, "p_value": 5.4356902583109e-188}