{"correlation": -0.04537578173362683, "p_value": 1.1004653670451156e-46}