{"correlation": -0.010347778997107584, "p_value": 0.0010741294143045805}