{"correlation": -0.11701457189037394, "p_value": 2.063761209397631e-301}