{"correlation": -0.08076574481430024, "p_value": 3.5877594747423616e-144}