{"correlation": -0.0779798913868692, "p_value": 1.6687599716801167e-134}