{"correlation": -0.1089010993603608, "p_value": 4.115008178751476e-261}