{"correlation": 0.06576469370011968, "p_value": 3.778732480858826e-96}