{"correlation": 0.08990347691730202, "p_value": 2.727644274040381e-178}