{"correlation": 0.03400119707051587, "p_value": 6.010509758308899e-27}