{"correlation": 0.01283039714359766, "p_value": 5.012805283977133e-05}