{"correlation": -0.0830004774585118, "p_value": 3.564627408422317e-152}