{"correlation": 0.07794059400099124, "p_value": 2.2715150912889653e-134}