{"correlation": 0.06629935415607928, "p_value": 1.0857505580221555e-97}