{"correlation": 0.048731438270709575, "p_value": 1.4015891489238272e-53}