{"correlation": -0.032961651534109807, "p_value": 2.0119332078211024e-25}