{"correlation": 0.11128104518470393, "p_value": 1.2598771710364552e-272}