{"correlation": 0.024231103957473975, "p_value": 1.8736321177319808e-14}