{"correlation": 0.08072861503220692, "p_value": 4.852050196672064e-144}