{"correlation": -0.04633467787249072, "p_value": 1.3220862566893758e-48}