{"correlation": 0.07472277381293002, "p_value": 1.2340652119810842e-123}