{"correlation": -0.006813567563411051, "p_value": 0.03129079713656704}