{"correlation": 0.06876606462132384, "p_value": 5.766807453115865e-105}