{"correlation": 0.007843340410664559, "p_value": 0.013182042945890248}