{"correlation": 0.044669144330826235, "p_value": 2.698653265528059e-45}