{"correlation": 0.006578262457245525, "p_value": 0.03761848933990555}