{"correlation": -0.04094651181298131, "p_value": 2.475692201094121e-38}