{"correlation": -0.0760155730202197, "p_value": 6.811502228147137e-128}