{"correlation": 0.05720275547638061, "p_value": 3.6235525004828777e-73}