{"correlation": -0.051330064080664255, "p_value": 2.9552319289915005e-59}