{"correlation": -0.011279574631031302, "p_value": 0.0003640497350299615}