{"correlation": -0.016339420167460282, "p_value": 2.4149115786996117e-07}