{"correlation": -0.014453062344453226, "p_value": 4.925861150995003e-06}