{"correlation": 0.06756058726850366, "p_value": 2.2360103271343134e-101}