{"correlation": 0.05662240347550341, "p_value": 1.0020789037267297e-71}