{"correlation": 0.08437337971493607, "p_value": 3.3574771256381453e-157}