{"correlation": 0.026785871411553037, "p_value": 2.5220945166497564e-17}