{"correlation": -0.06960945422219417, "p_value": 1.6306062148972886e-107}