{"correlation": 0.10585455462098887, "p_value": 9.597725464491818e-247}