{"correlation": 0.1044201538620781, "p_value": 4.0071532291332554e-240}