{"correlation": 0.09978705155447867, "p_value": 2.283064785396504e-219}