{"correlation": 0.0838791765062246, "p_value": 2.2122116860148967e-155}