{"correlation": 0.010653564503416788, "p_value": 0.0007599036244602675}