{"correlation": 0.0764601917216667, "p_value": 2.2479427558225965e-129}