{"correlation": 0.07456345972903203, "p_value": 4.082976406846853e-123}