{"correlation": -0.04980137236436901, "p_value": 7.002068913688478e-56}