{"correlation": 0.06693462475543016, "p_value": 1.5407127212586405e-99}