{"correlation": 0.035565196479688366, "p_value": 2.4951060819896237e-29}