{"correlation": 0.060541118887120014, "p_value": 9.54660175237189e-82}