{"correlation": 0.1140656540951976, "p_value": 2.018508002202855e-286}