{"correlation": -0.03397537315151969, "p_value": 6.56677586158658e-27}