{"correlation": 0.04421027657602019, "p_value": 2.0983457616596591e-44}