{"correlation": 0.016098371133239153, "p_value": 3.6188218441460864e-07}