{"correlation": 0.10119413382350519, "p_value": 1.4336620202481566e-225}