{"correlation": -0.10891241763866537, "p_value": 3.632585919934416e-261}