{"correlation": 0.05170741796603429, "p_value": 4.187052374716256e-60}