{"correlation": 0.09719324274777526, "p_value": 3.6287681044545794e-208}