{"correlation": 0.11608122865364069, "p_value": 1.2636111036264086e-296}