{"correlation": 0.005743470599807222, "p_value": 0.0694999174346754}