{"correlation": -0.07018008864502776, "p_value": 2.953006393610994e-109}