{"correlation": -0.11838229659434428, "p_value": 1.693377000044155e-308}