{"correlation": 0.08163959442825933, "p_value": 2.8297933217971644e-147}