{"correlation": 0.09513089497132043, "p_value": 1.7858477185884496e-199}