{"correlation": 0.05921033629428544, "p_value": 2.872272474613882e-78}