{"correlation": -0.06749616697183494, "p_value": 3.4629708260174976e-101}