{"correlation": 0.09267161684641848, "p_value": 2.3405409297157334e-189}