{"correlation": 0.08044370494461602, "p_value": 4.896562858584966e-143}