{"correlation": 0.1038416169033933, "p_value": 1.7663209219778477e-237}