{"correlation": -0.0811573008723978, "p_value": 1.4742339556984316e-145}