{"correlation": -0.05153762567925798, "p_value": 1.010520953350059e-59}