{"correlation": -0.04211746376294821, "p_value": 1.8554112955635547e-40}