{"correlation": 0.02339559968698552, "p_value": 1.415632712712727e-13}