{"correlation": 0.06860300662184855, "p_value": 1.77855426000753e-104}