{"correlation": 0.02459090305244994, "p_value": 7.67844186224201e-15}