{"correlation": 0.09191959986934996, "p_value": 2.566917025414041e-186}