{"correlation": 0.10750099158984609, "p_value": 1.8583641903040945e-254}