{"correlation": 0.06359824801541653, "p_value": 4.962788820502437e-90}