{"correlation": 0.05924610424703833, "p_value": 2.321392601002211e-78}