{"correlation": 0.045917464533816406, "p_value": 9.155766294008157e-48}