{"correlation": 0.07123168379526408, "p_value": 1.6687076828599486e-112}