{"correlation": 0.11715137640078273, "p_value": 4.0710584501272074e-302}