{"correlation": 0.08098876948167028, "p_value": 5.835278759749416e-145}