{"correlation": -0.024977129735978248, "p_value": 2.9056275397032513e-15}