{"correlation": -0.054339980195760945, "p_value": 3.376822176115439e-66}