{"correlation": -0.07752489260939176, "p_value": 5.872399990458908e-133}