{"correlation": -0.05007827307329726, "p_value": 1.7438361565493587e-56}