{"correlation": 0.10687623583106325, "p_value": 1.622663136646423e-251}