{"correlation": 0.057864285782230476, "p_value": 7.902337216127681e-75}