{"correlation": 0.007436191320133332, "p_value": 0.018766670317723107}