{"correlation": 0.029085831245636844, "p_value": 3.781358396271759e-20}