{"correlation": -0.02560027176215769, "p_value": 5.872989428287401e-16}