{"correlation": 0.024944672978390446, "p_value": 3.1546524169284135e-15}