{"correlation": 0.0072643416210357884, "p_value": 0.02168612701782904}