{"correlation": -0.0446569401052134, "p_value": 2.850727085273317e-45}