{"correlation": 0.07904749252142071, "p_value": 3.6144801836832304e-138}