{"correlation": -0.024094091582391265, "p_value": 2.6227404261028463e-14}