{"correlation": 0.029448811072396813, "p_value": 1.2917350153107567e-20}