{"correlation": 0.0031889780823420658, "p_value": 0.31353456307362626}