{"correlation": 0.1112357938478749, "p_value": 2.0971365127293334e-272}