{"correlation": -0.01594710608818867, "p_value": 4.651095180134399e-07}