{"correlation": 0.07934985921446838, "p_value": 3.2440535242555103e-139}