{"correlation": -0.04555272410037351, "p_value": 4.900401098822578e-47}