{"correlation": -0.03948945415349814, "p_value": 9.020810431703517e-36}