{"correlation": 0.016696724347569383, "p_value": 1.3122487039605253e-07}