{"correlation": -0.09338638835959863, "p_value": 2.8607660425699966e-192}