{"correlation": -0.009379724601677386, "p_value": 0.003032815915562894}