{"correlation": 0.07818062512414688, "p_value": 3.4454806026862484e-135}