{"correlation": -0.056444985642174275, "p_value": 2.746157446585072e-71}