{"correlation": 0.10976107327641169, "p_value": 3.0425805862847925e-265}