{"correlation": 0.11060766762050737, "p_value": 2.420591765421683e-269}