{"correlation": -0.08348875791787184, "p_value": 5.943498077891305e-154}