{"correlation": -0.11536758057936838, "p_value": 5.43576641403387e-293}