{"correlation": 0.08447559659253123, "p_value": 1.4075892398483277e-157}