{"correlation": 0.05696000547819964, "p_value": 1.4587716895332103e-72}