{"correlation": 0.02506469325366604, "p_value": 2.326325067241697e-15}