{"correlation": 0.09570801011653307, "p_value": 6.895968425798527e-202}