{"correlation": 0.026068121365027723, "p_value": 1.7242023701726096e-16}