{"correlation": 0.03192244959849485, "p_value": 6.0424957402738194e-24}