{"correlation": -0.08879911238556318, "p_value": 5.699897353543321e-174}