{"correlation": 0.11637637799961165, "p_value": 3.9092781358214565e-298}