{"correlation": 0.00450875909276241, "p_value": 0.1541758108879983}