{"correlation": -0.042385022857311355, "p_value": 5.949494050763546e-41}