{"correlation": 0.05136157327016951, "p_value": 2.511675723496366e-59}