{"correlation": 0.028489336831866625, "p_value": 2.1473934336322021e-19}