{"correlation": 0.027481640954648653, "p_value": 3.7273456252193985e-18}