{"correlation": 0.021829106840846237, "p_value": 5.215030303757222e-12}