{"correlation": 0.10133373364629894, "p_value": 3.437967660327609e-226}