{"correlation": 0.11097976779841122, "p_value": 3.732237452732034e-271}