{"correlation": -0.095776688608704, "p_value": 3.5515955473924993e-202}