{"correlation": 0.031022615242920798, "p_value": 1.0545076453553167e-22}