{"correlation": 0.053654860765092974, "p_value": 1.3911972860366747e-64}