{"correlation": -0.037774118690890694, "p_value": 7.128761988543687e-33}