{"correlation": 0.008096706077637263, "p_value": 0.010500717472791358}