{"correlation": -0.0659102651452586, "p_value": 1.4416298336436251e-96}