{"correlation": -0.05905720115805604, "p_value": 7.137070426092138e-78}