{"correlation": 0.09406628913534454, "p_value": 4.6202481912774075e-195}