{"correlation": 0.10463375239826798, "p_value": 4.195505687567911e-241}