{"correlation": -0.017197538396482154, "p_value": 5.466251809388378e-08}