{"correlation": 0.09423720547177314, "p_value": 9.11195379759951e-196}