{"correlation": 0.022265706092470045, "p_value": 1.95539686038986e-12}