{"correlation": -0.06809429723000425, "p_value": 5.868972146011064e-103}