{"correlation": 0.01025001278839366, "p_value": 0.0011975877239043052}