{"correlation": 0.05176779951825207, "p_value": 3.0586673991631924e-60}