{"correlation": 0.04924957569397959, "p_value": 1.0923071134318463e-54}