{"correlation": -0.021730162316467155, "p_value": 6.496429085167128e-12}