{"correlation": 0.00703005722099154, "p_value": 0.026298461089153437}