{"correlation": -0.03189239939688772, "p_value": 6.65657628995957e-24}