{"correlation": 0.08792874140698546, "p_value": 1.3258045061769257e-170}