{"correlation": 0.08221522941724234, "p_value": 2.450314029856157e-149}