{"correlation": -0.007394486221023427, "p_value": 0.019441636906213908}