{"correlation": 0.09633793547603199, "p_value": 1.5402214721668676e-204}