{"correlation": 0.022285014956052018, "p_value": 1.871570220908972e-12}