{"correlation": 0.012049596105105665, "p_value": 0.0001399596477471343}