{"correlation": -0.10455338178463926, "p_value": 9.812679706920711e-241}