{"correlation": 0.053875432477092484, "p_value": 4.223943949710778e-65}