{"correlation": -0.058436113825330496, "p_value": 2.794157395533475e-76}