{"correlation": -0.10737136736304907, "p_value": 7.5995702938793e-254}