{"correlation": -0.05733769775705701, "p_value": 1.6664413502595103e-73}