{"correlation": -0.006145150732179863, "p_value": 0.052124423112273166}