{"correlation": 0.061770388333070136, "p_value": 4.988629834902548e-85}