{"correlation": 0.08676928365533361, "p_value": 3.59013386444985e-166}