{"correlation": 0.1178326990471098, "p_value": 1.2197415760657808e-305}