{"correlation": 0.08898028778240731, "p_value": 1.1242210222141478e-174}