{"correlation": 0.11714708185602335, "p_value": 4.2840046310078417e-302}