{"correlation": 0.017891787332316805, "p_value": 1.5594218304792515e-08}