{"correlation": -0.035292135447927996, "p_value": 6.615285144188495e-29}