{"correlation": 0.07752612452765192, "p_value": 5.816222166642605e-133}