{"correlation": -0.021663265269246095, "p_value": 7.532704581068971e-12}