{"correlation": 0.055026961826257714, "p_value": 7.738923318512478e-68}