{"correlation": -0.07332178197550422, "p_value": 4.1946773779649617e-119}