{"correlation": 0.006985240078008428, "p_value": 0.027271369324645647}