{"correlation": -0.024308929140551237, "p_value": 1.5465219080895908e-14}