{"correlation": 0.013364589848215057, "p_value": 2.4013750748140018e-05}