{"correlation": 0.02076451274365775, "p_value": 5.272425981937354e-11}