{"correlation": -0.004583579024641419, "p_value": 0.14745442019639537}