{"correlation": 0.09270869617528293, "p_value": 1.654891038647194e-189}