{"correlation": 0.06269146732896387, "p_value": 1.5688184387034755e-87}