{"correlation": 0.10232259310287248, "p_value": 1.3138479267560952e-230}