{"correlation": -0.11174399792344164, "p_value": 6.776376955003321e-275}