{"correlation": -0.010387890697222346, "p_value": 0.0010269706895128085}