{"correlation": 0.031159985688631042, "p_value": 6.850552655005622e-23}