{"correlation": 0.0387386492135746, "p_value": 1.7349178601243597e-34}