{"correlation": -0.09470077304031524, "p_value": 1.0984633404137864e-197}