{"correlation": -0.04890538468407807, "p_value": 5.968409956040805e-54}