{"correlation": 0.019493783678133158, "p_value": 7.214331581424894e-10}