{"correlation": -0.004992731924308169, "p_value": 0.11459068537864885}