{"correlation": 0.08771726735577388, "p_value": 8.617724587397327e-170}