{"correlation": 0.11336844571444218, "p_value": 6.192416383043095e-283}