{"correlation": 0.1051677701105371, "p_value": 1.4575244516252393e-243}