{"correlation": -0.0716055514082423, "p_value": 1.1375393865188524e-113}