{"correlation": -0.09318248906773466, "p_value": 1.9486241664644792e-191}