{"correlation": -0.05642086210430288, "p_value": 3.1488374769085603e-71}