{"correlation": 0.11014428692745706, "p_value": 4.282158463679373e-267}