{"correlation": 0.011058225328582012, "p_value": 0.0004742399078158361}