{"correlation": -0.011628843114270107, "p_value": 0.00023761414654041577}