{"correlation": -0.06488352131617428, "p_value": 1.2323399226410718e-93}