{"correlation": -0.01443691749446641, "p_value": 5.047165167809576e-06}