{"correlation": -0.02772289384500509, "p_value": 1.8994376260129086e-18}