{"correlation": 0.11507677786269385, "p_value": 1.619336783814222e-291}