{"correlation": 0.017688181455549627, "p_value": 2.2637450866428868e-08}