{"correlation": -0.09388803771399003, "p_value": 2.5037595753822927e-194}