{"correlation": 0.06916788696183898, "p_value": 3.5529539584395767e-106}