{"correlation": 0.0926116993170467, "p_value": 4.0969428435420594e-189}