{"correlation": 0.10097530995740106, "p_value": 1.3389877301492004e-224}