{"correlation": 0.08581224263507785, "p_value": 1.4757684304355642e-162}