{"correlation": 0.004097564270796275, "p_value": 0.19532657159828987}