{"correlation": -0.06716132058504029, "p_value": 3.341761839071097e-100}