{"correlation": -0.113320102041264, "p_value": 1.0785023973638853e-282}