{"correlation": -0.11162607848779552, "p_value": 2.57002744070865e-274}