{"correlation": 0.05722139679215654, "p_value": 3.2552185909586933e-73}