{"correlation": -0.009530979302305563, "p_value": 0.0025936407906330065}