{"correlation": 0.10482485596402619, "p_value": 5.548992274424489e-242}