{"correlation": 0.03484521861560669, "p_value": 3.21122296599508e-28}