{"correlation": 0.044955186240865364, "p_value": 7.434832453564084e-46}