{"correlation": -0.05604689026268294, "p_value": 2.606906769746997e-70}