{"correlation": 0.019218142585142123, "p_value": 1.2462433525419447e-09}