{"correlation": 0.09922681468928776, "p_value": 6.357601868687707e-217}