{"correlation": -0.03446866973994601, "p_value": 1.196917646660224e-27}