{"correlation": 0.018175240013863395, "p_value": 9.219445362002914e-09}