{"correlation": -0.02878140392314542, "p_value": 9.215223607658669e-20}