{"correlation": 0.006817589574311864, "p_value": 0.031191109354717528}