{"correlation": 0.024601747553497977, "p_value": 7.473264507256546e-15}