{"correlation": -0.021550299588274806, "p_value": 9.661800641915298e-12}