{"correlation": 0.11135913123286446, "p_value": 5.226816070847395e-273}