{"correlation": 0.017341030593545893, "p_value": 4.234187113252889e-08}