{"correlation": 0.09520661104061257, "p_value": 8.631324133606163e-200}