{"correlation": 0.09570957705701934, "p_value": 6.792392860711445e-202}