{"correlation": -0.001011069448324836, "p_value": 0.7493215976676875}