{"correlation": 0.031195477685796683, "p_value": 6.126255034148636e-23}