{"correlation": 0.11585020173521628, "p_value": 1.907382879860039e-295}