{"correlation": -0.11054932733028491, "p_value": 4.649931920073602e-269}