{"correlation": 0.11303845228645405, "p_value": 2.7199681629686256e-281}