{"correlation": -0.04785173362664437, "p_value": 1.0035185826705776e-51}