{"correlation": -0.07639968907459392, "p_value": 3.580061799893165e-129}