{"correlation": 0.08007321703700859, "p_value": 9.773608682973669e-142}