{"correlation": 0.09018860953754343, "p_value": 2.049307663188486e-179}