{"correlation": 0.10765312078058575, "p_value": 3.5507221397014323e-255}