{"correlation": -0.011563371480857119, "p_value": 0.00025762421145166897}