{"correlation": -0.009037104026764985, "p_value": 0.004288734091439699}