{"correlation": -0.09834134614102555, "p_value": 4.3526577716810146e-213}