{"correlation": -0.0028852564045514935, "p_value": 0.361849983731522}