{"correlation": 0.11859958477225663, "p_value": 1.245213398910953e-309}