{"correlation": -0.06665219469708217, "p_value": 1.0268310123504717e-98}