{"correlation": -0.07931917890786623, "p_value": 4.144802548508534e-139}