{"correlation": 0.0878500464081806, "p_value": 2.6620564846488207e-170}