{"correlation": 0.10129785590100089, "p_value": 4.963234932058031e-226}