{"correlation": 0.0664260530099772, "p_value": 4.6620287910560046e-98}