{"correlation": 0.10497077927464661, "p_value": 1.181005568722189e-242}