{"correlation": 0.08476668248512054, "p_value": 1.1771162833706864e-158}