{"correlation": -0.0674695272022892, "p_value": 4.149121127542301e-101}