{"correlation": -0.0089376736007839, "p_value": 0.004732793876857736}