{"correlation": 0.04197388610324906, "p_value": 3.405878428190942e-40}