{"correlation": 0.10126361590290127, "p_value": 7.045228111128677e-226}