{"correlation": 0.0173843190587574, "p_value": 3.918658698592237e-08}