{"correlation": -0.10832003624144007, "p_value": 2.4370626923174062e-258}