{"correlation": 0.09096498012740632, "p_value": 1.7074465544478912e-182}