{"correlation": -0.09894077394383785, "p_value": 1.1120441445288826e-215}