{"correlation": 0.06758155655703521, "p_value": 1.939082229034882e-101}