{"correlation": 0.08589922083711349, "p_value": 6.954304095068197e-163}