{"correlation": -0.029679573427059378, "p_value": 6.481386012483269e-21}