{"correlation": 0.057399844482534434, "p_value": 1.1645573498908806e-73}