{"correlation": 0.03080005066730001, "p_value": 2.1126267474143352e-22}