{"correlation": -0.08699796763521662, "p_value": 4.8480175565267385e-167}