{"correlation": 0.11220192747721994, "p_value": 3.7739948877267325e-277}