{"correlation": 0.1126322064218193, "p_value": 2.819132701946134e-279}