{"correlation": -0.002559269694758085, "p_value": 0.41861773767342136}