{"correlation": 0.10218775599158357, "p_value": 5.290636756251577e-230}