{"correlation": 0.06531137907982115, "p_value": 7.491950951092155e-95}