{"correlation": 0.0637871271107945, "p_value": 1.4807614286135513e-90}