{"correlation": 0.0336870364236863, "p_value": 1.7563393765813584e-26}