{"correlation": 0.10022983133380645, "p_value": 2.608496800973187e-221}