{"correlation": 0.11508835893377828, "p_value": 1.4148349171268189e-291}