{"correlation": -0.01378993393008308, "p_value": 1.3106630480843992e-05}