{"correlation": 0.011046490109467217, "p_value": 0.0004808730177747962}