{"correlation": 0.027198564608131966, "p_value": 8.160988580223609e-18}