{"correlation": -0.10198802999541771, "p_value": 4.150577219738171e-229}