{"correlation": -0.09090069047725688, "p_value": 3.078582692937419e-182}