{"correlation": 0.020373502489618594, "p_value": 1.1993061710961033e-10}