{"correlation": 0.0880028992261355, "p_value": 6.869811691706459e-171}