{"correlation": 0.11057847478767131, "p_value": 3.3559343970479375e-269}