{"correlation": -0.10105668037157213, "p_value": 5.837219049977813e-225}