{"correlation": -0.10783070817087843, "p_value": 5.127410204693033e-256}