{"correlation": 0.09920893615404971, "p_value": 7.604688155749772e-217}