{"correlation": 0.0990119670715731, "p_value": 5.459260058875918e-216}