{"correlation": 0.08570286666696882, "p_value": 3.797102732132365e-162}