{"correlation": -0.10571984698619037, "p_value": 4.0537025453028357e-246}