{"correlation": -0.06162682528401967, "p_value": 1.2152670474413316e-84}