{"correlation": 0.06843358655995961, "p_value": 5.715402604857286e-104}