{"correlation": -0.0595819625118204, "p_value": 3.123692214509707e-79}