{"correlation": -0.021434778201256117, "p_value": 1.2446542042613605e-11}