{"correlation": 0.066339367289576, "p_value": 8.314838117952014e-98}