{"correlation": -0.047305325597150165, "p_value": 1.3699677630352162e-50}