{"correlation": -0.07635872382315242, "p_value": 4.9050198481179517e-129}