{"correlation": -0.0047666494377184634, "p_value": 0.13195439515812427}