{"correlation": -0.013395806256767015, "p_value": 2.2983501469423e-05}