{"correlation": -0.006546433753136669, "p_value": 0.03855281726778625}