{"correlation": 0.0926214139577652, "p_value": 3.741528048390829e-189}