{"correlation": 0.017346242636359623, "p_value": 4.194930607725754e-08}