{"correlation": 0.0988352498544093, "p_value": 3.189300181807217e-215}