{"correlation": 0.09925621707899938, "p_value": 4.735162062546828e-217}