{"correlation": -0.04912320364792176, "p_value": 2.0404542586506758e-54}