{"correlation": 0.11201883831920917, "p_value": 3.014430857386972e-276}