{"correlation": 0.09597946420078321, "p_value": 4.9929890850208126e-203}