{"correlation": 0.012997686994979002, "p_value": 3.9926372961843616e-05}