{"correlation": 0.10514554635813765, "p_value": 1.8459150132857047e-243}