{"correlation": -0.03647709104820755, "p_value": 9.111378344601604e-31}