{"correlation": -0.07961948490897743, "p_value": 3.7505405697873583e-140}