{"correlation": 0.0011018680920668253, "p_value": 0.727667723294882}