{"correlation": -0.05889765385739735, "p_value": 1.837705890367214e-77}