{"correlation": 0.033672635958934626, "p_value": 1.8443906149694282e-26}