{"correlation": 0.071000699199907, "p_value": 8.708604614109597e-112}