{"correlation": -0.10711418385337837, "p_value": 1.2363170673484667e-252}