{"correlation": 0.09878184569377421, "p_value": 5.433467169902674e-215}