{"correlation": -0.007455697434882529, "p_value": 0.018458076088510526}