{"correlation": 0.05642059590936877, "p_value": 3.1535944040479656e-71}