{"correlation": -0.03558986491484333, "p_value": 2.283888181268367e-29}