{"correlation": 0.05465901715930573, "p_value": 5.882018002911936e-67}