{"correlation": 0.09760580910283381, "p_value": 6.28321796087157e-210}