{"correlation": -0.01840354692506625, "p_value": 6.003201101649122e-09}