{"correlation": 0.03289813225180222, "p_value": 2.484652736234376e-25}