{"correlation": 0.08265054571948732, "p_value": 6.602864744148194e-151}