{"correlation": -0.013017455793137392, "p_value": 3.8860238705867326e-05}