{"correlation": 0.005558714666869594, "p_value": 0.07895782337470887}