{"correlation": -0.056003280009719096, "p_value": 3.3325489030653174e-70}