{"correlation": 0.06284238616059902, "p_value": 6.053571122387442e-88}