{"correlation": 0.09973635879738398, "p_value": 3.8046009111382957e-219}