{"correlation": 0.07290835093401159, "p_value": 8.77790504430848e-118}