{"correlation": 0.1094858881104717, "p_value": 6.43853724754594e-264}