{"correlation": -0.05259792584637608, "p_value": 3.9312062073110685e-62}