{"correlation": 0.01729940758467043, "p_value": 4.5607274219157156e-08}