{"correlation": -0.018975149140949225, "p_value": 2.0054800552923045e-09}