{"correlation": 0.07614410932996679, "p_value": 2.546000618060781e-128}