{"correlation": 0.08428477421845679, "p_value": 7.126930946729702e-157}