{"correlation": -0.0019884151816436375, "p_value": 0.5297349918507308}