{"correlation": 0.10276393960677296, "p_value": 1.3573893536157472e-232}