{"correlation": -0.0017026075281211981, "p_value": 0.5905183811656223}