{"correlation": -0.006865315421360973, "p_value": 0.0300288493329561}