{"correlation": 0.0016166101136014714, "p_value": 0.6094164035584146}