{"correlation": 0.07003727022211503, "p_value": 8.083800010679481e-109}