{"correlation": 0.05259260105761032, "p_value": 4.043442345182112e-62}