{"correlation": 0.10848933609865136, "p_value": 3.807423805790959e-259}