{"correlation": 0.046476352482879776, "p_value": 6.825740986357695e-49}