{"correlation": 0.08139644986844262, "p_value": 2.0823638946871284e-146}