{"correlation": 0.0832434351469432, "p_value": 4.662857530333738e-153}