{"correlation": 0.09094653011314184, "p_value": 2.02224850384365e-182}