{"correlation": 0.024556556150077763, "p_value": 8.36556098760648e-15}