{"correlation": 0.057446699396216376, "p_value": 8.886162889870015e-74}