{"correlation": 0.10236457602198272, "p_value": 8.511727548368015e-231}