{"correlation": -0.05247283025778235, "p_value": 7.610480837108296e-62}