{"correlation": 0.02411711332366801, "p_value": 2.4789490854460696e-14}