{"correlation": -0.0221010847487575, "p_value": 2.836760464278374e-12}