{"correlation": 0.05260720430317838, "p_value": 3.743001763900722e-62}