{"correlation": 0.0380039677073916, "p_value": 2.9656028401245447e-33}