{"correlation": 0.10808780186490094, "p_value": 3.0953805095132106e-257}