{"correlation": -0.04445691394862142, "p_value": 6.986408450659981e-45}