{"correlation": 0.10129546182352665, "p_value": 5.08631855694542e-226}