{"correlation": -0.012636951385474184, "p_value": 6.499913522136697e-05}