{"correlation": 0.022666092005937066, "p_value": 7.823510264915554e-13}