{"correlation": 0.10985284318727834, "p_value": 1.0975821544775536e-265}