{"correlation": 0.10248850144905386, "p_value": 2.3608135969752586e-231}