{"correlation": 0.0775762823081319, "p_value": 3.931993865249579e-133}