{"correlation": 0.07682865116870553, "p_value": 1.3106497713429982e-130}