{"correlation": 0.00020205786638867947, "p_value": 0.9490837095501337}