{"correlation": 0.10938083423700018, "p_value": 2.0602784963180426e-263}