{"correlation": 0.0017047820699067839, "p_value": 0.5900440380344556}