{"correlation": -0.10760067477596506, "p_value": 6.284093583593439e-255}