{"correlation": -0.05740435881048108, "p_value": 1.1346173819861303e-73}