{"correlation": 0.07740395399261667, "p_value": 1.5077125799323728e-132}