{"correlation": -0.046116702301603155, "p_value": 3.641611358171502e-48}