{"correlation": 0.08072199363759831, "p_value": 5.1203358066487835e-144}