{"correlation": 0.08867385383632659, "p_value": 1.7475895040907525e-173}