{"correlation": 0.017097036723985777, "p_value": 6.529204889486925e-08}