{"correlation": 0.10708290370280055, "p_value": 1.7348333333937114e-252}