{"correlation": 0.07772854437612732, "p_value": 1.1961489496133102e-133}