{"correlation": -0.03829530147029274, "p_value": 9.683559918281506e-34}