{"correlation": -0.058253925758475725, "p_value": 8.133180256212668e-76}