{"correlation": -0.08525944678963784, "p_value": 1.729662477373001e-160}