{"correlation": 0.051191432868553495, "p_value": 6.036989183128739e-59}