{"correlation": -0.11020998841408018, "p_value": 2.0584909643328234e-267}