{"correlation": 0.11178828923729671, "p_value": 4.1056522553396464e-275}