{"correlation": 0.04725158253397644, "p_value": 1.7687338726017273e-50}