{"correlation": 0.08986223486647218, "p_value": 3.963622559435963e-178}