{"correlation": 0.030098340364784603, "p_value": 1.8293617526626483e-21}