{"correlation": -0.024436116842948094, "p_value": 1.1288001032681881e-14}