{"correlation": 0.09051396424288748, "p_value": 1.057877670434767e-180}