{"correlation": 0.05862349789080264, "p_value": 9.278861267320689e-77}