{"correlation": 0.10330346362505945, "p_value": 4.9348782827322304e-235}