{"correlation": 0.10358231721159482, "p_value": 2.675158392348348e-236}