{"correlation": -0.07180407285007147, "p_value": 2.717126492612398e-114}