{"correlation": 0.0437135891860692, "p_value": 1.886764013270204e-43}