{"correlation": 0.054261941772915726, "p_value": 5.169922435466507e-66}