{"correlation": -0.01245975869802101, "p_value": 8.220463391535512e-05}