{"correlation": 0.05437103730538544, "p_value": 2.8498308795903277e-66}