{"correlation": -0.10736723568886347, "p_value": 7.948273097432667e-254}