{"correlation": -0.11226345893702595, "p_value": 1.875807331255412e-277}