{"correlation": 0.07835320379809003, "p_value": 8.846747960208845e-136}