{"correlation": 0.04660836205445441, "p_value": 3.679944884241547e-49}