{"correlation": 0.11276939899911742, "p_value": 5.892210610078638e-280}