{"correlation": -0.024550986794826247, "p_value": 8.482538905118444e-15}