{"correlation": -0.10606899346933137, "p_value": 9.648838158138897e-248}