{"correlation": 0.003949474355971744, "p_value": 0.21196537996046186}