{"correlation": 0.10830409893276184, "p_value": 2.9019950896595833e-258}