{"correlation": 0.05020382741108483, "p_value": 9.261094993774577e-57}