{"correlation": 0.1154580121089423, "p_value": 1.8883674563647798e-293}