{"correlation": 0.0488868371774948, "p_value": 6.538149702158459e-54}