{"correlation": 0.07628496292803498, "p_value": 8.643367996308343e-129}