{"correlation": 0.005116660127942569, "p_value": 0.1058659055897532}