{"correlation": 0.028609709321013494, "p_value": 1.51681740895135e-19}