{"correlation": 0.016147005663659297, "p_value": 3.336731227987827e-07}