{"correlation": 0.06333345251124975, "p_value": 2.688105099706953e-89}