{"correlation": 0.005848023321748651, "p_value": 0.06457350842280814}