{"correlation": 0.004933109896498797, "p_value": 0.11898506060207685}