{"correlation": 0.03164854427820411, "p_value": 1.4551866159001462e-23}