{"correlation": 0.040016367314935034, "p_value": 1.0953040254568583e-36}