{"correlation": -0.11039548011071883, "p_value": 2.5964923669574404e-268}