{"correlation": 0.08697664273996436, "p_value": 5.844505941584946e-167}