{"correlation": -0.02366385972327904, "p_value": 7.450982593824541e-14}