{"correlation": 0.01615502331218059, "p_value": 3.2923136374265616e-07}