{"correlation": 0.11068786770549213, "p_value": 9.860782487540764e-270}