{"correlation": 0.0441222575266849, "p_value": 3.102344229258788e-44}