{"correlation": 0.018989026921875738, "p_value": 1.9520258660336615e-09}