{"correlation": 0.099141735348328, "p_value": 1.4905246505077114e-216}