{"correlation": -0.039979393174547184, "p_value": 1.2711113793487031e-36}