{"correlation": 0.07941837598314984, "p_value": 1.8762251174112237e-139}