{"correlation": -0.015971192253102083, "p_value": 4.4695649673872747e-07}