{"correlation": -0.09844692954489222, "p_value": 1.524932549050093e-213}