{"correlation": -0.0928266224713772, "p_value": 5.489934140341287e-190}