{"correlation": 0.09852206842536822, "p_value": 7.224144663645607e-214}