{"correlation": -0.05928284307462738, "p_value": 1.865104465029132e-78}