{"correlation": 0.011506313882463719, "p_value": 0.00027634064941239704}