{"correlation": -0.0756187146123564, "p_value": 1.4067189034509617e-126}