{"correlation": -0.030514955868015788, "p_value": 5.108145037872296e-22}