{"correlation": 0.0998789614063687, "p_value": 9.038612746853638e-220}