{"correlation": 0.08130033434648459, "p_value": 4.575986431616175e-146}