{"correlation": 0.0049914344360518035, "p_value": 0.11468493682853843}