{"correlation": -0.015481543719775953, "p_value": 9.930427092461758e-07}