{"correlation": -0.0304986922799147, "p_value": 5.370707857103392e-22}