{"correlation": -0.04521968910347683, "p_value": 2.2407418719393163e-46}