{"correlation": -0.06841200801708876, "p_value": 6.630234653673259e-104}