{"correlation": 0.05152027597945925, "p_value": 1.105536713912148e-59}