{"correlation": 0.0009090055745219297, "p_value": 0.7738993280322941}