{"correlation": 0.019763493833337135, "p_value": 4.1954347038034383e-10}