{"correlation": -0.07473889690229342, "p_value": 1.093167592829643e-123}