{"correlation": 0.11700549651531775, "p_value": 2.298237202281984e-301}