{"correlation": 0.08024452238038945, "p_value": 2.4526842573938342e-142}