{"correlation": -0.03383609099966399, "p_value": 1.0572751270329805e-26}