{"correlation": 0.020001353497986384, "p_value": 2.5858059615756023e-10}