{"correlation": -0.06473567074113801, "p_value": 3.229335289306469e-93}