{"correlation": 0.05459319161678503, "p_value": 8.442817414025933e-67}