{"correlation": 0.044181755466577585, "p_value": 2.381984583311595e-44}