{"correlation": -0.02111193353282378, "p_value": 2.5085506972047107e-11}