{"correlation": 0.07655354801976649, "p_value": 1.0955139333229627e-129}