{"correlation": -0.043902677533061464, "p_value": 8.20075795942872e-44}