{"correlation": 0.05878723722158539, "p_value": 3.530963565022115e-77}