{"correlation": 0.053756219342745416, "p_value": 8.049497378383952e-65}