{"correlation": 0.10204483904156332, "p_value": 2.3111832917372016e-229}