{"correlation": 0.029890862012827556, "p_value": 3.4310559509290735e-21}