{"correlation": 0.08807145037198165, "p_value": 3.739219981572287e-171}