{"correlation": 0.04241786806492323, "p_value": 5.171638204499696e-41}