{"correlation": 0.03548332456314719, "p_value": 3.344976905336885e-29}