{"correlation": -0.009366338177501096, "p_value": 0.003074780867099502}