{"correlation": 0.02209798563683184, "p_value": 2.8566273101694636e-12}