{"correlation": 0.07878427464230103, "p_value": 2.9252591825123245e-137}