{"correlation": 0.07442876365421872, "p_value": 1.1205896617278215e-122}