{"correlation": 0.032488892014825216, "p_value": 9.584885115301029e-25}