{"correlation": 0.006543167217897708, "p_value": 0.038649812454076234}