{"correlation": -0.05627191539416048, "p_value": 7.319745683065042e-71}