{"correlation": 0.04264875418897301, "p_value": 1.9255181253518083e-41}