{"correlation": 0.06387193486837106, "p_value": 8.592919676626897e-91}