{"correlation": 0.08451806627135017, "p_value": 9.805699668695677e-158}