{"correlation": 0.0815623399610886, "p_value": 5.338845494876988e-147}