{"correlation": 0.033066625900626576, "p_value": 1.418287420772481e-25}