{"correlation": -0.05603600116640206, "p_value": 2.7718077212141743e-70}