{"correlation": -0.04318605294921766, "p_value": 1.8926660517344472e-42}