{"correlation": -0.11588785083707065, "p_value": 1.226015816573635e-295}