{"correlation": -0.056101293271247576, "p_value": 1.9185091254618603e-70}