{"correlation": -0.10485112261384366, "p_value": 4.200773200199945e-242}