{"correlation": 0.04161942565729203, "p_value": 1.512292917930631e-39}