{"correlation": 0.04776519926669695, "p_value": 1.5211405825064094e-51}