{"correlation": -0.017052318177906912, "p_value": 7.064162843034867e-08}