{"correlation": 0.0562763781751451, "p_value": 7.137292882284124e-71}