{"correlation": 0.01101873391239789, "p_value": 0.0004969075997317815}