{"correlation": 0.09273633050932291, "p_value": 1.2779995604581233e-189}