{"correlation": 0.06095903194758021, "p_value": 7.439337205590622e-83}