{"correlation": -0.0447059097025811, "p_value": 2.2876229784750353e-45}