{"correlation": 0.021146932150896167, "p_value": 2.3261680195678288e-11}