{"correlation": 0.015433274524642875, "p_value": 1.0730028215546085e-06}