{"correlation": -0.07800078491179756, "p_value": 1.4163252411220412e-134}