{"correlation": 0.03177978705079925, "p_value": 9.559343785142387e-24}