{"correlation": 0.027351565336683335, "p_value": 5.348315458385841e-18}