{"correlation": -0.03146309583980608, "p_value": 2.6273365832083317e-23}