{"correlation": 0.004189530152953993, "p_value": 0.18548760772864423}