{"correlation": 0.08473845297797349, "p_value": 1.4979409925746873e-158}