{"correlation": -0.09560952724189759, "p_value": 1.784260286834532e-201}