{"correlation": 0.07224116996170954, "p_value": 1.1450406082918976e-115}