{"correlation": 0.0016938445035617005, "p_value": 0.5924316777127272}