{"correlation": 0.09201187738259674, "p_value": 1.0907488221939584e-186}