{"correlation": 0.11796189605737675, "p_value": 2.6047338526759254e-306}