{"correlation": -0.012153107278712461, "p_value": 0.00012255589635601084}