{"correlation": -0.10455920983281282, "p_value": 9.226547042761812e-241}