{"correlation": 0.03572809310332896, "p_value": 1.389749780269845e-29}