{"correlation": -0.038508493227623654, "p_value": 4.246253612067019e-34}