{"correlation": -0.04388936240177877, "p_value": 8.697337557622351e-44}