{"correlation": 0.11855479215119293, "p_value": 2.133460264295205e-309}