{"correlation": -0.05447803615346628, "p_value": 1.5871614074006532e-66}