{"correlation": -0.06677278625012875, "p_value": 4.5729015731957505e-99}