{"correlation": 0.0618000892320348, "p_value": 4.1482851800418067e-85}