{"correlation": 0.07425759548247773, "p_value": 4.0317142929394796e-122}