{"correlation": 0.09220476244780725, "p_value": 1.8179231188379622e-187}