{"correlation": -0.03904900050257891, "p_value": 5.146038009332289e-35}