{"correlation": -0.08232299397140076, "p_value": 1.003385120254213e-149}