{"correlation": -0.00962642701395056, "p_value": 0.0023472777018827542}