{"correlation": 0.08155606681092148, "p_value": 5.621113179465347e-147}