{"correlation": -0.08918784974740884, "p_value": 1.743280657119299e-175}