{"correlation": 0.07065487738367962, "p_value": 1.0230158095210825e-110}