{"correlation": 0.09691949885399016, "p_value": 5.3015628154035674e-207}