{"correlation": 0.1029868978650624, "p_value": 1.3371803302517468e-233}