{"correlation": 0.04548076055743956, "p_value": 6.81223756816819e-47}