{"correlation": 0.09685562166655408, "p_value": 9.901227842658088e-207}