{"correlation": 0.07713817950231008, "p_value": 1.1911751906793408e-131}