{"correlation": 0.08240206621044427, "p_value": 5.207467490522225e-150}