{"correlation": 0.0808454001103099, "p_value": 1.8765584467249368e-144}