{"correlation": -0.08749860979616139, "p_value": 5.940657009384538e-169}