{"correlation": -0.09066086039611508, "p_value": 2.7653057732498764e-181}