{"correlation": 0.008978348496910449, "p_value": 0.004546337157186283}