{"correlation": 0.10944792294468825, "p_value": 9.803819227753201e-264}