{"correlation": 0.06540647703494626, "p_value": 4.010515179398359e-95}