{"correlation": -0.1153895942845364, "p_value": 4.2026012057858503e-293}