{"correlation": 0.04934748227229975, "p_value": 6.723788288898219e-55}