{"correlation": -0.10517800006024294, "p_value": 1.3073199694397198e-243}