{"correlation": 0.11600180432300952, "p_value": 3.214778934062118e-296}