{"correlation": 0.05963260234387217, "p_value": 2.3062223176974766e-79}