{"correlation": 0.0497332873126971, "p_value": 9.843726180811084e-56}