{"correlation": 0.0284710522725774, "p_value": 2.2635532211238526e-19}