{"correlation": 0.11753918886162998, "p_value": 4.043137475171258e-304}