{"correlation": -0.1041463723508592, "p_value": 7.178549086103358e-239}