{"correlation": 0.06170479330946936, "p_value": 7.495056734682396e-85}