{"correlation": -0.04294121262413806, "p_value": 5.46664120460569e-42}