{"correlation": 0.08839050781242595, "p_value": 2.1904929027885147e-172}