{"correlation": -0.016138704280593375, "p_value": 3.3833300541791217e-07}