{"correlation": -0.06206405259156052, "p_value": 8.020104059081185e-86}