{"correlation": -0.06780721488229596, "p_value": 4.173375076416915e-102}