{"correlation": 0.02883593590444043, "p_value": 7.861421670339314e-20}