{"correlation": 0.11008263636255776, "p_value": 8.511111180194436e-267}