{"correlation": 0.00460544224089494, "p_value": 0.14553326484738419}