{"correlation": 0.026545586058761554, "p_value": 4.827273102480322e-17}