{"correlation": 0.06239291026528909, "p_value": 1.0251025935059921e-86}