{"correlation": 0.11314767340533811, "p_value": 7.787631446907759e-282}