{"correlation": 0.04089665738253029, "p_value": 3.03992043530744e-38}