{"correlation": -0.03872740909474439, "p_value": 1.8126603163990944e-34}