{"correlation": 0.04452272870998144, "p_value": 5.204207721949774e-45}