{"correlation": 0.06511748962614454, "p_value": 2.6711432301264383e-94}