{"correlation": 0.09794845171380075, "p_value": 2.13499254038613e-211}