{"correlation": 0.03414063344453844, "p_value": 3.722649532446274e-27}