{"correlation": 0.098492391166232, "p_value": 9.704399543170834e-214}