{"correlation": 0.08692709201344483, "p_value": 9.022128483383375e-167}