{"correlation": -0.009181182969492356, "p_value": 0.0037121271996355754}