{"correlation": 0.03579953038685639, "p_value": 1.0742811458117969e-29}