{"correlation": 0.03408680850073317, "p_value": 4.479878037507956e-27}