{"correlation": 0.007292705349035958, "p_value": 0.02117860920081264}