{"correlation": 0.11621519883022494, "p_value": 2.611689015760667e-297}