{"correlation": 0.042247902808696856, "p_value": 1.0666333280389009e-40}