{"correlation": 0.11120203084968094, "p_value": 3.066777546755176e-272}