{"correlation": -0.04580598382595251, "p_value": 1.531020341372745e-47}