{"correlation": -0.11671913929794116, "p_value": 6.825531019264578e-300}