{"correlation": 0.04907558992359019, "p_value": 2.5810497929134508e-54}