{"correlation": 0.06978158835804081, "p_value": 4.879204365984474e-108}