{"correlation": 0.009465527651009102, "p_value": 0.002776007983873005}