{"correlation": 0.047729319811582564, "p_value": 1.8070644519845268e-51}