{"correlation": 0.029545416520390003, "p_value": 9.684303961247626e-21}