{"correlation": -0.006454456171246672, "p_value": 0.0413643544991303}