{"correlation": 0.06584380917384801, "p_value": 2.2388154441586393e-96}