{"correlation": -0.025619754961481868, "p_value": 5.583164939151912e-16}