{"correlation": 0.024567212188793874, "p_value": 8.146150907975561e-15}