{"correlation": 0.03129449552503424, "p_value": 4.482440895440942e-23}