{"correlation": 0.11389855923620365, "p_value": 1.3889591931391865e-285}