{"correlation": 0.10980678401839272, "p_value": 1.8311650174481682e-265}