{"correlation": -0.03092038478616181, "p_value": 1.4518705898615346e-22}