{"correlation": 0.05836690830637068, "p_value": 4.1944907448276394e-76}