{"correlation": 0.11333154521578674, "p_value": 9.457885118383825e-283}