{"correlation": 0.06440742468538946, "p_value": 2.719873036904597e-92}