{"correlation": 0.009400963029625852, "p_value": 0.0029673066677046696}