{"correlation": 0.04538105431528283, "p_value": 1.0743024441642468e-46}