{"correlation": -0.09345873133434714, "p_value": 1.4467861560840597e-192}