{"correlation": -0.053707939687653715, "p_value": 1.0447419547971298e-64}