{"correlation": -0.09937241462597828, "p_value": 1.4766187317481823e-217}