{"correlation": -0.0048027446121885866, "p_value": 0.1290529673483334}