{"correlation": 0.047411929110073824, "p_value": 8.246251746111434e-51}