{"correlation": -0.012352368809789942, "p_value": 9.464034707556333e-05}