{"correlation": 0.029690574939458442, "p_value": 6.2709284802563256e-21}