{"correlation": 0.0117217249566201, "p_value": 0.00021171652935178298}