{"correlation": 0.0718764136503323, "p_value": 1.610926900293204e-114}