{"correlation": -0.009620288683424854, "p_value": 0.0023624526829324984}