{"correlation": 0.09632787823923211, "p_value": 1.6984292683738154e-204}