{"correlation": 0.08796872209774935, "p_value": 9.301854460104009e-171}