{"correlation": 0.07441427990049462, "p_value": 1.2489565289657783e-122}