{"correlation": -0.03267185881927749, "p_value": 5.252208686558834e-25}