{"correlation": -0.07875389860608507, "p_value": 3.721918481598854e-137}