{"correlation": 0.003146620764084197, "p_value": 0.3200054710468541}