{"correlation": 0.08678094571312923, "p_value": 3.242074482425737e-166}