{"correlation": -0.026187624698950113, "p_value": 1.2563918366982262e-16}