{"correlation": -0.08203021311184937, "p_value": 1.1317298883795077e-148}