{"correlation": 0.10173543987262414, "p_value": 5.583938625402289e-228}