{"correlation": 0.012211248005938216, "p_value": 0.00011369694189573674}