{"correlation": 0.029742661856415147, "p_value": 5.3627411166218406e-21}