{"correlation": -0.10834265637610573, "p_value": 1.9020422356234196e-258}