{"correlation": -0.0392830787432732, "p_value": 2.0446709173643696e-35}