{"correlation": 0.00731086265144783, "p_value": 0.020859176140118712}