{"correlation": -0.08406155036770169, "p_value": 4.730371287769494e-156}