{"correlation": 0.01853545868107728, "p_value": 4.674378725182564e-09}