{"correlation": 0.11493602564007341, "p_value": 8.345242718779045e-291}