{"correlation": -0.07507342306615167, "p_value": 8.783740570432268e-125}