{"correlation": 0.05082968834735874, "p_value": 3.8582471233189136e-58}