{"correlation": -0.009685312751119978, "p_value": 0.0022061721570801667}