{"correlation": 0.03826919447352614, "p_value": 1.0708861413798157e-33}