{"correlation": -0.10390280062065299, "p_value": 9.292547780472459e-238}