{"correlation": -0.029738329753575026, "p_value": 5.433032644225561e-21}