{"correlation": 0.0774499609831192, "p_value": 1.053447937421407e-132}