{"correlation": 0.047309763929860374, "p_value": 1.341349123559962e-50}