{"correlation": -0.07443420162303535, "p_value": 1.0758708066483997e-122}