{"correlation": 0.11129997379540092, "p_value": 1.0179626298760749e-272}