{"correlation": -0.07486220267207055, "p_value": 4.321578655770909e-124}