{"correlation": -0.0810831563091701, "p_value": 2.701382526405473e-145}