{"correlation": -0.10119527235913821, "p_value": 1.417074165130721e-225}