{"correlation": 0.09043842661593261, "p_value": 2.1071582338196604e-180}