{"correlation": 0.027593015977172262, "p_value": 2.732436722172813e-18}