{"correlation": 0.05760156384103636, "p_value": 3.629514273995679e-74}