{"correlation": -0.026643278305412178, "p_value": 3.709990694289486e-17}