{"correlation": 0.0877077601016223, "p_value": 9.373293800128892e-170}