{"correlation": 0.0364811567998106, "p_value": 8.976238008751992e-31}