{"correlation": 0.10453468958922268, "p_value": 1.1955482329787207e-240}