{"correlation": -0.08171980791187484, "p_value": 1.4629293967368856e-147}