{"correlation": 0.11344901138640269, "p_value": 2.4550484419428916e-283}