{"correlation": 0.05227764841355474, "p_value": 2.1265104738768123e-61}