{"correlation": 0.04612955240739383, "p_value": 3.4309151417098697e-48}