{"correlation": 0.09820975352450634, "p_value": 1.6060911596601282e-212}