{"correlation": -0.02905393475332469, "p_value": 4.153057564169057e-20}