{"correlation": -0.10356485777282427, "p_value": 3.2115390085848503e-236}