{"correlation": 0.0726140468080364, "p_value": 7.567531170857277e-117}