{"correlation": 0.05654995036104845, "p_value": 1.5130886879998643e-71}