{"correlation": -0.019249100129094775, "p_value": 1.1724655669481466e-09}