{"correlation": 0.004522925327929985, "p_value": 0.15288564261113904}