{"correlation": -0.03306087619374608, "p_value": 1.4457517320597545e-25}