{"correlation": -0.0714725059552294, "p_value": 2.963149993025269e-113}