{"correlation": -0.08361405865906237, "p_value": 2.0705476006622985e-154}