{"correlation": -0.06427650730426704, "p_value": 6.34353768580348e-92}