{"correlation": 0.09930448744977693, "p_value": 2.9186344055345733e-217}