{"correlation": 0.06609859941198885, "p_value": 4.130922524766959e-97}