{"correlation": -0.02342331220434606, "p_value": 1.3252511628864545e-13}