{"correlation": -0.034708903416947476, "p_value": 5.178798679414307e-28}