{"correlation": -0.09019536205436303, "p_value": 1.9272610565726416e-179}