{"correlation": 0.04750150613802322, "p_value": 5.378128453067484e-51}