{"correlation": 0.06595530617371007, "p_value": 1.0694992356426996e-96}