{"correlation": -0.0759582556955276, "p_value": 1.055817458416145e-127}