{"correlation": 0.11589771147644824, "p_value": 1.0919788094049302e-295}