{"correlation": -0.105534900583605, "p_value": 2.9211724997203437e-245}