{"correlation": 0.01933539585519219, "p_value": 9.885707277353213e-10}