{"correlation": -0.07904737343887785, "p_value": 3.6179068567884646e-138}