{"correlation": -0.10011890507507885, "p_value": 8.012330352058661e-221}