{"correlation": -0.014866131600629537, "p_value": 2.620966134036071e-06}