{"correlation": 0.08234061955509611, "p_value": 8.669601615270057e-150}