{"correlation": -0.1047202094791026, "p_value": 1.680789702440028e-241}