{"correlation": 0.0517514091795662, "p_value": 3.330939436861168e-60}