{"correlation": 0.10921127490160326, "p_value": 1.343337906861705e-262}