{"correlation": -0.052241777184059444, "p_value": 2.5674463365755303e-61}