{"correlation": 0.08034701776164817, "p_value": 1.0709837414722381e-142}