{"correlation": 0.06214159416524488, "p_value": 4.942516602309621e-86}