{"correlation": 0.08430565116777773, "p_value": 5.96915917766361e-157}