{"correlation": 0.0971990285538524, "p_value": 3.4285258504888206e-208}