{"correlation": -0.07497779316090848, "p_value": 1.8080427438885745e-124}