{"correlation": 0.046241248218758024, "p_value": 2.0423109866252898e-48}