{"correlation": 0.028506573746440205, "p_value": 2.043291218192781e-19}