{"correlation": 0.08868100497515939, "p_value": 1.639378536626721e-173}