{"correlation": -0.07380264330281484, "p_value": 1.194375649005035e-120}