{"correlation": 0.015473992233834053, "p_value": 1.0051620589988335e-06}