{"correlation": 0.0960679955701377, "p_value": 2.1172758633957903e-203}