{"correlation": -0.09976869431919085, "p_value": 2.7469327980764203e-219}