{"correlation": 0.031175675345475978, "p_value": 6.520468545221788e-23}