{"correlation": 0.07380315559305645, "p_value": 1.1898410254503056e-120}