{"correlation": 0.08662452343257653, "p_value": 1.2715931948591748e-165}