{"correlation": -0.07608214666723173, "p_value": 4.092378587746252e-128}