{"correlation": 0.02012860975218968, "p_value": 1.991411981080662e-10}