{"correlation": 0.0667920916616857, "p_value": 4.016910218890566e-99}