{"correlation": 0.015141496248994793, "p_value": 1.7053998114300732e-06}