{"correlation": 0.03215602621737981, "p_value": 2.838961365585029e-24}