{"correlation": 0.05559714086557441, "p_value": 3.2510483352001746e-69}