{"correlation": 0.08221993229709647, "p_value": 2.35673496836328e-149}