{"correlation": 0.078721007551744, "p_value": 4.830411575488429e-137}