{"correlation": -0.11242969675677927, "p_value": 2.831867921250622e-278}