{"correlation": 0.018289729280509297, "p_value": 7.439529304028488e-09}