{"correlation": 0.0841778228334191, "p_value": 1.7660873889055077e-156}