{"correlation": -0.05927709533560845, "p_value": 1.9300865424287378e-78}