{"correlation": 0.019582801787306082, "p_value": 6.037221767476697e-10}