{"correlation": -0.04164653814068416, "p_value": 1.3499216474939882e-39}