{"correlation": -0.02110959446341746, "p_value": 2.5212269216874618e-11}