{"correlation": 0.07324451350289798, "p_value": 7.414838211857692e-119}