{"correlation": -0.06984459336335117, "p_value": 3.1349288140845593e-108}