{"correlation": -0.08723234006235024, "p_value": 6.194170774286751e-168}