{"correlation": 0.1009425133096467, "p_value": 1.870778040637128e-224}