{"correlation": -0.01914433799587358, "p_value": 1.4408641563399628e-09}