{"correlation": 0.037498704228245965, "p_value": 2.0249517880295246e-32}