{"correlation": 0.03999564185549193, "p_value": 1.1906393779202732e-36}