{"correlation": -0.020075133468175344, "p_value": 2.222865040053888e-10}