{"correlation": 0.01997728962338962, "p_value": 2.716244484897605e-10}