{"correlation": 0.1088556116454444, "p_value": 6.79139066006994e-261}