{"correlation": 0.015127998504340844, "p_value": 1.7420019256961627e-06}