{"correlation": 0.06349434828466267, "p_value": 9.638003850127042e-90}