{"correlation": 0.0805642759539811, "p_value": 1.842726210838629e-143}