{"correlation": 0.0886584036580381, "p_value": 2.0063565419296565e-173}