{"correlation": 0.10932935349644074, "p_value": 3.6415287914653415e-263}