{"correlation": -0.013436945903434578, "p_value": 2.1689862800073867e-05}