{"correlation": -0.0970788208943677, "p_value": 1.1142274368017858e-207}