{"correlation": -0.002367946880501951, "p_value": 0.4542451168985593}