{"correlation": 0.0658589851430844, "p_value": 2.0247937065109148e-96}