{"correlation": 0.10591166769464282, "p_value": 5.207709259371025e-247}