{"correlation": 0.06281886784505832, "p_value": 7.02302472988512e-88}