{"correlation": 0.032789465199018715, "p_value": 3.561706331162253e-25}