{"correlation": -0.09625815348823108, "p_value": 3.344411619695443e-204}