{"correlation": -0.11121659718743332, "p_value": 2.603027747965638e-272}