{"correlation": -0.07852276420883636, "p_value": 2.3193414223272636e-136}