{"correlation": -0.0979825713028067, "p_value": 1.5235309847879017e-211}