{"correlation": 0.0020923350682028607, "p_value": 0.5084500189918979}