{"correlation": 0.011095145889927778, "p_value": 0.00045392373039387674}