{"correlation": 0.01580704899103897, "p_value": 5.856130578532777e-07}