{"correlation": 0.05798343997084478, "p_value": 3.9489153016573237e-75}