{"correlation": 0.04237603772347749, "p_value": 6.181850902980878e-41}