{"correlation": -0.035365189368221084, "p_value": 5.100035015135226e-29}