{"correlation": -0.010915173403210542, "p_value": 0.000561238696111931}