{"correlation": -0.10058403939839038, "p_value": 7.185433478079533e-223}