{"correlation": 0.11359121172550886, "p_value": 4.7880610641887614e-284}