{"correlation": 0.060118892710748134, "p_value": 1.2355032627761984e-80}