{"correlation": 0.08212285821889632, "p_value": 5.262347185930663e-149}