{"correlation": 0.06445538491540997, "p_value": 1.993550385950552e-92}