{"correlation": -0.05981619485374913, "p_value": 7.660291305743197e-80}