{"correlation": -0.05253486964542875, "p_value": 5.485549739261931e-62}