{"correlation": 0.015700877665362822, "p_value": 6.964817128132478e-07}