{"correlation": -0.0747732969463241, "p_value": 8.439410745560041e-124}