{"correlation": 0.003096512404435851, "p_value": 0.3277724696069627}