{"correlation": 0.11720870240766604, "p_value": 2.060894276618379e-302}