{"correlation": 0.07408879014319356, "p_value": 1.4209995691067755e-121}