{"correlation": 0.09364458766960108, "p_value": 2.504281053359637e-193}