{"correlation": 0.07326601120677236, "p_value": 6.328420667870836e-119}