{"correlation": 0.060286854106890116, "p_value": 4.471225970644157e-81}