{"correlation": -0.05093415208977393, "p_value": 2.261230275442964e-58}