{"correlation": -0.09035741745250848, "p_value": 4.409143064252854e-180}