{"correlation": -0.0013457499963988816, "p_value": 0.6706142768573822}