{"correlation": 0.009829350078117353, "p_value": 0.0018931657814178387}