{"correlation": 0.0226172371080649, "p_value": 8.756116298401086e-13}