{"correlation": 0.031066571064346685, "p_value": 9.187517254715758e-23}