{"correlation": -0.0697081539185507, "p_value": 8.166816019116077e-108}