{"correlation": 0.09447708595354418, "p_value": 9.287061247023237e-197}