{"correlation": 0.010759616716649307, "p_value": 0.0006725773209647106}