{"correlation": -0.09883448366740677, "p_value": 3.213778338741553e-215}