{"correlation": 0.10664865925337409, "p_value": 1.8932863547582524e-250}