{"correlation": 0.08128744867025231, "p_value": 5.085036901215319e-146}