{"correlation": 0.04609800755594435, "p_value": 3.971340262655634e-48}