{"correlation": 0.06734644382034902, "p_value": 9.556040356508899e-101}