{"correlation": -0.11062841759079492, "p_value": 1.9188583521409186e-269}