{"correlation": 0.026565895755407604, "p_value": 4.5705365127479975e-17}