{"correlation": 0.09201180674938872, "p_value": 1.0914639672655251e-186}