{"correlation": 0.11834023161401884, "p_value": 2.8050721504121337e-308}