{"correlation": -0.03637369665218539, "p_value": 1.33162278474229e-30}