{"correlation": 0.0615011203662374, "p_value": 2.6455759691887145e-84}