{"correlation": -0.09023893592348002, "p_value": 1.2966198332198195e-179}