{"correlation": -0.07387248641037683, "p_value": 7.109003721582946e-121}