{"correlation": 0.10491072356568945, "p_value": 2.2331502861678358e-242}