{"correlation": -0.07620379632215622, "p_value": 1.6112064602525887e-128}