{"correlation": -0.035143846691761516, "p_value": 1.1198582133516722e-28}