{"correlation": 0.04063393634223309, "p_value": 8.932314067190694e-38}