{"correlation": 0.07277731604142074, "p_value": 2.293022143113821e-117}