{"correlation": -0.01646311593359311, "p_value": 1.9579803164808142e-07}