{"correlation": 0.055452465389765664, "p_value": 7.28912449841389e-69}