{"correlation": 0.027047949724005732, "p_value": 1.234312502794838e-17}