{"correlation": 0.10866414886305775, "p_value": 5.5820247166635426e-260}