{"correlation": 0.025620488514990773, "p_value": 5.572532723736322e-16}