{"correlation": 0.048354109262987506, "p_value": 8.83816850532839e-53}