{"correlation": -0.010483038432706124, "p_value": 0.0009226654548346966}