{"correlation": 0.028193229860400185, "p_value": 5.019451651388397e-19}