{"correlation": 0.1017338183528634, "p_value": 5.677773162132832e-228}