{"correlation": 0.06758189248975376, "p_value": 1.9346605522062528e-101}