{"correlation": 0.03808335045716914, "p_value": 2.187914538800554e-33}