{"correlation": -0.01233052400077447, "p_value": 9.737848452042533e-05}