{"correlation": 0.020246243119575666, "p_value": 1.562039539805083e-10}