{"correlation": -0.11832190937274323, "p_value": 3.4945540865105114e-308}