{"correlation": 0.07361013090023547, "p_value": 4.9788039399121355e-120}