{"correlation": 0.0796528296497028, "p_value": 2.8707302124379296e-140}