{"correlation": -0.10346271226397125, "p_value": 9.348735411667952e-236}