{"correlation": 0.031028337671315655, "p_value": 1.0357682997182726e-22}