{"correlation": 0.02425754001181558, "p_value": 1.7555290485924108e-14}