{"correlation": 0.04046262930868961, "p_value": 1.7971245316070962e-37}