{"correlation": -0.04140423614768496, "p_value": 3.7154602915988495e-39}