{"correlation": 0.0927438250099288, "p_value": 1.191476374215408e-189}