{"correlation": -0.014827651149847647, "p_value": 2.7815686624931225e-06}