{"correlation": -0.029271874165618706, "p_value": 2.1840743558598115e-20}