{"correlation": -0.04487198051764266, "p_value": 1.0826747205772179e-45}