{"correlation": 0.10386360395836633, "p_value": 1.4023310530596638e-237}