{"correlation": -0.019030479067364287, "p_value": 1.8004945707428025e-09}