{"correlation": -0.022576276393197862, "p_value": 9.621434141923309e-13}