{"correlation": -0.013376083125871378, "p_value": 2.3629424598117855e-05}