{"correlation": -0.06853560872645859, "p_value": 2.830755416689451e-104}