{"correlation": 0.06842595380236846, "p_value": 6.023622531655739e-104}