{"correlation": 0.00628653072533285, "p_value": 0.04694599087817719}