{"correlation": -0.0036825905274748554, "p_value": 0.24449143241637372}