{"correlation": -0.04254570126886206, "p_value": 2.9946610838351144e-41}