{"correlation": 0.011290232885143558, "p_value": 0.0003594020092374096}