{"correlation": 0.055475826721577054, "p_value": 6.399057729341912e-69}