{"correlation": -0.02892615477859249, "p_value": 6.040283743986628e-20}