{"correlation": 0.028999542661864632, "p_value": 4.8719829393247157e-20}