{"correlation": 0.0607113528484244, "p_value": 3.3830375841744413e-82}