{"correlation": -0.02608753880568644, "p_value": 1.6379259891159384e-16}