{"correlation": 0.034514160835163704, "p_value": 1.021783881905145e-27}