{"correlation": -0.05379465393221613, "p_value": 6.539544419426816e-65}