{"correlation": 0.08199231654457659, "p_value": 1.5476358461687697e-148}