{"correlation": 0.08205757184331718, "p_value": 9.027636289707046e-149}