{"correlation": 0.07259451601074049, "p_value": 8.727821405873465e-117}