{"correlation": 0.09822259135990051, "p_value": 1.4141243924998245e-212}