{"correlation": -0.018980270229445994, "p_value": 1.9855907623776364e-09}