{"correlation": -0.05693393236091021, "p_value": 1.6935572022278248e-72}