{"correlation": 0.09429086960855218, "p_value": 5.469797912071798e-196}