{"correlation": -0.0458352375777355, "p_value": 1.3379518149727717e-47}