{"correlation": 0.01957440228428348, "p_value": 6.139752670708895e-10}