{"correlation": 0.019420470234618584, "p_value": 8.349391393209105e-10}