{"correlation": 0.07199612618979671, "p_value": 6.774310246595072e-115}