{"correlation": -0.11192929124610082, "p_value": 8.31787994183853e-276}