{"correlation": -0.05291499347820777, "p_value": 7.316911060523259e-63}