{"correlation": 0.0029372567919146945, "p_value": 0.3532624948123818}