{"correlation": 0.08399072494944522, "p_value": 8.614693471735366e-156}