{"correlation": 0.0030494400090997423, "p_value": 0.3351793832555917}