{"correlation": 0.11830800845805109, "p_value": 4.128544303341786e-308}