{"correlation": 0.11428080118584469, "p_value": 1.677368971853905e-287}