{"correlation": 0.008747436921087561, "p_value": 0.005700060972016663}