{"correlation": -0.06677709288834609, "p_value": 4.442566781171065e-99}