{"correlation": 0.02381133150884507, "p_value": 5.220016632032085e-14}