{"correlation": 0.000165480198897793, "p_value": 0.9582915383878914}