{"correlation": -0.0592698983192589, "p_value": 2.0146458410349944e-78}