{"correlation": 0.08085967949624338, "p_value": 1.6706150847683253e-144}