{"correlation": -0.016663113198866274, "p_value": 1.3904730216975366e-07}