{"correlation": 0.039007845560489814, "p_value": 6.04928324912778e-35}