{"correlation": 0.11850556072544488, "p_value": 3.854726264221494e-309}