{"correlation": -0.009926963191051862, "p_value": 0.0017048186836540124}