{"correlation": 0.04578894838137202, "p_value": 1.6559755740090532e-47}