{"correlation": -0.049572994651911194, "p_value": 2.1909973656370375e-55}