{"correlation": -0.07001877339836854, "p_value": 9.208579053121987e-109}