{"correlation": -0.06214553119887944, "p_value": 4.822441546043138e-86}