{"correlation": -0.08003303630617833, "p_value": 1.3511327081356823e-141}