{"correlation": 0.09521714806592198, "p_value": 7.800339121111095e-200}