{"correlation": -0.0897063090031946, "p_value": 1.6257091875021525e-177}