{"correlation": 0.02111081418849981, "p_value": 2.5146090069416826e-11}