{"correlation": 0.0020002054906247753, "p_value": 0.527297507934074}