{"correlation": -0.09438506622217072, "p_value": 2.2316005456498945e-196}