{"correlation": -0.05864193549940669, "p_value": 8.32347472631346e-77}