{"correlation": 0.10160212169429687, "p_value": 2.195801900114215e-227}