{"correlation": 0.0161396393062532, "p_value": 3.378050170438279e-07}