{"correlation": 0.08571004706216066, "p_value": 3.5688156115353843e-162}