{"correlation": 0.01692524171892958, "p_value": 8.826481442798533e-08}