{"correlation": 0.024585044716233285, "p_value": 7.791577418893942e-15}