{"correlation": -0.07833579104173756, "p_value": 1.0148919439960626e-135}