{"correlation": -0.012266682531000968, "p_value": 0.0001058157191880172}