{"correlation": -0.06991978263477439, "p_value": 1.84809638181217e-108}