{"correlation": -0.06594052914462098, "p_value": 1.179596303850955e-96}