{"correlation": 0.0847945173006397, "p_value": 9.280534998555595e-159}