{"correlation": 0.020932624832199823, "p_value": 3.686007933433916e-11}