{"correlation": -0.016814250902729762, "p_value": 1.0708132970139833e-07}