{"correlation": 0.04910406296997791, "p_value": 2.2426969075540466e-54}