{"correlation": 0.110973732458513, "p_value": 3.9940013322721555e-271}