{"correlation": 0.06357796328003425, "p_value": 5.649906729986219e-90}