{"correlation": 0.0009795498652374818, "p_value": 0.7568859170841606}