{"correlation": 0.036283829772333714, "p_value": 1.850298567553836e-30}