{"correlation": 0.05813365693252359, "p_value": 1.6435195003967059e-75}