{"correlation": 0.10755429948905619, "p_value": 1.0408014831350609e-254}