{"correlation": -0.027155599830189885, "p_value": 9.185412803772909e-18}