{"correlation": -0.08953336977833659, "p_value": 7.755529435977919e-177}