{"correlation": -0.0702606190763066, "p_value": 1.6720985707980457e-109}