{"correlation": -0.0013562698306237506, "p_value": 0.6681926947667656}