{"correlation": -0.11302529030245541, "p_value": 3.162148833688149e-281}