{"correlation": 0.0019763551893323787, "p_value": 0.5322341405825064}