{"correlation": 0.09640744438106148, "p_value": 7.833847824722987e-205}