{"correlation": 0.023284127746981343, "p_value": 1.8444702804799656e-13}