{"correlation": -0.04348407708714061, "p_value": 5.1624534719472845e-43}