{"correlation": 0.026528456995524793, "p_value": 5.05482112044738e-17}