{"correlation": 0.04869098047988151, "p_value": 1.7087034895229526e-53}