{"correlation": -0.067124533071817, "p_value": 4.283901380715006e-100}