{"correlation": 0.07117489074362916, "p_value": 2.506276094892537e-112}