{"correlation": 0.064586058374798, "p_value": 8.540947358508656e-93}