{"correlation": -0.01671111342204213, "p_value": 1.2800776712514424e-07}