{"correlation": 0.06258397613085176, "p_value": 3.0868919469821497e-87}