{"correlation": -0.04019756083111004, "p_value": 5.270638788554755e-37}