{"correlation": -0.053356787699897885, "p_value": 6.911630099872542e-64}