{"correlation": -0.08753559560694679, "p_value": 4.2870783251865197e-169}