{"correlation": 0.005222496242587318, "p_value": 0.09883949044096575}