{"correlation": 0.007160439339503781, "p_value": 0.023636752981748447}