{"correlation": -0.09895709062806415, "p_value": 9.447682510078184e-216}