{"correlation": 0.022491857031982056, "p_value": 1.1677946708236863e-12}