{"correlation": 0.011967318167350322, "p_value": 0.00015542715053134878}