{"correlation": 0.038060493026119836, "p_value": 2.3883068417464378e-33}