{"correlation": 0.07864958666400008, "p_value": 8.504799750058953e-137}