{"correlation": 0.11256481859803634, "p_value": 6.077645787490823e-279}