{"correlation": -0.07178859148467145, "p_value": 3.03855155188745e-114}