{"correlation": 0.0343458283493364, "p_value": 1.8329271667348363e-27}