{"correlation": 0.02017249886190017, "p_value": 1.8191950952752164e-10}