{"correlation": -0.10150911762903105, "p_value": 5.701092732633532e-227}