{"correlation": 0.009122400722509147, "p_value": 0.003938282153800113}