{"correlation": 0.08525002727316038, "p_value": 1.875419558156705e-160}