{"correlation": 0.004841579393751431, "p_value": 0.12598692662412891}