{"correlation": -0.06485852353079381, "p_value": 1.4505600483065786e-93}