{"correlation": 0.09998696095278536, "p_value": 3.0391802047807306e-220}