{"correlation": 0.10149643440029785, "p_value": 6.492863486122058e-227}