{"correlation": -0.06733493265275642, "p_value": 1.0330694788322185e-100}