{"correlation": 0.009096594540661144, "p_value": 0.004041462864708622}