{"correlation": -0.01999815118445257, "p_value": 2.6028045976584465e-10}