{"correlation": 0.0949592316257439, "p_value": 9.264147319499495e-199}