{"correlation": -0.018204499810820157, "p_value": 8.728688479774317e-09}