{"correlation": 0.041381543414203394, "p_value": 4.0837828037896887e-39}