{"correlation": 0.05982514337530343, "p_value": 7.259009237913475e-80}