{"correlation": 0.03998784383111064, "p_value": 1.2286068652031733e-36}