{"correlation": 0.08985669268767701, "p_value": 4.167708225078428e-178}