{"correlation": -0.08600649824022219, "p_value": 2.7464170104523098e-163}