{"correlation": 0.0685425521352212, "p_value": 2.6984741599734386e-104}