{"correlation": -0.0006122914239906014, "p_value": 0.8465627817453001}