{"correlation": 0.09749723290341923, "p_value": 1.8302774525805383e-209}