{"correlation": 0.0069855773475171684, "p_value": 0.027263933307881877}