{"correlation": 0.07286765709158023, "p_value": 1.1829858033759697e-117}