{"correlation": 0.08905120717370678, "p_value": 5.949542092474131e-175}