{"correlation": 0.07861236375207291, "p_value": 1.1418724104751976e-136}