{"correlation": 0.03691801817757896, "p_value": 1.7849041804622924e-31}