{"correlation": 0.10828467821017997, "p_value": 3.589924953851541e-258}