{"correlation": 0.041246309487711, "p_value": 7.165244861478605e-39}