{"correlation": 0.04413775532211419, "p_value": 2.8961088197536537e-44}