{"correlation": 0.004830399787661922, "p_value": 0.12686369276943213}