{"correlation": -0.05715447010474195, "p_value": 4.7824538247244204e-73}