{"correlation": 0.00829552811369189, "p_value": 0.008748540111945266}