{"correlation": 0.016728544596593408, "p_value": 1.2421263291889532e-07}