{"correlation": -0.04519186923695256, "p_value": 2.542844765101004e-46}