{"correlation": 0.11784211987071595, "p_value": 1.0899367473622076e-305}