{"correlation": 0.07535712681967689, "p_value": 1.0260474159684893e-125}