{"correlation": 0.10809033251877628, "p_value": 3.010914941602105e-257}