{"correlation": 0.10267431854266472, "p_value": 3.440803110294426e-232}