{"correlation": 0.021063175543391568, "p_value": 2.7861571501598142e-11}