{"correlation": -0.06732128163355755, "p_value": 1.1330950341215253e-100}