{"correlation": 0.050803014740285986, "p_value": 4.421442082656452e-58}