{"correlation": 0.09592631171119602, "p_value": 8.35380759857352e-203}