{"correlation": 0.006303678211819289, "p_value": 0.04634840401612624}