{"correlation": -0.0578570672957147, "p_value": 8.241141198961221e-75}