{"correlation": 0.017737914366955394, "p_value": 2.0675318018180355e-08}