{"correlation": 0.07821246189762814, "p_value": 2.6817685206849544e-135}