{"correlation": 0.11669267855485255, "p_value": 9.333353801089377e-300}