{"correlation": 0.07335815086465909, "p_value": 3.20744642130743e-119}