{"correlation": 0.01685252115770984, "p_value": 1.0019226365829719e-07}