{"correlation": 0.10783050802858442, "p_value": 5.1386142635761603e-256}