{"correlation": -0.03603668191357912, "p_value": 4.553341027960761e-30}