{"correlation": 0.09599142117348003, "p_value": 4.4469294507907195e-203}