{"correlation": 0.11212690557075883, "p_value": 8.84604947890584e-277}