{"correlation": 0.0870702794921394, "p_value": 2.5711284407397347e-167}