{"correlation": -0.06001389619390909, "p_value": 2.32893450033727e-80}