{"correlation": 0.09407878840688809, "p_value": 4.103440284215087e-195}