{"correlation": 0.08069807343081341, "p_value": 6.21898237068197e-144}