{"correlation": 0.05654270796364047, "p_value": 1.5766701027976997e-71}