{"correlation": 0.08736277146155386, "p_value": 1.9662506900507992e-168}