{"correlation": 0.08978925250200566, "p_value": 7.675790632054757e-178}