{"correlation": 0.049838571145583696, "p_value": 5.81188151346074e-56}