{"correlation": 0.10822259862244969, "p_value": 7.084320494843548e-258}