{"correlation": 0.11329939075975867, "p_value": 1.367794400919496e-282}