{"correlation": 0.09208567879500036, "p_value": 5.497758911465012e-187}