{"correlation": 0.0024627553927420065, "p_value": 0.4363806491576986}