{"correlation": -0.03355320946327471, "p_value": 2.764989168507234e-26}