{"correlation": -0.0015302263127670776, "p_value": 0.6286653220938382}