{"correlation": -0.10136396718189855, "p_value": 2.522786264552288e-226}