{"correlation": -0.09853623016560992, "p_value": 6.2748751986250345e-214}