{"correlation": 0.06534934435774616, "p_value": 5.8384218829675547e-95}