{"correlation": 0.11151077087325866, "p_value": 9.450392356760919e-274}