{"correlation": 0.06277836274476417, "p_value": 9.06934722894566e-88}