{"correlation": 0.002283377238323034, "p_value": 0.47052233736328575}