{"correlation": 0.0885881166716857, "p_value": 3.759135804996503e-173}