{"correlation": -0.03181684376814286, "p_value": 8.4872502533301e-24}