{"correlation": -0.001869466297835691, "p_value": 0.5546420930181624}