{"correlation": 0.005695846169466887, "p_value": 0.07184409851551665}