{"correlation": 0.015580590765885244, "p_value": 8.465411849332581e-07}