{"correlation": -0.00994165153497606, "p_value": 0.0016780179617034764}