{"correlation": -0.035089055164676794, "p_value": 1.3595460506382825e-28}