{"correlation": 0.017238980011457947, "p_value": 5.078605103682161e-08}