{"correlation": -0.014118432847732891, "p_value": 8.114148373564422e-06}