{"correlation": 0.010464553360180774, "p_value": 0.0009421275207171351}