{"correlation": 0.014283409934156159, "p_value": 6.3527354667262154e-06}