{"correlation": -0.002843085732708645, "p_value": 0.36890938987042743}