{"correlation": -0.0294113222628237, "p_value": 1.4441545723837122e-20}