{"correlation": -0.05860632699063573, "p_value": 1.0266662099631938e-76}