{"correlation": 0.05435720471689854, "p_value": 3.07358212756941e-66}