{"correlation": 0.11529923999651434, "p_value": 1.2078736755827485e-292}