{"correlation": -0.11386418021605355, "p_value": 2.064800010389132e-285}