{"correlation": 0.05205685502351968, "p_value": 6.768288712516632e-61}