{"correlation": 0.091568850413854, "p_value": 6.587980282335217e-185}