{"correlation": 0.10346526051527419, "p_value": 9.102947257766604e-236}