{"correlation": 0.06760460405656019, "p_value": 1.6579211232816292e-101}