{"correlation": 0.05607068332284101, "p_value": 2.279834865449726e-70}