{"correlation": 0.0012522603590049523, "p_value": 0.6922828197186617}