{"correlation": 0.08302994095119784, "p_value": 2.786299978232999e-152}