{"correlation": 0.029906069670801692, "p_value": 3.2769596355579073e-21}