{"correlation": 0.062173226966843465, "p_value": 4.056105409194553e-86}