{"correlation": 0.05381057611368317, "p_value": 6.00002320466021e-65}