{"correlation": -0.07036982784714137, "p_value": 7.723996894305994e-110}