{"correlation": 0.013568166972601593, "p_value": 1.8010972378464845e-05}