{"correlation": -0.025010187800117607, "p_value": 2.6719011905317448e-15}