{"correlation": 0.10646364812691875, "p_value": 1.3897136795340516e-249}