{"correlation": 0.11182457642341807, "p_value": 2.722873423389681e-275}