{"correlation": -0.03860125913622036, "p_value": 2.9621209335001034e-34}