{"correlation": -0.01169755650485899, "p_value": 0.00021818746908856745}