{"correlation": -0.1080199671271738, "p_value": 6.496606639405504e-257}