{"correlation": -0.08937170759337831, "p_value": 3.332203706382836e-176}