{"correlation": -0.06286301519261406, "p_value": 5.313793698567423e-88}