{"correlation": -0.027333885773802313, "p_value": 5.616621625990377e-18}