{"correlation": -0.021596947239515715, "p_value": 8.71931964199337e-12}