{"correlation": -0.05693623735452348, "p_value": 1.6713650417022822e-72}