{"correlation": 0.09290768505290413, "p_value": 2.569240110321619e-190}