{"correlation": 0.048055625744562736, "p_value": 3.754955320910107e-52}