{"correlation": 0.09594588671471238, "p_value": 6.911617962353848e-203}