{"correlation": 0.11835165981639156, "p_value": 2.4456954120446704e-308}