{"correlation": 0.0034359971330251964, "p_value": 0.2775229634472387}