{"correlation": 0.09128114150534299, "p_value": 9.347805803620151e-184}