{"correlation": -0.08822488662108702, "p_value": 9.566537920095464e-172}