{"correlation": 0.0961396564693982, "p_value": 1.0566660066541564e-203}