{"correlation": 0.08121497612312813, "p_value": 9.200297475726153e-146}