{"correlation": -0.025272928976827255, "p_value": 1.3667791186743852e-15}