{"correlation": 0.024449697978652523, "p_value": 1.0913777818793586e-14}