{"correlation": 0.10674470077150307, "p_value": 6.7175512648124625e-251}