{"correlation": 0.07363267151679069, "p_value": 4.2132528594191356e-120}