{"correlation": 0.031977981727343424, "p_value": 5.051669740662763e-24}