{"correlation": 0.0008178139663934484, "p_value": 0.7960531734530909}