{"correlation": 0.057161621102854096, "p_value": 4.589960191765305e-73}