{"correlation": -0.015738087293163932, "p_value": 6.555015432323519e-07}