{"correlation": 0.0556874920702468, "p_value": 1.9614380221483674e-69}