{"correlation": 0.021819956581271813, "p_value": 5.322289155253764e-12}