{"correlation": 0.027089718268659035, "p_value": 1.1007613283127764e-17}