{"correlation": 0.07397933897554956, "p_value": 3.211136791701601e-121}