{"correlation": 0.08024715279038289, "p_value": 2.4011104535986825e-142}