{"correlation": 0.10992493558936017, "p_value": 4.923951511024896e-266}