{"correlation": 0.07743649942697928, "p_value": 1.1699892131000023e-132}