{"correlation": 0.026485954551173026, "p_value": 5.666139679613497e-17}