{"correlation": 0.02339961615849279, "p_value": 1.4021676139647008e-13}