{"correlation": -0.04566633411901956, "p_value": 2.91021725828834e-47}