{"correlation": 0.05949668398684553, "p_value": 5.2037127454175256e-79}