{"correlation": -0.03371624976423271, "p_value": 1.5903166164650542e-26}