{"correlation": 0.044173194970229826, "p_value": 2.474335930155403e-44}