{"correlation": 0.08829820804202626, "p_value": 4.9828640766486706e-172}