{"correlation": -0.05169458972101995, "p_value": 4.4757050829565395e-60}