{"correlation": 0.044707443887076946, "p_value": 2.271896731857731e-45}