{"correlation": -0.00861688850691838, "p_value": 0.006463449564016686}