{"correlation": 0.0009025392560790391, "p_value": 0.77546441947872}