{"correlation": 0.08207304600800905, "p_value": 7.943921316033388e-149}