{"correlation": -0.012411331734691135, "p_value": 8.760807172196367e-05}