{"correlation": 0.10354735195826702, "p_value": 3.8572164468267163e-236}