{"correlation": 0.08903525089358107, "p_value": 6.865680057748119e-175}