{"correlation": 0.034503831593783896, "p_value": 1.059173601199952e-27}