{"correlation": 0.09439773816437909, "p_value": 1.977915695157155e-196}