{"correlation": -0.08446870825369422, "p_value": 1.4925623644380674e-157}