{"correlation": 0.06817113708265163, "p_value": 3.4667604298676876e-103}