{"correlation": 0.06651625368247564, "p_value": 2.5512752017560006e-98}