{"correlation": -0.05735573847729392, "p_value": 1.5018600157191313e-73}