{"correlation": 0.07812602928891164, "p_value": 5.2938567348373885e-135}