{"correlation": -0.01974025344242785, "p_value": 4.397280218916373e-10}