{"correlation": -0.11628568302920254, "p_value": 1.1385891179131364e-297}