{"correlation": 0.09849989344532883, "p_value": 9.006757735511308e-214}