{"correlation": 0.044735794486715094, "p_value": 1.9999025762451444e-45}