{"correlation": 0.005196517038486253, "p_value": 0.10052878681443947}