{"correlation": 0.04283561033182534, "p_value": 8.621832039419343e-42}