{"correlation": 0.01345766802246262, "p_value": 2.1064799946954682e-05}