{"correlation": -0.09643925538785063, "p_value": 5.748208586116591e-205}