{"correlation": 0.05621165687212576, "p_value": 1.0290375545110993e-70}