{"correlation": 0.05595530793193401, "p_value": 4.3651455794432864e-70}