{"correlation": -0.009989121816504186, "p_value": 0.0015940306552507469}