{"correlation": 0.09097461575809286, "p_value": 1.563010409940633e-182}