{"correlation": -0.06709835947689238, "p_value": 5.111477058766148e-100}