{"correlation": 0.05724521717869786, "p_value": 2.8383737013964216e-73}