{"correlation": 0.08272341757345579, "p_value": 3.598998103318256e-151}