{"correlation": 0.029266322440074113, "p_value": 2.2202531942555324e-20}