{"correlation": 0.05889984018225099, "p_value": 1.8140732207504832e-77}