{"correlation": 0.10357415886204906, "p_value": 2.9136395807258094e-236}