{"correlation": -0.08876894221444365, "p_value": 7.466688525264023e-174}