{"correlation": -0.07762362623266354, "p_value": 2.716573709649091e-133}