{"correlation": 0.07486717222835769, "p_value": 4.162791018318024e-124}