{"correlation": 0.04827955775358411, "p_value": 1.2695212843095427e-52}