{"correlation": 0.05494587644540347, "p_value": 1.211443967437411e-67}