{"correlation": -0.058779941762457245, "p_value": 3.686495055426799e-77}