{"correlation": 0.11035186354200148, "p_value": 4.226251449492907e-268}