{"correlation": -0.059710613241200444, "p_value": 1.4444216539563535e-79}