{"correlation": -0.0502544410672453, "p_value": 7.172539884043907e-57}