{"correlation": 0.05936228679082108, "p_value": 1.1613844515397136e-78}