{"correlation": 0.0025679767326345702, "p_value": 0.4170364576134936}