{"correlation": -0.05274316422898473, "p_value": 1.8221734425702103e-62}