{"correlation": 0.08448160118749577, "p_value": 1.3374687428679558e-157}