{"correlation": 0.07641651255160106, "p_value": 3.14563951935407e-129}