{"correlation": -0.008197632554501613, "p_value": 0.00957566710561474}