{"correlation": -0.06736858808704606, "p_value": 8.225090785542393e-101}