{"correlation": 0.10189295149045685, "p_value": 1.1049731119695705e-228}