{"correlation": -0.028836775932379922, "p_value": 7.842185662934511e-20}