{"correlation": 0.058617366740252835, "p_value": 9.620191625501658e-77}