{"correlation": 0.05811032458660834, "p_value": 1.8835274791785043e-75}