{"correlation": 0.08012416811010131, "p_value": 6.480527609146714e-142}