{"correlation": 0.09452377867502433, "p_value": 5.950311988539328e-197}