{"correlation": 0.09167071094324619, "p_value": 2.570582148491061e-185}