{"correlation": -0.0034601162551140033, "p_value": 0.2741641540656929}