{"correlation": -0.037365568391666715, "p_value": 3.345127462479765e-32}