{"correlation": -0.008671261267453675, "p_value": 0.006134974583639304}