{"correlation": 0.03262778973536726, "p_value": 6.072912110255881e-25}