{"correlation": 0.05484881436144573, "p_value": 2.06964811825329e-67}