{"correlation": 0.056531358284037825, "p_value": 1.6817084269585515e-71}