{"correlation": 0.11699941494187208, "p_value": 2.4700799558005644e-301}