{"correlation": 0.03598122831550039, "p_value": 5.568235810209261e-30}