{"correlation": 0.08574950708901619, "p_value": 2.5380408626310415e-162}