{"correlation": 0.10793007069118134, "p_value": 1.7340238316705986e-256}