{"correlation": 0.09028186578931849, "p_value": 8.772963317909432e-180}