{"correlation": -0.04669419729123829, "p_value": 2.4602284981672564e-49}