{"correlation": 0.07820944380369656, "p_value": 2.7462498147077455e-135}