{"correlation": 0.033752255546153506, "p_value": 1.4069577311609935e-26}