{"correlation": 0.11649790777023314, "p_value": 9.319649059888856e-299}