{"correlation": 0.014664761464315352, "p_value": 3.572207786006544e-06}