{"correlation": 0.034551644291130355, "p_value": 8.967690487270068e-28}