{"correlation": -0.021095546923955013, "p_value": 2.598684991032307e-11}