{"correlation": 0.09241525710782919, "p_value": 2.5615183733802673e-188}