{"correlation": -0.002543271886378868, "p_value": 0.4215322709837339}