{"correlation": 0.057011774354777216, "p_value": 1.0844568701123223e-72}