{"correlation": 0.025770579912009324, "p_value": 3.768653713221452e-16}