{"correlation": 0.05547200300009915, "p_value": 6.536949691221462e-69}