{"correlation": 0.00039700657851275456, "p_value": 0.9001528854147025}