{"correlation": 0.09177991616374212, "p_value": 9.36111586951279e-186}