{"correlation": -0.08532892198899637, "p_value": 9.520959323256626e-161}