{"correlation": 0.08760624608641415, "p_value": 2.2980965772713382e-169}