{"correlation": 0.08357865427007992, "p_value": 2.7896759950518752e-154}