{"correlation": -0.019200799035163713, "p_value": 1.2895343286326122e-09}