{"correlation": 0.04086191145196104, "p_value": 3.507052348571405e-38}