{"correlation": -0.012527253494086024, "p_value": 7.519702232418448e-05}