{"correlation": 0.09335224677772641, "p_value": 3.9457784430584686e-192}