{"correlation": 0.0822266080975011, "p_value": 2.229993907414545e-149}