{"correlation": 0.03917733816313766, "p_value": 3.104514846914806e-35}