{"correlation": -0.011983191568627174, "p_value": 0.00015232314985791053}