{"correlation": -0.08313341868052364, "p_value": 1.172143710011974e-152}