{"correlation": 0.09374069750868001, "p_value": 1.0096707397964658e-193}