{"correlation": 0.02467090273178499, "p_value": 6.286097936131564e-15}