{"correlation": -0.026811457883123873, "p_value": 2.3528451636229133e-17}