{"correlation": 0.10342342422635332, "p_value": 1.4096498196249267e-235}