{"correlation": 0.07026523707949801, "p_value": 1.6184113756595902e-109}