{"correlation": -0.012537872896429717, "p_value": 7.414728538920614e-05}