{"correlation": 0.07426748434664883, "p_value": 3.7445590815180813e-122}