{"correlation": -0.0031131468934402747, "p_value": 0.32518060236260504}