{"correlation": 0.10138320116218372, "p_value": 2.0717769220302654e-226}