{"correlation": 0.06075748978810269, "p_value": 2.5525969809575656e-82}