{"correlation": 0.11364240234072538, "p_value": 2.6569294972822258e-284}