{"correlation": 0.032331117801463125, "p_value": 1.6058389394368691e-24}