{"correlation": 0.08649877764293076, "p_value": 3.807931651198496e-165}