{"correlation": 0.029352893279525734, "p_value": 1.717871647292877e-20}