{"correlation": 0.1075915607073838, "p_value": 6.939283591386836e-255}