{"correlation": 0.11643104946648353, "p_value": 2.051408628729724e-298}