{"correlation": -0.026065649590034653, "p_value": 1.735501624615124e-16}