{"correlation": -0.08778919467228764, "p_value": 4.561673343667945e-170}