{"correlation": -0.04757359747517231, "p_value": 3.810543836271301e-51}