{"correlation": -0.09811983142769386, "p_value": 3.915513017599588e-212}