{"correlation": 0.08358516223438006, "p_value": 2.6409444988522907e-154}