{"correlation": 0.09085728626826714, "p_value": 4.5823065810664886e-182}