{"correlation": 0.06916358302886376, "p_value": 3.660928108047494e-106}