{"correlation": 0.09239570886836704, "p_value": 3.073395413734089e-188}