{"correlation": 0.09621103210537213, "p_value": 5.285330493050271e-204}