{"correlation": -0.0027767199915670854, "p_value": 0.3801911993498369}