{"correlation": 0.06756124884034911, "p_value": 2.225983236259161e-101}