{"correlation": 0.09566510225306789, "p_value": 1.0435855020608123e-201}