{"correlation": -0.061203205871247016, "p_value": 1.6612824494080674e-83}