{"correlation": -0.0009836722484289646, "p_value": 0.7558952524062588}