{"correlation": 0.020625160483710683, "p_value": 7.078787924911002e-11}