{"correlation": 0.09361788378515704, "p_value": 3.222714982856462e-193}