{"correlation": -0.0023615432937310493, "p_value": 0.45546640800671767}