{"correlation": 0.010003260005174512, "p_value": 0.0015697748765722845}