{"correlation": -0.0033562673250578058, "p_value": 0.2888249223450409}