{"correlation": 0.0403762321224539, "p_value": 2.553999887935448e-37}