{"correlation": 0.09572070855572987, "p_value": 6.099988760048529e-202}