{"correlation": 0.11114903625316168, "p_value": 5.5673822579492427e-272}