{"correlation": 0.08400585184969357, "p_value": 7.579735338759235e-156}