{"correlation": -0.07910146326292267, "p_value": 2.3521533280950766e-138}