{"correlation": 0.07011946998855095, "p_value": 4.529034658277086e-109}