{"correlation": 0.10000751844685088, "p_value": 2.4694322900854785e-220}