{"correlation": 0.028742101465351614, "p_value": 1.0331418128507255e-19}