{"correlation": 0.0694904551099125, "p_value": 3.748331177388472e-107}