{"correlation": 0.11119672736860621, "p_value": 3.2554009955066736e-272}