{"correlation": 0.059662637019795496, "p_value": 1.9261790548843553e-79}