{"correlation": 0.049844546680433456, "p_value": 5.640452964893423e-56}