{"correlation": -0.0008894192285888145, "p_value": 0.7786427557224145}