{"correlation": 0.07590362431824886, "p_value": 1.6028033374630845e-127}