{"correlation": 0.09059913452320478, "p_value": 4.860798553011256e-181}