{"correlation": -0.05304696218343285, "p_value": 3.623397087466823e-63}