{"correlation": -0.004873204465697942, "p_value": 0.12353226620824682}