{"correlation": 0.05077866295588746, "p_value": 5.00679661696996e-58}