{"correlation": -0.11755954018750497, "p_value": 3.1726308085990247e-304}