{"correlation": 0.07584619079074092, "p_value": 2.485012850016175e-127}