{"correlation": -0.009327049755682828, "p_value": 0.003201021606135781}