{"correlation": 0.00666037493420026, "p_value": 0.03529662455093804}