{"correlation": -0.020780597362111134, "p_value": 5.0955254376499913e-11}