{"correlation": -0.10937069185683226, "p_value": 2.3049848663697877e-263}