{"correlation": 0.04705186392532295, "p_value": 4.559104946316681e-50}