{"correlation": 0.03678201325751687, "p_value": 2.957237536964598e-31}