{"correlation": 0.08090730189243005, "p_value": 1.1335461741857673e-144}