{"correlation": 0.05206469622180992, "p_value": 6.496187441908824e-61}