{"correlation": 0.10382501145596379, "p_value": 2.1025409280091974e-237}