{"correlation": -0.09886537318783639, "p_value": 2.361159539600904e-215}