{"correlation": 0.10249680009936485, "p_value": 2.166410097708243e-231}