{"correlation": 0.09162122204306089, "p_value": 4.061307924367597e-185}