{"correlation": 0.07779253047339701, "p_value": 7.249203529742375e-134}