{"correlation": -0.015557658651484257, "p_value": 8.78484592089353e-07}