{"correlation": 0.10681991404010756, "p_value": 2.982003791512176e-251}