{"correlation": 0.07163367274963606, "p_value": 9.289307957512079e-114}