{"correlation": -0.08403351121626401, "p_value": 5.997770936186257e-156}