{"correlation": 0.10756005609436173, "p_value": 9.776264366280836e-255}