{"correlation": 0.011133914578665891, "p_value": 0.0004334667441043486}