{"correlation": -0.11121831776103971, "p_value": 2.5530988113410316e-272}