{"correlation": 0.04989158632688498, "p_value": 4.455550656356031e-56}