{"correlation": -0.08491502004496145, "p_value": 3.31285409342514e-159}