{"correlation": -0.04708682838664024, "p_value": 3.863790798629726e-50}