{"correlation": 0.09204329094376529, "p_value": 8.149048105644465e-187}