{"correlation": -0.08668644920919712, "p_value": 7.404710057700743e-166}