{"correlation": 0.11362604293824287, "p_value": 3.207262139992061e-284}