{"correlation": 0.09200635750002227, "p_value": 1.1480718747163918e-186}