{"correlation": -0.09300315584876115, "p_value": 1.0496752221962871e-190}