{"correlation": 0.014743408944614724, "p_value": 3.16677784466226e-06}