{"correlation": 0.053517573894163735, "p_value": 2.9142234512753197e-64}