{"correlation": 0.10552104367045412, "p_value": 3.3865550181661783e-245}