{"correlation": 0.01761989816387198, "p_value": 2.562829060264045e-08}