{"correlation": -0.02229006503258579, "p_value": 1.8502340873394953e-12}