{"correlation": -0.0023328170004391336, "p_value": 0.4609677654082409}