{"correlation": -0.08667595322184803, "p_value": 8.115658850529746e-166}