{"correlation": -0.11811621503790934, "p_value": 4.110479778706999e-307}