{"correlation": 0.013111947158880585, "p_value": 3.412696631743198e-05}