{"correlation": -0.02340034553453875, "p_value": 1.39973594124439e-13}