{"correlation": 0.03835004671334616, "p_value": 7.839438053373097e-34}