{"correlation": 0.11540433775155681, "p_value": 3.537263577953169e-293}