{"correlation": -0.10142522211920402, "p_value": 1.3471303732171692e-226}