{"correlation": -0.03844418832371296, "p_value": 5.447600556939936e-34}