{"correlation": -0.011508286163786095, "p_value": 0.0002756729633860792}