{"correlation": 0.09746936396311985, "p_value": 2.40777502787562e-209}