{"correlation": -0.03082845409636334, "p_value": 1.9338804465184486e-22}