{"correlation": -0.05521069885434304, "p_value": 2.7964665896529984e-68}