{"correlation": 0.014589533793092482, "p_value": 4.006258059382844e-06}