{"correlation": -0.0353093571612579, "p_value": 6.222093677044523e-29}