{"correlation": -0.057505007129061265, "p_value": 6.344919041746647e-74}