{"correlation": 0.005602683961625505, "p_value": 0.07661701187558295}