{"correlation": 0.012372682465717384, "p_value": 9.215951191976601e-05}