{"correlation": 0.044308522938372986, "p_value": 1.3549883574089212e-44}