{"correlation": -0.09321350517526265, "p_value": 1.455788509512533e-191}