{"correlation": 0.0866146381602132, "p_value": 1.3861819179101498e-165}