{"correlation": 0.06003658028674527, "p_value": 2.0310363993875993e-80}