{"correlation": -0.056400863595929177, "p_value": 3.5269100890439086e-71}