{"correlation": -0.04546715329588598, "p_value": 7.249611167493356e-47}