{"correlation": -0.08503703124659961, "p_value": 1.1656723311335482e-159}