{"correlation": 0.06173162942808553, "p_value": 6.34553414522741e-85}