{"correlation": 0.02903412620477825, "p_value": 4.4018391699836753e-20}