{"correlation": -0.0380099183771084, "p_value": 2.8988203344200417e-33}