{"correlation": -0.04082926548837698, "p_value": 4.0107225624000806e-38}