{"correlation": 0.028339332479827232, "p_value": 3.3050978980704453e-19}