{"correlation": -0.028876653510414737, "p_value": 6.980614282213826e-20}