{"correlation": -0.07314234895357961, "p_value": 1.573313725447315e-118}