{"correlation": 0.0019475645869617482, "p_value": 0.5382243547550151}