{"correlation": -0.010332150444559755, "p_value": 0.0010930399495566875}