{"correlation": -0.08752511074137954, "p_value": 4.70250803340834e-169}