{"correlation": 0.07848619180875571, "p_value": 3.0965488439274803e-136}