{"correlation": -0.016379167323735885, "p_value": 2.257878394811303e-07}