{"correlation": 0.020022340219904997, "p_value": 2.477056856761559e-10}