{"correlation": -0.11062713597079459, "p_value": 1.9465888766429738e-269}