{"correlation": -0.038717064630282565, "p_value": 1.8872616873778397e-34}