{"correlation": 0.02908046610204821, "p_value": 3.84149454606592e-20}