{"correlation": 0.11669514310392774, "p_value": 9.065280402819843e-300}