{"correlation": 0.06874818698516322, "p_value": 6.5256037072830366e-105}