{"correlation": 0.07865375171367575, "p_value": 8.228922303462886e-137}