{"correlation": -0.06454953900657485, "p_value": 1.0825809089858623e-92}