{"correlation": 0.09474777372779944, "p_value": 7.009766079916704e-198}