{"correlation": -0.10454667104687379, "p_value": 1.0533806982706836e-240}