{"correlation": 0.03408122465548162, "p_value": 4.5666870437665895e-27}