{"correlation": 0.10340870602263369, "p_value": 1.6440332885705887e-235}