{"correlation": -0.01504338491810271, "p_value": 1.9892418399953414e-06}