{"correlation": 0.06780101651332238, "p_value": 4.353528280395475e-102}