{"correlation": 0.06286403041806343, "p_value": 5.279811111512329e-88}