{"correlation": 0.006281082383848973, "p_value": 0.047137216376578465}