{"correlation": -0.05402512502429401, "p_value": 1.875809882197254e-65}