{"correlation": -0.0857236837244955, "p_value": 3.17232012827269e-162}