{"correlation": 0.03574140603411713, "p_value": 1.3246922636939063e-29}