{"correlation": 0.03791387473259204, "p_value": 4.184905636176626e-33}