{"correlation": -0.015157986412261454, "p_value": 1.6616855597906683e-06}