{"correlation": 0.017370054730415543, "p_value": 4.0200247319650665e-08}