{"correlation": 0.10162875661156584, "p_value": 1.6705299272178938e-227}