{"correlation": -0.023763314859023676, "p_value": 5.8626310182215e-14}