{"correlation": -0.04936939098217609, "p_value": 6.0311670928700004e-55}