{"correlation": -0.03232203351038005, "p_value": 1.654144154954e-24}