{"correlation": -0.022203320275246477, "p_value": 2.2522008634503854e-12}