{"correlation": 0.07441959279478365, "p_value": 1.2002481085032863e-122}