{"correlation": -0.008892338350894499, "p_value": 0.004948749142040953}