{"correlation": -0.007400891823545497, "p_value": 0.019336607750558663}