{"correlation": -0.07188142834352158, "p_value": 1.553564239367362e-114}