{"correlation": -0.09687140221249634, "p_value": 8.485673251315156e-207}