{"correlation": -0.07213516501061996, "p_value": 2.4724538300144735e-115}