{"correlation": 0.004130182498183751, "p_value": 0.1917940268515707}