{"correlation": 0.11270920586150628, "p_value": 1.171279902799885e-279}