{"correlation": -0.05889178600948656, "p_value": 1.9026619117347307e-77}