{"correlation": 0.09049255170265012, "p_value": 1.2861524701050462e-180}