{"correlation": 0.07432706977296927, "p_value": 2.3985936753681866e-122}