{"correlation": 0.029387223707232155, "p_value": 1.551386879057178e-20}