{"correlation": 0.06555294216561741, "p_value": 1.5291003113397247e-95}