{"correlation": 0.024133430497318285, "p_value": 2.381758214579956e-14}