{"correlation": 0.07723537923416725, "p_value": 5.598135280181306e-132}