{"correlation": 0.07694060914056641, "p_value": 5.51130409202426e-131}