{"correlation": -0.10975672095822382, "p_value": 3.193253131604498e-265}