{"correlation": 0.07608986296813282, "p_value": 3.857597730088285e-128}