{"correlation": 0.056813336775055116, "p_value": 3.37435000133223e-72}