{"correlation": 0.11806636502225604, "p_value": 7.465182016906158e-307}