{"correlation": 0.049787955973143457, "p_value": 7.48846964752972e-56}