{"correlation": 0.07985059272650107, "p_value": 5.866804221281853e-141}