{"correlation": -0.06625252837158817, "p_value": 1.4833590813169208e-97}