{"correlation": 0.002919312880127954, "p_value": 0.3562111282858653}