{"correlation": 0.11842429290680678, "p_value": 1.0229190847741507e-308}