{"correlation": 0.01763237516451151, "p_value": 2.5054570231313985e-08}