{"correlation": 0.054742387126303665, "p_value": 3.719283605999341e-67}