{"correlation": 0.08666313606886332, "p_value": 9.07691047411711e-166}