{"correlation": 0.0361332505435219, "p_value": 3.2050415195410996e-30}