{"correlation": 0.07915786758336835, "p_value": 1.500842097735652e-138}