{"correlation": 0.058878232648446494, "p_value": 2.061579709785883e-77}