{"correlation": -0.057716426059466454, "p_value": 1.865314062051894e-74}