{"correlation": 0.041129965867684096, "p_value": 1.1605344667295244e-38}