{"correlation": -0.03193761827255389, "p_value": 5.754180182437213e-24}