{"correlation": -0.02699505899013825, "p_value": 1.4265675654207986e-17}