{"correlation": 0.033899164521295155, "p_value": 8.5236725207061e-27}