{"correlation": 0.08892217513481447, "p_value": 1.892982038938953e-174}