{"correlation": -0.10905582585156871, "p_value": 7.473933608888053e-262}