{"correlation": 0.10515830946645112, "p_value": 1.6117347698352434e-243}