{"correlation": 0.04229687943190745, "p_value": 8.660659158085336e-41}