{"correlation": 0.0947175310480932, "p_value": 9.359242671317065e-198}