{"correlation": 0.04264122441640706, "p_value": 1.9887375662423987e-41}