{"correlation": -0.052635244866531275, "p_value": 3.2270721128493413e-62}