{"correlation": 0.04060268440218704, "p_value": 1.014957527716799e-37}