{"correlation": 0.051854285303337765, "p_value": 1.9494903823213527e-60}