{"correlation": 0.09227483768714145, "p_value": 9.472486487851948e-188}