{"correlation": 0.051330827054311794, "p_value": 2.9436208614085985e-59}