{"correlation": 0.08889093587550255, "p_value": 2.504565980384937e-174}