{"correlation": -0.004418991459213624, "p_value": 0.1625442914900998}