{"correlation": -0.00013609883774230933, "p_value": 0.9656919059575839}