{"correlation": -0.0033788014137906062, "p_value": 0.2855996494691759}