{"correlation": 0.04551880642645912, "p_value": 5.723813376442172e-47}