{"correlation": 0.11288682725932545, "p_value": 1.5406602419554845e-280}