{"correlation": -0.026905230296599216, "p_value": 1.8230131576384535e-17}