{"correlation": 0.01997165422157159, "p_value": 2.747707658974247e-10}