{"correlation": -0.021568563420076427, "p_value": 9.281466432975758e-12}