{"correlation": 0.07288736144452197, "p_value": 1.0238599327689876e-117}