{"correlation": -0.022775830696737873, "p_value": 6.069711585052623e-13}