{"correlation": -0.006547139629381415, "p_value": 0.03853188446549888}