{"correlation": -0.05919190326326912, "p_value": 3.2052498227425005e-78}