{"correlation": 0.03375895571562651, "p_value": 1.3752277576925814e-26}