{"correlation": 0.09052725147459575, "p_value": 9.370623030117365e-181}