{"correlation": 0.05224400192071361, "p_value": 2.5376262832533973e-61}