{"correlation": 0.010180416786569968, "p_value": 0.0012933219212558997}