{"correlation": -0.02640818547904554, "p_value": 6.979248275342983e-17}