{"correlation": 0.04726279717792002, "p_value": 1.6769507744451693e-50}