{"correlation": 0.04322515456392655, "p_value": 1.596859435250288e-42}