{"correlation": -0.04250273303299666, "p_value": 3.59901139155291e-41}