{"correlation": 0.10301618349740504, "p_value": 9.858679859905086e-234}