{"correlation": -0.0945442665803336, "p_value": 4.8941323075162045e-197}