{"correlation": -0.030876848027857774, "p_value": 1.6631641125975243e-22}