{"correlation": 0.05497628873491573, "p_value": 1.0240961953950109e-67}