{"correlation": -0.11424147144246362, "p_value": 2.6441507789734014e-287}