{"correlation": 0.06865086215415075, "p_value": 1.2783034768039907e-104}