{"correlation": 0.103448819453969, "p_value": 1.0810127728231401e-235}