{"correlation": 0.09028010627164801, "p_value": 8.914599639813067e-180}