{"correlation": 0.04188951777037347, "p_value": 4.862038157003711e-40}