{"correlation": -0.006768666836841902, "p_value": 0.03242237392653377}