{"correlation": 0.015106474058123603, "p_value": 1.80193682525417e-06}