{"correlation": 0.11545308320961882, "p_value": 2.0004281019157375e-293}