{"correlation": 0.06926059253216807, "p_value": 1.8635483134606217e-106}