{"correlation": 0.08035498891212546, "p_value": 1.0040998969536514e-142}