{"correlation": 0.08784927625191863, "p_value": 2.6802708443492376e-170}