{"correlation": -0.059564792133486505, "p_value": 3.461950546763499e-79}