{"correlation": 0.03932578704995306, "p_value": 1.7267569103726504e-35}