{"correlation": -0.03090840032645801, "p_value": 1.5072284854396585e-22}