{"correlation": 0.031041395055258866, "p_value": 9.94234343021454e-23}