{"correlation": 0.00980525706797706, "p_value": 0.0019425054810938817}