{"correlation": -0.06983904104402716, "p_value": 3.2596081256085052e-108}