{"correlation": 0.05560582300605278, "p_value": 3.097072334165041e-69}