{"correlation": 0.10814130183712287, "p_value": 1.72438688807998e-257}