{"correlation": -0.10266647995191262, "p_value": 3.7322796065412444e-232}