{"correlation": 0.03658173920785884, "p_value": 6.198947192156658e-31}