{"correlation": 0.09282920784845228, "p_value": 5.358636968258004e-190}