{"correlation": 0.10823885498835972, "p_value": 5.92938315311299e-258}