{"correlation": 0.028678273894257363, "p_value": 1.2435324136642864e-19}