{"correlation": 0.06704060139572632, "p_value": 7.545910992449753e-100}