{"correlation": 0.006857854500232292, "p_value": 0.03020805175114401}