{"correlation": 0.06560701252812416, "p_value": 1.0705417495915766e-95}