{"correlation": 0.07378951572949538, "p_value": 1.3166488615192048e-120}