{"correlation": -0.02066861882700885, "p_value": 6.458707161817324e-11}