{"correlation": 0.05577852168534455, "p_value": 1.177925132358159e-69}