{"correlation": 0.04153869802953937, "p_value": 2.1199214154016387e-39}