{"correlation": 0.062394726803510075, "p_value": 1.013489299562115e-86}