{"correlation": -0.10637704599704649, "p_value": 3.528815376648037e-249}