{"correlation": 0.02913199883623006, "p_value": 3.3008917355796426e-20}