{"correlation": -0.03513004043984716, "p_value": 1.1759790379314184e-28}