{"correlation": 0.014595571265318616, "p_value": 3.9696363430345745e-06}