{"correlation": 0.10090444153572846, "p_value": 2.7578425302114307e-224}