{"correlation": 0.046370989458698504, "p_value": 1.1162355857936824e-48}