{"correlation": 0.08058631494271475, "p_value": 1.5410275769793533e-143}