{"correlation": 0.10703812704547269, "p_value": 2.817025767493688e-252}