{"correlation": 0.010724789941654432, "p_value": 0.0007001691806377764}