{"correlation": 0.0486208082497029, "p_value": 2.4084671898315476e-53}