{"correlation": -0.08031115417876764, "p_value": 1.4313696288053087e-142}