{"correlation": 0.012561764588292659, "p_value": 7.183601240462142e-05}