{"correlation": -0.03809146878908258, "p_value": 2.1208362006900972e-33}