{"correlation": -0.0360863002861387, "p_value": 3.802118001498535e-30}