{"correlation": -0.015590955076464172, "p_value": 8.324739649651489e-07}