{"correlation": 0.07977977269993176, "p_value": 1.0364449051791764e-140}