{"correlation": -0.11513881395223449, "p_value": 7.855917042245868e-292}