{"correlation": -0.05031981259499566, "p_value": 5.154142169501481e-57}