{"correlation": 0.037393877355410894, "p_value": 3.0069310810637857e-32}