{"correlation": -0.05739760798418689, "p_value": 1.1796807527023412e-73}