{"correlation": 0.033565599896298884, "p_value": 2.65142102115562e-26}