{"correlation": 0.09079199827609052, "p_value": 8.332005562154894e-182}