{"correlation": -0.07810709820824058, "p_value": 6.143530697418023e-135}