{"correlation": 0.05908641636654808, "p_value": 6.000461152819321e-78}