{"correlation": -0.07917418753706858, "p_value": 1.3178014133444629e-138}