{"correlation": -0.048933858829867026, "p_value": 5.188494727044838e-54}