{"correlation": 0.07266687444951381, "p_value": 5.144000717652692e-117}