{"correlation": 0.029800057154308588, "p_value": 4.512134886156684e-21}