{"correlation": 0.11434692293789875, "p_value": 7.801291549093882e-288}