{"correlation": -0.057649117460172074, "p_value": 2.755692706697386e-74}