{"correlation": -0.05440055309242388, "p_value": 2.4252029239032177e-66}