{"correlation": -0.08422748531270928, "p_value": 1.158968915501441e-156}