{"correlation": 0.08932923536594639, "p_value": 4.885103862501459e-176}