{"correlation": 0.06176660606301615, "p_value": 5.107171967147616e-85}