{"correlation": 0.06511860338116897, "p_value": 2.6517370251686665e-94}