{"correlation": 0.03383911646444166, "p_value": 1.0464152445304821e-26}