{"correlation": 0.04225819402637668, "p_value": 1.0209747098028382e-40}