{"correlation": 0.08439853543412004, "p_value": 2.7110874908584973e-157}