{"correlation": 0.11502334605336371, "p_value": 3.018336840914042e-291}