{"correlation": 0.02037777382116529, "p_value": 1.1886835678377613e-10}