{"correlation": 0.09102963859981614, "p_value": 9.43386346087038e-183}