{"correlation": 0.09897128976895128, "p_value": 8.197977631985008e-216}