{"correlation": 0.10006206892373615, "p_value": 1.423189537045975e-220}