{"correlation": 0.0560331841755264, "p_value": 2.8161342846586037e-70}