{"correlation": -0.014848773711027123, "p_value": 2.692277535819132e-06}