{"correlation": -0.07317617939922863, "p_value": 1.2265330787590566e-118}