{"correlation": -0.047444191409363796, "p_value": 7.070358741402114e-51}