{"correlation": 0.09265098168124285, "p_value": 2.838384229000035e-189}