{"correlation": -0.08568461000962176, "p_value": 4.4453810342813756e-162}