{"correlation": -0.004992797890529257, "p_value": 0.11458589512431178}