{"correlation": 0.05322706648058654, "p_value": 1.3846912079661848e-63}