{"correlation": -0.05548808543860723, "p_value": 5.976230366807946e-69}