{"correlation": 0.05828596964248072, "p_value": 6.741458582699659e-76}