{"correlation": -0.0474462244672149, "p_value": 7.00211882528226e-51}