{"correlation": 0.08188485160438923, "p_value": 3.7564257978704395e-148}