{"correlation": 0.0941314848071337, "p_value": 2.488154788671199e-195}