{"correlation": 0.11078673020694393, "p_value": 3.256480638872123e-270}