{"correlation": 0.1162851349589102, "p_value": 1.1459653579108035e-297}