{"correlation": 0.10036182135210758, "p_value": 6.851086731007392e-222}