{"correlation": 0.02019897468192346, "p_value": 1.7224363416904292e-10}