{"correlation": -0.033504553553427976, "p_value": 3.2595427417764326e-26}