{"correlation": 0.05228237285675115, "p_value": 2.0743659154089977e-61}