{"correlation": 0.03108557697001254, "p_value": 8.655524335191006e-23}