{"correlation": 0.021037310578662472, "p_value": 2.945405475589629e-11}