{"correlation": 0.053181648404948635, "p_value": 1.7653722541091272e-63}