{"correlation": 0.10731988143882007, "p_value": 1.3290050069855185e-253}