{"correlation": -0.057243165857627114, "p_value": 2.872072339949159e-73}