{"correlation": 0.04114650187783103, "p_value": 1.0837467083370526e-38}