{"correlation": -0.0770404884238348, "p_value": 2.5418265330751583e-131}