{"correlation": -0.03196410924615299, "p_value": 5.282967987695263e-24}