{"correlation": 0.09040499620924199, "p_value": 2.857981474502222e-180}