{"correlation": 0.08377622884276041, "p_value": 5.276482042346099e-155}