{"correlation": 0.008628430806056457, "p_value": 0.006392426329202258}