{"correlation": 0.036833218154617986, "p_value": 2.445828484022476e-31}