{"correlation": 0.0646749885741239, "p_value": 4.792390804589115e-93}