{"correlation": 0.11044605228989415, "p_value": 1.4756131734422134e-268}