{"correlation": -0.08452837297704258, "p_value": 8.981850603729246e-158}