{"correlation": 0.11191901729057029, "p_value": 9.344680870954333e-276}