{"correlation": 0.10371362310584602, "p_value": 6.761572379946294e-237}