{"correlation": -0.0005767929683217642, "p_value": 0.8553574009508336}