{"correlation": 0.0919503831406365, "p_value": 1.9295726214654094e-186}