{"correlation": 0.0954737846096097, "p_value": 6.604115224368873e-201}