{"correlation": -0.03653169285187109, "p_value": 7.453657776529685e-31}