{"correlation": -0.08053176014210953, "p_value": 2.3987514024283323e-143}