{"correlation": 0.11222371825064795, "p_value": 2.9464505300991616e-277}