{"correlation": 0.09359396733804082, "p_value": 4.039241177827696e-193}