{"correlation": 0.010094179847852972, "p_value": 0.0014217365505205877}