{"correlation": 0.09083588212228573, "p_value": 5.574863370940779e-182}