{"correlation": 0.0417593877805294, "p_value": 8.407212895480531e-40}