{"correlation": -0.08548923124590398, "p_value": 2.3965851716628444e-161}