{"correlation": -0.11581552283619716, "p_value": 2.8653683918296116e-295}