{"correlation": -0.021039964994490012, "p_value": 2.928660735285419e-11}