{"correlation": 0.082454152705679, "p_value": 3.379441517856849e-150}