{"correlation": 0.1117653192291373, "p_value": 5.3241605557400324e-275}