{"correlation": -0.02319758292895137, "p_value": 2.2632276225261955e-13}