{"correlation": -0.11739926499066089, "p_value": 2.138879338065574e-303}