{"correlation": -0.04788244678302732, "p_value": 8.656297457708558e-52}