{"correlation": 0.08116574322129358, "p_value": 1.3759501682160666e-145}