{"correlation": -0.06888180417456054, "p_value": 2.588442121890324e-105}