{"correlation": 0.1106821160836997, "p_value": 1.0516977379499597e-269}