{"correlation": 0.02055864154305671, "p_value": 8.14222393762959e-11}