{"correlation": -0.05675363631130143, "p_value": 4.744247257221242e-72}