{"correlation": 0.09957014510156448, "p_value": 2.0263859077127314e-218}