{"correlation": -0.10920285371900562, "p_value": 1.4743204177255072e-262}