{"correlation": 0.09227799426474458, "p_value": 9.198265548505594e-188}