{"correlation": 0.05040873147914745, "p_value": 3.285831612636382e-57}