{"correlation": -0.08363665505454497, "p_value": 1.7116879699457277e-154}