{"correlation": -0.03354743704467844, "p_value": 2.8195318267282747e-26}