{"correlation": 0.11123756650041518, "p_value": 2.0556984203362996e-272}