{"correlation": -0.1158525834761564, "p_value": 1.8548006413734643e-295}