{"correlation": 0.10393769075724918, "p_value": 6.441642838489975e-238}