{"correlation": 0.08653768914600793, "p_value": 2.7124535137271396e-165}