{"correlation": 0.04865549358470543, "p_value": 2.0327403797066815e-53}