{"correlation": 0.11602736751698786, "p_value": 2.380441259537358e-296}