{"correlation": 0.03161038603400486, "p_value": 1.6437573851316448e-23}