{"correlation": -0.02210007770382926, "p_value": 2.8432012156500384e-12}