{"correlation": 0.0904672523873859, "p_value": 1.6200422900558152e-180}