{"correlation": -0.007067000966996438, "p_value": 0.02551916733246469}