{"correlation": 0.026819719918802623, "p_value": 2.3006253664079892e-17}