{"correlation": -0.004460610466031789, "p_value": 0.15862275664791906}