{"correlation": 0.03141039988588757, "p_value": 3.1056924200200265e-23}