{"correlation": 0.05844401806818741, "p_value": 2.6673926468305557e-76}