{"correlation": 0.04896908931125377, "p_value": 4.362591854437134e-54}