{"correlation": -0.01146752942111682, "p_value": 0.0002897824744492627}