{"correlation": -0.1110570599076258, "p_value": 1.5660732604152142e-271}