{"correlation": -0.08894719068384739, "p_value": 1.5126990310696528e-174}