{"correlation": 0.023230317258571484, "p_value": 2.0948703146256671e-13}