{"correlation": 0.11451887413862426, "p_value": 1.0633299710929392e-288}