{"correlation": 0.06540103648209948, "p_value": 4.156591516326697e-95}