{"correlation": 0.01924995941907197, "p_value": 1.170479681685345e-09}