{"correlation": 0.06427222640437458, "p_value": 6.521463511455032e-92}