{"correlation": -0.04659659127807022, "p_value": 3.888625227245208e-49}