{"correlation": -0.05628805055524934, "p_value": 6.681240664384369e-71}