{"correlation": 0.08270452451513015, "p_value": 4.2124371036087676e-151}