{"correlation": 0.11514366250021019, "p_value": 7.423989442311425e-292}