{"correlation": -0.07751006126644337, "p_value": 6.592799037781038e-133}