{"correlation": -0.05532392094395361, "p_value": 1.4909530250805252e-68}