{"correlation": -0.019777017335448014, "p_value": 4.082174332348516e-10}