{"correlation": 0.0745422523016237, "p_value": 4.787021596284453e-123}