{"correlation": 0.03399882277570821, "p_value": 6.0596400666827155e-27}