{"correlation": -0.018679257422600317, "p_value": 3.551681595001157e-09}