{"correlation": 0.021808194583886633, "p_value": 5.46334339800749e-12}