{"correlation": -0.10665917943474675, "p_value": 1.6902224484071514e-250}