{"correlation": 0.037169054688720615, "p_value": 6.994956441509449e-32}