{"correlation": 0.05207712941530702, "p_value": 6.0869076437260296e-61}