{"correlation": 0.0384222705499244, "p_value": 5.929842568509047e-34}