{"correlation": 0.1156037301209483, "p_value": 3.430945406785232e-294}