{"correlation": 0.09274899168790202, "p_value": 1.1352594798043071e-189}