{"correlation": -0.11769801764314379, "p_value": 6.087402355426e-305}