{"correlation": 0.034242782433351736, "p_value": 2.6175707602665424e-27}