{"correlation": 0.0907286900403086, "p_value": 1.4871686698769935e-181}