{"correlation": -0.016388667384626028, "p_value": 2.221832841789057e-07}