{"correlation": 0.024881898559987535, "p_value": 3.697371272626117e-15}