{"correlation": 0.09469300287208708, "p_value": 1.1831154320964159e-197}