{"correlation": -0.007630537193230373, "p_value": 0.01588459055625315}