{"correlation": 0.014890681375264402, "p_value": 2.5231963314671723e-06}