{"correlation": -0.04139427010377818, "p_value": 3.8729638662090075e-39}