{"correlation": 0.09368641924294652, "p_value": 1.6866577783041864e-193}