{"correlation": -0.09185742930744221, "p_value": 4.566852066382508e-186}