{"correlation": 0.0706251672780045, "p_value": 1.2634466280822176e-110}