{"correlation": -0.09175018684876055, "p_value": 1.232565445649842e-185}