{"correlation": -0.00020574397165015425, "p_value": 0.9481561493967869}