{"correlation": 0.025832580351424345, "p_value": 3.20431530138774e-16}