{"correlation": 0.022838442166207697, "p_value": 5.248604851670113e-13}