{"correlation": 0.0589014663697647, "p_value": 1.7966920011456672e-77}