{"correlation": 0.0895504560436371, "p_value": 6.647042838716082e-177}