{"correlation": -0.06285389053144383, "p_value": 5.629184124384405e-88}