{"correlation": 0.08039325409881484, "p_value": 7.367097157671016e-143}