{"correlation": 0.08190557944699693, "p_value": 3.16617761684693e-148}