{"correlation": 0.06304401863724718, "p_value": 1.6901464631636715e-88}