{"correlation": -0.10763253527676782, "p_value": 4.442674093723949e-255}