{"correlation": 0.05684198540322942, "p_value": 2.865000084050472e-72}