{"correlation": 0.02249809158127455, "p_value": 1.1512349235734583e-12}