{"correlation": 0.09841515107816495, "p_value": 2.0912232532052705e-213}