{"correlation": 0.11294086511529551, "p_value": 8.306382412943128e-281}