{"correlation": -0.07628931870524498, "p_value": 8.359113382533581e-129}