{"correlation": -0.009904330584470482, "p_value": 0.0017468862304919261}