{"correlation": 0.05480580616494149, "p_value": 2.6231740414627978e-67}