{"correlation": 0.0885954199310032, "p_value": 3.5218030318282435e-173}