{"correlation": 0.0865056700712473, "p_value": 3.5858977548999323e-165}