{"correlation": -0.03996401045003197, "p_value": 1.3522677906976926e-36}