{"correlation": 0.03127463027715774, "p_value": 4.7727541372232875e-23}