{"correlation": 0.08057704279023312, "p_value": 1.6614289814463728e-143}