{"correlation": -0.08494949613564852, "p_value": 2.466552383403236e-159}