{"correlation": 0.09496679753413152, "p_value": 8.616320061519252e-199}