{"correlation": -0.029788836162136026, "p_value": 4.6672055551594294e-21}