{"correlation": -0.033541617643088086, "p_value": 2.875597928874755e-26}