{"correlation": 0.0631920295164224, "p_value": 6.607793180195592e-89}