{"correlation": -0.09131196391525458, "p_value": 7.038429297579618e-184}