{"correlation": 0.02543755034571049, "p_value": 8.949278786618666e-16}