{"correlation": 0.024828227108159788, "p_value": 4.233538814588437e-15}