{"correlation": 0.0674784287607198, "p_value": 3.905950411098412e-101}