{"correlation": 0.11320395377866081, "p_value": 4.086131871258162e-282}