{"correlation": -0.08359261727646464, "p_value": 2.48027459376975e-154}