{"correlation": 0.09555132870731294, "p_value": 3.1277846117702786e-201}