{"correlation": 0.07350872526195834, "p_value": 1.0544959525487825e-119}