{"correlation": 0.060824165843613894, "p_value": 1.6983885057283318e-82}