{"correlation": -0.06455674285979751, "p_value": 1.0331326864657089e-92}