{"correlation": -0.0707638703311049, "p_value": 4.712351288180038e-111}