{"correlation": 0.03298209947555213, "p_value": 1.8796289979186846e-25}