{"correlation": 0.04459145008635451, "p_value": 3.824776364045387e-45}