{"correlation": 0.02826104614314045, "p_value": 4.135582895428781e-19}