{"correlation": 0.1019181048729193, "p_value": 8.528866385913551e-229}