{"correlation": 0.11520158560277746, "p_value": 3.7770709388609086e-292}