{"correlation": -0.056750378725326976, "p_value": 4.833228051722286e-72}