{"correlation": 0.09872977734142373, "p_value": 9.131635618652144e-215}