{"correlation": 0.11494752625865923, "p_value": 7.299412380612141e-291}