{"correlation": -0.05793762777687377, "p_value": 5.156867269623706e-75}