{"correlation": -0.07176269590671217, "p_value": 3.663225146903352e-114}