{"correlation": 0.07604319539944542, "p_value": 5.513909748510593e-128}