{"correlation": 0.10976699709704935, "p_value": 2.8488533865096766e-265}