{"correlation": -0.09539927709383748, "p_value": 1.3534116293038445e-200}