{"correlation": 0.014221273305517562, "p_value": 6.9682535979243094e-06}