{"correlation": -0.0745761771901958, "p_value": 3.711393915088817e-123}