{"correlation": -0.04330711830678908, "p_value": 1.1177341382729975e-42}