{"correlation": 0.0480497991192707, "p_value": 3.862157519923037e-52}