{"correlation": 0.06728763485627319, "p_value": 1.4228524692372282e-100}