{"correlation": 0.07299851670549783, "p_value": 4.528979953062963e-118}