{"correlation": -0.034682236026434055, "p_value": 5.6851237536076045e-28}