{"correlation": -0.06104273557884509, "p_value": 4.452787777726022e-83}