{"correlation": 0.09978070314830491, "p_value": 2.433885017003919e-219}