{"correlation": 0.09963931233509102, "p_value": 1.0106169027743468e-218}