{"correlation": 0.08390956096129526, "p_value": 1.7112548869912698e-155}