{"correlation": 0.0337120547125784, "p_value": 1.6131643376521018e-26}