{"correlation": 0.015874294245527453, "p_value": 5.244138703285317e-07}