{"correlation": 0.09192443939401353, "p_value": 2.4543018904428494e-186}