{"correlation": 0.09236304216423397, "p_value": 4.166756455522531e-188}