{"correlation": -0.015674671519858928, "p_value": 7.268132959330484e-07}