{"correlation": 0.03638151217153768, "p_value": 1.2940183982835295e-30}