{"correlation": -0.0724072169381416, "p_value": 3.421101636687051e-116}