{"correlation": 0.0996491891650261, "p_value": 9.150087828149834e-219}