{"correlation": 0.006268736960271598, "p_value": 0.047572940393402464}