{"correlation": 0.0283150534889514, "p_value": 3.5432717844868377e-19}