{"correlation": 0.08895000004923033, "p_value": 1.4750712154741755e-174}