{"correlation": 0.10791340624494643, "p_value": 2.0799493816485173e-256}