{"correlation": 0.09363259447503687, "p_value": 2.8046769800039434e-193}