{"correlation": -0.018937907995903513, "p_value": 2.1560708097644236e-09}