{"correlation": 0.11084070451349169, "p_value": 1.7777494751271415e-270}