{"correlation": 0.10954833304551433, "p_value": 3.2232455255803257e-264}