{"correlation": 0.008466302168062795, "p_value": 0.007457317997692141}