{"correlation": -0.022706087644927056, "p_value": 7.133212756066275e-13}