{"correlation": -0.055378216679864756, "p_value": 1.1022454103697245e-68}