{"correlation": 0.09119831148955136, "p_value": 2.0029537957865692e-183}