{"correlation": 0.060284523577255694, "p_value": 4.534818359646252e-81}