{"correlation": -0.04017920708827179, "p_value": 5.676832515800933e-37}