{"correlation": 0.11697469126138625, "p_value": 3.311347349694177e-301}