{"correlation": 0.08276079671543077, "p_value": 2.635747828593114e-151}