{"correlation": 0.11003138659248451, "p_value": 1.5060899183483455e-266}