{"correlation": 0.005175927462112922, "p_value": 0.1018839029871363}