{"correlation": -0.0640337862967025, "p_value": 3.0353919849387815e-91}