{"correlation": 0.1140982181642352, "p_value": 1.3855998882706607e-286}