{"correlation": -0.04894700267466913, "p_value": 4.86357755772228e-54}