{"correlation": 0.00206797838447317, "p_value": 0.5133982303683167}