{"correlation": 0.06540439206696728, "p_value": 4.065880302946169e-95}