{"correlation": -0.08076328226713458, "p_value": 3.6603299958905e-144}