{"correlation": -0.07778437933343052, "p_value": 7.726927663780734e-134}