{"correlation": -8.018765845971246e-05, "p_value": 0.9797820501003758}