{"correlation": -0.03809043834243722, "p_value": 2.1292358360027298e-33}