{"correlation": 0.09991149565906611, "p_value": 6.5097452704560015e-220}