{"correlation": 0.055652205116415235, "p_value": 2.3895902681987395e-69}