{"correlation": 0.0572854977699826, "p_value": 2.251023346111229e-73}