{"correlation": 0.1068657481500633, "p_value": 1.817400726910174e-251}