{"correlation": 0.05479149381443669, "p_value": 2.8383284538378055e-67}