{"correlation": 0.09267333041201035, "p_value": 2.30335188754703e-189}