{"correlation": 0.00664579671555896, "p_value": 0.035699686718958554}