{"correlation": -0.08209333815982765, "p_value": 6.71718468835628e-149}