{"correlation": 0.020471424345886294, "p_value": 9.775880268153339e-11}