{"correlation": -0.10024130716874195, "p_value": 2.322407413528617e-221}