{"correlation": -0.00397725998018938, "p_value": 0.2087678623428362}