{"correlation": -0.0060121001858158135, "p_value": 0.05742592132463144}