{"correlation": 0.06949474718670798, "p_value": 3.637563103577218e-107}