{"correlation": 0.11090491504808707, "p_value": 8.649025256195583e-271}