{"correlation": -0.053812705422167456, "p_value": 5.931318347970083e-65}