{"correlation": 0.08695630293708391, "p_value": 6.984935690530797e-167}