{"correlation": 0.031208122946170175, "p_value": 5.886962452431624e-23}