{"correlation": 0.05485241516985587, "p_value": 2.028967611483766e-67}