{"correlation": 0.0061808807196319275, "p_value": 0.05077257156525743}