{"correlation": 0.046416908729021544, "p_value": 9.009931213710413e-49}