{"correlation": 0.03813715986460996, "p_value": 1.779685935834937e-33}