{"correlation": 0.11768959650150167, "p_value": 6.730672539619121e-305}