{"correlation": -0.10185519183077617, "p_value": 1.6297518469715517e-228}