{"correlation": 0.1174102669866793, "p_value": 1.8764335281169264e-303}