{"correlation": 0.10193675899744607, "p_value": 7.038347877204558e-229}