{"correlation": 0.044487584752428665, "p_value": 6.090796528585995e-45}