{"correlation": 0.00818821396801689, "p_value": 0.009658810493251376}