{"correlation": 0.04271846241794462, "p_value": 1.427403638419657e-41}