{"correlation": 0.11502121159398816, "p_value": 3.094339872512353e-291}