{"correlation": -0.06455564311453194, "p_value": 1.0405331288386178e-92}