{"correlation": 0.0035488207930501566, "p_value": 0.2620507422718929}