{"correlation": 0.05456436567192488, "p_value": 9.889250288903577e-67}