{"correlation": 0.04851640297553738, "p_value": 4.0099875082517703e-53}