{"correlation": 0.012919846393961789, "p_value": 4.440029841304087e-05}