{"correlation": 0.08930879238691107, "p_value": 5.87237553559751e-176}