{"correlation": -0.035082409956304995, "p_value": 1.3918767064390057e-28}