{"correlation": 0.07970106330098434, "p_value": 1.949678689690962e-140}