{"correlation": 0.05502124642282759, "p_value": 7.987450305453623e-68}