{"correlation": -0.027167948462300532, "p_value": 8.878639899588285e-18}