{"correlation": -0.059703509841178025, "p_value": 1.5073299844651367e-79}