{"correlation": 0.04498941009604021, "p_value": 6.368631111542406e-46}