{"correlation": 0.10004941707828423, "p_value": 1.6172724815689394e-220}