{"correlation": 0.04563159572238077, "p_value": 3.413361653590163e-47}