{"correlation": 0.0403857924331426, "p_value": 2.456665679666138e-37}