{"correlation": 0.05432811193558065, "p_value": 3.6029386143040303e-66}