{"correlation": 0.025702861142333652, "p_value": 4.497246504189488e-16}