{"correlation": -0.003256638300119616, "p_value": 0.30337801356820526}