{"correlation": 0.026493090023095623, "p_value": 5.55864272289786e-17}