{"correlation": 0.0867586236344175, "p_value": 3.940830034852159e-166}