{"correlation": -0.05249362594071988, "p_value": 6.819740746748102e-62}