{"correlation": 0.06659369368557008, "p_value": 1.5194774237808226e-98}