{"correlation": 0.08777810718937544, "p_value": 5.0318244473174884e-170}