{"correlation": -0.008183156817559534, "p_value": 0.00970371794515103}