{"correlation": 0.060198099658032286, "p_value": 7.653054676631189e-81}