{"correlation": 0.050883565211208376, "p_value": 2.9293599783970742e-58}