{"correlation": 0.08610827003188598, "p_value": 1.1363590592586503e-163}