{"correlation": -0.09835333023537775, "p_value": 3.86436571988592e-213}