{"correlation": 0.01220592208234747, "p_value": 0.00011448261508172854}