{"correlation": -0.03272869546820191, "p_value": 4.354067487068478e-25}