{"correlation": 0.06432658581220371, "p_value": 4.5891888132728676e-92}