{"correlation": 0.09780115034790145, "p_value": 9.150946127421172e-211}