{"correlation": 0.052688672608530045, "p_value": 2.432126288040956e-62}