{"correlation": -0.008781306572454529, "p_value": 0.005515776451361948}