{"correlation": 0.042756163938072765, "p_value": 1.2138033870089226e-41}