{"correlation": -0.025331376544809884, "p_value": 1.1763466108247628e-15}