{"correlation": -0.10023648634031354, "p_value": 2.438558743115027e-221}