{"correlation": 0.10292583065239681, "p_value": 2.52400771402661e-233}