{"correlation": 0.11697497012420678, "p_value": 3.3004193481584986e-301}