{"correlation": -0.04986277192200434, "p_value": 5.1480912764206965e-56}