{"correlation": -0.07359976506936236, "p_value": 5.3760313463747545e-120}