{"correlation": 0.006081974223916453, "p_value": 0.054588377580060805}