{"correlation": -0.012659858820460498, "p_value": 6.304167086240755e-05}