{"correlation": 0.11075718672704937, "p_value": 4.535053259970515e-270}