{"correlation": -0.033549151260672073, "p_value": 2.803224076850571e-26}