{"correlation": 0.09479751493006831, "p_value": 4.35651828718245e-198}