{"correlation": 0.0911616618328495, "p_value": 2.8055210569977904e-183}