{"correlation": -0.06868734504711772, "p_value": 9.936180713500318e-105}