{"correlation": -0.08061778833234996, "p_value": 1.1936648512894243e-143}