{"correlation": 0.11657701663123089, "p_value": 3.6618575322871346e-299}