{"correlation": 0.05492937398981665, "p_value": 1.3270208000880773e-67}