{"correlation": 0.11621830125362909, "p_value": 2.51800195894311e-297}