{"correlation": 0.016847885004443015, "p_value": 1.0100340527928724e-07}