{"correlation": 0.0028984743510543287, "p_value": 0.35965483038804147}