{"correlation": 0.01656207919186469, "p_value": 1.6537331783991487e-07}