{"correlation": 0.07077226420598748, "p_value": 4.439049481846237e-111}