{"correlation": 0.11183643165045594, "p_value": 2.380921777452246e-275}