{"correlation": 0.05917860157333542, "p_value": 3.4691896917803045e-78}