{"correlation": 0.08687982619783721, "p_value": 1.3648149584510012e-166}