{"correlation": 0.10138895821259777, "p_value": 1.9531562531187777e-226}