{"correlation": -0.11202073319845839, "p_value": 2.9503506392122186e-276}