{"correlation": 0.11538161216437942, "p_value": 4.61358286597276e-293}