{"correlation": -0.03775614446632485, "p_value": 7.633158104580126e-33}