{"correlation": 0.10131725956610287, "p_value": 4.069396463619415e-226}