{"correlation": -0.09188486621990327, "p_value": 3.5417540823766935e-186}