{"correlation": -0.11640224429673397, "p_value": 2.8814965736848812e-298}