{"correlation": 0.07866774563226728, "p_value": 7.36581125816054e-137}