{"correlation": -0.10346806464924542, "p_value": 8.839932774719939e-236}