{"correlation": 0.04864887733702815, "p_value": 2.099599287374567e-53}