{"correlation": 0.08282830740311947, "p_value": 1.50114052763244e-151}