{"correlation": 0.07853516228722565, "p_value": 2.102820394126799e-136}