{"correlation": -0.02843047759095383, "p_value": 2.5439562692810407e-19}