{"correlation": 0.07685092787243535, "p_value": 1.103240812777906e-130}