{"correlation": 0.05287218755002397, "p_value": 9.186805457484489e-63}