{"correlation": 0.10756633078647451, "p_value": 9.131219176615646e-255}