{"correlation": -0.03937080122780282, "p_value": 1.444744160029099e-35}