{"correlation": 0.011772804694490012, "p_value": 0.00019862860448982778}