{"correlation": -0.10764920978288427, "p_value": 3.705179517154819e-255}