{"correlation": -0.0010671564746692556, "p_value": 0.7359212631991943}