{"correlation": 0.025371937308378088, "p_value": 1.0598104690525771e-15}