{"correlation": 0.01200351908865269, "p_value": 0.00014843332916319286}