{"correlation": 0.052434704620797676, "p_value": 9.30489341296331e-62}