{"correlation": -0.057129602161277576, "p_value": 5.5166998563111045e-73}