{"correlation": -0.02219494301401424, "p_value": 2.2952797767225493e-12}