{"correlation": 0.08835077466487151, "p_value": 3.1206299015306773e-172}