{"correlation": -0.10659725536778748, "p_value": 3.295343889275566e-250}