{"correlation": -0.04649989359656903, "p_value": 6.114460659414424e-49}