{"correlation": 0.09439918125453074, "p_value": 1.9509178571035461e-196}