{"correlation": 0.03853718558877325, "p_value": 3.7990101667369234e-34}