{"correlation": 0.05953499812987081, "p_value": 4.13781824074652e-79}