{"correlation": 0.11265507629704331, "p_value": 2.1719316177545814e-279}