{"correlation": 0.020133595619856004, "p_value": 1.971073239525837e-10}