{"correlation": -0.09045965057116927, "p_value": 1.7363552965426122e-180}