{"correlation": 0.03850385199312141, "p_value": 4.323358569617042e-34}