{"correlation": 0.09754020400447738, "p_value": 1.1989758337849553e-209}