{"correlation": 0.06845202717530076, "p_value": 5.0341420946752867e-104}