{"correlation": -0.015900268653049915, "p_value": 5.024665542994441e-07}