{"correlation": 0.11392415079965117, "p_value": 1.0339003317621798e-285}