{"correlation": 0.07919548537649002, "p_value": 1.1120345558236128e-138}