{"correlation": 0.08125557088280708, "p_value": 6.600701670610326e-146}