{"correlation": 0.027616513112496906, "p_value": 2.558776977852032e-18}