{"correlation": 0.029280337401768646, "p_value": 2.1300407304505554e-20}