{"correlation": 0.028710297453491712, "p_value": 1.1331619282541542e-19}