{"correlation": -0.10911327265765691, "p_value": 3.96482032742297e-262}