{"correlation": 0.0751446719402995, "p_value": 5.12652838285293e-125}