{"correlation": 0.09701816917757339, "p_value": 2.0183457635530827e-207}