{"correlation": -0.008820843406857065, "p_value": 0.0053074704944366495}