{"correlation": 0.02746049133225972, "p_value": 3.953182058498436e-18}