{"correlation": -0.09399380956675528, "p_value": 9.188850131605671e-195}