{"correlation": -0.10686875518959528, "p_value": 1.7592927848917603e-251}