{"correlation": 0.045044889961069264, "p_value": 4.954048548656455e-46}