{"correlation": 0.08054391202928807, "p_value": 2.1736537366724576e-143}