{"correlation": -0.08180592062684404, "p_value": 7.199508426832797e-148}