{"correlation": 0.1179319172120237, "p_value": 3.7274710690558547e-306}