{"correlation": 0.0820520249665186, "p_value": 9.451049927443521e-149}