{"correlation": -0.009761413144146226, "p_value": 0.0020353330316052977}