{"correlation": 0.07223074522357377, "p_value": 1.2351486995589273e-115}