{"correlation": 0.10319622104625668, "p_value": 1.510793038275159e-234}