{"correlation": 0.08632903901168852, "p_value": 1.6694348765259543e-164}