{"correlation": 0.10597101767755057, "p_value": 2.7578504490265035e-247}