{"correlation": 0.062459608633968496, "p_value": 6.745115570842075e-87}