{"correlation": 0.07601002403582746, "p_value": 7.106846486422661e-128}