{"correlation": 0.07068319367574026, "p_value": 8.365125999744431e-111}