{"correlation": 0.09817957724009735, "p_value": 2.1661425921041406e-212}