{"correlation": 0.09434348064685229, "p_value": 3.315553814577428e-196}