{"correlation": -0.03051410981411042, "p_value": 5.121485148777347e-22}