{"correlation": 0.08132311648660463, "p_value": 3.7972994954068895e-146}