{"correlation": -0.03338467561737972, "p_value": 4.8841743504503877e-26}