{"correlation": 0.02295577592340414, "p_value": 3.9929931733059557e-13}