{"correlation": 0.10214600436633436, "p_value": 8.140793827581818e-230}