{"correlation": 0.04540134757575249, "p_value": 9.792548950805324e-47}