{"correlation": 0.08524479643072283, "p_value": 1.9615936768291204e-160}