{"correlation": 0.07931366961456136, "p_value": 4.33120404714723e-139}