{"correlation": 0.0911091584559989, "p_value": 4.54523455750412e-183}