{"correlation": -0.0158905888726525, "p_value": 5.105399911088627e-07}