{"correlation": 0.1026117647320435, "p_value": 6.582640626931457e-232}