{"correlation": 0.11473685965083932, "p_value": 8.463390794116081e-290}