{"correlation": 0.029129668550734664, "p_value": 3.323627224995931e-20}