{"correlation": 0.04660318287174866, "p_value": 3.770354977547091e-49}