{"correlation": -0.11185559060817131, "p_value": 1.9166510020801208e-275}