{"correlation": 0.08339637605622127, "p_value": 1.2919339554898297e-153}