{"correlation": 0.09688852556753426, "p_value": 7.177439736920937e-207}