{"correlation": 0.042219686523671036, "p_value": 1.2025022952195605e-40}