{"correlation": 0.11476895129119766, "p_value": 5.828427581834197e-290}