{"correlation": -0.011307002094111115, "p_value": 0.0003522016719388914}