{"correlation": -0.11688210002381723, "p_value": 9.91927361481019e-301}