{"correlation": 0.10925220522877292, "p_value": 8.545698280756254e-263}