{"correlation": -0.09407125509398329, "p_value": 4.407561361761392e-195}