{"correlation": 0.1028401654130001, "p_value": 6.1495549715860465e-233}