{"correlation": 0.011729703701598551, "p_value": 0.00020962014756161065}