{"correlation": 0.05694604950588697, "p_value": 1.580093435306885e-72}