{"correlation": 0.11630206363623566, "p_value": 9.387320705972338e-298}