{"correlation": 0.005473300148098171, "p_value": 0.08367126075651962}