{"correlation": 0.018279460288005457, "p_value": 7.584447066301615e-09}