{"correlation": 0.0739677803969163, "p_value": 3.4996048007840078e-121}