{"correlation": -0.05701593153729983, "p_value": 1.0589274815128994e-72}