{"correlation": -0.00932122967254784, "p_value": 0.00322011911905265}