{"correlation": 0.06521751556886535, "p_value": 1.387005005548262e-94}