{"correlation": 0.06959486864946643, "p_value": 1.8058836998404313e-107}