{"correlation": 0.09609755928070507, "p_value": 1.5895755322245493e-203}