{"correlation": -0.020145145760121757, "p_value": 1.924733428923633e-10}