{"correlation": -0.11243180008625489, "p_value": 2.7648771284803956e-278}