{"correlation": 0.11803921002296347, "p_value": 1.0331415032916813e-306}