{"correlation": 0.01868519623101154, "p_value": 3.5114669902904993e-09}