{"correlation": 0.09249803701290214, "p_value": 1.1837494714051145e-188}