{"correlation": -0.11689948698333665, "p_value": 8.073019251271074e-301}