{"correlation": 0.11277586396803822, "p_value": 5.472946030409727e-280}