{"correlation": 0.07073213619543814, "p_value": 5.906201015198713e-111}