{"correlation": 0.08186512734695495, "p_value": 4.419796246413995e-148}