{"correlation": 0.06369389827783462, "p_value": 2.6911255236919017e-90}