{"correlation": -0.09770879419098567, "p_value": 2.2765248036699536e-210}