{"correlation": 0.0903171757068145, "p_value": 6.361126133732875e-180}