{"correlation": 0.028711724727924038, "p_value": 1.128474874756739e-19}