{"correlation": 0.11093622559222426, "p_value": 6.085846095616969e-271}