{"correlation": 0.09057627678311615, "p_value": 5.989321301529606e-181}