{"correlation": 0.04600471556315185, "p_value": 6.117326772499246e-48}