{"correlation": 0.04856263271545561, "p_value": 3.2001219728684463e-53}