{"correlation": -0.040638169064020235, "p_value": 8.779020550326201e-38}