{"correlation": 0.10003818202284324, "p_value": 1.8116751155258562e-220}