{"correlation": 0.07889941564593987, "p_value": 1.172996467099836e-137}