{"correlation": 0.03746367816047197, "p_value": 2.3112188108577713e-32}