{"correlation": 0.07522569865486177, "p_value": 2.7771687767912724e-125}