{"correlation": 0.09633825476791674, "p_value": 1.5354474789340953e-204}