{"correlation": 0.09348494477212581, "p_value": 1.1299602977930568e-192}