{"correlation": 0.06307296737272806, "p_value": 1.4067822787352728e-88}