{"correlation": 0.05239016073136589, "p_value": 1.1765945951678257e-61}