{"correlation": 0.11608351532112618, "p_value": 1.2300806233773288e-296}