{"correlation": 0.08246301796378595, "p_value": 3.139583694911833e-150}