{"correlation": 0.0028021740571193645, "p_value": 0.37583931300736584}