{"correlation": 0.09162582836035917, "p_value": 3.892082689105781e-185}