{"correlation": 0.04561320178839499, "p_value": 3.713919672616817e-47}