{"correlation": 0.09281182552024715, "p_value": 6.30564578290215e-190}