{"correlation": 0.10516945258321084, "p_value": 1.4316861403225842e-243}