{"correlation": 0.09640253816904859, "p_value": 8.216865976435196e-205}