{"correlation": 0.02301793494371891, "p_value": 3.4526578781136867e-13}