{"correlation": 0.11383744739532278, "p_value": 2.8101754409901995e-285}