{"correlation": 0.10486931329762413, "p_value": 3.464125390230814e-242}