{"correlation": 0.06974672336139295, "p_value": 6.231433821920039e-108}