{"correlation": 0.054152096673549414, "p_value": 9.405929017172599e-66}