{"correlation": 0.03184707965554724, "p_value": 7.701424458942798e-24}