{"correlation": -0.046495446239390906, "p_value": 6.242933917755252e-49}