{"correlation": -0.03690423892455318, "p_value": 1.8787399037328858e-31}