{"correlation": 0.0777639169170792, "p_value": 9.069281308795305e-134}