{"correlation": -0.08119141401299539, "p_value": 1.1155068055472645e-145}