{"correlation": 0.0025459135788634527, "p_value": 0.42105018000027716}