{"correlation": 0.006209494786639905, "p_value": 0.049711242050661394}