{"correlation": 0.10495782438398488, "p_value": 1.3550224721638817e-242}