{"correlation": 0.04823679848415676, "p_value": 1.5622050809366123e-52}