{"correlation": -0.05869527244820921, "p_value": 6.077264086899535e-77}