{"correlation": 0.06769009100862858, "p_value": 9.268663403103369e-102}