{"correlation": -0.07912499545196287, "p_value": 1.9501730026811503e-138}