{"correlation": -0.07733312161805575, "p_value": 2.6173409695562647e-132}