{"correlation": -0.033203168749969335, "p_value": 8.985424369759444e-26}