{"correlation": -0.04747963439704986, "p_value": 5.970173339720311e-51}