{"correlation": 0.024359336571672704, "p_value": 1.3653564046693451e-14}