{"correlation": 0.05295417764237921, "p_value": 5.939959464384103e-63}