{"correlation": -0.013751031822348743, "p_value": 1.3862927635157364e-05}