{"correlation": -0.057351262658890304, "p_value": 1.541114510321572e-73}