{"correlation": 0.043677529697370245, "p_value": 2.2107998106718178e-43}