{"correlation": 0.08798493372172003, "p_value": 8.056398887538411e-171}