{"correlation": -0.0677691827254994, "p_value": 5.408509970770891e-102}