{"correlation": 0.07812313674042635, "p_value": 5.415651143031153e-135}