{"correlation": 0.061113251993704015, "p_value": 2.8880807545790076e-83}