{"correlation": -0.09047163242070189, "p_value": 1.5565928769295194e-180}