{"correlation": 0.08989440046433105, "p_value": 2.961514166913084e-178}