{"correlation": 0.09656066095061629, "p_value": 1.7620680833868215e-205}