{"correlation": -0.036250941324362955, "p_value": 2.0865895109193643e-30}