{"correlation": 0.07595561116219633, "p_value": 1.0773767886487216e-127}