{"correlation": 0.033886288658821706, "p_value": 8.90718251573806e-27}