{"correlation": 0.0949940275773015, "p_value": 6.637273863239682e-199}