{"correlation": 0.0961127990186478, "p_value": 1.3711646972464904e-203}