{"correlation": 0.09292048406540483, "p_value": 2.278828401755659e-190}