{"correlation": -0.05262893785085706, "p_value": 3.3365632695129626e-62}