{"correlation": 0.03199679023253641, "p_value": 4.7540152352973516e-24}