{"correlation": -0.11847153634670181, "p_value": 5.80072287400882e-309}