{"correlation": 0.11146780404612817, "p_value": 1.534696092687197e-273}