{"correlation": 0.09196504625929888, "p_value": 1.6842415892470692e-186}