{"correlation": 0.07255381344833697, "p_value": 1.1747902680695789e-116}