{"correlation": 0.06727514715516965, "p_value": 1.548284215592185e-100}