{"correlation": -0.03548996025533199, "p_value": 3.2665247552085437e-29}