{"correlation": -0.07508192886666613, "p_value": 8.237077389368727e-125}