{"correlation": -0.03868668163321015, "p_value": 2.1244726645227533e-34}