{"correlation": 0.0858669882054598, "p_value": 9.191493706251005e-163}