{"correlation": 0.0899471665220954, "p_value": 1.835560378505419e-178}