{"correlation": 0.025159292004137412, "p_value": 1.8279867571762067e-15}