{"correlation": 0.07872205838062199, "p_value": 4.790355245393723e-137}