{"correlation": -0.0005970609964937444, "p_value": 0.8503337935719454}