{"correlation": 0.07747690217611232, "p_value": 8.538671642094362e-133}