{"correlation": -0.05061328057392994, "p_value": 1.1630127636827788e-57}