{"correlation": -0.01294074531794554, "p_value": 4.31545375588791e-05}