{"correlation": 0.0810045450844213, "p_value": 5.130805015287847e-145}