{"correlation": -0.06653749543782465, "p_value": 2.2133433997445715e-98}