{"correlation": 0.1130205142005165, "p_value": 3.339787596771754e-281}