{"correlation": 0.007364249049618998, "p_value": 0.019944176291754538}