{"correlation": 0.09494183625094528, "p_value": 1.094415601289883e-198}