{"correlation": 0.1091964763784355, "p_value": 1.5819384617828565e-262}