{"correlation": 0.011722287721415738, "p_value": 0.0002115680222719212}