{"correlation": -0.07064160517214686, "p_value": 1.1241916248214815e-110}