{"correlation": 0.017802146740498757, "p_value": 1.8384105299768406e-08}