{"correlation": 0.044036360489543264, "p_value": 4.540301463371134e-44}