{"correlation": 0.09600963377593606, "p_value": 3.727619313311086e-203}