{"correlation": 0.08381689036933355, "p_value": 3.743615470106834e-155}