{"correlation": 0.11072985667908872, "p_value": 6.1603463474760585e-270}