{"correlation": 0.0002530673711878377, "p_value": 0.9362545150933673}