{"correlation": 0.1052346341000152, "p_value": 7.158220932103824e-244}