{"correlation": 0.10892104800424031, "p_value": 3.303072716874374e-261}