{"correlation": -0.0815976668477977, "p_value": 3.9940314316441505e-147}