{"correlation": 0.055399583798185235, "p_value": 9.786271198398426e-69}