{"correlation": -0.037817568732009046, "p_value": 6.042057076602081e-33}