{"correlation": 0.10376917901538428, "p_value": 3.7765497999888405e-237}