{"correlation": 0.11720207783869797, "p_value": 2.2296088294893792e-302}