{"correlation": 0.016137064004028825, "p_value": 3.392611585097016e-07}