{"correlation": -0.03160653633240596, "p_value": 1.6640758454069238e-23}