{"correlation": 0.10076201491960177, "p_value": 1.1763341451521283e-223}