{"correlation": 0.08273056747372319, "p_value": 3.390864229240959e-151}