{"correlation": 0.02053730483749675, "p_value": 8.515308478164353e-11}