{"correlation": -0.06161172975041344, "p_value": 1.334379894259752e-84}