{"correlation": 0.03811223358207172, "p_value": 1.958415787179409e-33}