{"correlation": 0.04487203485538144, "p_value": 1.082409259798507e-45}