{"correlation": 0.06319704779532559, "p_value": 6.400456465440753e-89}