{"correlation": 0.08771559712715316, "p_value": 8.745912569707225e-170}