{"correlation": -0.00216505925224249, "p_value": 0.4938257742135027}