{"correlation": 0.0873878346957311, "p_value": 1.5768575000662515e-168}