{"correlation": -0.11407912538260845, "p_value": 1.727599567735984e-286}