{"correlation": -0.10923633786996917, "p_value": 1.0183780071244341e-262}