{"correlation": 0.038628629222906545, "p_value": 2.6630891141174555e-34}