{"correlation": -0.10810854209485178, "p_value": 2.467350540872771e-257}