{"correlation": 0.11842456704376439, "p_value": 1.019558236570239e-308}