{"correlation": -0.07272339547449638, "p_value": 3.402441026270839e-117}