{"correlation": 0.0641259517986089, "p_value": 1.6763123095556713e-91}