{"correlation": -0.051815331331828425, "p_value": 2.3881766524637925e-60}