{"correlation": 0.10362271438792281, "p_value": 1.7525386958737321e-236}