{"correlation": 0.07599428334516667, "p_value": 8.016060603539495e-128}