{"correlation": 0.06745627004714685, "p_value": 4.539555035301711e-101}