{"correlation": -0.003229199259755783, "p_value": 0.30747025608840384}