{"correlation": 0.08579493629622773, "p_value": 1.7139401962121894e-162}