{"correlation": -0.0027833045363925488, "p_value": 0.37906247985449226}