{"correlation": -0.008595949237799458, "p_value": 0.006594109433494736}