{"correlation": -0.07222894450229315, "p_value": 1.251415333429029e-115}