{"correlation": 0.0641363337371386, "p_value": 1.567779979651167e-91}