{"correlation": 0.01858079147750185, "p_value": 4.287578339081998e-09}