{"correlation": -0.11003916889625975, "p_value": 1.381084121685596e-266}