{"correlation": 0.04986698122980815, "p_value": 5.040603165704581e-56}