{"correlation": -0.10040324680038204, "p_value": 4.501594403564519e-222}