{"correlation": 0.10994787006841913, "p_value": 3.815203182900354e-266}