{"correlation": 0.022721053777074958, "p_value": 6.89058781290516e-13}