{"correlation": 0.04868166223717091, "p_value": 1.788441486049072e-53}