{"correlation": -0.046857982815189096, "p_value": 1.138724211181543e-49}