{"correlation": -0.03952229853834588, "p_value": 7.916213041650691e-36}