{"correlation": 0.013407311601104057, "p_value": 2.2614503672141897e-05}