{"correlation": 0.012564166412354867, "p_value": 7.160746882866687e-05}