{"correlation": 0.05242528192348616, "p_value": 9.778619325872204e-62}