{"correlation": 0.06326337645460706, "p_value": 4.198611931390101e-89}