{"correlation": 0.09399843712729884, "p_value": 8.794352693634867e-195}