{"correlation": -0.08599510364581127, "p_value": 3.0314299630292965e-163}