{"correlation": 0.03227255233760989, "p_value": 1.943658079553927e-24}