{"correlation": 0.09031295313744256, "p_value": 6.610473811576287e-180}