{"correlation": 0.001030375169178846, "p_value": 0.7447002856202898}