{"correlation": 0.02202024321355788, "p_value": 3.402133416389668e-12}