{"correlation": 0.04035650981270473, "p_value": 2.767069237180819e-37}