{"correlation": 0.01672168558097258, "p_value": 1.2569281255435322e-07}