{"correlation": -0.09185903418612372, "p_value": 4.499458778390061e-186}