{"correlation": -0.07170804225922707, "p_value": 5.4342089505779035e-114}