{"correlation": 0.038409596423989695, "p_value": 6.227811883765928e-34}