{"correlation": -0.025391302961864252, "p_value": 1.0082577382393032e-15}