{"correlation": -0.004253343101368919, "p_value": 0.1788792230884088}