{"correlation": -0.048891689606122564, "p_value": 6.384061771772888e-54}