{"correlation": -0.06903390665164129, "p_value": 9.01457301006938e-106}