{"correlation": -0.1033677721652632, "p_value": 2.5213908160772725e-235}