{"correlation": 0.07992133727487356, "p_value": 3.321232671154731e-141}