{"correlation": -0.022238806233247952, "p_value": 2.0783470873617795e-12}