{"correlation": 0.06854828797212541, "p_value": 2.593864435355829e-104}