{"correlation": 0.06124898966553861, "p_value": 1.25334430004234e-83}