{"correlation": 0.11330181030009802, "p_value": 1.330349612453042e-282}