{"correlation": 0.10009086325210609, "p_value": 1.0638419716756476e-220}