{"correlation": 0.10433055422244696, "p_value": 1.0311850562831135e-239}