{"correlation": 0.08344964380889922, "p_value": 8.257651732015657e-154}