{"correlation": -0.10964451809196037, "p_value": 1.109416428034614e-264}