{"correlation": -0.060724393159672076, "p_value": 3.124222845258501e-82}