{"correlation": 0.09024226050325682, "p_value": 1.2579873150501672e-179}