{"correlation": 0.059475566246191214, "p_value": 5.904059697630018e-79}