{"correlation": 0.04783010546935206, "p_value": 1.1135393982723423e-51}