{"correlation": 0.06778201219025291, "p_value": 4.955693555000451e-102}