{"correlation": 0.10946366687930709, "p_value": 8.235247181954817e-264}