{"correlation": 0.03096418682885801, "p_value": 1.2661313668421338e-22}