{"correlation": 0.06279841385965756, "p_value": 7.991188265062955e-88}