{"correlation": 0.06553138457638914, "p_value": 1.7625082033342013e-95}