{"correlation": -0.055403143056694956, "p_value": 9.594222738480234e-69}