{"correlation": -0.07321870218483821, "p_value": 8.967832027996656e-119}