{"correlation": 0.032188318816615054, "p_value": 2.556346152469899e-24}