{"correlation": 0.10577284951293127, "p_value": 2.3001986214554626e-246}