{"correlation": 0.11729561319927782, "p_value": 7.337382401230763e-303}