{"correlation": -0.03831408623442545, "p_value": 9.006735300448093e-34}