{"correlation": -0.05051097037276355, "p_value": 1.956236018529947e-57}