{"correlation": 0.05649483983147633, "p_value": 2.0693617023923355e-71}