{"correlation": -0.08127949394900352, "p_value": 5.427126888953436e-146}