{"correlation": -0.0060849749453254975, "p_value": 0.05446918684532214}