{"correlation": 0.06234433948001417, "p_value": 1.3900111832339113e-86}