{"correlation": -0.10183610876755843, "p_value": 1.9833094745022806e-228}