{"correlation": 0.10600791959502907, "p_value": 1.8571025228888026e-247}