{"correlation": 0.09551551964704912, "p_value": 4.417298840821521e-201}