{"correlation": 0.023774026416519038, "p_value": 5.71285572197666e-14}