{"correlation": 0.10418553558606425, "p_value": 4.7531067264211595e-239}