{"correlation": 0.1140045741072245, "p_value": 4.08672059902521e-286}