{"correlation": -0.02908248995671786, "p_value": 3.818699570969804e-20}