{"correlation": 0.10518346119397841, "p_value": 1.2335725758138077e-243}