{"correlation": 0.039462424223302414, "p_value": 1.0043752354737702e-35}