{"correlation": 0.06654738121571797, "p_value": 2.0716830092404964e-98}