{"correlation": -0.008865287156767968, "p_value": 0.0050818148250731795}