{"correlation": -0.05494941424234749, "p_value": 1.1880037846313474e-67}