{"correlation": -0.03687041088663423, "p_value": 2.1303935693667486e-31}