{"correlation": -0.06758814268705075, "p_value": 1.854203734559804e-101}