{"correlation": -0.014911589251395583, "p_value": 2.442699644442632e-06}