{"correlation": -0.042115656539469075, "p_value": 1.8696748439740916e-40}