{"correlation": -0.053296433804741014, "p_value": 9.551551835073123e-64}