{"correlation": -0.01346634818999942, "p_value": 2.08081002028339e-05}