{"correlation": 0.014970380036795686, "p_value": 2.2293476000611192e-06}