{"correlation": -0.09828268053985177, "p_value": 7.791704675402192e-213}