{"correlation": 0.012507723543869814, "p_value": 7.716436399117483e-05}