{"correlation": 0.06494597704238933, "p_value": 8.197993389990867e-94}