{"correlation": -0.06229352915041109, "p_value": 1.9109823438100605e-86}