{"correlation": -0.05120865441440803, "p_value": 5.524940076023454e-59}