{"correlation": 0.06535705388296435, "p_value": 5.550033762739875e-95}