{"correlation": -0.06132251637224874, "p_value": 7.968064111437092e-84}