{"correlation": 0.03232846148126981, "p_value": 1.6198173468069209e-24}