{"correlation": 0.1130735537678754, "p_value": 1.819961362041888e-281}