{"correlation": 0.037451501210897784, "p_value": 2.4198761227682317e-32}