{"correlation": -0.06130850540823474, "p_value": 8.686739540700756e-84}