{"correlation": 0.06757162134157113, "p_value": 2.0745128518090466e-101}