{"correlation": 0.10928613012927169, "p_value": 5.8731903704789934e-263}