{"correlation": -0.0017106890167833436, "p_value": 0.5887564144548696}