{"correlation": 0.041334898041262044, "p_value": 4.958743617500319e-39}