{"correlation": 0.06244503733165139, "p_value": 7.391256193219559e-87}