{"correlation": 0.013291898174112164, "p_value": 2.6585769620451584e-05}