{"correlation": -0.014808310214460106, "p_value": 2.8658151924242735e-06}