{"correlation": -0.014688076823672992, "p_value": 3.4470967155648363e-06}