{"correlation": 0.10328024175406685, "p_value": 6.288413396711274e-235}