{"correlation": 0.03019194400591657, "p_value": 1.3755347275071023e-21}