{"correlation": -0.02481146340544674, "p_value": 4.416183325331386e-15}