{"correlation": -0.048263332402475156, "p_value": 1.3735288585804535e-52}