{"correlation": -0.015631714668615404, "p_value": 7.793043180813157e-07}