{"correlation": 0.08602436458587331, "p_value": 2.3524414682230454e-163}