{"correlation": -0.08784493461644209, "p_value": 2.7853046819036684e-170}