{"correlation": 0.11559115841324583, "p_value": 3.9751409303861814e-294}