{"correlation": -0.03379902636260418, "p_value": 1.1997435249593924e-26}