{"correlation": -0.09817145998036118, "p_value": 2.34761593948123e-212}