{"correlation": 0.03267652901108111, "p_value": 5.171956351209714e-25}