{"correlation": 0.05095440526154432, "p_value": 2.038456410235949e-58}