{"correlation": 0.06250626980688091, "p_value": 5.031581479242018e-87}