{"correlation": 0.06943200969276064, "p_value": 5.638355155557512e-107}