{"correlation": 0.06651311874648144, "p_value": 2.6053303536895064e-98}