{"correlation": 0.037576194337961485, "p_value": 1.5107010362652468e-32}