{"correlation": -0.05748574489907151, "p_value": 7.092012484146897e-74}