{"correlation": 0.05498992482014674, "p_value": 9.497583338745902e-68}