{"correlation": 0.03071895568762527, "p_value": 2.717992869299325e-22}