{"correlation": 0.07243514659925672, "p_value": 2.79124598049275e-116}