{"correlation": 0.07129430321780271, "p_value": 1.0652338845722085e-112}