{"correlation": -0.0879458492714199, "p_value": 1.1392777348154273e-170}