{"correlation": 0.04759931515252998, "p_value": 3.3693690468323e-51}