{"correlation": 0.08456043693187285, "p_value": 6.835459744178457e-158}