{"correlation": 0.058382770378409686, "p_value": 3.821729268868914e-76}