{"correlation": 0.023930119448499317, "p_value": 3.9130288427335846e-14}