{"correlation": 0.06528036440808456, "p_value": 9.183754001781812e-95}