{"correlation": 0.0462727019756465, "p_value": 1.7643407730800906e-48}