{"correlation": 0.11031279805757659, "p_value": 6.536952569681553e-268}