{"correlation": 0.016690107276652086, "p_value": 1.327304361364043e-07}