{"correlation": 0.0910524088841187, "p_value": 7.654345693478446e-183}