{"correlation": 0.06096357538147276, "p_value": 7.235073973826893e-83}