{"correlation": 0.04503779587941552, "p_value": 5.1158318969008136e-46}