{"correlation": 0.0919076339228316, "p_value": 2.8680193075640373e-186}