{"correlation": 0.05959962248572328, "p_value": 2.810146365624622e-79}