{"correlation": 0.03724145340338832, "p_value": 5.332725098730136e-32}