{"correlation": 0.00451985653621859, "p_value": 0.15316442889089993}