{"correlation": -0.06954962411988277, "p_value": 2.478422734666656e-107}