{"correlation": 0.07980379154683707, "p_value": 8.54576832177637e-141}