{"correlation": 0.09741190104424628, "p_value": 4.237176548633866e-209}