{"correlation": -0.023905784112401938, "p_value": 4.1514775484437295e-14}