{"correlation": 0.07750592158698785, "p_value": 6.809181468028209e-133}