{"correlation": -0.08348779457797963, "p_value": 5.991841418270206e-154}