{"correlation": 0.11136518761617285, "p_value": 4.881919721338095e-273}