{"correlation": 0.061436054088883925, "p_value": 3.954784599483264e-84}