{"correlation": 0.027065850380915735, "p_value": 1.1752243324384402e-17}