{"correlation": 0.09206193625792647, "p_value": 6.85382370803492e-187}