{"correlation": 0.11487020542945411, "p_value": 1.795286519506489e-290}