{"correlation": 0.10065102596172525, "p_value": 3.6375839251946905e-223}