{"correlation": 0.07051853419818914, "p_value": 2.693197868572938e-110}