{"correlation": -0.11268033659549552, "p_value": 1.6282090762843695e-279}