{"correlation": 0.11567692221167794, "p_value": 1.4555359261229108e-294}