{"correlation": -0.08360087035036175, "p_value": 2.3137656458657992e-154}