{"correlation": 0.0969840682703435, "p_value": 2.818344313788066e-207}