{"correlation": 0.04146320754518214, "p_value": 2.905573985575643e-39}