{"correlation": 0.02597377350621623, "p_value": 2.2114788981665474e-16}