{"correlation": 0.026790953056079113, "p_value": 2.487551179793228e-17}