{"correlation": -0.09193437539252712, "p_value": 2.2383219272409797e-186}