{"correlation": 0.049178706966447785, "p_value": 1.5510289162301023e-54}