{"correlation": 0.09537581994249143, "p_value": 1.696228520322877e-200}