{"correlation": -0.0077768758254211, "p_value": 0.013978836328079867}