{"correlation": 0.018302493105126487, "p_value": 7.263153811181921e-09}