{"correlation": 0.03289303303798702, "p_value": 2.5270615556273026e-25}