{"correlation": -0.07445572818717909, "p_value": 9.156599015885951e-123}