{"correlation": 0.020629650357199637, "p_value": 7.012119902436454e-11}