{"correlation": -0.05426764369777481, "p_value": 5.011614425234674e-66}