{"correlation": 0.00420365588996068, "p_value": 0.18400942562921668}