{"correlation": 0.08990168956084084, "p_value": 2.772191864213225e-178}