{"correlation": 0.11814410453763909, "p_value": 2.943462484613852e-307}