{"correlation": 0.10292260130817311, "p_value": 2.6102142666995136e-233}