{"correlation": 0.11235356189089295, "p_value": 6.734231434542979e-278}