{"correlation": -0.02516349191323783, "p_value": 1.808489124705705e-15}