{"correlation": 0.02227588019310568, "p_value": 1.9107786109926278e-12}