{"correlation": 0.08289146342887908, "p_value": 8.861889325764345e-152}