{"correlation": 0.01361208329151651, "p_value": 1.691852420831503e-05}