{"correlation": -0.030886621953702023, "p_value": 1.6132259521512412e-22}