{"correlation": 0.04084463638264967, "p_value": 3.7651985197774964e-38}