{"correlation": 0.0020746030971061135, "p_value": 0.5120499011016675}