{"correlation": 0.0670253500648022, "p_value": 8.362887362053995e-100}