{"correlation": 0.11523944775695298, "p_value": 2.427923849501295e-292}