{"correlation": 0.05514390599476931, "p_value": 4.050265855645691e-68}