{"correlation": -0.10806877164737035, "p_value": 3.811188233078297e-257}