{"correlation": -0.03246259932687627, "p_value": 1.0447435056158353e-24}