{"correlation": 0.07818540376595295, "p_value": 3.3183156705455636e-135}