{"correlation": -0.07340151619790855, "p_value": 2.32876158605296e-119}