{"correlation": 0.030025827441040723, "p_value": 2.2801715310010873e-21}