{"correlation": 0.09875655894996956, "p_value": 6.991837312955911e-215}