{"correlation": 0.1095371712556962, "p_value": 3.6476936208330256e-264}