{"correlation": 0.025891530243892184, "p_value": 2.745350318058106e-16}