{"correlation": -0.01851129650308183, "p_value": 4.894203102696684e-09}