{"correlation": -0.01912123031695662, "p_value": 1.507671485564838e-09}