{"correlation": 0.05166379008465524, "p_value": 5.252260967683756e-60}