{"correlation": 0.08808179238894741, "p_value": 3.4112194954895355e-171}