{"correlation": 0.0991676350416997, "p_value": 1.1500711527310758e-216}