{"correlation": 0.03658240892620995, "p_value": 6.183665036097457e-31}