{"correlation": -0.07439033780094778, "p_value": 1.4941218763685173e-122}