{"correlation": 0.013688874563485958, "p_value": 1.5158371451170552e-05}