{"correlation": 0.043902683690033806, "p_value": 8.20053499196611e-44}