{"correlation": -0.04572278564366847, "p_value": 2.245266424805123e-47}