{"correlation": 0.005212159404298167, "p_value": 0.09950890825566733}