{"correlation": 0.09018211431249858, "p_value": 2.173981237075939e-179}