{"correlation": -0.08505727496159786, "p_value": 9.800507733419027e-160}