{"correlation": -0.037663534291424605, "p_value": 1.0850701592714571e-32}