{"correlation": 0.042799469840346216, "p_value": 1.0074162792924095e-41}