{"correlation": 0.11782450834093983, "p_value": 1.3450870354717462e-305}