{"correlation": -0.07772674814516754, "p_value": 1.2130765894307142e-133}