{"correlation": 0.027175584843903006, "p_value": 8.69401526404823e-18}