{"correlation": -0.01836414579262522, "p_value": 6.466893904643684e-09}