{"correlation": 0.03872496231068032, "p_value": 1.8300368986845722e-34}