{"correlation": -0.10179018687700554, "p_value": 3.1806575203375607e-228}