{"correlation": -0.07618650893127649, "p_value": 1.8395846018819528e-128}