{"correlation": 0.023146563409792733, "p_value": 2.552470073114357e-13}