{"correlation": 0.01590920375844024, "p_value": 4.951235933498705e-07}