{"correlation": -0.07063966496158379, "p_value": 1.139796135714021e-110}