{"correlation": -0.06823079764206166, "p_value": 2.302629938972585e-103}