{"correlation": 0.043997073597883, "p_value": 5.402873841500934e-44}