{"correlation": 0.09814660542278698, "p_value": 3.003260188467088e-212}