{"correlation": 0.08750941492275054, "p_value": 5.400724567381888e-169}