{"correlation": 0.026635100978809088, "p_value": 3.7927868108693853e-17}