{"correlation": -0.08509360446548969, "p_value": 7.178258858335786e-160}