{"correlation": 0.015985029677243405, "p_value": 4.368387917146782e-07}