{"correlation": 0.07566821014082163, "p_value": 9.651300762199942e-127}