{"correlation": -0.09208805725439598, "p_value": 5.377651154157e-187}