{"correlation": -0.05282088470022933, "p_value": 1.206465762532012e-62}