{"correlation": 0.105475352184325, "p_value": 5.513050060722752e-245}