{"correlation": -0.0995783483554139, "p_value": 1.8659497804234483e-218}