{"correlation": 0.058891176549038214, "p_value": 1.9095384011270568e-77}