{"correlation": 0.08456873907789166, "p_value": 6.368722873257348e-158}