{"correlation": 0.10458753402371748, "p_value": 6.839443533462376e-241}