{"correlation": -0.11248129278033728, "p_value": 1.573861608433345e-278}