{"correlation": 0.11195369132289044, "p_value": 6.308640973917035e-276}