{"correlation": 0.03835258718121447, "p_value": 7.762901832298682e-34}