{"correlation": 0.07712920928357275, "p_value": 1.277080727278318e-131}