{"correlation": 0.028887369699091066, "p_value": 6.76549502872816e-20}