{"correlation": 0.026866956767174835, "p_value": 2.0232997340671927e-17}