{"correlation": 0.030089132265055826, "p_value": 1.8813109899163906e-21}