{"correlation": -0.09390882817234848, "p_value": 2.0561908039826227e-194}