{"correlation": -0.03189561382439038, "p_value": 6.5880425507633775e-24}