{"correlation": 0.04401872103874775, "p_value": 4.909189545836489e-44}