{"correlation": 0.048650884762708256, "p_value": 2.0790855629267022e-53}