{"correlation": -0.0460369825465429, "p_value": 5.268786305534413e-48}