{"correlation": 0.06482532871798821, "p_value": 1.8010108016523292e-93}