{"correlation": -0.007968868788139138, "p_value": 0.011786049981799154}