{"correlation": -0.044415455292434854, "p_value": 8.408624943627575e-45}