{"correlation": -0.050921119728320315, "p_value": 2.417238571879176e-58}