{"correlation": 0.10138909762485405, "p_value": 1.9503695016093194e-226}