{"correlation": 0.02845514088701946, "p_value": 2.3696739970249377e-19}