{"correlation": -0.006774649913502866, "p_value": 0.03226959396696679}