{"correlation": -0.10540296485112402, "p_value": 1.192570410935095e-244}