{"correlation": -0.005644848559202353, "p_value": 0.07442572743524592}