{"correlation": 0.08414759965446642, "p_value": 2.281871167200117e-156}