{"correlation": 0.04620921083516106, "p_value": 2.370260371561625e-48}