{"correlation": 0.03885574054138223, "p_value": 1.0980820689759375e-34}