{"correlation": 0.06651573435902096, "p_value": 2.5601518427252393e-98}