{"correlation": -0.11799478863475683, "p_value": 1.7576707294665392e-306}