{"correlation": -0.036432364852976636, "p_value": 1.0738126345315002e-30}