{"correlation": -0.08642962818099649, "p_value": 6.955646424578822e-165}