{"correlation": 0.038358067429470837, "p_value": 7.600317661796825e-34}