{"correlation": -0.018540975312573274, "p_value": 4.62555301643017e-09}