{"correlation": 0.11672291609587704, "p_value": 6.527342295232745e-300}