{"correlation": -0.08095002948007607, "p_value": 8.002568048654424e-145}