{"correlation": 0.04167485451754546, "p_value": 1.1988279548326013e-39}