{"correlation": 0.10786243026188544, "p_value": 3.6276611608534614e-256}