{"correlation": 0.09182150207950689, "p_value": 6.369826165897459e-186}