{"correlation": -0.06562585463107895, "p_value": 9.454062630596972e-96}