{"correlation": -0.08862802157498982, "p_value": 2.632103475035382e-173}