{"correlation": -0.021482604971777633, "p_value": 1.120935636051778e-11}