{"correlation": 0.03961791235076029, "p_value": 5.4089062172951024e-36}