{"correlation": -0.058787839475856904, "p_value": 3.518420362210336e-77}