{"correlation": -0.05844440276302296, "p_value": 2.661371574827391e-76}