{"correlation": 0.10092967249053907, "p_value": 2.132440756128204e-224}