{"correlation": -0.029600542437657758, "p_value": 8.212962984861304e-21}