{"correlation": 0.11499291927865142, "p_value": 4.302362296991603e-291}