{"correlation": 0.0028944538063268898, "p_value": 0.3603216502160397}