{"correlation": 0.025009499147259237, "p_value": 2.676575810949006e-15}