{"correlation": 0.10580011202603401, "p_value": 1.718456754043319e-246}