{"correlation": 0.08630513727810014, "p_value": 2.055196229188654e-164}