{"correlation": -0.009928992676289137, "p_value": 0.0017010923392811695}