{"correlation": -0.08978166976446823, "p_value": 8.221130712032797e-178}