{"correlation": -0.09148933336853955, "p_value": 1.372455459276955e-184}