{"correlation": 0.10754494971396938, "p_value": 1.1522170787649772e-254}