{"correlation": 0.06097874447848813, "p_value": 6.592763412494593e-83}