{"correlation": 0.04713907156161667, "p_value": 3.0167123183760564e-50}