{"correlation": 0.012764077361925946, "p_value": 5.481963968110326e-05}