{"correlation": -0.05371150252335508, "p_value": 1.0248394928010946e-64}