{"correlation": 0.1047811096692359, "p_value": 8.820141845121172e-242}