{"correlation": -0.06941215647648721, "p_value": 6.476642400328341e-107}