{"correlation": 0.08753876914100334, "p_value": 4.1687174901175746e-169}