{"correlation": 0.006123655222479632, "p_value": 0.052952119845933385}