{"correlation": 0.019607512327498744, "p_value": 5.745177046202498e-10}