{"correlation": -0.01185469226435416, "p_value": 0.00017922156191079808}