{"correlation": -0.05220765294331821, "p_value": 3.0711267081573396e-61}