{"correlation": -0.029395799343938756, "p_value": 1.5123542767412415e-20}