{"correlation": -0.11453727282051769, "p_value": 8.589764462263815e-289}