{"correlation": 0.10791694655215486, "p_value": 2.001110194055026e-256}