{"correlation": -0.07495346748412407, "p_value": 2.1721901349658396e-124}