{"correlation": 0.005086113324951052, "p_value": 0.10796593367998718}