{"correlation": 0.055740571792262834, "p_value": 1.457089303882219e-69}