{"correlation": 0.02013214288057543, "p_value": 1.9769783240133582e-10}