{"correlation": 0.11038408665731216, "p_value": 2.948905439962506e-268}