{"correlation": 0.09782357234965733, "p_value": 7.333574484440478e-211}