{"correlation": 0.0316248908860796, "p_value": 1.5693844156445886e-23}