{"correlation": 0.08314733183543639, "p_value": 1.0432373789824202e-152}