{"correlation": 0.09678724966195193, "p_value": 1.931354909340126e-206}