{"correlation": 0.07461268812017122, "p_value": 2.8218030431527897e-123}