{"correlation": -0.11624642454879504, "p_value": 1.808078516529368e-297}