{"correlation": 0.08622975887907544, "p_value": 3.957434264287666e-164}