{"correlation": -0.05606949406846322, "p_value": 2.2951660315970863e-70}