{"correlation": 0.027982498817019023, "p_value": 9.136642730835876e-19}