{"correlation": 0.05857089522412299, "p_value": 1.264871990373725e-76}