{"correlation": 0.039638996105812445, "p_value": 4.972583944700202e-36}