{"correlation": 0.03340353666533987, "p_value": 4.5835158790464567e-26}