{"correlation": 0.053315421332923746, "p_value": 8.627627205827666e-64}