{"correlation": -0.03664988023879912, "p_value": 4.821131958086991e-31}