{"correlation": 0.06695209559574003, "p_value": 1.3697733401541722e-99}