{"correlation": -0.1128555753845862, "p_value": 2.2019663359387792e-280}