{"correlation": -0.0013178606399702906, "p_value": 0.6770507093644001}