{"correlation": 0.022204454758004005, "p_value": 2.2464282517697436e-12}