{"correlation": -0.030512402460015926, "p_value": 5.148510836632409e-22}