{"correlation": 0.11688690329661484, "p_value": 9.370693183827461e-301}