{"correlation": 0.07110128811709997, "p_value": 4.243761670480651e-112}