{"correlation": -0.02472517003472397, "p_value": 5.4863380236074975e-15}