{"correlation": 0.1133975296352383, "p_value": 4.434508375658534e-283}