{"correlation": -0.10304596211736226, "p_value": 7.230692531869527e-234}