{"correlation": -0.046058175163557494, "p_value": 4.7763093582087817e-48}