{"correlation": 0.07597391180199296, "p_value": 9.367217775193052e-128}