{"correlation": -0.08396611519979506, "p_value": 1.0608401829934063e-155}