{"correlation": 0.05620415866898628, "p_value": 1.0735648738439677e-70}