{"correlation": 0.01605081861127107, "p_value": 3.916813648696827e-07}