{"correlation": 0.03517355645913766, "p_value": 1.0079431918357241e-28}