{"correlation": 0.06286766031770033, "p_value": 5.160071200264347e-88}