{"correlation": 0.07545585534991509, "p_value": 4.850906981571776e-126}