{"correlation": 0.04535573088063658, "p_value": 1.2058810296910942e-46}