{"correlation": 0.028685328772101625, "p_value": 1.2183395612285954e-19}