{"correlation": -0.0228592357691432, "p_value": 5.000840225769459e-13}