{"correlation": 0.046214489018018244, "p_value": 2.3128315597304928e-48}