{"correlation": -0.0573025279781052, "p_value": 2.0407424440625443e-73}