{"correlation": 0.008332428964431688, "p_value": 0.008453724142490418}