{"correlation": -0.10042443535952407, "p_value": 3.631157733765237e-222}