{"correlation": 0.11626660726807127, "p_value": 1.4255064743858616e-297}