{"correlation": 0.06346648481118652, "p_value": 1.1513612801205995e-89}