{"correlation": 0.01565922561236433, "p_value": 7.452826562522956e-07}