{"correlation": 0.1098219919608579, "p_value": 1.546470209375256e-265}