{"correlation": 0.034178836967922746, "p_value": 3.2636268303996066e-27}