{"correlation": 0.05490932905476012, "p_value": 1.482283714117721e-67}