{"correlation": 0.024122719209218123, "p_value": 2.4451264387400316e-14}