{"correlation": -0.021580372338905498, "p_value": 9.043401850232108e-12}