{"correlation": 0.09155615481213844, "p_value": 7.407331117473388e-185}