{"correlation": -0.01978208459356125, "p_value": 4.0405090118984543e-10}