{"correlation": -0.040344187033616266, "p_value": 2.90907203072601e-37}