{"correlation": 0.015426138151610053, "p_value": 1.085338090875369e-06}