{"correlation": 0.0753985809799527, "p_value": 7.492279970411607e-126}