{"correlation": 0.08333489249674893, "p_value": 2.1649556846897205e-153}