{"correlation": 0.0033074165647158323, "p_value": 0.29590086280680733}