{"correlation": 0.09129781014942119, "p_value": 8.018081636576235e-184}