{"correlation": -0.00047803818360469847, "p_value": 0.8799149026435977}