{"correlation": -0.06772759870881337, "p_value": 7.179763068388404e-102}