{"correlation": 0.044921619495406184, "p_value": 8.652789093130858e-46}