{"correlation": 0.062401634971059196, "p_value": 9.705106948921564e-87}