{"correlation": 0.08278453048721338, "p_value": 2.1626069360514514e-151}