{"correlation": -0.062210685549114755, "p_value": 3.209259405294977e-86}