{"correlation": 0.04254213685366141, "p_value": 3.040699167670323e-41}