{"correlation": 0.016293656000024748, "p_value": 2.608795708020561e-07}