{"correlation": 0.06764256135585466, "p_value": 1.2807650361218593e-101}