{"correlation": -0.04172834348025793, "p_value": 9.578159306392604e-40}