{"correlation": 0.08321371411407774, "p_value": 5.982104945196128e-153}