{"correlation": 0.04314686020735805, "p_value": 2.2438133401407206e-42}