{"correlation": 0.018039365716441665, "p_value": 1.1872593316109785e-08}