{"correlation": -0.012784809684629727, "p_value": 5.331005366913223e-05}