{"correlation": 0.008190069059401095, "p_value": 0.009642383800314102}