{"correlation": 0.002090310432756942, "p_value": 0.5088603811642032}