{"correlation": 0.07173495404144704, "p_value": 4.475247269967124e-114}