{"correlation": 0.03318272213119626, "p_value": 9.622172022613862e-26}