{"correlation": 0.04172323289401293, "p_value": 9.785896461169374e-40}