{"correlation": 0.016425695184346945, "p_value": 2.086574509680069e-07}