{"correlation": -0.0627158843484556, "p_value": 1.3450258898892994e-87}