{"correlation": 0.026255951020102742, "p_value": 1.0477437066086905e-16}