{"correlation": 0.07628260591114404, "p_value": 8.80118780711508e-129}