{"correlation": -0.031559473953208364, "p_value": 1.9335100723065785e-23}