{"correlation": 0.06863203830748833, "p_value": 1.4556769833388093e-104}