{"correlation": 0.026538169924258875, "p_value": 4.924523759266654e-17}