{"correlation": 0.07706563194191303, "p_value": 2.0915342768662238e-131}