{"correlation": -0.014765707437083619, "p_value": 3.0601082365175434e-06}