{"correlation": -0.00919450601215955, "p_value": 0.003662538974043486}