{"correlation": 0.05807692460031416, "p_value": 2.289130414204429e-75}