{"correlation": 0.011850417279371658, "p_value": 0.0001801889449430285}