{"correlation": -0.10077729956348376, "p_value": 1.006860363575183e-223}