{"correlation": 0.059233332085177226, "p_value": 2.504823230328855e-78}