{"correlation": 0.08041872291430727, "p_value": 5.994487382878914e-143}