{"correlation": -0.0021247578973233264, "p_value": 0.501902127445802}