{"correlation": 0.04237999525124285, "p_value": 6.078416943810779e-41}