{"correlation": 0.06903171460601212, "p_value": 9.15280583434877e-106}