{"correlation": 0.06130509932808911, "p_value": 8.871003678666147e-84}