{"correlation": 0.09233795185587354, "p_value": 5.2636757059559464e-188}