{"correlation": -0.0441395041285464, "p_value": 2.8737107092360497e-44}