{"correlation": 0.04893052533378705, "p_value": 5.274279490347666e-54}