{"correlation": 0.11608327144431684, "p_value": 1.2336139286213866e-296}