{"correlation": 0.10670810128469979, "p_value": 9.971206966270106e-251}