{"correlation": 0.08979924156259622, "p_value": 7.012151912349607e-178}