{"correlation": 0.026563457809310492, "p_value": 4.600628804609934e-17}