{"correlation": 0.015956901854235078, "p_value": 4.576425439494231e-07}