{"correlation": 0.04163379482414289, "p_value": 1.4239580883934354e-39}