{"correlation": 0.10380908836275331, "p_value": 2.4848379170403273e-237}