{"correlation": 0.01042658197544994, "p_value": 0.000983304301937174}