{"correlation": 0.009869361337933043, "p_value": 0.0018137638232693747}