{"correlation": 0.0860396159229561, "p_value": 2.0611172243571278e-163}