{"correlation": -0.030250643909741744, "p_value": 1.1498075813853703e-21}