{"correlation": 0.028370778323463547, "p_value": 3.0199929575841567e-19}