{"correlation": 0.02221349772938047, "p_value": 2.2009306388864375e-12}