{"correlation": 0.029751572268067922, "p_value": 5.220978576874028e-21}