{"correlation": -0.10343839628547156, "p_value": 1.2054516332679196e-235}