{"correlation": -0.07240437596608099, "p_value": 3.492631197382406e-116}