{"correlation": -0.029778135658764943, "p_value": 4.8199889102770065e-21}