{"correlation": -0.0180515517697552, "p_value": 1.1607167584048803e-08}