{"correlation": -0.041691160722543794, "p_value": 1.1195787322556244e-39}