{"correlation": 0.028011338110843713, "p_value": 8.419757200907358e-19}