{"correlation": 0.026634194271956593, "p_value": 3.8020788013884547e-17}