{"correlation": 0.02046658963732479, "p_value": 9.875259143304908e-11}