{"correlation": 0.022063248837819127, "p_value": 3.0888584156042094e-12}