{"correlation": -0.008396831616997804, "p_value": 0.007960407897907477}