{"correlation": 0.10926488215439226, "p_value": 7.428338312456776e-263}