{"correlation": 0.08286187424668001, "p_value": 1.1344561627311227e-151}