{"correlation": 0.05356647358897889, "p_value": 2.2399252276907868e-64}