{"correlation": 0.09095268253106767, "p_value": 1.9113084939661392e-182}