{"correlation": 0.047246260696054344, "p_value": 1.8140220149994042e-50}