{"correlation": 0.07526708433518028, "p_value": 2.030084241357555e-125}