{"correlation": 0.004895265345963428, "p_value": 0.12184217527197416}