{"correlation": 0.02256923464388728, "p_value": 9.778421944424526e-13}