{"correlation": -0.0034787970673920312, "p_value": 0.27158184075242975}