{"correlation": -0.044434488652468164, "p_value": 7.723081322456221e-45}