{"correlation": -0.0550891159606315, "p_value": 5.486592342433712e-68}