{"correlation": 0.06577731527621618, "p_value": 3.476146854207025e-96}