{"correlation": 0.11484970503619361, "p_value": 2.2788468564898925e-290}