{"correlation": 0.09878386369283405, "p_value": 5.325201836349998e-215}