{"correlation": 0.00045047074635992586, "p_value": 0.8867918650713436}