{"correlation": 0.07224773909951296, "p_value": 1.0916604320897719e-115}