{"correlation": -0.06131493104912153, "p_value": 8.349451982340349e-84}