{"correlation": 0.07390818506524167, "p_value": 5.4519591514824935e-121}