{"correlation": -0.010592514002375287, "p_value": 0.000814835748432117}