{"correlation": -0.011061550738910216, "p_value": 0.0004723758605901306}