{"correlation": -0.07291243348294629, "p_value": 8.518950001667202e-118}