{"correlation": 0.11161730455574193, "p_value": 2.8378501921989533e-274}