{"correlation": 0.05309939737991078, "p_value": 2.7392721871847483e-63}