{"correlation": -0.010492305295228618, "p_value": 0.0009130496195216734}