{"correlation": 0.050821677095707285, "p_value": 4.019442391401583e-58}