{"correlation": 0.017743660540255075, "p_value": 2.045954700943978e-08}