{"correlation": 0.03286361869667696, "p_value": 2.786072548004662e-25}