{"correlation": -0.09777403178528908, "p_value": 1.1959862324602396e-210}