{"correlation": 0.03204214128142529, "p_value": 4.105858422857154e-24}