{"correlation": 0.11242885625803274, "p_value": 2.859089058523855e-278}