{"correlation": 0.06060593400135273, "p_value": 6.43366235462445e-82}