{"correlation": 0.022302700219751753, "p_value": 1.7978913136202676e-12}