{"correlation": 0.10197806536815229, "p_value": 4.599331747924256e-229}