{"correlation": 0.07675205787684407, "p_value": 2.3689637656082377e-130}