{"correlation": -0.06427903731867371, "p_value": 6.240668802436498e-92}