{"correlation": 0.07711071129982563, "p_value": 1.4742540072920687e-131}