{"correlation": 0.06550492121362773, "p_value": 2.098157966233319e-95}