{"correlation": 0.014399548085206881, "p_value": 5.339009340865002e-06}