{"correlation": 0.051874827851897405, "p_value": 1.7515019755104588e-60}