{"correlation": -0.02195694743074846, "p_value": 3.920621526483398e-12}