{"correlation": 0.10260161992745227, "p_value": 7.312662334664925e-232}