{"correlation": 0.06052708896756052, "p_value": 1.0397379965327616e-81}