{"correlation": 0.10060627606474297, "p_value": 5.732385846128026e-223}