{"correlation": 0.048634126086239314, "p_value": 2.256652911242103e-53}