{"correlation": 0.040003762047021316, "p_value": 1.1523423565398674e-36}