{"correlation": -0.03233788750619041, "p_value": 1.5707526352775587e-24}