{"correlation": 0.007937079569101654, "p_value": 0.012126583356025945}