{"correlation": 0.043593114365210066, "p_value": 3.2023158382512186e-43}