{"correlation": -0.0028064189982047864, "p_value": 0.37511655852594283}