{"correlation": 0.02010576101375538, "p_value": 2.0872713172599873e-10}