{"correlation": 0.0023683224673380367, "p_value": 0.45417354239256025}