{"correlation": 0.03972528866594174, "p_value": 3.522741053245791e-36}