{"correlation": -0.034860194148954166, "p_value": 3.046626598859749e-28}