{"correlation": -0.08708577205381471, "p_value": 2.2443029830158935e-167}