{"correlation": 0.11539306681007797, "p_value": 4.035426866190285e-293}