{"correlation": -0.009649085854119083, "p_value": 0.002292030876450168}