{"correlation": 0.014349019229442539, "p_value": 5.75941140379333e-06}