{"correlation": 0.037942579421944844, "p_value": 3.750318649092479e-33}