{"correlation": -0.02477582311883957, "p_value": 4.830657120634156e-15}