{"correlation": -0.08063479508082769, "p_value": 1.0397379373130718e-143}