{"correlation": -0.0015530852637785787, "p_value": 0.6235463162931774}