{"correlation": 0.08014863957573198, "p_value": 5.31941480330753e-142}