{"correlation": 0.059997034402254346, "p_value": 2.578255624544452e-80}