{"correlation": 0.09770841267633285, "p_value": 2.2851075055737797e-210}