{"correlation": 0.10783796762931758, "p_value": 4.737106228171625e-256}