{"correlation": -0.06108798850400224, "p_value": 3.372842681364085e-83}