{"correlation": 0.1052701669954537, "p_value": 4.9047312943883243e-244}