{"correlation": 0.11367530127261515, "p_value": 1.8194264261104263e-284}