{"correlation": 0.08328167633069919, "p_value": 3.3835646392290634e-153}