{"correlation": -0.08143101016820502, "p_value": 1.5685906404573226e-146}