{"correlation": 0.07019118133386937, "p_value": 2.7305986553462517e-109}