{"correlation": 0.08319877081986789, "p_value": 6.780185386997492e-153}