{"correlation": 0.10449318725730566, "p_value": 1.8533932102549088e-240}