{"correlation": -0.10270545371778148, "p_value": 2.4909371305096068e-232}