{"correlation": 0.11201845774323246, "p_value": 3.0274677541138036e-276}