{"correlation": 0.02390166983751461, "p_value": 4.193179299653899e-14}