{"correlation": -0.01838453011137728, "p_value": 6.222813306650519e-09}