{"correlation": -0.11601037121930849, "p_value": 2.9068495822559483e-296}