{"correlation": -0.10173574521197276, "p_value": 5.566443282358909e-228}