{"correlation": 0.09548459523203313, "p_value": 5.950870214338891e-201}