{"correlation": 0.07766724570560787, "p_value": 1.931861862876094e-133}