{"correlation": 0.10826498689075667, "p_value": 4.453936972837953e-258}