{"correlation": -0.008743039213152969, "p_value": 0.00572439183191829}