{"correlation": 0.08858431253139079, "p_value": 3.889018509031874e-173}