{"correlation": -0.019590934921345917, "p_value": 5.939535267728294e-10}