{"correlation": 0.06084553279437496, "p_value": 1.4903634348077418e-82}