{"correlation": 0.0614071180643673, "p_value": 4.728375052749485e-84}