{"correlation": 0.03096905906523094, "p_value": 1.2469841953141228e-22}