{"correlation": -0.08190920810143237, "p_value": 3.0728178021517645e-148}