{"correlation": 0.11043015201887302, "p_value": 1.762564740573602e-268}