{"correlation": 0.0968334287654809, "p_value": 1.2299835252477306e-206}