{"correlation": 0.027931248793577876, "p_value": 1.0562390050996393e-18}