{"correlation": -0.1028121304902702, "p_value": 8.228898433039128e-233}