{"correlation": 0.055543990034762854, "p_value": 4.3747372833313957e-69}