{"correlation": 0.08532069791238678, "p_value": 1.021842641559776e-160}