{"correlation": 0.11232950520027128, "p_value": 8.853361806947494e-278}