{"correlation": -0.014570380685317014, "p_value": 4.1245909687444316e-06}