{"correlation": -0.027424559745664368, "p_value": 4.368229315093098e-18}