{"correlation": -0.11335854321093865, "p_value": 6.937869081235718e-283}