{"correlation": 0.06729910646927821, "p_value": 1.316583636961642e-100}