{"correlation": 0.056346959865254044, "p_value": 4.786736028118596e-71}