{"correlation": 0.04174916522366561, "p_value": 8.77615567937675e-40}