{"correlation": -0.06414246209056057, "p_value": 1.5070347854079711e-91}