{"correlation": 0.07015733846213974, "p_value": 3.4673047126641152e-109}