{"correlation": -0.045673141020977456, "p_value": 2.820645800653671e-47}