{"correlation": -0.06827751052814322, "p_value": 1.6710144442057887e-103}