{"correlation": -0.006742636722833305, "p_value": 0.033094294992940476}