{"correlation": -0.05864266239492268, "p_value": 8.287888749804411e-77}