{"correlation": 0.05365626460064691, "p_value": 1.3807043706395424e-64}