{"correlation": 0.041856745554472434, "p_value": 5.581926185086505e-40}