{"correlation": -0.004739319617048341, "p_value": 0.13418466832391707}