{"correlation": 0.03761109244464188, "p_value": 1.323707898056445e-32}