{"correlation": 0.04207288763278081, "p_value": 2.2409577379741324e-40}