{"correlation": 0.09555926424377184, "p_value": 2.897382336079195e-201}