{"correlation": -0.09571763479627081, "p_value": 6.283812435781826e-202}