{"correlation": -0.020124536496698875, "p_value": 2.0081799629400958e-10}