{"correlation": 0.09893854287188443, "p_value": 1.1371075422205007e-215}