{"correlation": -0.07660280143392079, "p_value": 7.494940796238397e-130}