{"correlation": 0.0030882801450687384, "p_value": 0.32906010669480035}