{"correlation": -0.0031118758002245538, "p_value": 0.32537818322844114}