{"correlation": -0.03786880322408366, "p_value": 4.9702900599367995e-33}