{"correlation": -0.00988299799368487, "p_value": 0.0017874091251703118}