{"correlation": -0.09453324153429124, "p_value": 5.436826217552373e-197}