{"correlation": 0.044028759742915084, "p_value": 4.695744926784184e-44}