{"correlation": -0.005341571237510899, "p_value": 0.09138460538314297}