{"correlation": 0.04125342441149019, "p_value": 6.956721450390861e-39}