{"correlation": 0.009037672265075522, "p_value": 0.004286308716053749}