{"correlation": -0.07429273645506132, "p_value": 3.1005506967805727e-122}