{"correlation": 0.11172133028118311, "p_value": 8.75660499818095e-275}