{"correlation": -0.07807639340346449, "p_value": 7.820511859996006e-135}