{"correlation": 0.10075581079248798, "p_value": 1.2530007177406132e-223}