{"correlation": -0.10020833944487606, "p_value": 3.2423549897828144e-221}