{"correlation": 0.070205701674202, "p_value": 2.4645358548924086e-109}