{"correlation": 0.05147489813351799, "p_value": 1.3982596995664957e-59}