{"correlation": -0.03310408134412952, "p_value": 1.2516084576302703e-25}