{"correlation": 0.04815892946215248, "p_value": 2.278303470200537e-52}