{"correlation": 0.10977154170196621, "p_value": 2.7086277522899034e-265}