{"correlation": 0.11687716367148507, "p_value": 1.0516506640389425e-300}