{"correlation": 0.08584547450328704, "p_value": 1.1071601371057466e-162}