{"correlation": -0.07886456109139388, "p_value": 1.547016733535332e-137}