{"correlation": 0.0176657134663801, "p_value": 2.3582072304034107e-08}