{"correlation": -0.029127095330097816, "p_value": 3.348912801981481e-20}