{"correlation": -0.009815069107271158, "p_value": 0.0019222707692197543}