{"correlation": 0.0887474727300672, "p_value": 9.047902036757722e-174}