{"correlation": 0.04267920502246491, "p_value": 1.6896040318320901e-41}