{"correlation": 0.0210060722062119, "p_value": 3.149644569187379e-11}