{"correlation": -0.11324518483740664, "p_value": 2.5469791959645077e-282}