{"correlation": 0.023241271869635937, "p_value": 2.041325611182458e-13}