{"correlation": 0.0710092331974117, "p_value": 8.193677951753005e-112}