{"correlation": -0.07313720569313137, "p_value": 1.6339956821533637e-118}