{"correlation": -0.10031507918358962, "p_value": 1.1001949434192181e-221}