{"correlation": -0.041245588437610274, "p_value": 7.186721017673054e-39}