{"correlation": 0.10579897312479379, "p_value": 1.7395188975514858e-246}