{"correlation": -0.06904179229529897, "p_value": 8.534300747225407e-106}