{"correlation": -0.018368437365102155, "p_value": 6.414745169954766e-09}