{"correlation": 0.05769356558772353, "p_value": 2.129783161657517e-74}