{"correlation": 0.05026058594503985, "p_value": 6.953291507728914e-57}