{"correlation": -0.10560978724204212, "p_value": 1.313555367287619e-245}