{"correlation": 0.020367383153890292, "p_value": 1.2146865273127493e-10}