{"correlation": 0.023652781195207327, "p_value": 7.652188197183474e-14}