{"correlation": 0.07386904314234763, "p_value": 7.293276180322457e-121}