{"correlation": 0.10715491294282214, "p_value": 7.952296895163903e-253}