{"correlation": 0.08805348509131429, "p_value": 4.385618923665713e-171}