{"correlation": 0.09873838109845434, "p_value": 8.381081768254013e-215}