{"correlation": 0.07740429740039535, "p_value": 1.5036843482882357e-132}