{"correlation": 0.054021402077334406, "p_value": 1.9141161772133314e-65}