{"correlation": 0.11061340785292151, "p_value": 2.269951690534202e-269}