{"correlation": -0.10368704622430631, "p_value": 8.933187804452948e-237}