{"correlation": 0.0595812960867327, "p_value": 3.136184145712048e-79}