{"correlation": -0.015539946539890354, "p_value": 9.03948025929974e-07}