{"correlation": -0.04992380406244028, "p_value": 3.790555031633169e-56}