{"correlation": 0.020087036353582673, "p_value": 2.16917630860623e-10}