{"correlation": 0.11264875192610373, "p_value": 2.3343807695359775e-279}