{"correlation": 0.11468475911758799, "p_value": 1.5503861274566175e-289}