{"correlation": 0.04013513183875666, "p_value": 6.783836956205298e-37}