{"correlation": 0.027375014724775455, "p_value": 5.0118774104919056e-18}