{"correlation": 0.11058234357614811, "p_value": 3.21374489199202e-269}