{"correlation": 0.04002003925736842, "p_value": 1.0792227589829743e-36}