{"correlation": -0.10559384620365136, "p_value": 1.557249146817612e-245}