{"correlation": 0.10891982551245857, "p_value": 3.3478667822429696e-261}