{"correlation": -0.11448087562934328, "p_value": 1.652130456329986e-288}