{"correlation": 0.1139729328909412, "p_value": 5.888493580962316e-286}