{"correlation": -0.046229322574706584, "p_value": 2.1587457741867155e-48}