{"correlation": 0.10851466068055526, "p_value": 2.883503525671729e-259}