{"correlation": 0.06624408229211054, "p_value": 1.5692041486075026e-97}