{"correlation": 0.11684935236438142, "p_value": 1.461863607483727e-300}