{"correlation": -0.05750909394814247, "p_value": 6.19679460559349e-74}