{"correlation": 0.03385977877967944, "p_value": 9.751478120953293e-27}