{"correlation": 0.1169405989035732, "p_value": 4.960086842902099e-301}