{"correlation": 0.04943904558984102, "p_value": 4.2673552877081805e-55}