{"correlation": -0.06647162724390665, "p_value": 3.438232084116303e-98}