{"correlation": 0.10694610663288603, "p_value": 7.623853114907311e-252}