{"correlation": -0.008856496310582421, "p_value": 0.0051257485097825845}