{"correlation": -0.03140019603668972, "p_value": 3.2078265880148727e-23}