{"correlation": 0.007804083045420808, "p_value": 0.013647669074143345}