{"correlation": -0.017709865993655205, "p_value": 2.1760654038376086e-08}