{"correlation": -0.04411394069007085, "p_value": 3.218978347148748e-44}