{"correlation": -0.052311723557339665, "p_value": 1.7777848256516822e-61}