{"correlation": -0.0369587045182632, "p_value": 1.5341353795371817e-31}