{"correlation": 0.00485521823259657, "p_value": 0.12492369377595468}