{"correlation": 0.033497023458051695, "p_value": 3.3435464394958954e-26}