{"correlation": -0.03580170635735074, "p_value": 1.0658804833598247e-29}