{"correlation": 0.10042191523080626, "p_value": 3.725165953120719e-222}