{"correlation": 0.07349140282175129, "p_value": 1.1986002295969488e-119}