{"correlation": 0.1141611047556475, "p_value": 6.698297159965789e-287}