{"correlation": -0.07687422654144005, "p_value": 9.212941387108807e-131}