{"correlation": 0.01059351598805008, "p_value": 0.000813905184468243}