{"correlation": 0.11573155008787932, "p_value": 7.672317598232945e-295}