{"correlation": 0.0005660935616267028, "p_value": 0.8580117216672387}