{"correlation": 0.08715192208162395, "p_value": 1.255635204796152e-167}