{"correlation": -0.11076334816266173, "p_value": 4.2324162933893676e-270}