{"correlation": 0.09807551285453497, "p_value": 6.072954899844578e-212}