{"correlation": -0.08751000798037853, "p_value": 5.372550837747109e-169}