{"correlation": -0.08671470266752396, "p_value": 5.785041379360516e-166}