{"correlation": 0.07694992728471858, "p_value": 5.127622564129666e-131}