{"correlation": -0.06132623994551318, "p_value": 7.787252649502957e-84}