{"correlation": 0.0721213268352534, "p_value": 2.733588320883203e-115}