{"correlation": 0.11719005376803883, "p_value": 2.571875866500946e-302}