{"correlation": 0.11116731777292427, "p_value": 4.5324078958563455e-272}