{"correlation": 0.06766376710699716, "p_value": 1.1087093821430503e-101}