{"correlation": 0.057477828639113125, "p_value": 7.423908935608906e-74}