{"correlation": -0.005283323628468236, "p_value": 0.09497279518080491}