{"correlation": 0.010453374319849452, "p_value": 0.0009540812313323016}