{"correlation": -0.06135942154831684, "p_value": 6.346370625911874e-84}