{"correlation": -0.00260767788114217, "p_value": 0.4098711255583368}