{"correlation": 0.09124132873412057, "p_value": 1.3484235883044446e-183}