{"correlation": -0.0048749096164053905, "p_value": 0.12340098490789318}