{"correlation": -0.06740906787308901, "p_value": 6.251927755225474e-101}