{"correlation": -0.08795600159114227, "p_value": 1.041228820195169e-170}