{"correlation": 0.027742094163124953, "p_value": 1.799769667665921e-18}