{"correlation": 0.09385227668052054, "p_value": 3.5128841016225585e-194}