{"correlation": 0.11174916757153293, "p_value": 6.391491358538417e-275}