{"correlation": -0.08225981777509324, "p_value": 1.6937447732435139e-149}