{"correlation": -0.0030710326450774372, "p_value": 0.33176846384370984}