{"correlation": 0.10869555792279882, "p_value": 3.952102832343346e-260}