{"correlation": 0.11212622407515613, "p_value": 8.914742319555047e-277}