{"correlation": 0.05204694796272076, "p_value": 7.12837212946314e-61}