{"correlation": -0.02001799884445533, "p_value": 2.4991801576507367e-10}