{"correlation": 0.03747948222484105, "p_value": 2.1773906717930267e-32}