{"correlation": 0.08300909162541018, "p_value": 3.316949103632575e-152}