{"correlation": 0.11038262942963398, "p_value": 2.997298307205285e-268}