{"correlation": 0.10644230972972889, "p_value": 1.7485328911118028e-249}