{"correlation": 0.02691629442142393, "p_value": 1.768851202524662e-17}