{"correlation": -0.020745190172419353, "p_value": 5.492892970647438e-11}