{"correlation": -0.04261135166173631, "p_value": 2.260547937611987e-41}