{"correlation": 0.08165153733211929, "p_value": 2.5651417639653037e-147}