{"correlation": 0.0031087989848557276, "p_value": 0.3258567717977683}