{"correlation": -0.016109364736037742, "p_value": 3.553110516636965e-07}