{"correlation": -0.05818319609433862, "p_value": 1.2302939965746657e-75}