{"correlation": 0.03603359276317234, "p_value": 4.6047044637500324e-30}