{"correlation": 0.009567262905031352, "p_value": 0.0024973292203838643}