{"correlation": 0.0826933143070233, "p_value": 4.624689287506635e-151}