{"correlation": 0.06571622823059926, "p_value": 5.205587037582262e-96}