{"correlation": -0.043218189147246636, "p_value": 1.6459601068164614e-42}