{"correlation": -0.0519651586120193, "p_value": 1.0931360358987543e-60}