{"correlation": -0.02381627115504031, "p_value": 5.157976246614828e-14}