{"correlation": 0.04506549325214073, "p_value": 4.512482521464304e-46}