{"correlation": 0.07362326138601262, "p_value": 4.5174179125722395e-120}