{"correlation": -0.03891240274036044, "p_value": 8.796195735881393e-35}