{"correlation": 0.02927242500757524, "p_value": 2.1805166371627936e-20}