{"correlation": 0.00042541377918266416, "p_value": 0.893049984389219}