{"correlation": 0.09932885104996957, "p_value": 2.2859576239958994e-217}