{"correlation": 0.03880362667455782, "p_value": 1.3462282263021127e-34}