{"correlation": 0.09021325781768119, "p_value": 1.6377888945995635e-179}