{"correlation": 0.06151066909651464, "p_value": 2.4939114864609543e-84}