{"correlation": 0.09362476031546149, "p_value": 3.0200736433256267e-193}