{"correlation": -0.07986485656120355, "p_value": 5.231153949961477e-141}