{"correlation": 0.10564239799412496, "p_value": 9.272887810545905e-246}