{"correlation": -0.03589724733437461, "p_value": 7.5475728852284e-30}