{"correlation": 0.0547751797118625, "p_value": 3.1050996629447746e-67}