{"correlation": 0.06484901779533822, "p_value": 1.5433098480032358e-93}