{"correlation": -0.03202089280185862, "p_value": 4.3978483531451114e-24}