{"correlation": -0.017566909275378875, "p_value": 2.8210127880981684e-08}