{"correlation": 0.11643742425843287, "p_value": 1.9027849600916008e-298}