{"correlation": 0.11092741737642085, "p_value": 6.718425837678617e-271}