{"correlation": 0.10658956401664108, "p_value": 3.580166045072813e-250}