{"correlation": 0.10438925917947531, "p_value": 5.551630037527744e-240}