{"correlation": 0.1095763785002401, "p_value": 2.3619880270732965e-264}