{"correlation": 0.08312365639686511, "p_value": 1.271973528985257e-152}