{"correlation": 0.019010126956818082, "p_value": 1.873402922160416e-09}