{"correlation": 0.00392243628636834, "p_value": 0.2151106988788902}