{"correlation": -0.08727005843555231, "p_value": 4.445786779251848e-168}