{"correlation": 0.09774481118718208, "p_value": 1.5957369630920964e-210}