{"correlation": 0.055460743990419906, "p_value": 6.960413636639686e-69}