{"correlation": 0.0823775185290594, "p_value": 6.383869551370032e-150}