{"correlation": 0.06997810915372193, "p_value": 1.226087077086217e-108}