{"correlation": -0.08372138790026139, "p_value": 8.380297275840443e-155}