{"correlation": -0.031238234594299065, "p_value": 5.353757245649157e-23}