{"correlation": 0.10033880040701629, "p_value": 8.651388285482273e-222}