{"correlation": 0.01659016081598521, "p_value": 1.5760816554269894e-07}