{"correlation": 0.08599452922057994, "p_value": 3.046555611579268e-163}