{"correlation": 0.01408528046808747, "p_value": 8.520469579637791e-06}