{"correlation": -0.03592563973806476, "p_value": 6.810584131151879e-30}