{"correlation": 0.1070848625436034, "p_value": 1.698421707765195e-252}