{"correlation": -0.0011731334192412225, "p_value": 0.7108222179375236}