{"correlation": -0.0629079166906179, "p_value": 4.000632049567946e-88}