{"correlation": 0.027925577371218945, "p_value": 1.0733077330340478e-18}