{"correlation": -0.10903084147841866, "p_value": 9.845681129632609e-262}