{"correlation": 0.013096057391593674, "p_value": 3.488262625401958e-05}