{"correlation": 0.06153101970855377, "p_value": 2.1989962793040386e-84}