{"correlation": 0.09768444188300701, "p_value": 2.8945065886714245e-210}