{"correlation": 0.007526011915199023, "p_value": 0.017382229514741287}