{"correlation": -0.06579427089437465, "p_value": 3.1073638656892044e-96}