{"correlation": 0.015125618849860223, "p_value": 1.7485326800689155e-06}