{"correlation": -0.009936594866563413, "p_value": 0.00168720042470919}