{"correlation": -0.07017449616074582, "p_value": 3.0718997922525514e-109}