{"correlation": 0.030409828346159767, "p_value": 7.059468903532322e-22}