{"correlation": 0.06765294154338329, "p_value": 1.1934493259213869e-101}