{"correlation": -0.022966116248681678, "p_value": 3.8976753224379056e-13}