{"correlation": 0.024824246748379387, "p_value": 4.276220704871607e-15}