{"correlation": 0.043390551186203795, "p_value": 7.768442296971643e-43}