{"correlation": -0.04367697140290407, "p_value": 2.21622918891615e-43}