{"correlation": -0.09419940761745893, "p_value": 1.305103327730965e-195}