{"correlation": 0.07888069543800184, "p_value": 1.3610098900612543e-137}