{"correlation": 0.01901998799115673, "p_value": 1.8377250600568889e-09}