{"correlation": -0.07875375719401395, "p_value": 3.726093309268052e-137}