{"correlation": -0.018591345572084916, "p_value": 4.202099337164704e-09}