{"correlation": 0.05600167254847186, "p_value": 3.3628389634713306e-70}