{"correlation": 0.08903211412594185, "p_value": 7.061709252408066e-175}