{"correlation": -0.02424144273609255, "p_value": 1.82654092767484e-14}