{"correlation": 0.03257804811993843, "p_value": 7.152663196651286e-25}