{"correlation": -0.04409704258133041, "p_value": 3.4695612901035364e-44}