{"correlation": 0.111303677543396, "p_value": 9.763638300152065e-273}