{"correlation": -0.057471944420818474, "p_value": 7.68060258502626e-74}