{"correlation": 0.0492168264146184, "p_value": 1.2845176326454396e-54}