{"correlation": 0.0076566779407840485, "p_value": 0.015528265418335683}