{"correlation": 0.0706396083384507, "p_value": 1.1402547698299447e-110}