{"correlation": -0.06375591429051254, "p_value": 1.8087995059270006e-90}