{"correlation": -0.08829185811994142, "p_value": 5.272556715597823e-172}