{"correlation": 0.037887607637960424, "p_value": 4.626241086309954e-33}