{"correlation": 0.008283627126193741, "p_value": 0.008845562492664357}