{"correlation": 0.07402262538101848, "p_value": 2.3264522487926587e-121}