{"correlation": 0.05417146139554445, "p_value": 8.464839251318347e-66}