{"correlation": 0.060192603488483924, "p_value": 7.911838679644243e-81}