{"correlation": 0.018950887372027478, "p_value": 2.102376616452468e-09}