{"correlation": 0.10433226600866537, "p_value": 1.0127387611910634e-239}