{"correlation": -0.1041206268416611, "p_value": 9.412627766133915e-239}