{"correlation": 0.039880097360993044, "p_value": 1.89455956165178e-36}