{"correlation": 0.08037326311820325, "p_value": 8.660869060729871e-143}