{"correlation": 0.1130608002342186, "p_value": 2.106060443480935e-281}