{"correlation": -0.058724132790045035, "p_value": 5.125598626151679e-77}