{"correlation": 0.1177227670983999, "p_value": 4.5310281588022483e-305}