{"correlation": -0.046327569674192014, "p_value": 1.3666015003550615e-48}