{"correlation": -0.0011128614221564736, "p_value": 0.725060308929888}