{"correlation": 0.04605566425508613, "p_value": 4.8321774963566554e-48}