{"correlation": 0.08530845091993615, "p_value": 1.135274060579008e-160}