{"correlation": -0.06901674951561991, "p_value": 1.0154740902635402e-105}