{"correlation": -0.08602177699282818, "p_value": 2.4057983247016928e-163}