{"correlation": -0.10798560181052239, "p_value": 9.456276423154446e-257}