{"correlation": 0.041158819568062055, "p_value": 1.0298500493269875e-38}