{"correlation": 0.07820101562686503, "p_value": 2.93463125855599e-135}