{"correlation": 0.04104197695144269, "p_value": 1.669762950088603e-38}