{"correlation": -0.006024603611605462, "p_value": 0.05690933897667136}