{"correlation": 0.007428859870454675, "p_value": 0.01888381820872537}