{"correlation": -0.025469888857302718, "p_value": 8.232352011255665e-16}