{"correlation": 0.0920784758815469, "p_value": 5.878083388166175e-187}