{"correlation": 0.0947530017849296, "p_value": 6.668033364587023e-198}