{"correlation": -0.046966524292591495, "p_value": 6.8243858980536105e-50}