{"correlation": -0.09878454454318614, "p_value": 5.28916268086589e-215}