{"correlation": 0.012335427418171606, "p_value": 9.675743260799272e-05}