{"correlation": 0.0711223537209876, "p_value": 3.650172578758833e-112}