{"correlation": 0.05052203778193829, "p_value": 1.849325412532404e-57}