{"correlation": 0.035134748717534504, "p_value": 1.1565337567351318e-28}