{"correlation": 0.0241106733247025, "p_value": 2.5183725180694316e-14}