{"correlation": 0.06925278837506622, "p_value": 1.967646924834294e-106}