{"correlation": 0.09738445676687184, "p_value": 5.549534636162346e-209}