{"correlation": 0.08725237264298581, "p_value": 5.1938922202355875e-168}