{"correlation": 0.0459875635368362, "p_value": 6.622407348617013e-48}