{"correlation": 0.08231492638682542, "p_value": 1.0727879637106365e-149}