{"correlation": -0.05451567837137289, "p_value": 1.2914435746161488e-66}