{"correlation": 0.09638840509038732, "p_value": 9.427991186368694e-205}