{"correlation": 0.0013536395510496389, "p_value": 0.6687978417297635}