{"correlation": 0.061314379388076115, "p_value": 8.377889244249716e-84}