{"correlation": 0.09915933910554342, "p_value": 1.2496820390559804e-216}