{"correlation": 0.10962235225290302, "p_value": 1.418651085598926e-264}