{"correlation": 0.043992556625778785, "p_value": 5.511955283794684e-44}