{"correlation": 0.0924993603712993, "p_value": 1.1692249048616366e-188}