{"correlation": -0.042405169207789764, "p_value": 5.459598369388965e-41}