{"correlation": -0.008151016649096263, "p_value": 0.00999349742076539}