{"correlation": 0.11295833524197581, "p_value": 6.802140223265545e-281}