{"correlation": 0.0905697845726596, "p_value": 6.355154110403936e-181}