{"correlation": 0.022255121666058218, "p_value": 2.0028990644695022e-12}