{"correlation": 0.1173365225548048, "p_value": 4.511333492003138e-303}