{"correlation": 0.10351143962674839, "p_value": 5.616247371847863e-236}