{"correlation": 0.002857094893684372, "p_value": 0.36655479960685133}