{"correlation": -0.028547610736344403, "p_value": 1.8150927005542948e-19}