{"correlation": -0.08425314019434553, "p_value": 9.322337182187755e-157}