{"correlation": 0.06317797915613874, "p_value": 7.224631366385592e-89}