{"correlation": -0.09194529009235669, "p_value": 2.0228864363674474e-186}