{"correlation": -0.05085608919758252, "p_value": 3.371248186436356e-58}