{"correlation": -0.04268344903462096, "p_value": 1.6590924276381605e-41}