{"correlation": -0.011791588637475257, "p_value": 0.00019400981289176343}