{"correlation": 0.047981398863804585, "p_value": 5.373217804438159e-52}