{"correlation": 0.05991128377974749, "p_value": 4.322683689185576e-80}