{"correlation": -0.07829586880487041, "p_value": 1.3902636143200085e-135}