{"correlation": 0.10061567789359935, "p_value": 5.2100744979488216e-223}