{"correlation": 0.06443081418743209, "p_value": 2.3375559996432456e-92}