{"correlation": 0.004979294538954716, "p_value": 0.11556975473059729}