{"correlation": -0.0676385088066975, "p_value": 1.3165590696932946e-101}