{"correlation": 0.008038362698360793, "p_value": 0.01107099818957404}