{"correlation": -0.02194421165490735, "p_value": 4.033941205419876e-12}