{"correlation": -0.03736440790955303, "p_value": 3.3597695128743797e-32}