{"correlation": -0.0957744629087985, "p_value": 3.62882253739637e-202}