{"correlation": 0.038834365271710254, "p_value": 1.1938286436838568e-34}