{"correlation": 0.04538060144488212, "p_value": 1.0765251056009408e-46}