{"correlation": 0.11830662621242183, "p_value": 4.1975523750345614e-308}