{"correlation": -0.08030533100042453, "p_value": 1.5003757674757666e-142}