{"correlation": 0.11738435671123294, "p_value": 2.5539740541557265e-303}