{"correlation": -0.07797529540752574, "p_value": 1.7300555631580157e-134}