{"correlation": 0.03431269594909175, "p_value": 2.0556685516034196e-27}