{"correlation": -0.11663267179765618, "p_value": 1.8971986351353476e-299}