{"correlation": -0.031334247865497204, "p_value": 3.952979511410599e-23}