{"correlation": 0.014907775437135017, "p_value": 2.457196848177607e-06}