{"correlation": -0.09973436625930078, "p_value": 3.881722755087825e-219}