{"correlation": 0.005212014172004329, "p_value": 0.09951833925963983}