{"correlation": -0.015969332704810487, "p_value": 4.483332796656969e-07}