{"correlation": 0.0965040138406036, "p_value": 3.0598845351861395e-205}