{"correlation": 0.10877071542964055, "p_value": 1.729046092441583e-260}