{"correlation": -0.010540176065269304, "p_value": 0.0008648382693577733}