{"correlation": 0.016816117163784478, "p_value": 1.0673500274456575e-07}