{"correlation": -0.039195910933576106, "p_value": 2.8851743581801845e-35}