{"correlation": 0.003087175897048019, "p_value": 0.32923307509984157}