{"correlation": 0.10162272025713644, "p_value": 1.777326458453624e-227}