{"correlation": 0.011472635240890174, "p_value": 0.00028797854862809867}