{"correlation": -0.08972204212431277, "p_value": 1.4100817968192327e-177}