{"correlation": 0.10615819886223135, "p_value": 3.705381296735922e-248}