{"correlation": 0.020983415409925286, "p_value": 3.306384515870662e-11}