{"correlation": 0.11340888114852352, "p_value": 3.8925627231003127e-283}