{"correlation": -0.06445192616662854, "p_value": 2.0387347198599255e-92}