{"correlation": 0.06756332804171526, "p_value": 2.194761050413792e-101}