{"correlation": 0.047824795710033584, "p_value": 1.1423371640282846e-51}