{"correlation": 0.019228701779298026, "p_value": 1.2205840607645802e-09}