{"correlation": 0.031319111916826216, "p_value": 4.146847576198541e-23}