{"correlation": -0.09396256446198553, "p_value": 1.2356921660926768e-194}