{"correlation": 0.03222255755116767, "p_value": 2.2871057406564813e-24}