{"correlation": 0.06100396710541587, "p_value": 5.648203125848526e-83}