{"correlation": 0.015159503323129703, "p_value": 1.6577188739597281e-06}