{"correlation": 0.08580776185781776, "p_value": 1.5340615098226012e-162}