{"correlation": 0.075434649860821, "p_value": 5.698211137349903e-126}