{"correlation": 0.05710617664984339, "p_value": 6.310813388964789e-73}