{"correlation": 0.017589837861698137, "p_value": 2.7063383882263137e-08}