{"correlation": 0.0870483618308179, "p_value": 3.11626224740916e-167}