{"correlation": 0.059836255850704984, "p_value": 6.789747850415585e-80}