{"correlation": -0.06571362461072046, "p_value": 5.295910937309183e-96}