{"correlation": 0.08047671697215862, "p_value": 3.7475478952465166e-143}