{"correlation": -0.020775910880620325, "p_value": 5.1464596184556854e-11}