{"correlation": 0.0034674134567621224, "p_value": 0.273153447023522}