{"correlation": 0.09888774489016645, "p_value": 1.8885506240940615e-215}