{"correlation": 0.11186261679103575, "p_value": 1.7700766748511948e-275}