{"correlation": 0.007704196088764356, "p_value": 0.014898525765431042}