{"correlation": -0.02830978742668079, "p_value": 3.597127297886571e-19}