{"correlation": 0.04507882957422525, "p_value": 4.247774686062591e-46}