{"correlation": 0.08507598591017479, "p_value": 8.348491951886998e-160}