{"correlation": -0.011974228407619768, "p_value": 0.00015406862487109453}