{"correlation": 0.03137467321660675, "p_value": 3.478087578754544e-23}