{"correlation": 0.079625992702733, "p_value": 3.5599060841776565e-140}