{"correlation": 0.10951108614992908, "p_value": 4.870255921164312e-264}