{"correlation": -0.02531620726426294, "p_value": 1.2230988439780503e-15}