{"correlation": 0.03654466507489206, "p_value": 7.106081149553347e-31}