{"correlation": 0.10901549553426557, "p_value": 1.1661437056332693e-261}