{"correlation": 0.0038613447181506636, "p_value": 0.2223409608487193}