{"correlation": 0.07928781231884663, "p_value": 5.324233946737749e-139}