{"correlation": -0.009512799258028615, "p_value": 0.0026431644764229}