{"correlation": 0.10764180278378302, "p_value": 4.0163380392412557e-255}