{"correlation": 0.04522271684716925, "p_value": 2.2100992261093582e-46}