{"correlation": 0.1145404751270771, "p_value": 8.276514454516838e-289}