{"correlation": 0.08921919503936529, "p_value": 1.3150904839648482e-175}