{"correlation": -0.035826463857149146, "p_value": 9.747708586795882e-30}