{"correlation": 0.10146288774027136, "p_value": 9.157653871167386e-227}