{"correlation": 0.032388821671400864, "p_value": 1.3300234858351096e-24}