{"correlation": 0.10505306175342885, "p_value": 4.93092971389519e-243}