{"correlation": 0.059443199663125154, "p_value": 7.164084832516404e-79}