{"correlation": 0.05294786177528896, "p_value": 6.143025430070528e-63}