{"correlation": -0.025472303853155857, "p_value": 8.181142937076884e-16}