{"correlation": 0.07482383320316931, "p_value": 5.769402360286462e-124}