{"correlation": -0.04724568182318391, "p_value": 1.8190172369279292e-50}