{"correlation": -0.037761998630543345, "p_value": 7.465102594959158e-33}