{"correlation": 0.035646443495233174, "p_value": 1.8641043550903516e-29}