{"correlation": -0.05585176272091118, "p_value": 7.810418197629584e-70}