{"correlation": 0.03878554097408649, "p_value": 1.4447703967686582e-34}