{"correlation": -0.10027057370142993, "p_value": 1.7268140488712551e-221}