{"correlation": -0.063458588652343, "p_value": 1.2108487511605272e-89}