{"correlation": 0.07455215797713659, "p_value": 4.444241267478324e-123}