{"correlation": 0.11782555118063974, "p_value": 1.328439195720071e-305}