{"correlation": -0.0395207173246821, "p_value": 7.9661701938281e-36}