{"correlation": -0.08042328764079203, "p_value": 5.776970680503388e-143}