{"correlation": 0.057049919833298074, "p_value": 8.714661912370196e-73}