{"correlation": -0.011308673710518745, "p_value": 0.0003514913589926119}