{"correlation": -0.032123447594595046, "p_value": 3.1554194792463142e-24}