{"correlation": 0.09486119434504121, "p_value": 2.3688226446537978e-198}