{"correlation": 0.11721378558003803, "p_value": 1.9401384807223433e-302}