{"correlation": 0.09573417801699528, "p_value": 5.3557555204752655e-202}