{"correlation": 0.0795231576579707, "p_value": 8.11363585096656e-140}