{"correlation": -0.07021875227413485, "p_value": 2.2475588388828525e-109}