{"correlation": -0.04269641363014852, "p_value": 1.5692386299337292e-41}