{"correlation": 0.01459714054863857, "p_value": 3.9601701485597434e-06}