{"correlation": 0.062342790736099364, "p_value": 1.4035684347935726e-86}