{"correlation": 0.10927878214517496, "p_value": 6.370245106684363e-263}