{"correlation": -0.02237332342073202, "p_value": 1.531002407768215e-12}