{"correlation": 0.11771413096542482, "p_value": 5.022808417093762e-305}