{"correlation": 0.0560548071733738, "p_value": 2.4931901330932618e-70}