{"correlation": -0.10001141413784959, "p_value": 2.3741579107315797e-220}