{"correlation": 0.11203521980821476, "p_value": 2.5033768231468264e-276}