{"correlation": -0.10774465610395226, "p_value": 1.3101155072512616e-255}