{"correlation": -0.06398706559992744, "p_value": 4.100033527729409e-91}