{"correlation": 0.04504993949015491, "p_value": 4.842003688561858e-46}