{"correlation": 0.0036284943843947095, "p_value": 0.2514902626843186}