{"correlation": -0.023412509821607846, "p_value": 1.359786877425885e-13}