{"correlation": 0.017381859598158057, "p_value": 3.935957639087713e-08}