{"correlation": 0.10425154802763788, "p_value": 2.3714018832662935e-239}