{"correlation": 0.06860571204236043, "p_value": 1.7456657182694944e-104}