{"correlation": 0.08354978217561397, "p_value": 3.557080089433685e-154}