{"correlation": -0.11565025682550131, "p_value": 1.9893930125237675e-294}