{"correlation": 0.014093571505385726, "p_value": 8.417067257091353e-06}