{"correlation": 0.02102796234945837, "p_value": 3.005125966804251e-11}