{"correlation": 0.057188127611078124, "p_value": 3.9414428256513153e-73}