{"correlation": 0.051678907867666775, "p_value": 4.855627056695001e-60}