{"correlation": -0.06101581829328361, "p_value": 5.252257339068176e-83}