{"correlation": 0.027538304383020868, "p_value": 3.1831700824101927e-18}