{"correlation": 0.05676059861275759, "p_value": 4.559509758142478e-72}