{"correlation": 0.014072507606599283, "p_value": 8.682146576643553e-06}