{"correlation": 0.06378374825881933, "p_value": 1.5131947803420045e-90}