{"correlation": -0.0008274559179271536, "p_value": 0.7937026534182187}