{"correlation": 0.09861463579822032, "p_value": 2.875519530546928e-214}