{"correlation": 0.09102954649612585, "p_value": 9.441842297094905e-183}