{"correlation": 0.1109271943199018, "p_value": 6.735270580228163e-271}