{"correlation": -0.04565210724482751, "p_value": 3.1066722695158594e-47}