{"correlation": 0.09397908717339964, "p_value": 1.0565372477347898e-194}