{"correlation": 0.10874020552102784, "p_value": 2.4186925119013394e-260}