{"correlation": -0.11262436130162708, "p_value": 3.0829410333072127e-279}