{"correlation": 0.016721808721359765, "p_value": 1.2566608897489568e-07}