{"correlation": 0.0802029399811943, "p_value": 3.4316591855705885e-142}