{"correlation": -0.050286016662772284, "p_value": 6.114700306669028e-57}