{"correlation": -0.028057370977596457, "p_value": 7.388930274776853e-19}