{"correlation": 0.0705474993027897, "p_value": 2.1929499074502242e-110}