{"correlation": 0.01044064972862325, "p_value": 0.0009678584757937882}