{"correlation": 0.05456853239739671, "p_value": 9.665818872268856e-67}