{"correlation": -0.11284224402136392, "p_value": 2.564254728083091e-280}