{"correlation": -0.08197837585658087, "p_value": 1.736419884724828e-148}