{"correlation": 0.04586375334275861, "p_value": 1.1731161189073707e-47}