{"correlation": 0.040441341455198114, "p_value": 1.9598310555444792e-37}