{"correlation": 0.09779315841615058, "p_value": 9.902199555285538e-211}