{"correlation": 0.03716413008488323, "p_value": 7.125117677554295e-32}