{"correlation": 0.08411931104399936, "p_value": 2.9000836892227167e-156}