{"correlation": -0.10228904261605247, "p_value": 1.858443497092699e-230}