{"correlation": 0.021666086311828228, "p_value": 7.485904183769362e-12}