{"correlation": 0.092056950176476, "p_value": 7.178558861683889e-187}