{"correlation": -0.09623120794639743, "p_value": 4.3449516332027695e-204}