{"correlation": 0.009824751037658402, "p_value": 0.0019024942611638432}