{"correlation": 0.05301943947003646, "p_value": 4.195966360010805e-63}