{"correlation": 0.10634917651854867, "p_value": 4.762064773734535e-249}