{"correlation": -0.0898638747326785, "p_value": 3.9051721178627656e-178}