{"correlation": 0.08735055350979283, "p_value": 2.189538058433493e-168}