{"correlation": -0.0016064163640562377, "p_value": 0.6116742093514307}