{"correlation": -0.026562559610991302, "p_value": 4.611764725191668e-17}