{"correlation": 0.02623036617272827, "p_value": 1.1215314642964136e-16}