{"correlation": -0.013197608377347422, "p_value": 3.0313849942409597e-05}