{"correlation": 0.06365546066426048, "p_value": 3.441851376598838e-90}