{"correlation": -0.03193849263276501, "p_value": 5.737982739920943e-24}