{"correlation": -0.07224749840285473, "p_value": 1.093571749652879e-115}