{"correlation": 0.10431310950509387, "p_value": 1.2394178756475763e-239}