{"correlation": 0.043877083701244726, "p_value": 9.181728292835292e-44}