{"correlation": 0.03141898140640631, "p_value": 3.0222942962518185e-23}