{"correlation": -0.012645588604534278, "p_value": 6.425441481699354e-05}