{"correlation": 0.07774180323347045, "p_value": 1.0782809877840428e-133}