{"correlation": 0.05865747314077042, "p_value": 7.594958685380352e-77}