{"correlation": 0.0528532709673056, "p_value": 1.0158194262395544e-62}