{"correlation": 0.010625412689359725, "p_value": 0.0007847923563229969}