{"correlation": 0.11513972090913821, "p_value": 7.773255170576785e-292}