{"correlation": -0.004071800178724584, "p_value": 0.19815036038503162}