{"correlation": -0.010014468785182522, "p_value": 0.0015507868688290313}