{"correlation": -0.01472173875367477, "p_value": 3.2738531370126024e-06}