{"correlation": -0.059945334315816244, "p_value": 3.521068756115657e-80}