{"correlation": -0.08864722236033104, "p_value": 2.2171795246900813e-173}