{"correlation": -0.05532892982888772, "p_value": 1.4499973890803507e-68}