{"correlation": 0.08227703320136176, "p_value": 1.4686037576420125e-149}