{"correlation": 0.08094824352835203, "p_value": 8.11991241216865e-145}