{"correlation": 0.040084453410698724, "p_value": 8.323995905753644e-37}