{"correlation": 0.050373047623200454, "p_value": 3.9368314030133403e-57}