{"correlation": 0.05597080773271078, "p_value": 4.000692473722908e-70}