{"correlation": -0.03125539690727523, "p_value": 5.071546795191473e-23}