{"correlation": 0.11755783740039444, "p_value": 3.237655055538201e-304}