{"correlation": 0.014165048722843288, "p_value": 7.574028832688329e-06}