{"correlation": 0.09068824358938986, "p_value": 2.152863081054585e-181}