{"correlation": 0.0407567263008569, "p_value": 5.402017665132463e-38}