{"correlation": 0.06475388444536756, "p_value": 2.8682984980368486e-93}