{"correlation": -0.052283290275766246, "p_value": 2.0643888974395417e-61}