{"correlation": 0.09970706129897153, "p_value": 5.1102148338432183e-219}