{"correlation": 0.06007162803372597, "p_value": 1.6437553344283184e-80}