{"correlation": -0.016759762140232757, "p_value": 1.176862396942758e-07}