{"correlation": -0.06099485951969228, "p_value": 5.972596353934559e-83}