{"correlation": 0.03394823359802068, "p_value": 7.206435047996812e-27}