{"correlation": 0.015076429724501152, "p_value": 1.888917846955567e-06}