{"correlation": 0.07940052187849081, "p_value": 2.1640717117020305e-139}