{"correlation": 0.04128150505000859, "p_value": 6.191000620755152e-39}