{"correlation": -0.09230255374193093, "p_value": 7.318598263173141e-188}