{"correlation": 0.1108014097568765, "p_value": 2.7622678525522994e-270}