{"correlation": 0.03241273318277405, "p_value": 1.2299940423960395e-24}