{"correlation": 0.06063807781700616, "p_value": 5.28922744917901e-82}