{"correlation": 0.02681184084536076, "p_value": 2.3503990277169616e-17}