{"correlation": 0.072084827929423, "p_value": 3.562074115430667e-115}