{"correlation": 0.04932663504033941, "p_value": 7.456239478545497e-55}