{"correlation": -0.10314506364338723, "p_value": 2.57527601011371e-234}