{"correlation": 0.052121830830092516, "p_value": 4.816488031420129e-61}