{"correlation": 0.03018725982215794, "p_value": 1.3953309252243742e-21}