{"correlation": -0.09209800474310549, "p_value": 4.903075632155995e-187}