{"correlation": -0.09640544989216601, "p_value": 7.987353796735923e-205}