{"correlation": -0.05264633168902025, "p_value": 3.043209987442336e-62}