{"correlation": 0.07233743233904041, "p_value": 5.686048207838498e-116}