{"correlation": 0.09346215491263427, "p_value": 1.400834732517266e-192}