{"correlation": 0.002842730880288028, "p_value": 0.3689691536183888}