{"correlation": 0.05717408771221308, "p_value": 4.272668195128257e-73}