{"correlation": 0.025932332612203995, "p_value": 2.46627272982061e-16}