{"correlation": 0.0956534528492107, "p_value": 1.1677914498223305e-201}