{"correlation": 0.0038138162507964472, "p_value": 0.2280851605615006}