{"correlation": -0.024993547088134907, "p_value": 2.7871417299788146e-15}