{"correlation": -0.05165132011314467, "p_value": 5.603600235790287e-60}