{"correlation": -0.08807562712804183, "p_value": 3.6031225271005023e-171}