{"correlation": -0.02537051673759049, "p_value": 1.0636927504210046e-15}