{"correlation": 0.11038764462692803, "p_value": 2.834004043307703e-268}