{"correlation": 0.0753433214663435, "p_value": 1.1392698534129656e-125}