{"correlation": 0.028965807471945812, "p_value": 5.378320649096859e-20}