{"correlation": 0.0712153070733193, "p_value": 1.8764320224902458e-112}