{"correlation": -0.08386843477151831, "p_value": 2.4223642059463485e-155}