{"correlation": 0.1099217443827086, "p_value": 5.101860286953551e-266}