{"correlation": 0.06215542432338817, "p_value": 4.533399056814944e-86}