{"correlation": 0.06547272109269185, "p_value": 2.593675680253814e-95}