{"correlation": 0.04337131920916127, "p_value": 8.448548714567733e-43}