{"correlation": -0.062007926424179786, "p_value": 1.1381143863438126e-85}