{"correlation": 0.100665444530996, "p_value": 3.1416049851663308e-223}