{"correlation": -0.0040168931010124784, "p_value": 0.20426765971728558}