{"correlation": -0.005848654292220098, "p_value": 0.06454467635485962}