{"correlation": -0.10137621318355182, "p_value": 2.2254707051889068e-226}