{"correlation": 0.10048607487037367, "p_value": 1.9429015810128338e-222}