{"correlation": 0.06816586058028076, "p_value": 3.5944499079628484e-103}