{"correlation": -0.037103712709017474, "p_value": 8.931834487335104e-32}