{"correlation": -0.009778290778600573, "p_value": 0.001999127740385185}