{"correlation": 0.009284992752516786, "p_value": 0.003341377726569862}