{"correlation": 0.055055674231897896, "p_value": 6.602306238120375e-68}