{"correlation": -0.05306876371501009, "p_value": 3.2256791403287985e-63}