{"correlation": -0.008019686954513293, "p_value": 0.011259271714449934}