{"correlation": 0.06796662168986044, "p_value": 1.4056902228272584e-102}