{"correlation": 0.028961530924684863, "p_value": 5.446114121439906e-20}