{"correlation": 0.06634588824794649, "p_value": 7.960910430161796e-98}