{"correlation": -0.11476691448349777, "p_value": 5.968074477704162e-290}