{"correlation": 0.0772593529573527, "p_value": 4.646188809940955e-132}