{"correlation": -0.014666306610767574, "p_value": 3.5637835284864235e-06}