{"correlation": -0.0648955559271895, "p_value": 1.139287188332302e-93}