{"correlation": 0.07962695316554302, "p_value": 3.532602410815947e-140}