{"correlation": -0.017156174909639894, "p_value": 5.8816930923150366e-08}