{"correlation": 0.05093007183018223, "p_value": 2.3089641448666265e-58}