{"correlation": 0.0029945654053244795, "p_value": 0.34394899319884686}