{"correlation": 0.008362971522019933, "p_value": 0.00821646166149447}