{"correlation": -0.06751455972505738, "p_value": 3.0565204064377056e-101}