{"correlation": -0.08031316691151769, "p_value": 1.408262730880502e-142}