{"correlation": -0.1008246179796391, "p_value": 6.219355067041465e-224}