{"correlation": -0.09799288067185494, "p_value": 1.3758209005016123e-211}