{"correlation": -0.018407265314079067, "p_value": 5.961150009091115e-09}