{"correlation": 0.030840683976797834, "p_value": 1.8616056540893871e-22}