{"correlation": -0.06896683218409703, "p_value": 1.4357582277694075e-105}