{"correlation": -0.013487177375443466, "p_value": 2.0204208909231045e-05}