{"correlation": 0.07981947771806376, "p_value": 7.533775231228785e-141}