{"correlation": 0.018130579698084674, "p_value": 1.0020614126113664e-08}