{"correlation": 0.05910451153282895, "p_value": 5.388961640254783e-78}