{"correlation": -0.06434719742351828, "p_value": 4.016398814130658e-92}