{"correlation": 0.0976075467795752, "p_value": 6.176558199869902e-210}