{"correlation": 0.04447105546172263, "p_value": 6.558255131304653e-45}