{"correlation": 0.07530810356981295, "p_value": 1.487840533089441e-125}