{"correlation": 0.028453296285278165, "p_value": 2.382290151161301e-19}