{"correlation": 0.07234645177954165, "p_value": 5.324820506898264e-116}