{"correlation": 0.07277411739318002, "p_value": 2.3473533726396365e-117}