{"correlation": 0.011929520455444478, "p_value": 0.0001630597295038387}