{"correlation": -0.06087286345713835, "p_value": 1.2608987386343723e-82}