{"correlation": 0.11821744284676358, "p_value": 1.2226688523172002e-307}