{"correlation": 0.004508487138168891, "p_value": 0.154200659429616}