{"correlation": -0.07367148448781756, "p_value": 3.160192566954001e-120}