{"correlation": -0.06846741295366111, "p_value": 4.528183169064824e-104}