{"correlation": -0.09760529211174317, "p_value": 6.315304925341949e-210}