{"correlation": 0.07378613684203987, "p_value": 1.3500931968844686e-120}