{"correlation": -0.03588496591950576, "p_value": 7.890392723524322e-30}