{"correlation": -0.04889449261464914, "p_value": 6.296706282693872e-54}