{"correlation": 0.01821695511545566, "p_value": 8.527576819945829e-09}