{"correlation": 0.11474871072240693, "p_value": 7.374416559418654e-290}