{"correlation": 0.020381364712604474, "p_value": 1.1798243901700863e-10}