{"correlation": 0.04062754810617089, "p_value": 9.168724752911322e-38}