{"correlation": 0.07873056881391871, "p_value": 4.477930721185342e-137}