{"correlation": 0.05266731192643987, "p_value": 2.7233667268747986e-62}