{"correlation": 0.08283307706264872, "p_value": 1.442583406876813e-151}