{"correlation": 0.11454848767118284, "p_value": 7.5418321245381655e-289}