{"correlation": -0.10016356718676929, "p_value": 5.100306814939293e-221}