{"correlation": -0.05474210901506356, "p_value": 3.724979280316922e-67}