{"correlation": 0.09133638398769232, "p_value": 5.620948880397902e-184}