{"correlation": 0.07422399938433369, "p_value": 5.181743359258707e-122}