{"correlation": 0.04843242350243061, "p_value": 6.037902976477213e-53}