{"correlation": 0.028655963234106355, "p_value": 1.3266404909566789e-19}