{"correlation": 0.1141030184704872, "p_value": 1.3108346235948769e-286}