{"correlation": 0.06423463177465634, "p_value": 8.314054615040695e-92}