{"correlation": 0.09843219025040714, "p_value": 1.765501958125484e-213}