{"correlation": 0.028037328893289654, "p_value": 7.821445161948995e-19}