{"correlation": 0.11714533018769048, "p_value": 4.374025012083343e-302}