{"correlation": -0.009287658466656802, "p_value": 0.0033323177968045533}