{"correlation": 0.06931222014926113, "p_value": 1.3004892167613344e-106}