{"correlation": -0.03877536831044246, "p_value": 1.5033125068071014e-34}