{"correlation": 0.08640110226108332, "p_value": 8.91686942376233e-165}