{"correlation": 0.07744733465734799, "p_value": 1.0752367337715017e-132}