{"correlation": -0.01018895071107935, "p_value": 0.00128121427568849}