{"correlation": -0.09497085732949327, "p_value": 8.287565088839866e-199}