{"correlation": 0.03455524540581363, "p_value": 8.8558897014653e-28}