{"correlation": 0.11834240455535668, "p_value": 2.7328973986754545e-308}