{"correlation": 0.07805671884722837, "p_value": 9.12801722182903e-135}