{"correlation": 0.0936828499358011, "p_value": 1.7445229332248745e-193}