{"correlation": 0.11571899273342742, "p_value": 8.889241982921207e-295}