{"correlation": 0.11777318588823146, "p_value": 2.4824152319132673e-305}