{"correlation": 0.01081188105727593, "p_value": 0.0006330616982152114}