{"correlation": -0.00847040062386067, "p_value": 0.007428548740098174}