{"correlation": 0.0815675867192953, "p_value": 5.113661300065619e-147}