{"correlation": 0.11572794234400152, "p_value": 8.003810808147441e-295}