{"correlation": -0.056063398325768135, "p_value": 2.3753770377751953e-70}