{"correlation": -0.026418715685863892, "p_value": 6.785266662902845e-17}