{"correlation": 0.10295309765436901, "p_value": 1.9007255489515826e-233}