{"correlation": 0.10563146969904975, "p_value": 1.0420789514264073e-245}