{"correlation": 0.10043172845480457, "p_value": 3.3722466489039705e-222}