{"correlation": -0.10805714754281916, "p_value": 4.327510002258162e-257}