{"correlation": 0.02103848288109708, "p_value": 2.937998767353467e-11}