{"correlation": -0.00577339551448777, "p_value": 0.0680593421445485}