{"correlation": -0.022396345944956944, "p_value": 1.4527128254505981e-12}