{"correlation": 0.05336311312851495, "p_value": 6.681081765077137e-64}