{"correlation": 0.030485792197182993, "p_value": 5.588429688564416e-22}