{"correlation": 0.024571300898124707, "p_value": 8.06347552533004e-15}