{"correlation": -0.014821250375425121, "p_value": 2.809182961952602e-06}