{"correlation": 0.01103850100597449, "p_value": 0.0004854381041892515}