{"correlation": -0.03903532833991347, "p_value": 5.430160642800273e-35}