{"correlation": 0.02610344507188654, "p_value": 1.5704336356314614e-16}