{"correlation": -0.02939731593813733, "p_value": 1.5055531607733093e-20}