{"correlation": -0.034494076538405256, "p_value": 1.095729586304681e-27}