{"correlation": -0.008641088725207965, "p_value": 0.006315346347273098}