{"correlation": 0.07863979161164628, "p_value": 9.190527519490253e-137}