{"correlation": -0.038837799920767885, "p_value": 1.177902567747056e-34}