{"correlation": 0.010329799576467607, "p_value": 0.0010959109930471756}