{"correlation": 0.07344440354959647, "p_value": 1.6964525711065784e-119}