{"correlation": -0.043253224666029357, "p_value": 1.4133225936925643e-42}