{"correlation": 0.11166998380549495, "p_value": 1.5647762031067652e-274}