{"correlation": 0.08513663634822805, "p_value": 4.963245628225992e-160}