{"correlation": -0.07232134318145542, "p_value": 6.392206016080798e-116}