{"correlation": 0.013168893649925448, "p_value": 3.154451991919259e-05}