{"correlation": 0.062100589083101475, "p_value": 6.3849060778961595e-86}