{"correlation": 0.07255650207510213, "p_value": 1.1519611520038033e-116}