{"correlation": 0.018586368531277767, "p_value": 4.2422003541520614e-09}