{"correlation": -0.01537038772453983, "p_value": 1.1865129544790522e-06}