{"correlation": 0.06299877731136107, "p_value": 2.2511409915424336e-88}