{"correlation": 0.05908500174641437, "p_value": 6.051085322817686e-78}