{"correlation": 0.03575028638000676, "p_value": 1.282985515245936e-29}