{"correlation": 0.1088305027733147, "p_value": 8.954180202863875e-261}