{"correlation": 0.08630557298026109, "p_value": 2.0474237976649786e-164}