{"correlation": 0.017826425776892214, "p_value": 1.758393489864363e-08}