{"correlation": -0.0847080643363672, "p_value": 1.941496967782823e-158}