{"correlation": 0.09940023412563714, "p_value": 1.1169115130255285e-217}