{"correlation": 0.0716194895077549, "p_value": 1.028875285796533e-113}