{"correlation": -0.11203702598825649, "p_value": 2.452618623874245e-276}