{"correlation": 0.08693721097934198, "p_value": 8.256784669214387e-167}