{"correlation": 0.09216346892881991, "p_value": 2.6687234627302043e-187}