{"correlation": 0.06464243550947724, "p_value": 5.92181110052992e-93}