{"correlation": -0.047255976227364806, "p_value": 1.732193721495221e-50}