{"correlation": 0.024751792915920626, "p_value": 5.131489217619775e-15}