{"correlation": 0.05335149654087435, "p_value": 7.110558984208378e-64}