{"correlation": -0.02113148120139529, "p_value": 2.405026104071722e-11}