{"correlation": 0.06724464074173754, "p_value": 1.9030689154880869e-100}