{"correlation": 0.09122743469463022, "p_value": 1.5322831016194498e-183}