{"correlation": -0.00657912380569928, "p_value": 0.037593474678564144}