{"correlation": 0.10880056922906323, "p_value": 1.2448781836816906e-260}