{"correlation": 0.056817127954846336, "p_value": 3.302081772572855e-72}