{"correlation": 0.03454275524598523, "p_value": 9.249689487701674e-28}