{"correlation": 0.05649838417480174, "p_value": 2.028129021589377e-71}