{"correlation": 0.017657618928736973, "p_value": 2.3931676973161842e-08}