{"correlation": -0.06716300730187064, "p_value": 3.303912076314118e-100}