{"correlation": -0.03373561741658157, "p_value": 1.4889245511371254e-26}