{"correlation": 0.11415965238963423, "p_value": 6.811721764465718e-287}