{"correlation": -0.05436165763775864, "p_value": 2.999705569364106e-66}