{"correlation": 0.05187773008392558, "p_value": 1.725195013346208e-60}