{"correlation": 0.03241751915749036, "p_value": 1.210886872701077e-24}