{"correlation": -0.08701865108127013, "p_value": 4.043926928600502e-167}