{"correlation": -0.06206927086630288, "p_value": 7.763193278576549e-86}