{"correlation": 0.051354907589766186, "p_value": 2.5996107844250106e-59}