{"correlation": 0.030704148528020083, "p_value": 2.8457567871207963e-22}