{"correlation": -0.06917687181067315, "p_value": 3.3376815664876297e-106}