{"correlation": -0.056019214424925794, "p_value": 3.046616259456881e-70}