{"correlation": 0.03554597155676338, "p_value": 2.6730569656429694e-29}