{"correlation": 0.032878894916619286, "p_value": 2.648432827377815e-25}