{"correlation": 0.09865414418689832, "p_value": 1.940203333199344e-214}