{"correlation": 0.001755330448920521, "p_value": 0.5790674924868595}