{"correlation": 0.04585254675262026, "p_value": 1.2353359981724389e-47}