{"correlation": 0.007207583377980151, "p_value": 0.022733578237198432}