{"correlation": -0.07235541873835707, "p_value": 4.988405249950809e-116}