{"correlation": 0.036984904613734874, "p_value": 1.391506008530699e-31}