{"correlation": 0.11761853372724561, "p_value": 1.5706437696443199e-304}