{"correlation": -0.08650777577966487, "p_value": 3.5206782487284957e-165}