{"correlation": 0.07001385517903005, "p_value": 9.533089448632363e-109}