{"correlation": 0.04406197492233715, "p_value": 4.0531962185746193e-44}