{"correlation": 0.07158276447403521, "p_value": 1.3403996128616886e-113}