{"correlation": 0.09728788668330242, "p_value": 1.4332403053943442e-208}