{"correlation": 0.11175295089437176, "p_value": 6.123733322316866e-275}