{"correlation": 0.10852962919417088, "p_value": 2.4465768762174296e-259}