{"correlation": 0.01601996260015126, "p_value": 4.122696688962991e-07}