{"correlation": 0.020144103401710273, "p_value": 1.9288713531495719e-10}