{"correlation": 0.030900256233439664, "p_value": 1.546034312506082e-22}