{"correlation": 0.09582459935187676, "p_value": 2.2349501888713594e-202}