{"correlation": -0.06484576893793419, "p_value": 1.5763476996588418e-93}