{"correlation": 0.06063620963149328, "p_value": 5.349799216157381e-82}