{"correlation": 0.036308519038339065, "p_value": 1.6905510410115887e-30}