{"correlation": 0.06798214608122546, "p_value": 1.2641669583467542e-102}