{"correlation": -0.022774901129110094, "p_value": 6.082806115959359e-13}