{"correlation": 0.04658285349654862, "p_value": 4.147117230312168e-49}