{"correlation": 0.11260909894309455, "p_value": 3.6689159962647335e-279}