{"correlation": 0.021502350510391052, "p_value": 1.0734468236005782e-11}