{"correlation": 0.0409469394416636, "p_value": 2.4713335256326824e-38}