{"correlation": 0.1097191571692745, "p_value": 4.8458319368319727e-265}