{"correlation": -0.02686020000590079, "p_value": 2.0608466645959905e-17}