{"correlation": 0.03633672950356279, "p_value": 1.524719113605624e-30}