{"correlation": -0.08556287125946913, "p_value": 1.2706125127937862e-161}