{"correlation": 0.07026250154124553, "p_value": 1.6500024193404095e-109}