{"correlation": 0.07767156745460392, "p_value": 1.8676839738000916e-133}