{"correlation": -0.018884042622510065, "p_value": 2.39353854056522e-09}