{"correlation": 0.054756769022360666, "p_value": 3.4362771623128006e-67}