{"correlation": -0.060207612185328156, "p_value": 7.224953690157835e-81}