{"correlation": 0.103391746289333, "p_value": 1.962778335235918e-235}