{"correlation": -0.040605986563691056, "p_value": 1.0013532160619072e-37}