{"correlation": 0.10532344743030313, "p_value": 2.781709401740081e-244}