{"correlation": 0.09542024970765303, "p_value": 1.1059626066015781e-200}