{"correlation": 0.02289021518687403, "p_value": 4.652865314213387e-13}