{"correlation": -0.022057931778557634, "p_value": 3.1260018662179592e-12}