{"correlation": 0.058648013506229994, "p_value": 8.030546377038735e-77}