{"correlation": 0.09082806913330395, "p_value": 5.9884004267062947e-182}