{"correlation": -0.0009743938140386725, "p_value": 0.7581255485432461}