{"correlation": 0.006286523566806949, "p_value": 0.0469462416987713}