{"correlation": -0.017995637760366067, "p_value": 1.287446604565795e-08}