{"correlation": 0.10592087408373546, "p_value": 4.718805458880971e-247}