{"correlation": -0.03101263771363396, "p_value": 1.087987349191078e-22}