{"correlation": 0.08413936334084735, "p_value": 2.4468618663634886e-156}