{"correlation": 0.016746216835471728, "p_value": 1.2047623550997684e-07}