{"correlation": 0.05630269911897658, "p_value": 6.1497928225391195e-71}