{"correlation": 0.04656634706748896, "p_value": 4.480419112982092e-49}