{"correlation": 0.04344976258613823, "p_value": 5.998139401238686e-43}