{"correlation": 0.06983564656775895, "p_value": 3.338257192955382e-108}