{"correlation": -0.1130753043869796, "p_value": 1.783847728024631e-281}