{"correlation": 0.09174267740889706, "p_value": 1.3212478001646173e-185}