{"correlation": -0.03983346290191654, "p_value": 2.2843523530170706e-36}