{"correlation": -0.11083526605433965, "p_value": 1.8895749161428003e-270}