{"correlation": -0.02327118454212907, "p_value": 1.9018705360163108e-13}