{"correlation": -0.10471097749504167, "p_value": 1.8533198661963846e-241}