{"correlation": 0.06033273461081988, "p_value": 3.385587860718518e-81}