{"correlation": -0.09881909829283227, "p_value": 3.7470364692338515e-215}