{"correlation": 0.07183690531014846, "p_value": 2.143369957823208e-114}