{"correlation": -0.052794479335037274, "p_value": 1.3879850425825263e-62}