{"correlation": 0.06578149198836368, "p_value": 3.3814380537934238e-96}