{"correlation": 0.06785599330488544, "p_value": 2.9922032379238304e-102}