{"correlation": -0.07036555127333591, "p_value": 7.961352625432425e-110}