{"correlation": -0.07472018722018701, "p_value": 1.2582988208650768e-123}