{"correlation": 0.05963143292332825, "p_value": 2.322444363439671e-79}