{"correlation": -0.08844201698036812, "p_value": 1.3841521479720673e-172}