{"correlation": 0.0956810750646832, "p_value": 8.944501396765274e-202}