{"correlation": -0.010857058732266155, "p_value": 0.0006006556232247017}