{"correlation": 0.0823587903115722, "p_value": 7.456810727617339e-150}