{"correlation": -0.0467139264611007, "p_value": 2.242525452678053e-49}