{"correlation": 0.03174402479479281, "p_value": 1.0720830045097138e-23}