{"correlation": -0.09413545143084925, "p_value": 2.396170644381504e-195}