{"correlation": 0.09615016416944751, "p_value": 9.5424410097143e-204}