{"correlation": -0.08407023156640374, "p_value": 4.395102980327246e-156}