{"correlation": 0.019143361752148477, "p_value": 1.4436272922855272e-09}