{"correlation": 0.09184253800790822, "p_value": 5.242294382855803e-186}