{"correlation": 0.049911377159880144, "p_value": 4.0344551199709225e-56}