{"correlation": -0.0031088265341715684, "p_value": 0.32585248456216986}