{"correlation": 0.08996131306879143, "p_value": 1.614549351472491e-178}