{"correlation": 0.059381090584789964, "p_value": 1.0381052571810399e-78}