{"correlation": 0.0369207149279112, "p_value": 1.767091487446992e-31}