{"correlation": 0.0462473957343119, "p_value": 1.9847541681050337e-48}