{"correlation": 0.11610574422534327, "p_value": 9.470661767157504e-297}