{"correlation": -0.11215523140153405, "p_value": 6.413554448252476e-277}