{"correlation": -0.07050723562268243, "p_value": 2.917886686376832e-110}