{"correlation": -0.0434134977379439, "p_value": 7.027890155555059e-43}