{"correlation": -0.026758819939824287, "p_value": 2.7141018524237516e-17}