{"correlation": 0.09893504236377558, "p_value": 1.1775735915465064e-215}