{"correlation": 0.10366215611072532, "p_value": 1.159470245823715e-236}