{"correlation": 0.0023931638030605996, "p_value": 0.44945373954991197}