{"correlation": -0.11433842516964353, "p_value": 8.608045877019845e-288}