{"correlation": 0.11525085483379244, "p_value": 2.1252051999524565e-292}