{"correlation": -0.10658998773402782, "p_value": 3.5638536443221887e-250}