{"correlation": 0.04485230816266237, "p_value": 1.1831663602341808e-45}