{"correlation": -0.09045810620885816, "p_value": 1.760985566288668e-180}