{"correlation": 0.00951559453825315, "p_value": 0.002635494133135323}