{"correlation": 0.07085560125709216, "p_value": 2.4519143013562297e-111}