{"correlation": -0.05202374598057882, "p_value": 8.048125235217813e-61}