{"correlation": -0.015978593456801034, "p_value": 4.4151706198023876e-07}