{"correlation": 0.006269565282709699, "p_value": 0.047543599668899185}