{"correlation": 0.10425012896951952, "p_value": 2.407125100413851e-239}