{"correlation": -0.022983040667248544, "p_value": 3.7464647407237845e-13}