{"correlation": 0.10590149471207179, "p_value": 5.807004298124117e-247}