{"correlation": 0.1062282850485022, "p_value": 1.7459195969903521e-248}