{"correlation": -0.03702971023112093, "p_value": 1.1774522199953946e-31}