{"correlation": -0.058632258156737935, "p_value": 8.812012991930215e-77}