{"correlation": -0.00848209309364535, "p_value": 0.007347019340213357}