{"correlation": -0.04456635230599241, "p_value": 4.280319879195922e-45}