{"correlation": 0.08129647746430947, "p_value": 4.722771713731933e-146}