{"correlation": 0.08511217892425703, "p_value": 6.121484555098644e-160}