{"correlation": 0.05660926060310331, "p_value": 1.07989722563199e-71}