{"correlation": 0.0695547183181942, "p_value": 2.3916631770240545e-107}