{"correlation": 0.11218604186831334, "p_value": 4.520199185397192e-277}