{"correlation": -0.05950232202777274, "p_value": 5.0311753325982195e-79}