{"correlation": 0.10057902992505276, "p_value": 7.560557753878094e-223}