{"correlation": 0.05186434316429924, "p_value": 1.849913200875674e-60}