{"correlation": 0.05325302769760643, "p_value": 1.2050850016595086e-63}