{"correlation": 0.002173159413263152, "p_value": 0.4922109452124165}