{"correlation": 0.057251812372218026, "p_value": 2.7326775627492447e-73}