{"correlation": 0.10127518306487071, "p_value": 6.259034887873289e-226}