{"correlation": -0.01311835853759391, "p_value": 3.3826488542805376e-05}