{"correlation": 0.04947954805557847, "p_value": 3.488986637734179e-55}