{"correlation": -0.0529046911935731, "p_value": 7.728986230765883e-63}