{"correlation": 0.03935919885471589, "p_value": 1.5127233620795204e-35}