{"correlation": 0.0820588045095581, "p_value": 8.93614517977113e-149}