{"correlation": 0.10654674670967165, "p_value": 5.679081539552134e-250}