{"correlation": 0.0939405881430611, "p_value": 1.5218433179790094e-194}