{"correlation": 0.034000858859766434, "p_value": 6.0174840154407296e-27}