{"correlation": 0.01929362219213789, "p_value": 1.07377550764957e-09}