{"correlation": 0.02236744031402178, "p_value": 1.5516633194167738e-12}