{"correlation": -0.10100063061966025, "p_value": 1.034205295148832e-224}