{"correlation": 0.00979827249788959, "p_value": 0.0019570282422570555}