{"correlation": 0.061841941621580264, "p_value": 3.198261744495062e-85}