{"correlation": -0.02766809100078523, "p_value": 2.2148837858772764e-18}