{"correlation": -0.06165103807500153, "p_value": 1.0459651965557366e-84}