{"correlation": 0.11478513629558312, "p_value": 4.8287499206830924e-290}