{"correlation": 0.06861424372694166, "p_value": 1.6458724359255164e-104}