{"correlation": -0.0633133320273107, "p_value": 3.055430777959975e-89}