{"correlation": 0.06023267163623476, "p_value": 6.208085772204566e-81}