{"correlation": 0.058387872518761624, "p_value": 3.7089966341184883e-76}