{"correlation": -0.02057319518492348, "p_value": 7.896964697442621e-11}