{"correlation": 0.053989282133975774, "p_value": 2.278707690099237e-65}