{"correlation": 0.04402288510739176, "p_value": 4.819505329963875e-44}