{"correlation": 0.02677571493639782, "p_value": 2.5925591429851614e-17}