{"correlation": 0.05721133449075802, "p_value": 3.4491446365136023e-73}