{"correlation": -0.021146179945515924, "p_value": 2.3299477916014516e-11}