{"correlation": 0.04019853657644143, "p_value": 5.2498719482157695e-37}