{"correlation": -0.07859836581480621, "p_value": 1.2756148606222185e-136}