{"correlation": -0.04632723108304405, "p_value": 1.3687587670889822e-48}