{"correlation": -0.013851281273907709, "p_value": 1.1993390315765514e-05}