{"correlation": -0.08198607342302279, "p_value": 1.629503456796595e-148}