{"correlation": 0.09418881879476566, "p_value": 1.4432621899389615e-195}