{"correlation": 0.10497445356067213, "p_value": 1.1358472111112982e-242}