{"correlation": -0.1063938550779906, "p_value": 2.945127521062254e-249}