{"correlation": 0.07518752403424508, "p_value": 3.7073594847755565e-125}