{"correlation": -0.037678006156978444, "p_value": 1.0270983316535868e-32}