{"correlation": -0.04408778194549293, "p_value": 3.6150239735700426e-44}