{"correlation": 0.11266298107695953, "p_value": 1.984678044138459e-279}