{"correlation": -0.04578983565628505, "p_value": 1.6492237481851499e-47}