{"correlation": 0.09207084816948019, "p_value": 6.309523100298865e-187}