{"correlation": -0.07190021609594655, "p_value": 1.3562009317914598e-114}