{"correlation": -0.05589810042263945, "p_value": 6.020836786698328e-70}