{"correlation": 0.03871568064522872, "p_value": 1.8974712127017151e-34}