{"correlation": -0.03419630331740212, "p_value": 3.0729126664267285e-27}