{"correlation": -0.11173812973522478, "p_value": 7.241406955900508e-275}