{"correlation": -0.02873506873588394, "p_value": 1.0544790721564984e-19}