{"correlation": -0.10576816686571178, "p_value": 2.418307763980249e-246}