{"correlation": 0.04995374824620461, "p_value": 3.261500938598727e-56}