{"correlation": 0.08878450678907031, "p_value": 6.495894597186565e-174}