{"correlation": 0.0685853022777101, "p_value": 2.009580013906217e-104}