{"correlation": 0.10101128695623601, "p_value": 9.276644463700233e-225}