{"correlation": 0.030708845715568724, "p_value": 2.804596266272615e-22}