{"correlation": 0.033891196501585764, "p_value": 8.759024478907689e-27}