{"correlation": 0.06853448719802555, "p_value": 2.8527208779492106e-104}