{"correlation": 0.08202908881809325, "p_value": 1.142289734994522e-148}