{"correlation": 0.07847807136690878, "p_value": 3.301707294112731e-136}