{"correlation": 0.028825477275096514, "p_value": 8.104856949419671e-20}