{"correlation": 0.06979851997101631, "p_value": 4.332479654503856e-108}