{"correlation": 0.005840731169940587, "p_value": 0.06490749371531089}