{"correlation": 0.09992558727024796, "p_value": 5.646921022792933e-220}