{"correlation": 0.08782815137052509, "p_value": 3.231455094853692e-170}