{"correlation": 0.021619311089330323, "p_value": 8.300023346478449e-12}