{"correlation": 0.11764740971953944, "p_value": 1.1131725801021697e-304}