{"correlation": -0.06061533691818303, "p_value": 6.075455983569244e-82}