{"correlation": 0.06395356051913338, "p_value": 5.085888373333608e-91}