{"correlation": 0.03617299858613462, "p_value": 2.7729903427612122e-30}