{"correlation": -0.010680986699265104, "p_value": 0.0007363663557830296}