{"correlation": 0.08324890700161854, "p_value": 4.4537634579280313e-153}