{"correlation": 0.09258598568814283, "p_value": 5.209021474513946e-189}