{"correlation": -0.08291763902184027, "p_value": 7.122082239088392e-152}