{"correlation": 0.045626400858687695, "p_value": 3.4957039223898246e-47}