{"correlation": 0.04686061673551835, "p_value": 1.1246796672285806e-49}