{"correlation": 0.007436146273365329, "p_value": 0.018767388166421605}