{"correlation": 0.015399226164610851, "p_value": 1.1330948532292036e-06}