{"correlation": -0.11513748068923317, "p_value": 7.979030643097134e-292}