{"correlation": 0.10959286943669724, "p_value": 1.9673016422138682e-264}