{"correlation": 0.005601489297160984, "p_value": 0.07667985651505255}