{"correlation": 0.059538931873212984, "p_value": 4.041547903555802e-79}