{"correlation": -0.043344586900590704, "p_value": 9.493320422141566e-43}