{"correlation": -0.05570257087655934, "p_value": 1.8026684317256823e-69}