{"correlation": 0.09372818945568445, "p_value": 1.1364360378514946e-193}