{"correlation": -0.013473866699944893, "p_value": 2.058816395482754e-05}