{"correlation": 0.05096418377223441, "p_value": 1.9388645824909906e-58}