{"correlation": 0.11081447634245667, "p_value": 2.3857741352020626e-270}