{"correlation": -0.07000192939682208, "p_value": 1.03681445557889e-108}