{"correlation": 0.09495398604511192, "p_value": 9.741641082848857e-199}