{"correlation": 0.07173550236141275, "p_value": 4.457575660690848e-114}