{"correlation": 0.08206338563655732, "p_value": 8.604164615164643e-149}