{"correlation": -0.016269076883911292, "p_value": 2.719047654783308e-07}