{"correlation": 0.08917585344225526, "p_value": 1.9418001417881084e-175}