{"correlation": -0.07215745971948823, "p_value": 2.103093171229951e-115}