{"correlation": 0.11073848877215023, "p_value": 5.592345910143592e-270}