{"correlation": 0.04347882559640829, "p_value": 5.282403959781832e-43}