{"correlation": 0.05230231856988908, "p_value": 1.8679033268908318e-61}