{"correlation": 0.0883443155420218, "p_value": 3.305381444423924e-172}