{"correlation": -0.00902079095561326, "p_value": 0.004358894987891047}