{"correlation": 0.057313771481313606, "p_value": 1.912765577350271e-73}