{"correlation": -0.01864718429437015, "p_value": 3.776735077444972e-09}