{"correlation": -0.029898312595531544, "p_value": 3.354685347691826e-21}