{"correlation": -0.09066752944585624, "p_value": 2.601754605204057e-181}