{"correlation": 0.09066876543474772, "p_value": 2.5725220693006386e-181}