{"correlation": 0.07948388647263871, "p_value": 1.11102053687588e-139}