{"correlation": 0.0823804528457786, "p_value": 6.230338048642715e-150}