{"correlation": 0.003085259083688714, "p_value": 0.32953346286619123}