{"correlation": -0.04939558471278518, "p_value": 5.295746289521805e-55}