{"correlation": 0.08756711491055368, "p_value": 3.246233779756344e-169}