{"correlation": 0.11609452934377226, "p_value": 1.0806194240391231e-296}