{"correlation": 0.10216848779432386, "p_value": 6.4549164519320645e-230}