{"correlation": -0.104148760966996, "p_value": 7.0003152019672055e-239}