{"correlation": 0.08775339344042367, "p_value": 6.261281042938506e-170}