{"correlation": 0.10341650036265992, "p_value": 1.5154331356641127e-235}