{"correlation": 0.07966002511855212, "p_value": 2.7097696625589633e-140}