{"correlation": -0.08318387827565464, "p_value": 7.681297304830553e-153}