{"correlation": 0.03707797564901623, "p_value": 9.833379954235825e-32}