{"correlation": 0.024333498656757848, "p_value": 1.4554437273757044e-14}