{"correlation": 0.05424790227054999, "p_value": 5.581281303092264e-66}