{"correlation": 0.09617953522245291, "p_value": 7.175746981704016e-204}