{"correlation": 0.10465006421428384, "p_value": 3.5306691361418823e-241}