{"correlation": 0.01799428268600571, "p_value": 1.2906789626090329e-08}