{"correlation": 0.04942418568232791, "p_value": 4.594400212235127e-55}