{"correlation": 0.10192427222159349, "p_value": 8.00410667643002e-229}