{"correlation": -0.016763641868939673, "p_value": 1.168986985062571e-07}