{"correlation": 0.07345883538551522, "p_value": 1.5248459199196487e-119}