{"correlation": 0.023509232583002623, "p_value": 1.0795808880415346e-13}