{"correlation": -0.039852553154807555, "p_value": 2.1159824264934307e-36}