{"correlation": 0.10804258206768193, "p_value": 5.0742211883530754e-257}