{"correlation": 0.11270654438201304, "p_value": 1.2073970264244631e-279}