{"correlation": 0.05496334363613624, "p_value": 1.1000247729380504e-67}