{"correlation": -0.048232073317157155, "p_value": 1.5984150708167134e-52}