{"correlation": 0.05954838005218954, "p_value": 3.8193498188740866e-79}