{"correlation": 0.0793094663172586, "p_value": 4.4790270615876856e-139}