{"correlation": -0.07277791846258315, "p_value": 2.2829309557401617e-117}