{"correlation": -0.094119790084106, "p_value": 2.7803929260962507e-195}