{"correlation": 0.029629636514850715, "p_value": 7.527921247267385e-21}