{"correlation": 0.009161725241407135, "p_value": 0.0037856457238446706}