{"correlation": 0.08444689828701277, "p_value": 1.7968820053437284e-157}