{"correlation": 0.04937559636992451, "p_value": 5.848239149859155e-55}