{"correlation": 0.09408341988694008, "p_value": 3.926966294822888e-195}