{"correlation": -0.05608563043692603, "p_value": 2.095631201935001e-70}