{"correlation": 0.0935520967163178, "p_value": 5.997135696121256e-193}