{"correlation": 0.11668529629261501, "p_value": 1.0184672821579778e-299}