{"correlation": 0.11469351903765575, "p_value": 1.4003819948273635e-289}