{"correlation": -0.10243880624062504, "p_value": 3.949012895622637e-231}