{"correlation": 0.050229093778269146, "p_value": 8.15211547403551e-57}