{"correlation": -0.016294663561095026, "p_value": 2.604369592668019e-07}