{"correlation": -0.05527104216454379, "p_value": 2.000333526329186e-68}