{"correlation": 0.07880786963919392, "p_value": 2.425966760174154e-137}