{"correlation": -0.0500828584394481, "p_value": 1.7040416570333387e-56}