{"correlation": 0.02684010933112638, "p_value": 2.1765978789968797e-17}