{"correlation": -0.04921194009944551, "p_value": 1.3159497697825396e-54}