{"correlation": 0.08899837004775295, "p_value": 9.558890987214699e-175}