{"correlation": 0.043891242044931854, "p_value": 8.625464592240074e-44}