{"correlation": 0.09022247295361316, "p_value": 1.5061058449260371e-179}