{"correlation": -0.020940054639710482, "p_value": 3.627923572739493e-11}