{"correlation": 0.06392086703248517, "p_value": 6.275264815831297e-91}