{"correlation": -0.07134032032751436, "p_value": 7.657430668032998e-113}