{"correlation": 0.04726505569933853, "p_value": 1.6590483415828294e-50}