{"correlation": 0.06610137187477716, "p_value": 4.0555036135558974e-97}