{"correlation": -0.07452879347607799, "p_value": 5.295422505819105e-123}