{"correlation": -0.02153764097159147, "p_value": 9.934325277775032e-12}