{"correlation": 0.09743599482627129, "p_value": 3.343294430176223e-209}