{"correlation": -0.07007426718937278, "p_value": 6.228825822464567e-109}