{"correlation": 0.10521391542713912, "p_value": 8.923095197818205e-244}