{"correlation": -0.036323539697484065, "p_value": 1.6001413426458117e-30}