{"correlation": 0.015975823756748202, "p_value": 4.435451037449285e-07}