{"correlation": 0.10893833027781587, "p_value": 2.730294362445949e-261}