{"correlation": -0.03409976208334105, "p_value": 4.284745878250587e-27}