{"correlation": 0.10039505574661652, "p_value": 4.891443369190299e-222}