{"correlation": 0.04928105399513928, "p_value": 9.346251359289532e-55}