{"correlation": 0.04236546509091412, "p_value": 6.466841726074884e-41}