{"correlation": 0.05797124323433902, "p_value": 4.239800217764124e-75}