{"correlation": -0.05746886929461578, "p_value": 7.818253395622543e-74}