{"correlation": -0.06847335567369028, "p_value": 4.346635684501339e-104}