{"correlation": 0.04380015655129187, "p_value": 1.2889730858756926e-43}