{"correlation": -0.0858613060590728, "p_value": 9.654620668300723e-163}