{"correlation": 0.06922666646914752, "p_value": 2.360168049029203e-106}