{"correlation": -0.10828271798385264, "p_value": 3.667833912696535e-258}