{"correlation": 0.09921719165714069, "p_value": 7.001065594010588e-217}