{"correlation": -0.01813314750752138, "p_value": 9.972771173389602e-09}