{"correlation": -0.08693293520761643, "p_value": 8.571935076261542e-167}