{"correlation": 0.014452140610546622, "p_value": 4.932710763659112e-06}