{"correlation": 0.11057826053217826, "p_value": 3.363990113326217e-269}