{"correlation": 0.1102667723277709, "p_value": 1.0925869502504195e-267}