{"correlation": 0.059952385450552724, "p_value": 3.374596341326935e-80}