{"correlation": 0.04847875715654473, "p_value": 4.817908920128605e-53}