{"correlation": 0.031501198155936244, "p_value": 2.3276418063054608e-23}