{"correlation": -0.04542906489985997, "p_value": 8.628156998615817e-47}