{"correlation": 0.09754490012947206, "p_value": 1.1447982412061174e-209}