{"correlation": 0.11669641312587536, "p_value": 8.930155941300091e-300}