{"correlation": -0.029092886055027984, "p_value": 3.7036976961733197e-20}