{"correlation": -0.018191537934090906, "p_value": 8.9428739331532e-09}