{"correlation": 0.05621055161486911, "p_value": 1.0354834474970454e-70}