{"correlation": 0.005472519480910245, "p_value": 0.08371536869422037}