{"correlation": 0.012730218070153173, "p_value": 5.7372449630270955e-05}