{"correlation": 0.012211391824979389, "p_value": 0.00011367579658746695}