{"correlation": 0.0002000059750207978, "p_value": 0.9496000711386834}