{"correlation": 0.01582004507931528, "p_value": 5.732725388496172e-07}