{"correlation": 0.1026996590475678, "p_value": 2.645313807658687e-232}