{"correlation": -0.04461449496610708, "p_value": 3.449126869660497e-45}