{"correlation": -0.08583477865775128, "p_value": 1.2144672130691633e-162}