{"correlation": 0.027667674593491492, "p_value": 2.217468463848656e-18}