{"correlation": -0.10267938825631366, "p_value": 3.2645124512957006e-232}