{"correlation": -0.08055992793260429, "p_value": 1.908876137770825e-143}