{"correlation": -0.07348018314172707, "p_value": 1.3022617694223612e-119}