{"correlation": -0.0329249139210353, "p_value": 2.2732310501007374e-25}