{"correlation": -0.04798742667426746, "p_value": 5.2192130297058565e-52}