{"correlation": 0.017085442185219766, "p_value": 6.664012603561309e-08}