{"correlation": -0.10400672540394745, "p_value": 3.118606767550685e-238}