{"correlation": -0.009533424193902667, "p_value": 0.002587045849271163}