{"correlation": -0.05658182700831343, "p_value": 1.2622804717380608e-71}