{"correlation": 0.11195135282634372, "p_value": 6.478062051568366e-276}