{"correlation": 0.09768481122899404, "p_value": 2.8839837739538167e-210}