{"correlation": 0.03544206305018034, "p_value": 3.876516313443431e-29}