{"correlation": -0.039611727140865305, "p_value": 5.543979214072186e-36}