{"correlation": 0.017288381774725626, "p_value": 4.6512375956563026e-08}