{"correlation": 0.049787374327578945, "p_value": 7.510301475229536e-56}