{"correlation": -0.03345271148680888, "p_value": 3.8831768061580634e-26}