{"correlation": 0.030801506859328472, "p_value": 2.1030774760518991e-22}