{"correlation": 0.0330548065619322, "p_value": 1.4753162025479806e-25}