{"correlation": -0.11080023357516712, "p_value": 2.7989401666451046e-270}