{"correlation": -0.0014369018329143696, "p_value": 0.6497479530897085}