{"correlation": -0.09048306612116581, "p_value": 1.402416179937475e-180}