{"correlation": 0.07063342041815544, "p_value": 1.1915015453288575e-110}