{"correlation": 0.04165815442379153, "p_value": 1.2857739186378671e-39}