{"correlation": 0.09494038114113375, "p_value": 1.1097775389905523e-198}