{"correlation": -0.0781061105294502, "p_value": 6.19142083091986e-135}