{"correlation": -0.03708739258606387, "p_value": 9.493487499872779e-32}