{"correlation": -0.0828892434252083, "p_value": 9.027660626454222e-152}