{"correlation": 0.039446983726829934, "p_value": 1.067899178396443e-35}