{"correlation": 0.07071793200655775, "p_value": 6.534167139560003e-111}