{"correlation": 0.1117401834298808, "p_value": 7.075140732206792e-275}