{"correlation": 0.09599535189465049, "p_value": 4.2807824906835636e-203}