{"correlation": 0.11467512052939033, "p_value": 1.734051802525858e-289}