{"correlation": -0.040952012010270725, "p_value": 2.4202088561764867e-38}