{"correlation": 0.021309274352506135, "p_value": 1.6364382578364767e-11}