{"correlation": 0.09427927848368929, "p_value": 6.10738170920101e-196}