{"correlation": -0.04728897467854025, "p_value": 1.480744017110896e-50}