{"correlation": -0.08417331019602886, "p_value": 1.8349737973992578e-156}