{"correlation": 0.021595273063245032, "p_value": 8.751530465527985e-12}