{"correlation": 0.03918012692037695, "p_value": 3.070552829025487e-35}