{"correlation": -0.03500371862696316, "p_value": 1.837905934130573e-28}