{"correlation": 0.05307426084845711, "p_value": 3.132462813457436e-63}