{"correlation": -0.03340464164254162, "p_value": 4.566482087772423e-26}