{"correlation": 0.07721353424860523, "p_value": 6.634072944258866e-132}