{"correlation": -0.02619368821965445, "p_value": 1.2363288185639888e-16}