{"correlation": -0.07536746184116466, "p_value": 9.487026166771206e-126}