{"correlation": -0.0007048410611228121, "p_value": 0.8237262746807863}