{"correlation": -0.028517989906007454, "p_value": 1.9771049319797929e-19}