{"correlation": 0.10538187280964335, "p_value": 1.4930630770983176e-244}