{"correlation": -0.06348653394988844, "p_value": 1.0130904230834363e-89}