{"correlation": 0.0355863852780883, "p_value": 2.3125705448104482e-29}