{"correlation": 0.06894096900488784, "p_value": 1.7177898191690529e-105}