{"correlation": 0.07203360432519405, "p_value": 5.163641696869804e-115}