{"correlation": 0.06040702675609745, "p_value": 2.156975345970884e-81}