{"correlation": 0.008905447962586794, "p_value": 0.004885403078245921}