{"correlation": 0.06524472767646543, "p_value": 1.1603028608481942e-94}