{"correlation": 0.05223998983481214, "p_value": 2.5916564367421435e-61}