{"correlation": -0.04737247350057288, "p_value": 9.95193509339512e-51}