{"correlation": 0.09968610081927706, "p_value": 6.310800749079204e-219}