{"correlation": 0.11157147629495345, "p_value": 4.762139398338483e-274}