{"correlation": 0.05221736411853785, "p_value": 2.918524794459592e-61}