{"correlation": 0.11190369455558487, "p_value": 1.1116022543328253e-275}