{"correlation": -0.10473284285170234, "p_value": 1.470397993438351e-241}