{"correlation": -0.057358574985535545, "p_value": 1.47750054509975e-73}