{"correlation": 0.05935263090338743, "p_value": 1.2302562707827246e-78}