{"correlation": 0.009326948207957196, "p_value": 0.00320135392933708}