{"correlation": 0.11457058635297822, "p_value": 5.836053565327554e-289}