{"correlation": 0.09136544146185152, "p_value": 4.300927146327835e-184}