{"correlation": -0.049927752778923605, "p_value": 3.7161729549561324e-56}