{"correlation": 0.022530227217987885, "p_value": 1.0694661294624886e-12}