{"correlation": -0.010842337411587006, "p_value": 0.0006110416999692827}