{"correlation": 0.10797461459157315, "p_value": 1.0661879961871339e-256}