{"correlation": 0.07092169901878473, "p_value": 1.5304863282904866e-111}