{"correlation": 0.07840334853815435, "p_value": 5.956217008252242e-136}