{"correlation": 0.0751634537056285, "p_value": 4.4477442615102937e-125}