{"correlation": 0.111597478635661, "p_value": 3.5502425580512e-274}