{"correlation": 0.0366224820374236, "p_value": 5.334182634542134e-31}