{"correlation": 0.11188327168914963, "p_value": 1.4009079919389985e-275}