{"correlation": -0.05887331423719094, "p_value": 2.1224661561950707e-77}