{"correlation": 0.043744386592637206, "p_value": 1.6477280755708992e-43}