{"correlation": -0.04734116174428374, "p_value": 1.15519980098269e-50}