{"correlation": -0.05072289850394942, "p_value": 6.654432380131958e-58}