{"correlation": 0.00783516899007501, "p_value": 0.013277788779259721}