{"correlation": 0.057029791868295245, "p_value": 9.78061756200997e-73}