{"correlation": 0.06342840890517044, "p_value": 1.4678620834086944e-89}