{"correlation": 0.03281746247723271, "p_value": 3.246485365087049e-25}