{"correlation": 0.11564280489806285, "p_value": 2.1708859827206898e-294}