{"correlation": 0.019172509309889653, "p_value": 1.3633124532449626e-09}