{"correlation": 0.10164522155085401, "p_value": 1.410708979720433e-227}