{"correlation": 0.004353725194060369, "p_value": 0.16884062143623144}