{"correlation": 0.07859814976250659, "p_value": 1.277797212421382e-136}