{"correlation": 0.11076250483775395, "p_value": 4.272615424916001e-270}