{"correlation": -0.07755424737116529, "p_value": 4.670054818171533e-133}