{"correlation": 0.1165459289900511, "p_value": 5.286442661317147e-299}