{"correlation": -0.0620784829786618, "p_value": 7.329528786570045e-86}