{"correlation": -0.11151314733991408, "p_value": 9.200274556089696e-274}