{"correlation": 0.06772811252595211, "p_value": 7.154682592642016e-102}