{"correlation": 0.01667739690743484, "p_value": 1.356694062649632e-07}