{"correlation": 0.06656994999824478, "p_value": 1.7812637817245183e-98}