{"correlation": -0.06470798862942818, "p_value": 3.866700897516922e-93}