{"correlation": -0.04209385031850974, "p_value": 2.050621811461168e-40}