{"correlation": 0.10582234258691316, "p_value": 1.354750204543563e-246}