{"correlation": 0.10065370043902414, "p_value": 3.540016321083342e-223}