{"correlation": 0.029453579520401868, "p_value": 1.273525556399813e-20}