{"correlation": 0.05448013602788267, "p_value": 1.5690161371853004e-66}