{"correlation": -0.07446178961977445, "p_value": 8.750093035322914e-123}