{"correlation": 0.11527778686645183, "p_value": 1.5517846015350884e-292}