{"correlation": 0.0338404617729193, "p_value": 1.0416218626029191e-26}