{"correlation": -0.05887727993933625, "p_value": 2.0732359899843467e-77}