{"correlation": -0.039094396075906306, "p_value": 4.30447661951315e-35}