{"correlation": -0.011011554926353417, "p_value": 0.0005011352574252875}