{"correlation": 0.03746072772326124, "p_value": 2.3370929074572152e-32}