{"correlation": -0.04632004876589798, "p_value": 1.4153265247903206e-48}