{"correlation": 0.07457011046575766, "p_value": 3.884242606771491e-123}