{"correlation": -0.05807896722777359, "p_value": 2.2619972022243428e-75}