{"correlation": 0.04943840239102003, "p_value": 4.281018709199191e-55}