{"correlation": 0.08590634917486376, "p_value": 6.538207312849631e-163}