{"correlation": -0.052642002338106515, "p_value": 3.1137311148713988e-62}