{"correlation": 0.0826536300796018, "p_value": 6.435497999963309e-151}