{"correlation": 0.012275673028938363, "p_value": 0.00010458716156964423}