{"correlation": 0.04565688451947603, "p_value": 3.039274907790023e-47}