{"correlation": 0.09725204656259898, "p_value": 2.037709365323117e-208}