{"correlation": 0.019438682838418247, "p_value": 8.052145726899028e-10}