{"correlation": 0.11765814025226906, "p_value": 9.794718136225286e-305}