{"correlation": 0.07319694375958323, "p_value": 1.0526472509103094e-118}