{"correlation": -0.08324154834085602, "p_value": 4.737207206929107e-153}