{"correlation": -0.04108632950661743, "p_value": 1.390129837387211e-38}