{"correlation": 0.10572327571775837, "p_value": 3.9078362519830334e-246}