{"correlation": 0.1054157195487902, "p_value": 1.041016505310828e-244}