{"correlation": -0.11684185147610719, "p_value": 1.597638169182148e-300}