{"correlation": 0.025414203372593286, "p_value": 9.5047623726077e-16}