{"correlation": 0.08802522961744212, "p_value": 5.635298297831221e-171}