{"correlation": -0.06538945889978845, "p_value": 4.4853506214487894e-95}