{"correlation": 0.05738225721304814, "p_value": 1.2889035209581027e-73}