{"correlation": 0.0953499591139949, "p_value": 2.1754953354304994e-200}