{"correlation": 0.09394485711694589, "p_value": 1.4615023985193557e-194}