{"correlation": 0.1075261596881556, "p_value": 1.413457142336536e-254}