{"correlation": 0.11190717426228323, "p_value": 1.0686385836138698e-275}