{"correlation": 0.03653874740883889, "p_value": 7.262596375988405e-31}