{"correlation": 0.08439923992994737, "p_value": 2.6948976907646193e-157}