{"correlation": -0.0770317705131544, "p_value": 2.719571471974857e-131}