{"correlation": 0.10005845344628474, "p_value": 1.4761462062730466e-220}