{"correlation": 0.0168064864833822, "p_value": 1.0853390403541083e-07}