{"correlation": 0.0519654400055148, "p_value": 1.0915304913591292e-60}