{"correlation": 0.011234403947468396, "p_value": 0.0003843780080776564}