{"correlation": 0.0198294309532282, "p_value": 3.670737673058971e-10}