{"correlation": 0.04099699602104901, "p_value": 2.0104576430547448e-38}