{"correlation": 0.03178766212966263, "p_value": 9.320824297307513e-24}