{"correlation": 0.01736382051300031, "p_value": 4.06512092324195e-08}