{"correlation": 0.017592102618590715, "p_value": 2.695260128309326e-08}