{"correlation": 0.11134855388120404, "p_value": 5.8885778782422085e-273}