{"correlation": -0.08394803916466, "p_value": 1.2360606316257998e-155}