{"correlation": 0.06781985926897231, "p_value": 3.828608640364618e-102}