{"correlation": -0.040176420380377324, "p_value": 5.74116908314806e-37}