{"correlation": -0.08178773395904214, "p_value": 8.362993285099439e-148}