{"correlation": -0.013603247812463443, "p_value": 1.713310865310651e-05}