{"correlation": 0.11411096095313368, "p_value": 1.1958781691849177e-286}