{"correlation": 0.08691246576275168, "p_value": 1.0255272369202596e-166}