{"correlation": 0.10952988343635964, "p_value": 3.9545196955330013e-264}