{"correlation": 0.05033126235323873, "p_value": 4.864077197095975e-57}