{"correlation": -0.0673388855545006, "p_value": 1.005786170387161e-100}