{"correlation": 0.07608803736777217, "p_value": 3.911900573032767e-128}