{"correlation": 0.03887762492144619, "p_value": 1.007957811842314e-34}