{"correlation": 0.06302707876502613, "p_value": 1.8816711038110502e-88}