{"correlation": 0.025048440857504076, "p_value": 2.4244832798152935e-15}