{"correlation": -0.06688758918487615, "p_value": 2.1142455116366134e-99}