{"correlation": -0.09373642345500074, "p_value": 1.0513135570338902e-193}