{"correlation": 0.04510704170155663, "p_value": 3.737638104068909e-46}