{"correlation": -0.09054098259344924, "p_value": 8.266730861021085e-181}