{"correlation": -0.0697028681803467, "p_value": 8.475115165883345e-108}