{"correlation": 0.06896534609742985, "p_value": 1.4506330219732991e-105}