{"correlation": -0.010525079044375302, "p_value": 0.000879781727309725}