{"correlation": 0.0552833790750521, "p_value": 1.867818069798641e-68}