{"correlation": 0.03562204084302422, "p_value": 2.0348402607427367e-29}