{"correlation": 0.09802850316550478, "p_value": 9.671414781197904e-212}