{"correlation": 0.023359723825977934, "p_value": 1.5416807561536092e-13}