{"correlation": -0.06867776936141497, "p_value": 1.0615567614440941e-104}