{"correlation": 0.0844385429273192, "p_value": 1.9292421758404523e-157}