{"correlation": 0.07034080640489061, "p_value": 9.484809283782908e-110}