{"correlation": 0.1149495471321016, "p_value": 7.129663851308655e-291}