{"correlation": 0.04393725405760123, "p_value": 7.039083098039662e-44}