{"correlation": 0.08141028261593454, "p_value": 1.8591457566404067e-146}