{"correlation": 0.04827633348614083, "p_value": 1.28954533020899e-52}