{"correlation": 0.07530668925922067, "p_value": 1.5038719286396568e-125}