{"correlation": 0.101989428935463, "p_value": 4.091180623788057e-229}