{"correlation": 0.06360488449665323, "p_value": 4.75660793257605e-90}