{"correlation": -0.030880633764849074, "p_value": 1.6436425586450994e-22}