{"correlation": -0.0919595201396809, "p_value": 1.772810618943485e-186}