{"correlation": 0.06620551548015567, "p_value": 2.0286507699999244e-97}