{"correlation": 0.006462223382521465, "p_value": 0.04112039808087732}