{"correlation": 0.052211713880510394, "p_value": 3.0063689708472374e-61}