{"correlation": 0.09359284457907095, "p_value": 4.082286039410463e-193}