{"correlation": 0.11090909678948027, "p_value": 8.252447166269869e-271}