{"correlation": 0.09053210279548762, "p_value": 8.96472956441533e-181}