{"correlation": -0.005339969791315188, "p_value": 0.0914817803406153}