{"correlation": 0.04840916909721481, "p_value": 6.7616080342948405e-53}