{"correlation": -0.033511214416405005, "p_value": 3.186981851043781e-26}