{"correlation": 0.10007508966243063, "p_value": 1.2477167308161935e-220}