{"correlation": 0.012978682983068899, "p_value": 4.0977385436385476e-05}