{"correlation": -0.014417058332839214, "p_value": 5.200302688041862e-06}