{"correlation": 0.06537676608109914, "p_value": 4.8756574179295626e-95}