{"correlation": -0.01679705368010705, "p_value": 1.103242689545277e-07}