{"correlation": -0.08505850116853608, "p_value": 9.698067742820111e-160}