{"correlation": -0.012795135145615867, "p_value": 5.257299993122265e-05}