{"correlation": 0.08443648503325415, "p_value": 1.9633094059630927e-157}