{"correlation": 0.08634332723332029, "p_value": 1.4743025578483146e-164}