{"correlation": 0.11147745628870623, "p_value": 1.3763400546737875e-273}