{"correlation": -0.06966057986196854, "p_value": 1.13985985989943e-107}