{"correlation": 0.08176078231766648, "p_value": 1.0441155977131119e-147}