{"correlation": 0.0713950924522018, "p_value": 5.168022814009806e-113}