{"correlation": 0.007941151168337981, "p_value": 0.01208248602735031}