{"correlation": 0.11222923452338898, "p_value": 2.767463468930223e-277}