{"correlation": -0.05986964149257417, "p_value": 5.55423342338704e-80}