{"correlation": 0.09586999156862633, "p_value": 1.4407612769192132e-202}