{"correlation": -0.04102294181946719, "p_value": 1.8063045994021024e-38}