{"correlation": 0.03460004525504167, "p_value": 7.575374999283685e-28}