{"correlation": 0.03697833207032411, "p_value": 1.4259981132733155e-31}