{"correlation": 0.07051082443704823, "p_value": 2.844561371477707e-110}