{"correlation": 0.0709133369989863, "p_value": 1.6245518558707486e-111}