{"correlation": 0.04812865819350812, "p_value": 2.637822382261768e-52}