{"correlation": -0.08763983542781, "p_value": 1.7082347126529637e-169}