{"correlation": 0.08571092320954558, "p_value": 3.541915425799422e-162}