{"correlation": 0.10566215348126125, "p_value": 7.508879525082759e-246}