{"correlation": 0.05535744043697108, "p_value": 1.2373473661755e-68}