{"correlation": 0.07072065782304131, "p_value": 6.40869889386449e-111}