{"correlation": -0.04566285163304167, "p_value": 2.957131950274335e-47}