{"correlation": -0.11187490815990372, "p_value": 1.540084117759632e-275}