{"correlation": 0.06401767246696234, "p_value": 3.367128551666139e-91}