{"correlation": 0.09721813499968913, "p_value": 2.842427012935383e-208}