{"correlation": 0.10938286870351414, "p_value": 2.014411325466957e-263}