{"correlation": 0.03379651241994958, "p_value": 1.2100684471236277e-26}