{"correlation": -0.07702617854947082, "p_value": 2.8400613971832544e-131}