{"correlation": 0.1028035711438111, "p_value": 8.994060888152886e-233}