{"correlation": 0.06934334398824527, "p_value": 1.0468011688160376e-106}