{"correlation": -0.05472291216523511, "p_value": 4.1398811575635407e-67}