{"correlation": -0.049330893343578944, "p_value": 7.300436375962224e-55}