{"correlation": 0.035518191979987124, "p_value": 2.952654040505875e-29}