{"correlation": 0.0378903547366163, "p_value": 4.578000467544876e-33}