{"correlation": 0.08496729778385123, "p_value": 2.117968190622823e-159}