{"correlation": 0.08197789018101898, "p_value": 1.7433959884782323e-148}