{"correlation": -0.0057564109819822264, "p_value": 0.06887392831470522}