{"correlation": -0.0040633806416158, "p_value": 0.19907959817310925}