{"correlation": -0.07167272508879614, "p_value": 7.010400973593654e-114}