{"correlation": 0.029141344235058746, "p_value": 3.2112476060633827e-20}