{"correlation": 0.08780805290963793, "p_value": 3.860582983671044e-170}