{"correlation": 0.025021093943755988, "p_value": 2.5989325004314625e-15}