{"correlation": 0.059097150158015206, "p_value": 5.629848761282467e-78}