{"correlation": 0.0854965679946884, "p_value": 2.2498193636104285e-161}