{"correlation": 0.0018555082487736341, "p_value": 0.5576019298113903}