{"correlation": -0.021994020457888862, "p_value": 3.608226235881556e-12}