{"correlation": 0.017943362187940584, "p_value": 1.4180260492023632e-08}