{"correlation": 0.10979820258048706, "p_value": 2.0143392873448177e-265}