{"correlation": -0.04253501800879286, "p_value": 3.1347636094417434e-41}