{"correlation": 0.029036172450959696, "p_value": 4.375472133182103e-20}