{"correlation": 0.07115307710266738, "p_value": 2.929814989913398e-112}