{"correlation": 0.020535605360409014, "p_value": 8.545733361748299e-11}