{"correlation": -0.10762338567755919, "p_value": 4.90791955702394e-255}