{"correlation": 0.0015135281803828396, "p_value": 0.6324160165405207}