{"correlation": 0.04859606875346612, "p_value": 2.717980219682294e-53}