{"correlation": 0.09196528248499355, "p_value": 1.6805556312816972e-186}