{"correlation": 0.06872698742345541, "p_value": 7.555500805082754e-105}