{"correlation": 0.02717037850568684, "p_value": 8.819472922777754e-18}