{"correlation": 0.034445002130392685, "p_value": 1.299493554490527e-27}