{"correlation": 0.01513577018753962, "p_value": 1.7208361092845113e-06}