{"correlation": -0.09989207167902706, "p_value": 7.918980176684925e-220}