{"correlation": 0.023412397370000747, "p_value": 1.360151001261009e-13}