{"correlation": 0.06721643179095842, "p_value": 2.302893601104906e-100}