{"correlation": -0.019565158532467892, "p_value": 6.254553056679877e-10}