{"correlation": -0.09859448761982005, "p_value": 3.5142121675445773e-214}