{"correlation": 0.11508876444106715, "p_value": 1.4081622600320882e-291}