{"correlation": -0.06847213550599872, "p_value": 4.383308948856963e-104}