{"correlation": -0.036978673761971906, "p_value": 1.4241842099096932e-31}