{"correlation": -0.038138144119267546, "p_value": 1.772971245036023e-33}