{"correlation": 0.11087571628167356, "p_value": 1.200267993136086e-270}