{"correlation": 0.05121700348992629, "p_value": 5.292507033391672e-59}