{"correlation": 0.03036908418417702, "p_value": 8.000201543149153e-22}