{"correlation": 0.052028540825899104, "p_value": 7.848830285524039e-61}