{"correlation": 0.049226113777383736, "p_value": 1.2268216109004682e-54}