{"correlation": 0.09409379998493182, "p_value": 3.5585000863017765e-195}