{"correlation": 0.0490619997881095, "p_value": 2.760015065548648e-54}