{"correlation": 0.026958337207041126, "p_value": 1.577139590654743e-17}