{"correlation": -0.07037775196803875, "p_value": 7.302706501861757e-110}