{"correlation": -0.09783965413448462, "p_value": 6.256620325693551e-211}