{"correlation": -0.086046647258032, "p_value": 1.939226872085137e-163}