{"correlation": -0.04225660787078254, "p_value": 1.0278830969785298e-40}