{"correlation": 0.09067579180561557, "p_value": 2.4124657480711377e-181}