{"correlation": -0.09686702770680565, "p_value": 8.856480411916516e-207}