{"correlation": -0.07303541640633673, "p_value": 3.4537010876354513e-118}