{"correlation": -0.11028495064242079, "p_value": 8.919889644518699e-268}