{"correlation": 0.02691964076458845, "p_value": 1.7527849118422486e-17}