{"correlation": -0.07125621581698578, "p_value": 1.3996911442914533e-112}