{"correlation": 0.1030225011732701, "p_value": 9.231192410762403e-234}