{"correlation": 0.10753172147590036, "p_value": 1.330500587845679e-254}