{"correlation": 0.034193042419003256, "p_value": 3.1076590921712544e-27}