{"correlation": -0.026435355428673826, "p_value": 6.489525609730548e-17}