{"correlation": -0.11274620591961387, "p_value": 7.678345034228522e-280}