{"correlation": -0.033562813284392784, "p_value": 2.676552538652265e-26}