{"correlation": 0.05081353897115088, "p_value": 4.1900598478769294e-58}