{"correlation": 0.051158383388708276, "p_value": 7.155746169964004e-59}