{"correlation": 0.050547569995199, "p_value": 1.624368642054514e-57}