{"correlation": 0.012063320352637798, "p_value": 0.00013752514890413544}