{"correlation": -0.04010774403055594, "p_value": 7.577210073240724e-37}