{"correlation": 0.11085454627975974, "p_value": 1.5220682729360886e-270}