{"correlation": 0.044216003963923084, "p_value": 2.045576338466643e-44}