{"correlation": 0.0635224499841607, "p_value": 8.055043273562208e-90}