{"correlation": 0.02661209158451275, "p_value": 4.0356646570828964e-17}