{"correlation": 0.10003613749746161, "p_value": 1.8494843955358246e-220}