{"correlation": 0.06419216888871153, "p_value": 1.093612812360348e-91}