{"correlation": 0.07219466388511714, "p_value": 1.605268647137469e-115}