{"correlation": -0.04716207968215808, "p_value": 2.704965501649376e-50}