{"correlation": -0.04701097982801793, "p_value": 5.531531527592805e-50}