{"correlation": -0.0022057869255602196, "p_value": 0.48573518248215886}