{"correlation": 0.1026168172302744, "p_value": 6.2466957853919946e-232}