{"correlation": -0.08716941241924343, "p_value": 1.0768211941462009e-167}