{"correlation": 0.11710576883095164, "p_value": 6.995464753979928e-302}