{"correlation": 0.03906758752662102, "p_value": 4.7833282156472005e-35}