{"correlation": -0.07187621387735238, "p_value": 1.6132553615331877e-114}