{"correlation": -0.05330558663608168, "p_value": 9.094481450734902e-64}