{"correlation": 0.10408712449135903, "p_value": 1.3390432779184643e-238}