{"correlation": 0.05596838649360538, "p_value": 4.0555575135845526e-70}