{"correlation": 0.031721354859525284, "p_value": 1.1528389196303125e-23}