{"correlation": 0.06582480904701528, "p_value": 2.538853763825801e-96}