{"correlation": 0.10183578656922851, "p_value": 1.9898943924887479e-228}