{"correlation": 0.0967651231376581, "p_value": 2.3973042777598002e-206}