{"correlation": 0.08903551903495939, "p_value": 6.849177141074958e-175}