{"correlation": -0.044082733180598486, "p_value": 3.696867455438332e-44}