{"correlation": 0.0435613994804388, "p_value": 3.679933651028862e-43}