{"correlation": 0.06039842171710437, "p_value": 2.2726637824411444e-81}