{"correlation": -0.04896630228948268, "p_value": 4.422859558582425e-54}