{"correlation": 0.09784773839679087, "p_value": 5.776456075084344e-211}