{"correlation": -0.06144551749384604, "p_value": 3.730265132759546e-84}