{"correlation": 0.1016786276606369, "p_value": 1.0010206318239976e-227}