{"correlation": -0.014847289417867105, "p_value": 2.6984611340042054e-06}