{"correlation": 0.08008526223933046, "p_value": 8.869103078458299e-142}