{"correlation": -0.08856031517151809, "p_value": 4.818191570468661e-173}