{"correlation": 0.07806591752733609, "p_value": 8.491554783161792e-135}