{"correlation": 0.10268245980599704, "p_value": 3.162124498477029e-232}