{"correlation": -0.1033357134936136, "p_value": 3.524097417717822e-235}