{"correlation": -0.0005125070590499517, "p_value": 0.8713290955687802}