{"correlation": -0.0786243577359993, "p_value": 1.038472554310486e-136}