{"correlation": 0.08031428811256763, "p_value": 1.3955528486950376e-142}