{"correlation": 0.03214276763604308, "p_value": 2.9637668910223534e-24}