{"correlation": -0.0360662812214718, "p_value": 4.089132885564998e-30}