{"correlation": -0.036936943518911726, "p_value": 1.6635638971052497e-31}