{"correlation": 0.008294141362623466, "p_value": 0.008759796393058988}