{"correlation": 0.04037401811451306, "p_value": 2.5770819778683735e-37}