{"correlation": 0.011750764442254497, "p_value": 0.00020417978731585}