{"correlation": 0.07059602117954802, "p_value": 1.554008689320592e-110}