{"correlation": 0.09821537685698167, "p_value": 1.518993007324043e-212}