{"correlation": 0.05907582611983785, "p_value": 6.389947915112261e-78}