{"correlation": -0.06273359048265088, "p_value": 1.202938563257651e-87}