{"correlation": 0.06894643330965974, "p_value": 1.6539270452232495e-105}