{"correlation": -0.07264119854021137, "p_value": 6.205847873316431e-117}