{"correlation": -0.05747664903746182, "p_value": 7.474673176326095e-74}