{"correlation": -0.11250229611764388, "p_value": 1.2390399775471942e-278}