{"correlation": -0.05959348989849729, "p_value": 2.9153004897610273e-79}