{"correlation": -0.09999343632188895, "p_value": 2.8468157407376882e-220}