{"correlation": 0.10382702898740803, "p_value": 2.0584994826659917e-237}