{"correlation": 0.10317391194956925, "p_value": 1.9064499478188673e-234}