{"correlation": 0.058744024529572864, "p_value": 4.557689074415501e-77}