{"correlation": 0.029135545856935605, "p_value": 3.2665799420908164e-20}