{"correlation": -0.02797381491172111, "p_value": 9.364083688052976e-19}