{"correlation": 0.054208481531957585, "p_value": 6.919081646937742e-66}