{"correlation": 0.1061560914741518, "p_value": 3.790147820255361e-248}