{"correlation": 0.11701673068060922, "p_value": 2.011600746601265e-301}