{"correlation": 0.08684412870205319, "p_value": 1.865414933278754e-166}