{"correlation": 0.11538547018060656, "p_value": 4.410156396515494e-293}