{"correlation": -0.050523241017534436, "p_value": 1.8380588688114708e-57}