{"correlation": 0.050383276328625534, "p_value": 3.738093708819045e-57}