{"correlation": 0.11036526332927812, "p_value": 3.6388729080699207e-268}