{"correlation": 0.05253040834588364, "p_value": 5.616307597405396e-62}