{"correlation": -0.008886791424848542, "p_value": 0.0049757750015725155}