{"correlation": 0.10199939286556711, "p_value": 3.6919896316254555e-229}