{"correlation": 0.037961166920202565, "p_value": 3.493130473725494e-33}