{"correlation": -0.00960315850458377, "p_value": 0.002405277696214809}