{"correlation": -0.039878849339098854, "p_value": 1.9040748443841157e-36}