{"correlation": 0.11395440394795625, "p_value": 7.292488996553639e-286}