{"correlation": -0.06892176230456067, "p_value": 1.9624260231727393e-105}