{"correlation": 0.05583408518054322, "p_value": 8.625117652430891e-70}