{"correlation": 0.08867257807554203, "p_value": 1.7676309478562208e-173}