{"correlation": 0.019947291355368126, "p_value": 2.887873177317126e-10}