{"correlation": -0.001094326172568293, "p_value": 0.7294583541739914}