{"correlation": 0.04949738030975635, "p_value": 3.192790127770757e-55}