{"correlation": 0.06801190430411096, "p_value": 1.031420116762196e-102}