{"correlation": 0.08388778826479774, "p_value": 2.056957809082081e-155}