{"correlation": 0.11315944355426402, "p_value": 6.8051886881491456e-282}