{"correlation": -0.034616007277979345, "p_value": 7.165001766483284e-28}