{"correlation": 0.08229308295499069, "p_value": 1.285712135035085e-149}