{"correlation": 0.08609180148501701, "p_value": 1.3108824019146732e-163}