{"correlation": 0.016134641163171138, "p_value": 3.406366247480945e-07}