{"correlation": 0.011705063651774948, "p_value": 0.0002161578633270703}