{"correlation": -0.023150463818260796, "p_value": 2.5291317281480127e-13}