{"correlation": 0.11707698376102132, "p_value": 9.843660784825944e-302}