{"correlation": -0.10211271069012914, "p_value": 1.1477716622969581e-229}