{"correlation": -0.011629969058214947, "p_value": 0.00023728313706248595}