{"correlation": 0.09647930414284552, "p_value": 3.892338987316901e-205}