{"correlation": -0.09677041141775121, "p_value": 2.276628536994675e-206}