{"correlation": 0.04277331255599663, "p_value": 1.12747533962791e-41}