{"correlation": 0.01882521066100505, "p_value": 2.6820157565145115e-09}