{"correlation": 0.035439382911023734, "p_value": 3.913806386113506e-29}