{"correlation": 0.05304880557564442, "p_value": 3.5879570200311445e-63}