{"correlation": -0.02597054948955195, "p_value": 2.2303335618715578e-16}