{"correlation": 0.038814792940899796, "p_value": 1.2887522563047867e-34}