{"correlation": 0.09292069797332035, "p_value": 2.2742643216610296e-190}