{"correlation": -0.028590865063970555, "p_value": 1.6018063499439564e-19}