{"correlation": 0.03756247338017536, "p_value": 1.591207464347163e-32}