{"correlation": 0.09499845564179595, "p_value": 6.3614615657030715e-199}