{"correlation": 0.015965510316908193, "p_value": 4.5117617979174605e-07}