{"correlation": 0.04149507978420555, "p_value": 2.5436506958392324e-39}