{"correlation": -0.03447624632500002, "p_value": 1.165809399733219e-27}