{"correlation": 0.0721211718483442, "p_value": 2.7366637254517984e-115}