{"correlation": -0.06896105447448106, "p_value": 1.4944583787433362e-105}