{"correlation": -0.03780547572296876, "p_value": 6.326806405024546e-33}