{"correlation": -0.048741039561903454, "p_value": 1.3371808904783406e-53}