{"correlation": 0.11051212807408475, "p_value": 7.049356693520816e-269}