{"correlation": 0.07185264932489638, "p_value": 1.9128594440590175e-114}