{"correlation": 0.021869430741059973, "p_value": 4.7670587724870925e-12}