{"correlation": 0.11579672429796334, "p_value": 3.572443641165407e-295}