{"correlation": 0.07872327091258495, "p_value": 4.744546924209677e-137}