{"correlation": 0.004717762631367561, "p_value": 0.135964320761405}