{"correlation": 0.025055836895356242, "p_value": 2.3793184516889576e-15}