{"correlation": 0.09356588099706346, "p_value": 5.265569104831083e-193}