{"correlation": 0.034745820419434685, "p_value": 4.550897773349365e-28}