{"correlation": 0.08350089770311461, "p_value": 5.366649980092321e-154}