{"correlation": 0.11707560130669956, "p_value": 1.000644917230979e-301}