{"correlation": 0.10333202691288693, "p_value": 3.66240266469783e-235}