{"correlation": -0.004126201848666124, "p_value": 0.1922225954677998}