{"correlation": 0.10136320407382078, "p_value": 2.5425752511763013e-226}