{"correlation": -0.1055314176797874, "p_value": 3.0317596762431708e-245}