{"correlation": -0.07640937053042117, "p_value": 3.3232351522293106e-129}