{"correlation": 0.1077433785306931, "p_value": 1.328482153661541e-255}