{"correlation": -0.024275142765441588, "p_value": 1.6809830478517145e-14}