{"correlation": 0.0766569551454912, "p_value": 4.936213694722988e-130}