{"correlation": 0.018993367200766744, "p_value": 1.935594874300445e-09}