{"correlation": 0.06125622629509419, "p_value": 1.1987250783358042e-83}