{"correlation": -0.042181810904763396, "p_value": 1.4123029720430961e-40}