{"correlation": -0.015290818321605368, "p_value": 1.3467647038718016e-06}