{"correlation": 0.10229856300767838, "p_value": 1.6842964701483532e-230}