{"correlation": 0.10579451245706548, "p_value": 1.8245247294898768e-246}