{"correlation": 0.06534343116316754, "p_value": 6.06970466505905e-95}