{"correlation": 0.0942622974849327, "p_value": 7.177843972758406e-196}