{"correlation": 0.10405785284647459, "p_value": 1.821820832463074e-238}