{"correlation": -0.0600633524258991, "p_value": 1.7279739918147596e-80}