{"correlation": 0.1133211730428453, "p_value": 1.0653296804482788e-282}