{"correlation": 0.0799096571064988, "p_value": 3.648479995395616e-141}