{"correlation": 0.004347851114984719, "p_value": 0.16941615656293635}