{"correlation": 0.08675754411685356, "p_value": 3.978198500576464e-166}