{"correlation": 0.0102007232861826, "p_value": 0.001264683418446202}