{"correlation": -0.04344118321379105, "p_value": 6.227304309475833e-43}