{"correlation": 0.0654729156911208, "p_value": 2.5903553448781828e-95}