{"correlation": 0.06486131135209766, "p_value": 1.424428583905791e-93}