{"correlation": 0.0516157155409183, "p_value": 6.74095151384237e-60}