{"correlation": -0.03617040857779877, "p_value": 2.7992912367438424e-30}