{"correlation": 0.08395480673826335, "p_value": 1.1673080127107843e-155}