{"correlation": 0.06493164732408313, "p_value": 9.001988894040985e-94}