{"correlation": -0.0165586271891084, "p_value": 1.6635302415956104e-07}