{"correlation": 0.04361423312193002, "p_value": 2.9190130687473705e-43}