{"correlation": 0.08188758616866813, "p_value": 3.672668195617553e-148}