{"correlation": 0.03319694703563588, "p_value": 9.174627471468176e-26}