{"correlation": 0.0942688545233762, "p_value": 6.743915170527965e-196}