{"correlation": 0.06505781264137417, "p_value": 3.947265845450163e-94}