{"correlation": 0.025919389126489164, "p_value": 2.5516301045954982e-16}