{"correlation": 0.06962413106543036, "p_value": 1.4713686909720227e-107}