{"correlation": -0.007222517520011511, "p_value": 0.022453798232201214}