{"correlation": 0.11447253934494, "p_value": 1.8197872661339648e-288}