{"correlation": -0.06501147119688815, "p_value": 5.344276566901609e-94}