{"correlation": 0.09383620909240158, "p_value": 4.0900161831182616e-194}