{"correlation": 0.03363984102964585, "p_value": 2.061582084823013e-26}