{"correlation": 0.06538250817768369, "p_value": 4.6950575526878426e-95}