{"correlation": 0.05900524190502342, "p_value": 9.714305117312262e-78}