{"correlation": -0.0838921349824414, "p_value": 1.98277589367715e-155}