{"correlation": 0.07299842550963577, "p_value": 4.532014104316922e-118}