{"correlation": 0.010569193333378437, "p_value": 0.0008367749619525172}