{"correlation": 0.055543063344378904, "p_value": 4.397428298262288e-69}