{"correlation": 0.028165604624787486, "p_value": 5.430828149669278e-19}