{"correlation": 0.03690285310050811, "p_value": 1.888444109850391e-31}