{"correlation": 0.03809149828053705, "p_value": 2.1205962876110638e-33}