{"correlation": 0.02418877625777309, "p_value": 2.079199922733057e-14}