{"correlation": 0.009698644315104085, "p_value": 0.0021753251908451583}