{"correlation": -0.05832098169263603, "p_value": 5.49093433217281e-76}