{"correlation": 0.04553669973054098, "p_value": 5.273589877000929e-47}