{"correlation": 0.05121186212794679, "p_value": 5.434460138616896e-59}