{"correlation": 0.06646897093576214, "p_value": 3.499816897429081e-98}