{"correlation": -0.09909097473127364, "p_value": 2.4772198595386535e-216}