{"correlation": -0.08848706564074128, "p_value": 9.262617118657222e-173}