{"correlation": 0.09333494767908936, "p_value": 4.643783205275912e-192}