{"correlation": 0.06298425369434686, "p_value": 2.4679957738512457e-88}