{"correlation": 0.03786135734510084, "p_value": 5.1134400950797674e-33}