{"correlation": 0.05490891353372778, "p_value": 1.4856868443747992e-67}