{"correlation": 0.08765548606173064, "p_value": 1.4876736336806626e-169}