{"correlation": -0.10362884016458503, "p_value": 1.6436447221857172e-236}