{"correlation": 0.09648749223583719, "p_value": 3.5940446888602426e-205}