{"correlation": -0.09441577984948167, "p_value": 1.6656300751017657e-196}