{"correlation": 0.03205447133532487, "p_value": 3.945314862882244e-24}