{"correlation": 0.1044063193182104, "p_value": 4.637056293227366e-240}