{"correlation": 0.005761858371052054, "p_value": 0.06861180083493905}