{"correlation": -0.06849064986510003, "p_value": 3.85859264501706e-104}