{"correlation": -0.1014414544039142, "p_value": 1.140717137297076e-226}