{"correlation": 0.022340008016584603, "p_value": 1.6516711768568868e-12}