{"correlation": -0.06252174346548971, "p_value": 4.5653447279488595e-87}