{"correlation": 0.014396992457484903, "p_value": 5.359547491722841e-06}