{"correlation": 0.06258671796684881, "p_value": 3.034099407860355e-87}