{"correlation": -0.09492702517991684, "p_value": 1.2612349126828769e-198}