{"correlation": 0.013039403189874834, "p_value": 3.770827874739894e-05}