{"correlation": 0.10224026136577156, "p_value": 3.07633025179253e-230}