{"correlation": 0.07558592921565216, "p_value": 1.8052165634881264e-126}