{"correlation": -0.08048488653124858, "p_value": 3.5074970689731716e-143}