{"correlation": 0.0813782047549168, "p_value": 2.418212483685378e-146}