{"correlation": 0.05877235124440317, "p_value": 3.855571294713652e-77}