{"correlation": -0.009123872744548003, "p_value": 0.003932469337791754}