{"correlation": -0.06995023328884734, "p_value": 1.4917919942778456e-108}