{"correlation": -0.0505043321950373, "p_value": 2.0232914146793102e-57}