{"correlation": -0.09913945120553466, "p_value": 1.524998467006947e-216}