{"correlation": 0.09800699705139865, "p_value": 1.1964919540766638e-211}