{"correlation": -0.04133416283919505, "p_value": 4.973930788355655e-39}