{"correlation": -0.047011521943411266, "p_value": 5.51737492486696e-50}