{"correlation": 0.1102581199762553, "p_value": 1.203322916304868e-267}