{"correlation": 0.11275252055269147, "p_value": 7.144347940335739e-280}