{"correlation": 0.04110051115580232, "p_value": 1.3109483803435682e-38}