{"correlation": 0.04588975575604996, "p_value": 1.0405032114318437e-47}