{"correlation": 0.051619468786991404, "p_value": 6.610949629746679e-60}