{"correlation": 0.11518949989990193, "p_value": 4.349135504817781e-292}