{"correlation": -0.07302289800776739, "p_value": 3.7864049097082967e-118}