{"correlation": -0.026007971906404793, "p_value": 2.0209041203558309e-16}