{"correlation": 0.007887922798152192, "p_value": 0.012670338848770963}