{"correlation": 0.09823859349384273, "p_value": 1.2066145777025252e-212}