{"correlation": 0.10259268733639725, "p_value": 8.022122397707993e-232}