{"correlation": 0.043610958575099994, "p_value": 2.9612483880030395e-43}