{"correlation": -0.10345158684555703, "p_value": 1.050187005862221e-235}