{"correlation": 0.11587251038363629, "p_value": 1.4679530019873859e-295}