{"correlation": -0.05723689197061843, "p_value": 2.9776338817765754e-73}