{"correlation": 0.042560351194480504, "p_value": 2.812610652463862e-41}