{"correlation": -0.0105350026051627, "p_value": 0.0008699323949395197}