{"correlation": 0.007164408211739156, "p_value": 0.0235595360079006}