{"correlation": 0.06278732125112672, "p_value": 8.570790928334076e-88}