{"correlation": 0.11577917269948881, "p_value": 4.389169266540991e-295}