{"correlation": 0.02259237716072931, "p_value": 9.271720493070243e-13}