{"correlation": -0.05170460458296373, "p_value": 4.248726262811509e-60}