{"correlation": 0.09805799347042468, "p_value": 7.223133787746872e-212}