{"correlation": 0.11197545018984448, "p_value": 4.929855701933541e-276}