{"correlation": -0.06309503693265997, "p_value": 1.2230480804985201e-88}