{"correlation": -0.08701855422243181, "p_value": 4.0473631600212416e-167}