{"correlation": 0.07856326682214343, "p_value": 1.6838152038472547e-136}