{"correlation": 0.1134225716338806, "p_value": 3.3262402195735366e-283}