{"correlation": -0.1108068318314542, "p_value": 2.599323353051111e-270}