{"correlation": -0.05487718674780244, "p_value": 1.7699023699216684e-67}