{"correlation": 0.05349728050690847, "p_value": 3.250291703532909e-64}