{"correlation": -0.09024435709246363, "p_value": 1.2342176855224008e-179}