{"correlation": 0.08725546427886441, "p_value": 5.0545975257572905e-168}