{"correlation": 0.03271174123567437, "p_value": 4.604740108853836e-25}