{"correlation": -0.013800340829017913, "p_value": 1.2911082752038712e-05}