{"correlation": 0.06595516321144941, "p_value": 1.0705136470516918e-96}