{"correlation": 0.10530751605727962, "p_value": 3.295886456699577e-244}