{"correlation": -0.01684917424400515, "p_value": 1.007772040545837e-07}