{"correlation": 0.04618661220802185, "p_value": 2.6326268004297507e-48}