{"correlation": 0.0404172315408475, "p_value": 2.1618484967879196e-37}