{"correlation": 0.0298220138179821, "p_value": 4.223294766837444e-21}