{"correlation": 0.024764395721164945, "p_value": 4.971485979785853e-15}