{"correlation": 0.024912723319402245, "p_value": 3.420275422673941e-15}