{"correlation": 0.03390665758805928, "p_value": 8.308074188891017e-27}