{"correlation": 0.08572424873879382, "p_value": 3.156876752432544e-162}