{"correlation": -0.06370514953148546, "p_value": 2.504048636021238e-90}