{"correlation": -0.05732584879548662, "p_value": 1.7841990654045295e-73}