{"correlation": -0.03167868193686605, "p_value": 1.3215345051774678e-23}