{"correlation": 0.03005726196823493, "p_value": 2.0726359838325953e-21}