{"correlation": -0.017397013366539645, "p_value": 3.8305374106207044e-08}