{"correlation": 0.10296582137038449, "p_value": 1.6650684939825467e-233}