{"correlation": 0.0646326433910766, "p_value": 6.310882949821261e-93}