{"correlation": 0.052691140712816636, "p_value": 2.4005419809504634e-62}