{"correlation": -0.039002474902833775, "p_value": 6.178222439247924e-35}