{"correlation": 0.08105495918810449, "p_value": 3.400545013651582e-145}