{"correlation": -0.019989929884274928, "p_value": 2.646946504581966e-10}