{"correlation": -0.04916341574719827, "p_value": 1.672812872248561e-54}