{"correlation": 0.11658188033731191, "p_value": 3.457398380965233e-299}