{"correlation": -0.009263487888393809, "p_value": 0.0034152904932728974}