{"correlation": 0.11350308133960074, "p_value": 1.3189745391607285e-283}