{"correlation": -0.07352615133048063, "p_value": 9.269778589459817e-120}