{"correlation": -0.026814560694445162, "p_value": 2.3330982845434675e-17}