{"correlation": -0.08451629084495718, "p_value": 9.955048769538285e-158}