{"correlation": 0.09081414055320945, "p_value": 6.803083806937937e-182}