{"correlation": 0.0960232572223869, "p_value": 3.266644461277396e-203}