{"correlation": 0.05135401323914618, "p_value": 2.6116402781704074e-59}