{"correlation": 0.11506063591801698, "p_value": 1.954559091467077e-291}