{"correlation": 0.0658662445652172, "p_value": 1.929759625185927e-96}