{"correlation": -0.0358763770718431, "p_value": 8.139277736902125e-30}