{"correlation": 0.08667877275790259, "p_value": 7.918238304173199e-166}