{"correlation": -0.01773354958797433, "p_value": 2.0840691871136473e-08}