{"correlation": 0.11146086683654136, "p_value": 1.6596350278454757e-273}