{"correlation": -0.11757068566087908, "p_value": 2.778076901101349e-304}