{"correlation": -0.047559885684002344, "p_value": 4.0688036677304504e-51}