{"correlation": 0.005073181979862642, "p_value": 0.10886481234545714}