{"correlation": 0.0913022272133454, "p_value": 7.698560403225528e-184}