{"correlation": 0.09511559598655685, "p_value": 2.0683139053930641e-199}