{"correlation": -0.0062210460417568576, "p_value": 0.049288095599579425}