{"correlation": 0.1058101747616845, "p_value": 1.5430912313612785e-246}