{"correlation": -0.017142887293333495, "p_value": 6.021526084690726e-08}