{"correlation": 0.08928847063179429, "p_value": 7.05117391710206e-176}