{"correlation": -0.025253422971667036, "p_value": 1.436855044198941e-15}