{"correlation": 0.07713880719563153, "p_value": 1.1853845579233538e-131}