{"correlation": -0.1088640664607721, "p_value": 6.187605191652273e-261}