{"correlation": 0.08830252798215438, "p_value": 4.794922652945295e-172}