{"correlation": 0.10868423020798575, "p_value": 4.476286401586494e-260}