{"correlation": 0.11458662516268207, "p_value": 4.844893364991178e-289}