{"correlation": -0.005898666768662972, "p_value": 0.06229293508402553}