{"correlation": 0.09441260806632168, "p_value": 1.7167207166216328e-196}