{"correlation": 0.09158958960921149, "p_value": 5.439669836645321e-185}