{"correlation": 0.09390096260582954, "p_value": 2.2152542581843774e-194}