{"correlation": -0.020992604326724226, "p_value": 3.2419162128362466e-11}