{"correlation": -0.08569267379767186, "p_value": 4.1464284699308254e-162}