{"correlation": 0.09284390575531007, "p_value": 4.669638627713741e-190}