{"correlation": -0.05439656560835436, "p_value": 2.478658306520105e-66}