{"correlation": 0.048559890967363586, "p_value": 3.2432454606805955e-53}