{"correlation": -0.09188376772008523, "p_value": 3.5779898581927324e-186}