{"correlation": -0.11480379572735344, "p_value": 3.886961082848245e-290}