{"correlation": -0.04902810155719096, "p_value": 3.262112309528456e-54}