{"correlation": 0.09704933055391002, "p_value": 1.487478742996891e-207}