{"correlation": 0.06532119887823883, "p_value": 7.024074413315541e-95}