{"correlation": 0.11812315616918405, "p_value": 3.7826815089167034e-307}