{"correlation": 0.04705778960297925, "p_value": 4.433060788729366e-50}