{"correlation": 0.1175633829768463, "p_value": 3.0306418489763993e-304}