{"correlation": 0.1160717058417152, "p_value": 1.4133560436932186e-296}