{"correlation": -0.03521642183209198, "p_value": 8.657525432592174e-29}