{"correlation": 0.03166637498773528, "p_value": 1.3745767794174864e-23}