{"correlation": -0.053672506952029214, "p_value": 1.2648880661377855e-64}