{"correlation": 0.10600077483569188, "p_value": 2.0048923543563674e-247}