{"correlation": 0.02497189590609995, "p_value": 2.9444330252627252e-15}