{"correlation": 0.11177762337497064, "p_value": 4.632277245837035e-275}