{"correlation": 0.09060194773494258, "p_value": 4.737473883960501e-181}