{"correlation": 0.040650016003733726, "p_value": 8.36373143231751e-38}