{"correlation": 0.05219387506677453, "p_value": 3.30136941516842e-61}