{"correlation": 0.009434423330151613, "p_value": 0.0028667148669258803}