{"correlation": 0.06594177240044015, "p_value": 1.1699131137409059e-96}