{"correlation": 0.027070666622109916, "p_value": 1.159808821527578e-17}