{"correlation": 0.046990589055890715, "p_value": 6.091101335767849e-50}