{"correlation": 0.021192788230901795, "p_value": 2.106738359365325e-11}