{"correlation": 0.03699255846774877, "p_value": 1.3523820247407206e-31}