{"correlation": 0.07898317226453673, "p_value": 6.028886496580616e-138}