{"correlation": -0.021258574894496146, "p_value": 1.826927365202248e-11}