{"correlation": 0.02695627059277892, "p_value": 1.5860645835801095e-17}