{"correlation": 0.03178362121328249, "p_value": 9.442469451995731e-24}