{"correlation": -0.04522172706267146, "p_value": 2.2200702996145127e-46}