{"correlation": 0.0718963565671436, "p_value": 1.394590221571781e-114}