{"correlation": 0.11478270713641496, "p_value": 4.9670677361557047e-290}