{"correlation": 0.10278568368982763, "p_value": 1.083032843516555e-232}