{"correlation": 0.022114529750929205, "p_value": 2.7521288797477058e-12}