{"correlation": 0.0971629022154102, "p_value": 4.886610865050115e-208}