{"correlation": -0.05477788754276129, "p_value": 3.059151245252175e-67}