{"correlation": 0.041638588900456554, "p_value": 1.3956431580641825e-39}