{"correlation": 0.0939483591671709, "p_value": 1.4137904769104064e-194}