{"correlation": 0.11312517040723627, "p_value": 1.0077600122849108e-281}