{"correlation": 0.022149134325839384, "p_value": 2.545528583858244e-12}