{"correlation": 0.04968516347754962, "p_value": 1.251987014905543e-55}