{"correlation": 0.02660246371206479, "p_value": 4.141787927203443e-17}