{"correlation": -0.04289103386878731, "p_value": 6.789011223216413e-42}