{"correlation": 0.0722293094214697, "p_value": 1.2481016888240358e-115}