{"correlation": -0.002087547302307563, "p_value": 0.5094207047491319}