{"correlation": -0.07852303824270926, "p_value": 2.3143231604333003e-136}