{"correlation": 0.07301827450133919, "p_value": 3.9172156303654103e-118}