{"correlation": 0.10794504226970097, "p_value": 1.472555787683066e-256}