{"correlation": 0.01830931526374169, "p_value": 7.170557033228528e-09}