{"correlation": -0.02207669503465414, "p_value": 2.996847407215476e-12}