{"correlation": 0.10135620172168204, "p_value": 2.7315576527189252e-226}