{"correlation": 0.035062560050918616, "p_value": 1.4930634918768763e-28}