{"correlation": 0.01794884539840888, "p_value": 1.4037473627416978e-08}