{"correlation": 0.03401379006882145, "p_value": 5.75645639241475e-27}