{"correlation": 0.0565696797138121, "p_value": 1.3525542738228996e-71}