{"correlation": -0.08727012196089241, "p_value": 4.443303652249025e-168}