{"correlation": 0.11752200830483354, "p_value": 4.961319132944204e-304}