{"correlation": 0.09786778536342002, "p_value": 4.738656707894995e-211}