{"correlation": 0.03027761892278082, "p_value": 1.05877045258227e-21}