{"correlation": 0.0048002994303213194, "p_value": 0.12924793954113498}