{"correlation": -0.012952153378346142, "p_value": 4.248857966829444e-05}