{"correlation": 0.08888308124625999, "p_value": 2.687178917052381e-174}