{"correlation": 0.084509743880552, "p_value": 1.0525680840471357e-157}