{"correlation": 0.08274010955548879, "p_value": 3.1316973684102704e-151}