{"correlation": 0.1084412428604639, "p_value": 6.45342823680156e-259}