{"correlation": -0.08058150239717474, "p_value": 1.6023905596014068e-143}