{"correlation": -0.08665846489337406, "p_value": 9.454826774264734e-166}