{"correlation": -0.005145551371748721, "p_value": 0.10390963083980259}