{"correlation": 0.007309877168319183, "p_value": 0.020876404901887222}