{"correlation": -0.09089606588918406, "p_value": 3.2118778648390276e-182}