{"correlation": -0.011682868020654186, "p_value": 0.00022221045267756964}