{"correlation": -0.11410043317889858, "p_value": 1.3505855622717644e-286}