{"correlation": 0.06578375301886331, "p_value": 3.3312467895303077e-96}