{"correlation": -0.046014538796779414, "p_value": 5.845524129210009e-48}