{"correlation": 0.09704422322769121, "p_value": 1.563787463296534e-207}