{"correlation": 0.09600769775678139, "p_value": 3.798201199235277e-203}