{"correlation": -0.08120784694344209, "p_value": 9.75260351011938e-146}