{"correlation": 0.05188495496518401, "p_value": 1.6614031433451267e-60}