{"correlation": 0.07265333991931648, "p_value": 5.678919955588221e-117}