{"correlation": 0.01621903365443873, "p_value": 2.957597434335554e-07}