{"correlation": 0.0945263399514442, "p_value": 5.806729043752482e-197}