{"correlation": 0.09715953490799967, "p_value": 5.050678445506284e-208}