{"correlation": -0.10356696629359527, "p_value": 3.1414447407381875e-236}