{"correlation": 0.11562867983744378, "p_value": 2.5615354981171656e-294}