{"correlation": -0.10058502670501251, "p_value": 7.113724275741761e-223}