{"correlation": 0.0065702584734017785, "p_value": 0.037851613269784326}