{"correlation": 0.04221944594250285, "p_value": 1.203731810758326e-40}