{"correlation": 0.06617884915202017, "p_value": 2.422607556386455e-97}