{"correlation": -0.05053692373070259, "p_value": 1.714650686059704e-57}