{"correlation": 0.10170363129250864, "p_value": 7.742689207565593e-228}