{"correlation": -0.05701711439178571, "p_value": 1.0517736525413077e-72}