{"correlation": -0.00951690172744669, "p_value": 0.00263191414884079}