{"correlation": 0.0014116254780016412, "p_value": 0.6555075862506468}