{"correlation": 0.08508500931400963, "p_value": 7.727128945577108e-160}