{"correlation": 0.03742955329829326, "p_value": 2.628686763615771e-32}