{"correlation": -0.02279802591709986, "p_value": 5.765144977218824e-13}