{"correlation": -0.00973659298625143, "p_value": 0.002089670171644982}