{"correlation": 0.023215822744773684, "p_value": 2.1678429462544756e-13}