{"correlation": 0.05301928262031669, "p_value": 4.1994751507662575e-63}