{"correlation": 0.04878647097853919, "p_value": 1.0701936392260494e-53}