{"correlation": 0.007197083337373515, "p_value": 0.022932097730643017}