{"correlation": -0.012208069972780473, "p_value": 0.00011416514699292478}