{"correlation": 0.10523649090170553, "p_value": 7.018214173991871e-244}