{"correlation": -0.01333284416000367, "p_value": 2.5106442654892928e-05}