{"correlation": 0.08996775006901798, "p_value": 1.52298534099164e-178}