{"correlation": -0.015823736796687186, "p_value": 5.698130158663582e-07}