{"correlation": 0.09861905171734964, "p_value": 2.7518290728315685e-214}