{"correlation": 0.01212010244678062, "p_value": 0.00012787039010193847}