{"correlation": 0.009896727696644696, "p_value": 0.0017612306108547378}