{"correlation": -0.044121262102719265, "p_value": 3.1160793435428744e-44}