{"correlation": 0.08463201482790264, "p_value": 3.71408102635802e-158}