{"correlation": -0.0411846981329714, "p_value": 9.25143418677354e-39}