{"correlation": 0.032997364427904415, "p_value": 1.786515920297221e-25}