{"correlation": 0.01826854751212551, "p_value": 7.74145802031188e-09}