{"correlation": 0.07072407841925259, "p_value": 6.2546465931213316e-111}