{"correlation": -0.0873498023343799, "p_value": 2.204064479173582e-168}