{"correlation": -0.02727802207636488, "p_value": 6.554782104588896e-18}