{"correlation": -0.09685655569672683, "p_value": 9.811232265538891e-207}