{"correlation": 0.05688270931116548, "p_value": 2.270093025204569e-72}