{"correlation": -0.016564396205090374, "p_value": 1.6471886219130844e-07}