{"correlation": 0.06820233765241918, "p_value": 2.799058996556661e-103}