{"correlation": 0.03534554718295182, "p_value": 5.469804401947131e-29}