{"correlation": 0.047670333496839704, "p_value": 2.397900959035729e-51}