{"correlation": -0.10519667895720032, "p_value": 1.0718281885284361e-243}