{"correlation": 0.018875308268340375, "p_value": 2.434371512446016e-09}