{"correlation": -0.04008608302752987, "p_value": 8.269444160892424e-37}