{"correlation": 0.08261545685502122, "p_value": 8.842034732490822e-151}