{"correlation": -0.09645457869695893, "p_value": 4.951715046383592e-205}