{"correlation": 0.08529432585482093, "p_value": 1.2817986290682906e-160}