{"correlation": 0.01719748171693873, "p_value": 5.466801133763064e-08}