{"correlation": -0.11850486421215377, "p_value": 3.887115431220443e-309}