{"correlation": -0.06718371655443892, "p_value": 2.8726295412979887e-100}