{"correlation": 0.07680134614799232, "p_value": 1.6186791141312364e-130}