{"correlation": 0.051262391615624514, "p_value": 4.189223660510113e-59}