{"correlation": 0.06982006554150279, "p_value": 3.724270037296907e-108}