{"correlation": 0.07435814154703556, "p_value": 1.9011667375399967e-122}