{"correlation": -0.06309492764734183, "p_value": 1.2238961635866423e-88}