{"correlation": -0.02124425461300094, "p_value": 1.8845553185161637e-11}