{"correlation": -0.04496306449098469, "p_value": 7.174648631667528e-46}