{"correlation": 0.04642471490605665, "p_value": 8.687537975450183e-49}