{"correlation": 0.10093056270766032, "p_value": 2.1131758469514103e-224}