{"correlation": 0.011399677185166993, "p_value": 0.000314782469872627}