{"correlation": 0.0925928429317576, "p_value": 4.885911223969555e-189}