{"correlation": 0.06030304056487673, "p_value": 4.0534237605279295e-81}