{"correlation": 0.011196597784786247, "p_value": 0.0004022024786543572}