{"correlation": -0.009336623500034903, "p_value": 0.003169831580785049}