{"correlation": -0.04765972133455408, "p_value": 2.523006419270553e-51}