{"correlation": -0.05131294483792592, "p_value": 3.2280949850477037e-59}