{"correlation": 0.0891370697985727, "p_value": 2.7515914674343247e-175}