{"correlation": -0.09178161257279396, "p_value": 9.215280394571661e-186}