{"correlation": 0.11525554035517302, "p_value": 2.012071676576796e-292}