{"correlation": 0.016875505751980064, "p_value": 9.626310178439081e-08}