{"correlation": 0.08589528509434936, "p_value": 7.195267295025918e-163}