{"correlation": 0.029299056038062744, "p_value": 2.0151812349436184e-20}