{"correlation": 0.026639975987978504, "p_value": 3.743210087245135e-17}