{"correlation": 0.018612097186992443, "p_value": 4.038838922573469e-09}