{"correlation": -0.0064424333725536225, "p_value": 0.04174438909542622}