{"correlation": 0.039389935800920525, "p_value": 1.339202206402888e-35}