{"correlation": 0.10287443169776643, "p_value": 4.307061055339242e-233}