{"correlation": 0.008721903655218983, "p_value": 0.005842638673920206}