{"correlation": -0.04860697458997348, "p_value": 2.576936454324159e-53}