{"correlation": -0.06058824402958814, "p_value": 7.165624918955836e-82}