{"correlation": -0.11830708335432623, "p_value": 4.174603116986156e-308}