{"correlation": 0.09500066052807916, "p_value": 6.228425000170627e-199}