{"correlation": 0.012112048647859476, "p_value": 0.00012919980215223567}