{"correlation": -0.09153768633635578, "p_value": 8.78431119876738e-185}