{"correlation": 0.07719608909444008, "p_value": 7.597147102789149e-132}