{"correlation": 0.08871686539916745, "p_value": 1.1897002887228811e-173}