{"correlation": 0.11693441147009268, "p_value": 5.33743255596147e-301}