{"correlation": -0.007829246110157473, "p_value": 0.013347571886707044}