{"correlation": -0.054977460306013505, "p_value": 1.0174878026022825e-67}