{"correlation": 0.01022485607172213, "p_value": 0.0012314103982840633}