{"correlation": -0.10428561165769058, "p_value": 1.6561723944087983e-239}