{"correlation": 0.088140271262519, "p_value": 2.0294021439677832e-171}