{"correlation": 0.08429322515009952, "p_value": 6.633454901704307e-157}