{"correlation": 0.1006386454893179, "p_value": 4.125421887730667e-223}