{"correlation": -0.0849882931616484, "p_value": 1.7695343970767316e-159}