{"correlation": -0.012312288439345197, "p_value": 9.972132800231314e-05}