{"correlation": 0.0562421202985391, "p_value": 8.662894822774316e-71}