{"correlation": 0.10871877949358888, "p_value": 3.061453368691685e-260}