{"correlation": 0.045647506186148414, "p_value": 3.1729892522322347e-47}