{"correlation": -0.0805531395463508, "p_value": 2.0169251388055364e-143}