{"correlation": 0.06662254677111443, "p_value": 1.2524822443064242e-98}