{"correlation": 0.10540010103612629, "p_value": 1.229521821851059e-244}