{"correlation": -0.03240438409956345, "p_value": 1.2640439968253636e-24}