{"correlation": 0.11167522794447213, "p_value": 1.474716064466626e-274}