{"correlation": 0.11225748183737941, "p_value": 2.0076516032671985e-277}