{"correlation": 0.06256329969637392, "p_value": 3.515651610251599e-87}