{"correlation": -0.08765619208734274, "p_value": 1.478423690989419e-169}