{"correlation": 0.08680840791806171, "p_value": 2.5498176816253512e-166}