{"correlation": 0.08062700004331248, "p_value": 1.1076624716314864e-143}