{"correlation": -0.009482349719976638, "p_value": 0.00272805084689074}