{"correlation": 0.07925860182754278, "p_value": 6.721958225259748e-139}