{"correlation": 0.05405318064752003, "p_value": 1.6106769763768958e-65}