{"correlation": 0.08983818768278688, "p_value": 4.928253950221463e-178}