{"correlation": 0.05643447037326593, "p_value": 2.9149518557344694e-71}