{"correlation": 0.07523991905894027, "p_value": 2.4937329054485993e-125}