{"correlation": 0.056734429052399525, "p_value": 5.293494923974715e-72}