{"correlation": 0.0459145031472742, "p_value": 9.281818734234509e-48}