{"correlation": -0.10106684546341552, "p_value": 5.261885501225244e-225}