{"correlation": -0.09371521560391517, "p_value": 1.2847413627425002e-193}