{"correlation": 0.11469043471733996, "p_value": 1.4514669574101126e-289}