{"correlation": 0.10577637091119076, "p_value": 2.2151916443660045e-246}