{"correlation": 0.04431529503736918, "p_value": 1.3147025385620465e-44}