{"correlation": 0.006260648234067549, "p_value": 0.04786025910574829}