{"correlation": 0.0979863999032651, "p_value": 1.4669119650636884e-211}