{"correlation": -0.09422624616860387, "p_value": 1.0112514840980818e-195}