{"correlation": 0.04783773549164729, "p_value": 1.0734187191313203e-51}