{"correlation": 0.029193756246833985, "p_value": 2.751330369202051e-20}