{"correlation": -0.0034851473617056998, "p_value": 0.27070782347399625}