{"correlation": 0.09633860467030117, "p_value": 1.530232776250306e-204}