{"correlation": 2.612967905271216e-05, "p_value": 0.9934112169653824}