{"correlation": -0.10957534197525685, "p_value": 2.3892870673391225e-264}