{"correlation": 0.010765341606112873, "p_value": 0.0006681396535592697}