{"correlation": 0.09605259695605112, "p_value": 2.4581444907001593e-203}