{"correlation": 0.09407965675401136, "p_value": 4.069760634708802e-195}