{"correlation": 0.0035262428443554182, "p_value": 0.26509830330795725}