{"correlation": -0.01969247921963617, "p_value": 4.842417549783291e-10}