{"correlation": -0.0056134939667469765, "p_value": 0.07605026482645529}