{"correlation": -0.09002604207690856, "p_value": 8.974234710412552e-179}