{"correlation": 0.026730577312253024, "p_value": 2.929952099969635e-17}