{"correlation": 0.051755240861285856, "p_value": 3.2652014460387874e-60}