{"correlation": 0.1021029559051975, "p_value": 1.2692794120580498e-229}