{"correlation": 0.06736665300177913, "p_value": 8.33361828428972e-101}