{"correlation": 0.05527883707035465, "p_value": 1.915555717146548e-68}