{"correlation": 0.04435161932934094, "p_value": 1.1181093658123713e-44}