{"correlation": 0.031144847992464288, "p_value": 7.184687193198423e-23}