{"correlation": 0.0766248075196374, "p_value": 6.325282701995296e-130}