{"correlation": 0.10987749314747054, "p_value": 8.345116432219287e-266}