{"correlation": 0.0731924726707239, "p_value": 1.0878807164325622e-118}