{"correlation": 0.002895010513874088, "p_value": 0.3602292722808095}