{"correlation": 0.06874906325622819, "p_value": 6.4861896759607214e-105}