{"correlation": 0.023991220392526387, "p_value": 3.372097333744172e-14}