{"correlation": 0.03927276927384555, "p_value": 2.1297465465434797e-35}