{"correlation": 0.02794221874571087, "p_value": 1.0239810427251807e-18}