{"correlation": -0.09183349419940198, "p_value": 5.700302084689112e-186}