{"correlation": -0.09501710504254447, "p_value": 5.320040472612868e-199}