{"correlation": 0.026447840551330638, "p_value": 6.276008051433232e-17}