{"correlation": 0.01174583770981215, "p_value": 0.00020544043364127294}