{"correlation": 0.10965829301457193, "p_value": 9.521921534841053e-265}