{"correlation": 0.11656089280633715, "p_value": 4.430094876909738e-299}