{"correlation": -0.05402952511860436, "p_value": 1.8315202012619963e-65}