{"correlation": -0.020283752711601585, "p_value": 1.4452320374305304e-10}