{"correlation": -0.048512741603275795, "p_value": 4.0822418910103445e-53}