{"correlation": 0.06058659739059172, "p_value": 7.237844995048095e-82}