{"correlation": 0.04270383297450266, "p_value": 1.520012409226191e-41}