{"correlation": 0.04215651112527646, "p_value": 1.5723366899677667e-40}