{"correlation": -0.09902471984404938, "p_value": 4.8057487074741326e-216}