{"correlation": -0.026251909862765727, "p_value": 1.0590717818260413e-16}