{"correlation": 0.014401014462464798, "p_value": 5.32725893114122e-06}