{"correlation": 0.09309621985297924, "p_value": 4.382433616935386e-191}