{"correlation": -0.03493914292275359, "p_value": 2.307760843799863e-28}