{"correlation": 0.04010285913878023, "p_value": 7.728109160786917e-37}