{"correlation": 0.10617849073000253, "p_value": 2.9801320546691605e-248}