{"correlation": 0.03272515261936416, "p_value": 4.405306442245225e-25}