{"correlation": -0.08767615321258526, "p_value": 1.2393857415959039e-169}