{"correlation": 0.10775201212646209, "p_value": 1.2091930966005003e-255}