{"correlation": 0.040717121865401364, "p_value": 6.354366802165457e-38}