{"correlation": -0.06858171957650148, "p_value": 2.0598546951298058e-104}