{"correlation": 0.11839184658980553, "p_value": 1.5100099545927293e-308}