{"correlation": 0.02317461114185934, "p_value": 2.3892406749723333e-13}