{"correlation": 0.010446458454272771, "p_value": 0.0009615465197046317}