{"correlation": 0.010271156598061406, "p_value": 0.0011698263284949991}