{"correlation": 0.10720274837987528, "p_value": 4.7350405727201346e-253}