{"correlation": 0.09598868923141539, "p_value": 4.5661848156246885e-203}