{"correlation": -0.019622426277002884, "p_value": 5.575634387811621e-10}