{"correlation": 0.10765343114064349, "p_value": 3.538744176509902e-255}