{"correlation": 0.04765280618287897, "p_value": 2.6080039136173587e-51}