{"correlation": 0.008193251129934832, "p_value": 0.009614264800259014}