{"correlation": 0.03042214196557426, "p_value": 6.797336864366149e-22}