{"correlation": 0.11535789413009001, "p_value": 6.087272343406331e-293}