{"correlation": -0.006640580224980336, "p_value": 0.03584486414170025}