{"correlation": 0.00989546520959424, "p_value": 0.0017636230043200046}