{"correlation": 0.10787929542285189, "p_value": 3.0179777699040303e-256}