{"correlation": 0.09168547135208432, "p_value": 2.2426748686586165e-185}