{"correlation": -0.04571418380648058, "p_value": 2.3358399753129885e-47}