{"correlation": 0.10423433744397048, "p_value": 2.8428463416267218e-239}