{"correlation": -0.058445142554039244, "p_value": 2.6498307581274778e-76}