{"correlation": 0.06422190141432776, "p_value": 9.026357568691983e-92}