{"correlation": 0.015667601817023792, "p_value": 7.352114604414197e-07}