{"correlation": 0.049173375188482846, "p_value": 1.592455876182935e-54}