{"correlation": 0.010600554645668817, "p_value": 0.000807395984292614}