{"correlation": 0.008588314984119378, "p_value": 0.006642334438362844}