{"correlation": 0.05123077115939964, "p_value": 4.930310473165349e-59}