{"correlation": 0.07450675259513237, "p_value": 6.246982239787869e-123}