{"correlation": 0.07082964852070006, "p_value": 2.9499662815323374e-111}