{"correlation": 0.06157834091531085, "p_value": 1.6408231135554464e-84}