{"correlation": 0.10188732083120547, "p_value": 1.1709070722941506e-228}