{"correlation": 0.07450666325397344, "p_value": 6.251167571731974e-123}