{"correlation": -0.0336915809736759, "p_value": 1.7294267654472055e-26}