{"correlation": -0.06886452774254553, "p_value": 2.9174697043874972e-105}