{"correlation": -0.011997133039124296, "p_value": 0.0001496451559513729}