{"correlation": -0.04971685482622701, "p_value": 1.0686446297178736e-55}