{"correlation": 0.11237884693255024, "p_value": 5.050946162027984e-278}