{"correlation": 0.07236454534011379, "p_value": 4.6677785395795087e-116}