{"correlation": -0.10552755216592077, "p_value": 3.1593990061542383e-245}