{"correlation": 0.08636767459800598, "p_value": 1.1928287429769693e-164}