{"correlation": -0.07315068805680053, "p_value": 1.4796697407279764e-118}