{"correlation": -0.08959926551272461, "p_value": 4.277699156113988e-177}