{"correlation": -0.07009098392524309, "p_value": 5.536481572618065e-109}