{"correlation": 0.023218268873510868, "p_value": 2.155355117131458e-13}