{"correlation": 0.06992107120863243, "p_value": 1.8314256368922562e-108}