{"correlation": -0.09849448250006822, "p_value": 9.50467018468996e-214}