{"correlation": -0.10723170217707721, "p_value": 3.4592645847308894e-253}