{"correlation": -0.033742854130177684, "p_value": 1.452707188638923e-26}