{"correlation": 0.10307772683762269, "p_value": 5.194185825311902e-234}