{"correlation": 0.09501486811696783, "p_value": 5.435363784471633e-199}