{"correlation": -0.09109033786240855, "p_value": 5.403064058666547e-183}