{"correlation": -0.052399729650506294, "p_value": 1.1187696176001311e-61}