{"correlation": 0.01334847978959391, "p_value": 2.4562480651418738e-05}