{"correlation": 0.01443299180041472, "p_value": 5.077090274673522e-06}