{"correlation": -0.03139107204288712, "p_value": 3.301964341333472e-23}