{"correlation": -0.029512136935038378, "p_value": 1.0695747506686192e-20}