{"correlation": 0.019107334176746215, "p_value": 1.5492906185773263e-09}