{"correlation": 0.07899506779275867, "p_value": 5.484768890339916e-138}