{"correlation": 0.08866463683858763, "p_value": 1.8976485078239127e-173}