{"correlation": 0.09274484133841467, "p_value": 1.180202588662228e-189}