{"correlation": -0.018296643571387914, "p_value": 7.343474292369295e-09}