{"correlation": -0.07948899601666898, "p_value": 1.066510591128114e-139}