{"correlation": 0.09909043143159847, "p_value": 2.490722378305728e-216}