{"correlation": 0.10288364056536979, "p_value": 3.9138787691542476e-233}