{"correlation": -0.030214925080482666, "p_value": 1.2823668512068474e-21}