{"correlation": -0.03312736185550379, "p_value": 1.1579514211478693e-25}