{"correlation": 0.10435443775194286, "p_value": 8.015846393189403e-240}