{"correlation": -0.11325569014119968, "p_value": 2.2579164884682934e-282}