{"correlation": 0.08974987444180073, "p_value": 1.0962108113175847e-177}