{"correlation": 0.07337805988465891, "p_value": 2.769102393148665e-119}