{"correlation": 0.10397985299554718, "p_value": 4.136345610238292e-238}