{"correlation": -0.11700524701762688, "p_value": 2.3050462015965793e-301}