{"correlation": -0.03978767833474872, "p_value": 2.744387539794578e-36}