{"correlation": 0.073544742821177, "p_value": 8.078589348825291e-120}