{"correlation": 0.03256359410402757, "p_value": 7.5006629917960435e-25}