{"correlation": 0.09569666242207989, "p_value": 7.694660075514761e-202}