{"correlation": -0.04408283405358089, "p_value": 3.695214334032781e-44}