{"correlation": 0.0344689142360241, "p_value": 1.195901047627946e-27}