{"correlation": 0.0031244749295428367, "p_value": 0.32342320189163665}