{"correlation": 0.028014874346953697, "p_value": 8.335770138996911e-19}