{"correlation": 0.01755221525185466, "p_value": 2.8969672285401765e-08}