{"correlation": 0.06631259639696625, "p_value": 9.940057384092781e-98}