{"correlation": -0.037361729621147616, "p_value": 3.3938054217182006e-32}