{"correlation": -0.04124355239638562, "p_value": 7.24770970517082e-39}