{"correlation": -0.08134855197333007, "p_value": 3.0832090982776946e-146}