{"correlation": 0.1143620171758422, "p_value": 6.550049877680867e-288}