{"correlation": 0.037756408025768205, "p_value": 7.6255119637753e-33}