{"correlation": 0.05441820783283225, "p_value": 2.2019996802202026e-66}