{"correlation": 0.10234168331583224, "p_value": 1.0785216493144871e-230}