{"correlation": 0.012889040103898417, "p_value": 4.6298980792134706e-05}