{"correlation": 0.004541857420531, "p_value": 0.15117427545744688}