{"correlation": -0.023834153416837714, "p_value": 4.9393841685400864e-14}