{"correlation": 0.028159052766978655, "p_value": 5.533179511462037e-19}