{"correlation": -0.02198698641371407, "p_value": 3.665559911773629e-12}