{"correlation": 0.05148257162019241, "p_value": 1.343826660282693e-59}