{"correlation": -0.006664347276710232, "p_value": 0.03518747188116853}