{"correlation": -0.01670658848078684, "p_value": 1.2901113679889583e-07}