{"correlation": 0.09917133047753116, "p_value": 1.1082918650104254e-216}