{"correlation": 0.0827843081237173, "p_value": 2.1666200449368532e-151}