{"correlation": -0.0033859662925663494, "p_value": 0.2845792709032201}