{"correlation": 0.012858646727902594, "p_value": 4.8247486174500114e-05}