{"correlation": -0.08403936831523184, "p_value": 5.707649646274977e-156}