{"correlation": -0.10437065968959805, "p_value": 6.755195108947906e-240}