{"correlation": 0.001959331193565918, "p_value": 0.5357720952890073}