{"correlation": 0.012434962575962574, "p_value": 8.493074925139689e-05}