{"correlation": -0.08579530939748804, "p_value": 1.7084213030176572e-162}