{"correlation": 0.0354565016258753, "p_value": 3.6816084340892545e-29}