{"correlation": -0.04027149494572902, "p_value": 3.90689842788149e-37}