{"correlation": -0.06670807585922622, "p_value": 7.059685775513851e-99}