{"correlation": 0.10495140012181808, "p_value": 1.450594157066067e-242}