{"correlation": 0.05737538817470758, "p_value": 1.3409883899120502e-73}