{"correlation": -0.08292779455237226, "p_value": 6.542930356062857e-152}