{"correlation": 0.006870488794669906, "p_value": 0.029905128189292425}