{"correlation": -5.8979461244220375e-05, "p_value": 0.9851286045901897}