{"correlation": 0.05618324745429857, "p_value": 1.2081521341248119e-70}