{"correlation": 0.07548139768924671, "p_value": 3.9956021602214807e-126}