{"correlation": 0.0813270277892768, "p_value": 3.6776004080402557e-146}