{"correlation": -0.09927024855523514, "p_value": 4.113927225140205e-217}