{"correlation": 0.054946618694178925, "p_value": 1.2064881812733256e-67}