{"correlation": -0.036990861293454934, "p_value": 1.3609620859730286e-31}