{"correlation": -0.05115881031384498, "p_value": 7.140053297764221e-59}