{"correlation": 0.0025263368669975494, "p_value": 0.4246304790283675}