{"correlation": 0.059415361754445464, "p_value": 8.460178730335732e-79}