{"correlation": 0.04532597977139245, "p_value": 1.381084100325902e-46}