{"correlation": 0.04630079464832666, "p_value": 1.5480907250468316e-48}