{"correlation": 0.030391451269298264, "p_value": 7.469390380063841e-22}