{"correlation": 0.05452595580017202, "p_value": 1.2207201252476207e-66}