{"correlation": 0.07627534682963812, "p_value": 9.30553824799426e-129}