{"correlation": 0.09541142446296694, "p_value": 1.2040441858597235e-200}