{"correlation": 0.0031214696683855704, "p_value": 0.3238888255063409}