{"correlation": 0.09023976563433748, "p_value": 1.2868688047268953e-179}