{"correlation": -0.049403504648657455, "p_value": 5.0915000956163044e-55}