{"correlation": 0.03819450463366839, "p_value": 1.4276635562065085e-33}