{"correlation": 0.01742334538111025, "p_value": 3.6538311830258806e-08}