{"correlation": -0.0721412799196544, "p_value": 2.365141141899779e-115}