{"correlation": 0.06720330584929683, "p_value": 2.5165105073726584e-100}