{"correlation": 0.09527016052288459, "p_value": 4.686547675715742e-200}