{"correlation": 0.02370788911609263, "p_value": 6.701479874987887e-14}