{"correlation": 0.0045717813772585105, "p_value": 0.1484991193766737}