{"correlation": 0.11128849868394029, "p_value": 1.1584266874526778e-272}