{"correlation": -0.0761924732508063, "p_value": 1.7573551222312482e-128}