{"correlation": 0.05377606819354776, "p_value": 7.230755206318414e-65}