{"correlation": 0.04716616355367128, "p_value": 2.65308344619144e-50}