{"correlation": -0.06257650696066563, "p_value": 3.2354005434575813e-87}