{"correlation": 0.10108566620528313, "p_value": 4.34201953093916e-225}