{"correlation": -0.11807852384683065, "p_value": 6.454200915585016e-307}