{"correlation": 0.05226268185827549, "p_value": 2.300476944401192e-61}