{"correlation": -0.05145011075359976, "p_value": 1.5895524710170381e-59}