{"correlation": 0.04963100025691748, "p_value": 1.6406897623558307e-55}