{"correlation": 0.012860692778279979, "p_value": 4.8113911265020824e-05}