{"correlation": -0.03732044234729362, "p_value": 3.9639531755010244e-32}