{"correlation": 0.11271463093409223, "p_value": 1.100968369366094e-279}