{"correlation": 0.08777603858294665, "p_value": 5.124754416104359e-170}