{"correlation": -0.08274160313495674, "p_value": 3.0929614007038096e-151}