{"correlation": -0.03251075490056166, "p_value": 8.92167594357313e-25}