{"correlation": -0.07691962780594189, "p_value": 6.483414015731631e-131}