{"correlation": 0.0042244836443791406, "p_value": 0.18184585237647816}