{"correlation": 0.04743872329702894, "p_value": 7.257199833938678e-51}