{"correlation": 0.09944177736229397, "p_value": 7.360219522740915e-218}