{"correlation": -0.02449141150425736, "p_value": 9.839070377220788e-15}