{"correlation": -0.04297737531670583, "p_value": 4.67570620422137e-42}