{"correlation": 0.11474771975250483, "p_value": 7.459843202948839e-290}