{"correlation": -0.045640643120462274, "p_value": 3.2745364560566204e-47}