{"correlation": -0.05099707108740675, "p_value": 1.6381494632061407e-58}