{"correlation": -0.08779339268763539, "p_value": 4.3953430611330306e-170}