{"correlation": 0.11362740496982353, "p_value": 3.157390555115107e-284}