{"correlation": 0.1047212434508393, "p_value": 1.662494605697415e-241}