{"correlation": 0.03277948926307104, "p_value": 3.681203592061466e-25}