{"correlation": 0.09289142224573492, "p_value": 2.9921626286326856e-190}