{"correlation": 0.11252201162648215, "p_value": 9.898184494799626e-279}