{"correlation": 0.06930640003154523, "p_value": 1.354332406429882e-106}