{"correlation": 0.10754733662421342, "p_value": 1.1226888522019527e-254}