{"correlation": -0.09153237721281904, "p_value": 9.225520158114438e-185}