{"correlation": 0.012743894428911225, "p_value": 5.632805855242248e-05}