{"correlation": -0.02982738178411452, "p_value": 4.155508359307619e-21}