{"correlation": 0.03238133002081211, "p_value": 1.3629910185868362e-24}