{"correlation": 0.0318408275018455, "p_value": 7.857774067802841e-24}