{"correlation": 0.017635243973296362, "p_value": 2.492442920294884e-08}