{"correlation": 0.1075644227517192, "p_value": 9.322733679324977e-255}