{"correlation": 0.1165953000881365, "p_value": 2.950510959290062e-299}