{"correlation": 0.046551920636160926, "p_value": 4.793478424545745e-49}