{"correlation": 0.01628809797932367, "p_value": 2.6333424279285164e-07}