{"correlation": 0.012684521931997393, "p_value": 6.099662177679405e-05}