{"correlation": -0.018482286966095385, "p_value": 5.1714386205349254e-09}