{"correlation": 0.0022204558715091093, "p_value": 0.48283884842566727}