{"correlation": -0.0704082780606993, "p_value": 5.883324338438636e-110}