{"correlation": -0.11601398734334328, "p_value": 2.785887359952933e-296}