{"correlation": -0.026593151912249646, "p_value": 4.247044267706537e-17}