{"correlation": 0.07581927995377039, "p_value": 3.051507359909236e-127}