{"correlation": 0.08181503965532015, "p_value": 6.678454532604268e-148}