{"correlation": 0.05840156597934184, "p_value": 3.4225611887060265e-76}