{"correlation": 0.046448595471840715, "p_value": 7.770864794638736e-49}