{"correlation": 0.014382240999168598, "p_value": 5.479583126534343e-06}