{"correlation": 0.08770193586863673, "p_value": 9.868479867524405e-170}