{"correlation": 0.017042693731809833, "p_value": 7.184728786360458e-08}