{"correlation": 0.04772548349827543, "p_value": 1.84063881114061e-51}