{"correlation": -0.038031675237614915, "p_value": 2.6671179493822828e-33}