{"correlation": -0.03965106062253278, "p_value": 4.7388378184456963e-36}