{"correlation": 0.05839398251950752, "p_value": 3.578349842850776e-76}