{"correlation": -0.015698276284231094, "p_value": 6.994372111295955e-07}