{"correlation": -0.06638404991474234, "p_value": 6.171232496337631e-98}