{"correlation": -0.11816143405831775, "p_value": 2.391783876919109e-307}