{"correlation": 0.043927003773851704, "p_value": 7.365250386832183e-44}