{"correlation": -0.11666410158500597, "p_value": 1.3084958633899085e-299}