{"correlation": 0.024370998089561363, "p_value": 1.3265158609182094e-14}