{"correlation": 0.043097839737816605, "p_value": 2.775489141503839e-42}