{"correlation": 0.006765033083647228, "p_value": 0.03251546521282702}