{"correlation": 0.013276695165221052, "p_value": 2.715584956861543e-05}