{"correlation": 0.11414492480160789, "p_value": 8.076075519621663e-287}