{"correlation": 0.08406665849289728, "p_value": 4.530121768136742e-156}