{"correlation": 0.013838399785230533, "p_value": 1.2219385329343468e-05}