{"correlation": -0.046428525444387816, "p_value": 8.534360678691827e-49}