{"correlation": -0.004530068962003849, "p_value": 0.1522381702317796}