{"correlation": -0.06469074082434483, "p_value": 4.325780922673348e-93}