{"correlation": -0.025048582479092953, "p_value": 2.4236105730645292e-15}