{"correlation": 0.11102120115567375, "p_value": 2.3432739690592475e-271}