{"correlation": 0.09749077974845471, "p_value": 1.9502838021729503e-209}