{"correlation": 0.10527213098740085, "p_value": 4.803285317224999e-244}