{"correlation": 0.027381065802356785, "p_value": 4.928506851283354e-18}