{"correlation": 0.04905710906500638, "p_value": 2.827399743064367e-54}