{"correlation": -0.04843008241056943, "p_value": 6.107123053644267e-53}