{"correlation": -0.0215614283481459, "p_value": 9.428271799110003e-12}