{"correlation": -0.0400440913197038, "p_value": 9.79536621540808e-37}