{"correlation": 0.09120220406470726, "p_value": 1.932521426521378e-183}