{"correlation": -0.09049412301222488, "p_value": 1.2678448587947129e-180}