{"correlation": 0.11338303082794962, "p_value": 5.237721640764114e-283}