{"correlation": -0.008101530533003302, "p_value": 0.01045475143902795}