{"correlation": -0.060054397130691495, "p_value": 1.823963350474451e-80}