{"correlation": -0.054595241159405575, "p_value": 8.348397371396147e-67}