{"correlation": -0.09233554750831452, "p_value": 5.3828627846576715e-188}