{"correlation": 0.058832488719209805, "p_value": 2.7022420473950333e-77}