{"correlation": 0.11120174774793222, "p_value": 3.07656464022575e-272}