{"correlation": 0.07224523908860736, "p_value": 1.111676061931563e-115}