{"correlation": 0.08989162350925638, "p_value": 3.0369912131242066e-178}