{"correlation": -0.10703595633474718, "p_value": 2.8839975479748767e-252}