{"correlation": 0.10484020768152982, "p_value": 4.715914263176034e-242}