{"correlation": -0.011478331804445834, "p_value": 0.00028597832727702947}