{"correlation": 0.07370792529719221, "p_value": 2.412032058880638e-120}