{"correlation": 0.07264558189180896, "p_value": 6.010209436505886e-117}