{"correlation": 0.09835644448594645, "p_value": 3.746694590745234e-213}