{"correlation": -0.07636858712536321, "p_value": 4.546967424736276e-129}