{"correlation": -0.05497932573911082, "p_value": 1.0070532012267744e-67}