{"correlation": 0.06369218945823782, "p_value": 2.720732967933686e-90}