{"correlation": 0.10364128919938677, "p_value": 1.4427308144357887e-236}