{"correlation": 0.09036324840096274, "p_value": 4.1810310190439504e-180}