{"correlation": -0.10496640040293471, "p_value": 1.2371720276408062e-242}