{"correlation": 0.11011546087051051, "p_value": 5.904343677770416e-267}