{"correlation": 0.0654883571607269, "p_value": 2.3399652474027787e-95}