{"correlation": 0.10684379556400973, "p_value": 2.303911712349543e-251}