{"correlation": 0.08094197487838904, "p_value": 8.54555347838088e-145}