{"correlation": 0.05193520547611579, "p_value": 1.2782122478591427e-60}