{"correlation": 0.06090011208286342, "p_value": 1.0672192714854613e-82}