{"correlation": -0.09482281175812389, "p_value": 3.420150952661033e-198}