{"correlation": 0.023101583141272024, "p_value": 2.8373834725640924e-13}