{"correlation": 0.09667631770934847, "p_value": 5.704501389451785e-206}