{"correlation": 0.10388540605393724, "p_value": 1.1154578965819963e-237}