{"correlation": 0.11396530618642833, "p_value": 6.430325850015869e-286}