{"correlation": -0.10991775171044497, "p_value": 5.333522204432136e-266}