{"correlation": 0.10748973019537901, "p_value": 2.100389834091056e-254}