{"correlation": 0.11594183718536055, "p_value": 6.503579383690031e-296}