{"correlation": 0.06169640144272351, "p_value": 7.895494686235972e-85}