{"correlation": 0.11692037367725412, "p_value": 6.303334296204386e-301}