{"correlation": 0.03522920610229163, "p_value": 8.273357704763268e-29}