{"correlation": 0.022937640822860667, "p_value": 4.1657216354355387e-13}