{"correlation": -0.07460106754971069, "p_value": 3.0790111550418005e-123}