{"correlation": 0.06044433181244647, "p_value": 1.7196525211338041e-81}