{"correlation": 0.04125193293973285, "p_value": 6.999927556845793e-39}