{"correlation": 0.1148997452922103, "p_value": 1.2730508897830534e-290}