{"correlation": 0.07947319876242855, "p_value": 1.2102100788595397e-139}