{"correlation": -0.10496552878762386, "p_value": 1.2486664811504984e-242}