{"correlation": 0.007937872004435475, "p_value": 0.012117989748162685}