{"correlation": -0.004864154413996841, "p_value": 0.12423086474733977}