{"correlation": 0.07418099567320735, "p_value": 7.143449109736389e-122}