{"correlation": 0.09063178003519437, "p_value": 3.6072161423503144e-181}