{"correlation": 0.07178693431164458, "p_value": 3.075131194342431e-114}