{"correlation": 0.08587358748458572, "p_value": 8.681390695124588e-163}