{"correlation": 0.10009771289994426, "p_value": 9.926744053797679e-221}