{"correlation": 0.07057135099208414, "p_value": 1.8514652785346245e-110}