{"correlation": 0.05109161259068222, "p_value": 1.0085089542250832e-58}