{"correlation": -0.0335052438345298, "p_value": 3.2519476526457664e-26}