{"correlation": -0.022087689274880085, "p_value": 2.923616748664287e-12}