{"correlation": -0.07646467931085835, "p_value": 2.1716423999286656e-129}