{"correlation": -0.027468524949105302, "p_value": 3.865850670492024e-18}