{"correlation": 0.0740739497901317, "p_value": 1.5872015539217165e-121}