{"correlation": 0.0019484161460856632, "p_value": 0.5380466938240671}