{"correlation": 0.03274196994601228, "p_value": 4.167280960889147e-25}