{"correlation": -0.0184862382831308, "p_value": 5.1327972292968665e-09}