{"correlation": -0.027982515239650025, "p_value": 9.136217815926282e-19}