{"correlation": 0.09687142037040913, "p_value": 8.484166866320566e-207}