{"correlation": -0.051924665171036985, "p_value": 1.3505085764025688e-60}