{"correlation": 0.05886662168116719, "p_value": 2.208204995514949e-77}