{"correlation": 0.016720729937006483, "p_value": 1.259003906944577e-07}