{"correlation": -0.009161891088820453, "p_value": 0.0037850135391857714}