{"correlation": 0.02522975996503986, "p_value": 1.5266285802984298e-15}