{"correlation": 0.08187833401602938, "p_value": 3.963825295060926e-148}