{"correlation": -0.0038007573407427453, "p_value": 0.22968178839032055}