{"correlation": 0.11859059262890614, "p_value": 1.38737775840764e-309}