{"correlation": 0.0715097752973149, "p_value": 2.266521079630765e-113}