{"correlation": 0.0537173117833984, "p_value": 9.931953308516066e-65}