{"correlation": 0.017790663802316985, "p_value": 1.8774759917470914e-08}