{"correlation": 0.05644360847312685, "p_value": 2.7676971839066845e-71}