{"correlation": -0.03197447539382814, "p_value": 5.109166416049286e-24}