{"correlation": 0.05961476444578005, "p_value": 2.5664272337589393e-79}