{"correlation": -0.0900638258515602, "p_value": 6.368406323116531e-179}