{"correlation": -0.007997099928886158, "p_value": 0.011490770336621365}