{"correlation": 0.04801651330901788, "p_value": 4.535662397450111e-52}