{"correlation": -0.11774337845053934, "p_value": 3.5430827184253544e-305}