{"correlation": 0.09384192005442321, "p_value": 3.874770323187923e-194}