{"correlation": 0.049962560099109196, "p_value": 3.12031315197914e-56}