{"correlation": 0.037516670111951915, "p_value": 1.8920754165421142e-32}