{"correlation": 0.10738534053976548, "p_value": 6.529651807591993e-254}