{"correlation": 0.054357476540543036, "p_value": 3.0690208956476425e-66}