{"correlation": 0.03240319323411412, "p_value": 1.2689761841051265e-24}