{"correlation": -0.02845719145794835, "p_value": 2.35572658976333e-19}