{"correlation": -0.09789631691252666, "p_value": 3.5745160122512065e-211}