{"correlation": 0.11714235040213426, "p_value": 4.5315237064948607e-302}