{"correlation": -0.0906024627342018, "p_value": 4.715238292150943e-181}