{"correlation": -0.08484652488581225, "p_value": 5.950752043518491e-159}