{"correlation": 0.008285186008275595, "p_value": 0.008832799291457943}