{"correlation": -0.034706366081037957, "p_value": 5.2249827578371475e-28}