{"correlation": -0.03264390643518611, "p_value": 5.7589933819076805e-25}