{"correlation": 0.08031321908786226, "p_value": 1.4076687063774651e-142}