{"correlation": -0.003152778104398241, "p_value": 0.31905943018762006}