{"correlation": -0.028866019383829933, "p_value": 7.200766400648685e-20}