{"correlation": 0.015356505968145367, "p_value": 1.2130824108192408e-06}