{"correlation": 0.06089500495029633, "p_value": 1.1011103258842925e-82}