{"correlation": 0.026244624030539117, "p_value": 1.0798012103974393e-16}