{"correlation": -0.010116690737347885, "p_value": 0.0013871276488861117}