{"correlation": -0.08856195945070891, "p_value": 4.747987613260124e-173}