{"correlation": -0.040936642291527665, "p_value": 2.5784399553875295e-38}