{"correlation": 0.11136128499089205, "p_value": 5.101460780843235e-273}