{"correlation": 0.11060473471314615, "p_value": 2.501374361605231e-269}