{"correlation": 0.11410719643682792, "p_value": 1.2490513234013628e-286}