{"correlation": 0.006705226326879661, "p_value": 0.03408083049656219}