{"correlation": -0.011736963504381602, "p_value": 0.0002077296187601078}