{"correlation": 0.10307136632378196, "p_value": 5.549933966856442e-234}