{"correlation": 0.07195460292850069, "p_value": 9.150149794559186e-115}