{"correlation": -0.010039449763312476, "p_value": 0.001509226924209862}