{"correlation": 0.094291161203859, "p_value": 5.454646400393832e-196}