{"correlation": 0.05329966828308125, "p_value": 9.387472053872568e-64}