{"correlation": -0.08942408811286229, "p_value": 2.0783559405235858e-176}