{"correlation": 0.0984645570737194, "p_value": 1.2798355659954577e-213}