{"correlation": 0.07544238990246485, "p_value": 5.373057850374183e-126}