{"correlation": -0.04913837644409896, "p_value": 1.893129048217138e-54}