{"correlation": 0.009708379276847154, "p_value": 0.0021530504616405033}