{"correlation": -0.055227614254140876, "p_value": 2.5458755338961342e-68}