{"correlation": 0.044837078296038585, "p_value": 1.2672930939212404e-45}