{"correlation": -0.02902864213350622, "p_value": 4.47328157673207e-20}