{"correlation": 0.09366366918109807, "p_value": 2.0911810508048407e-193}