{"correlation": 0.11243685703910473, "p_value": 2.610222568299471e-278}