{"correlation": 0.06552989379587035, "p_value": 1.7799050056693367e-95}