{"correlation": 0.10543836369283623, "p_value": 8.17799210224931e-245}