{"correlation": 0.004582154775399979, "p_value": 0.14758024060291766}