{"correlation": 0.07101949447578883, "p_value": 7.614607206781774e-112}