{"correlation": -0.06270255541508958, "p_value": 1.4629250626247403e-87}