{"correlation": 0.05483061880568024, "p_value": 2.2879861671970426e-67}