{"correlation": -0.016003231478398834, "p_value": 4.238659153007664e-07}