{"correlation": -0.0004540589782326928, "p_value": 0.8858962520465358}