{"correlation": 0.08243653497293191, "p_value": 3.911772642955837e-150}