{"correlation": -0.09558597385109269, "p_value": 2.239419476914177e-201}