{"correlation": 0.09561061668507796, "p_value": 1.7656042877992703e-201}