{"correlation": 0.1107438735266269, "p_value": 5.264844351386055e-270}