{"correlation": 0.06881018799315546, "p_value": 4.249874521814559e-105}