{"correlation": 0.09139923993478621, "p_value": 3.149926863074621e-184}