{"correlation": 0.11549103381953442, "p_value": 1.283287067472898e-293}