{"correlation": -0.07857429821173013, "p_value": 1.5431366102202505e-136}