{"correlation": -0.006316114137179687, "p_value": 0.04591903168090454}