{"correlation": 0.07890562700938049, "p_value": 1.1165309499596795e-137}