{"correlation": 0.07223823189585223, "p_value": 1.1697506948875926e-115}