{"correlation": 0.10231060498887407, "p_value": 1.4871820665406093e-230}