{"correlation": -0.09664830170718725, "p_value": 7.497558041516208e-206}