{"correlation": 0.06215293571234445, "p_value": 4.60443878459085e-86}