{"correlation": 0.08071914974355764, "p_value": 5.240064580234313e-144}