{"correlation": 0.08875733310541714, "p_value": 8.283957474568681e-174}