{"correlation": -0.06455616634028474, "p_value": 1.0370056489836455e-92}