{"correlation": 0.07743751549200863, "p_value": 1.1607605770710816e-132}