{"correlation": 0.06246124534344855, "p_value": 6.676153340966061e-87}