{"correlation": -0.009925892261515355, "p_value": 0.0017067880455459393}