{"correlation": 0.02109205763641149, "p_value": 2.618283211566935e-11}