{"correlation": 0.02823707057415292, "p_value": 4.428928726611315e-19}