{"correlation": 0.094750400013395, "p_value": 6.835966227048575e-198}