{"correlation": 0.10436142182535701, "p_value": 7.446587728674186e-240}