{"correlation": 0.10402107215190436, "p_value": 2.6820273352318078e-238}