{"correlation": -0.029438147887974143, "p_value": 1.3333917318318953e-20}