{"correlation": -0.01188281872915962, "p_value": 0.00017297758407226594}