{"correlation": -0.11359736850202587, "p_value": 4.4606988361467496e-284}