{"correlation": -0.09685612239246112, "p_value": 9.85287989142726e-207}