{"correlation": 0.018958729589980707, "p_value": 2.0705679576052888e-09}