{"correlation": -0.05882833183496503, "p_value": 2.7694879090622478e-77}