{"correlation": 0.08865184323113127, "p_value": 2.127495767036938e-173}