{"correlation": 0.06125311515713306, "p_value": 1.2219096006891803e-83}