{"correlation": -0.053863538877481035, "p_value": 4.5049080988698835e-65}