{"correlation": 0.025331579183789362, "p_value": 1.1757341408448157e-15}