{"correlation": 0.038318014447609954, "p_value": 8.871254725952439e-34}