{"correlation": -0.11591076039232513, "p_value": 9.36845088606222e-296}