{"correlation": 0.11761286601288722, "p_value": 1.6804274851699352e-304}