{"correlation": -0.01554898045642764, "p_value": 8.908730839529416e-07}