{"correlation": 0.06037467701288308, "p_value": 2.6249987419127046e-81}