{"correlation": 0.05779718071412959, "p_value": 1.1672278846977468e-74}