{"correlation": 0.08975770706346073, "p_value": 1.0212083122546919e-177}