{"correlation": 0.03529690993800518, "p_value": 6.503872582675121e-29}