{"correlation": 0.07483022494404282, "p_value": 5.49833204535239e-124}