{"correlation": 0.03053120467701604, "p_value": 4.858512427331569e-22}