{"correlation": -0.0341000085853007, "p_value": 4.281115501469376e-27}