{"correlation": -0.09056856764175662, "p_value": 6.426171255346014e-181}