{"correlation": -0.02475636826175384, "p_value": 5.072823671959105e-15}