{"correlation": 0.11796238299074631, "p_value": 2.5896128935727624e-306}