{"correlation": -0.10412320985446887, "p_value": 9.160224683132877e-239}