{"correlation": -0.047105662279384994, "p_value": 3.53411256618587e-50}