{"correlation": 0.02179453079466677, "p_value": 5.6318091163836626e-12}