{"correlation": 0.08816956506372102, "p_value": 1.5643382215046344e-171}