{"correlation": 0.10275978077766594, "p_value": 1.4172869031792838e-232}