{"correlation": -0.08902677154235436, "p_value": 7.408542430852648e-175}