{"correlation": 0.06824862802218783, "p_value": 2.0374446703201166e-103}