{"correlation": -0.0055838535427800455, "p_value": 0.07761247395683789}