{"correlation": -0.07735992453444272, "p_value": 2.1244372458908542e-132}