{"correlation": 0.11410863611407093, "p_value": 1.228442718419814e-286}