{"correlation": 0.04144588813218586, "p_value": 3.123260318818876e-39}