{"correlation": 0.05915156373466291, "p_value": 4.07435623583746e-78}