{"correlation": 0.10049529903125787, "p_value": 1.7692652957469515e-222}