{"correlation": -0.02890733586018889, "p_value": 6.382021429734554e-20}