{"correlation": 0.020521397391718224, "p_value": 8.804284886422374e-11}