{"correlation": 0.06424342681552543, "p_value": 7.854975848301778e-92}