{"correlation": -0.0523494670538795, "p_value": 1.4576642803367137e-61}