{"correlation": 0.08052260575917193, "p_value": 2.583566279504275e-143}