{"correlation": 0.0831340173876373, "p_value": 1.1662824222826044e-152}