{"correlation": 0.08474159167413371, "p_value": 1.4583377808963482e-158}