{"correlation": 0.0431476133020064, "p_value": 2.236490764472867e-42}