{"correlation": 0.07061526700095258, "p_value": 1.355491909843854e-110}