{"correlation": -0.05302236591450481, "p_value": 4.1310337479890134e-63}