{"correlation": -0.015216947881982242, "p_value": 1.5140242993062725e-06}