{"correlation": -0.029027742336318524, "p_value": 4.485112424733641e-20}