{"correlation": 0.024503390956549163, "p_value": 9.550167453823012e-15}