{"correlation": 0.024834029607338506, "p_value": 4.17206825203465e-15}