{"correlation": 0.0563329093248279, "p_value": 5.183151346845745e-71}