{"correlation": 0.11544963502192096, "p_value": 2.082751382460314e-293}