{"correlation": 0.055075963868144416, "p_value": 5.901002161914101e-68}