{"correlation": 0.06603744165503768, "p_value": 6.201305353438183e-97}