{"correlation": 0.10087795842685102, "p_value": 3.6122217107829955e-224}