{"correlation": 0.048524011414539166, "p_value": 3.8638881892386913e-53}