{"correlation": 0.028539465654444807, "p_value": 1.858286874952968e-19}