{"correlation": -0.03579414597293712, "p_value": 1.0953519927266092e-29}