{"correlation": 0.08459883123711162, "p_value": 4.928276666785911e-158}