{"correlation": -0.022287214701936797, "p_value": 1.862246980776935e-12}