{"correlation": 0.0719537215321316, "p_value": 9.20870984637681e-115}