{"correlation": 0.08555441500217548, "p_value": 1.3666924866161084e-161}