{"correlation": 0.10248127842119237, "p_value": 2.544151001661691e-231}