{"correlation": -0.10149364752920756, "p_value": 6.681057201804446e-227}