{"correlation": 0.020925532540441837, "p_value": 3.742302129897027e-11}