{"correlation": 0.01790141277578043, "p_value": 1.532033091779256e-08}