{"correlation": 0.08084657854174303, "p_value": 1.8586431499056078e-144}