{"correlation": 0.1128712124752381, "p_value": 1.8416577270787287e-280}