{"correlation": 0.06603623309620127, "p_value": 6.251267394393794e-97}