{"correlation": -0.09434484921635689, "p_value": 3.272644427385384e-196}