{"correlation": -0.020198868890828618, "p_value": 1.7228127737899382e-10}