{"correlation": 0.03749641700629503, "p_value": 2.04251983219622e-32}