{"correlation": -0.06621356315559114, "p_value": 1.9228275576057744e-97}