{"correlation": 0.11777258813072833, "p_value": 2.500191637055561e-305}