{"correlation": -0.09151942966186506, "p_value": 1.0396558315921653e-184}