{"correlation": -0.053795417805711294, "p_value": 6.512589823134587e-65}