{"correlation": 0.01494988777068896, "p_value": 2.301597903509147e-06}