{"correlation": 0.05311463934540581, "p_value": 2.525227111620383e-63}