{"correlation": 0.10530288467895317, "p_value": 3.4624523345143346e-244}