{"correlation": 0.0864171790052914, "p_value": 7.75211661360246e-165}