{"correlation": 0.014145263400451526, "p_value": 7.798936074499139e-06}