{"correlation": 0.1016302551167223, "p_value": 1.6450267239974062e-227}