{"correlation": -0.009888883318743557, "p_value": 0.001776144045879802}