{"correlation": 0.030151857929753948, "p_value": 1.5543453156491112e-21}