{"correlation": 0.0547576972412138, "p_value": 3.418767268795879e-67}