{"correlation": 0.09704513068344717, "p_value": 1.5499490612240269e-207}