{"correlation": -0.0038128438614740195, "p_value": 0.22820377511747142}