{"correlation": 0.04085470903840025, "p_value": 3.612469131827558e-38}