{"correlation": -0.07862060639746205, "p_value": 1.0697660626237764e-136}