{"correlation": 0.026192164036008304, "p_value": 1.2413421239307857e-16}