{"correlation": 0.06848800489170516, "p_value": 3.9295289956713485e-104}