{"correlation": 0.023404791084232858, "p_value": 1.385004232983806e-13}