{"correlation": 0.09152017684269098, "p_value": 1.0325112924555247e-184}