{"correlation": 0.024234252813373908, "p_value": 1.8591645899628424e-14}