{"correlation": 0.10501179117440296, "p_value": 7.642308224777133e-243}