{"correlation": -0.09627677977957669, "p_value": 2.7908014881867282e-204}