{"correlation": -0.10519364996973898, "p_value": 1.1069135589203395e-243}