{"correlation": 0.09866148810417799, "p_value": 1.8033416051909975e-214}