{"correlation": 0.004089150685977957, "p_value": 0.19624545205497354}