{"correlation": 0.015267139137850723, "p_value": 1.3983431409687332e-06}