{"correlation": 0.03313483783657923, "p_value": 1.1293754235635745e-25}