{"correlation": -0.10357207659628144, "p_value": 2.9778371298945623e-236}