{"correlation": 0.09753707048657184, "p_value": 1.2365434164022584e-209}