{"correlation": 0.07625746366726205, "p_value": 1.067456517016826e-128}