{"correlation": 0.10388479046004213, "p_value": 1.122690408654162e-237}