{"correlation": 0.10400669178283056, "p_value": 3.119709081405419e-238}