{"correlation": 0.057118253803658176, "p_value": 5.888121994136448e-73}