{"correlation": 0.10388058285663823, "p_value": 1.1733952589094349e-237}