{"correlation": 0.11714212596582797, "p_value": 4.5436134337882046e-302}