{"correlation": -0.039379216076785135, "p_value": 1.397348409811458e-35}