{"correlation": 0.049648752679422675, "p_value": 1.5015957403533657e-55}