{"correlation": -0.030830554533001056, "p_value": 1.9212729345558845e-22}