{"correlation": -0.07180188283236802, "p_value": 2.7604469768155766e-114}