{"correlation": -0.05251879413877423, "p_value": 5.971462572763936e-62}