{"correlation": 0.09694606146549183, "p_value": 4.088269255710335e-207}