{"correlation": -0.014733390574366404, "p_value": 3.2158556653206096e-06}