{"correlation": 0.0788805869529886, "p_value": 1.3621828012083691e-137}