{"correlation": -0.03060464796948177, "p_value": 3.872652312761341e-22}