{"correlation": 0.034576899985094146, "p_value": 8.21216111353177e-28}