{"correlation": 0.042648247148108984, "p_value": 1.9297117150623487e-41}