{"correlation": 0.031262225493650465, "p_value": 4.9634015191235165e-23}