{"correlation": -0.03172011941664595, "p_value": 1.1574089591193949e-23}