{"correlation": 0.0571433034273673, "p_value": 5.09926258170143e-73}