{"correlation": 0.07587572096683842, "p_value": 1.983468609721919e-127}