{"correlation": 0.1120719073404334, "p_value": 1.651184932905508e-276}