{"correlation": 0.03681688151452561, "p_value": 2.5986440239474046e-31}