{"correlation": -0.03168176605890374, "p_value": 1.3085629054927474e-23}