{"correlation": 0.03653165791232415, "p_value": 7.454616367498811e-31}