{"correlation": -0.06756815736908504, "p_value": 2.123917638206716e-101}