{"correlation": -0.01679879517683165, "p_value": 1.0999159226014683e-07}