{"correlation": 0.08752018304686553, "p_value": 4.911409502396186e-169}