{"correlation": -0.021403193086686274, "p_value": 1.333591068833573e-11}