{"correlation": -0.029772897804207957, "p_value": 4.896568761171696e-21}