{"correlation": 0.04875362712863273, "p_value": 1.257184539799919e-53}