{"correlation": 0.07421661816050518, "p_value": 5.475376930498445e-122}