{"correlation": 0.09891182375215218, "p_value": 1.4849275415103196e-215}