{"correlation": -0.0038425433875987763, "p_value": 0.22460074644532857}