{"correlation": 0.013560727152064814, "p_value": 1.8202575958555686e-05}