{"correlation": 0.08291138870399226, "p_value": 7.5036915800394e-152}