{"correlation": 0.10765150937559524, "p_value": 3.613566556792699e-255}