{"correlation": 0.03543556763900327, "p_value": 3.9675048337138325e-29}