{"correlation": 0.004397664489994518, "p_value": 0.16458194802435228}