{"correlation": 0.05118510051850615, "p_value": 6.236930918600719e-59}