{"correlation": 0.08133524788299991, "p_value": 3.4381757052288487e-146}