{"correlation": -0.0531482187532451, "p_value": 2.1106640764143647e-63}