{"correlation": -0.08934560799214653, "p_value": 4.215383345972891e-176}