{"correlation": 0.06862740930846223, "p_value": 1.5029331747219725e-104}