{"correlation": -0.10992308456188031, "p_value": 5.026376545717348e-266}