{"correlation": -0.0008006662684703276, "p_value": 0.8002380106682472}