{"correlation": -0.045428051534276634, "p_value": 8.668194587550926e-47}