{"correlation": 0.11694998444961176, "p_value": 4.437966657825943e-301}