{"correlation": -0.02069511966497705, "p_value": 6.107002022387086e-11}