{"correlation": 0.07460972269304067, "p_value": 2.885326331104078e-123}