{"correlation": -0.033586437384068205, "p_value": 2.470764185319482e-26}