{"correlation": 0.10941470477160065, "p_value": 1.4161777475119364e-263}