{"correlation": 0.0400481184144082, "p_value": 9.637645061176012e-37}