{"correlation": 0.08635930638200953, "p_value": 1.282934511818641e-164}