{"correlation": 0.00690233077201983, "p_value": 0.02915323589285901}