{"correlation": -0.01721465166579011, "p_value": 5.3028175489605144e-08}