{"correlation": 0.08592900426617343, "p_value": 5.373838701148049e-163}