{"correlation": 0.10180170929312389, "p_value": 2.8252495080276096e-228}