{"correlation": 0.1165585646403188, "p_value": 4.553601524948922e-299}