{"correlation": 0.08904629032081642, "p_value": 6.218009625876892e-175}