{"correlation": 0.1132790360634912, "p_value": 1.7275272838433916e-282}