{"correlation": 0.10402949832935547, "p_value": 2.4546566555682845e-238}