{"correlation": -0.04445662542438462, "p_value": 6.99542740747822e-45}