{"correlation": 0.03267764919018835, "p_value": 5.152888636266894e-25}