{"correlation": 0.03939762802637538, "p_value": 1.298965637764903e-35}