{"correlation": 0.03726086024790734, "p_value": 4.958201474684027e-32}