{"correlation": -0.090265631402619, "p_value": 1.0169909148508319e-179}