{"correlation": 0.00951961573929307, "p_value": 0.002624495507059308}