{"correlation": -0.04842681451394604, "p_value": 6.205069655105619e-53}