{"correlation": 0.1137323731542158, "p_value": 9.430715033816229e-285}