{"correlation": 0.06828671548982986, "p_value": 1.5686654416109197e-103}