{"correlation": 0.08023184334914396, "p_value": 2.717222292744651e-142}