{"correlation": 0.017683110825883384, "p_value": 2.28473718352104e-08}