{"correlation": -0.04422545584455933, "p_value": 1.961363400474653e-44}