{"correlation": 0.08202253191040351, "p_value": 1.205864643113127e-148}