{"correlation": 0.10356744919189484, "p_value": 3.1256079150758958e-236}