{"correlation": 0.08934453662328319, "p_value": 4.256256419373562e-176}