{"correlation": 0.0572434629685409, "p_value": 2.867166878219359e-73}