{"correlation": 0.0849052698647586, "p_value": 3.601008101215125e-159}