{"correlation": -0.10127227598170546, "p_value": 6.4479668361989425e-226}