{"correlation": 0.059425093775982436, "p_value": 7.982445825410257e-79}