{"correlation": 0.09592986282637248, "p_value": 8.07150972538872e-203}