{"correlation": 0.0913354033199916, "p_value": 5.671948094659981e-184}