{"correlation": 0.11786046903647197, "p_value": 8.754094987261999e-306}