{"correlation": -0.05496574628355557, "p_value": 1.0855201148043265e-67}