{"correlation": 0.10694653503881923, "p_value": 7.588613167849197e-252}