{"correlation": 0.07248268794191398, "p_value": 1.973790651848712e-116}