{"correlation": -0.07800578193115769, "p_value": 1.3618339049214519e-134}