{"correlation": -0.025729503612153582, "p_value": 4.195371470507482e-16}