{"correlation": -0.09376014017529874, "p_value": 8.400850031800702e-194}