{"correlation": 0.1051670286274074, "p_value": 1.4690590725980593e-243}