{"correlation": 0.07370873689387951, "p_value": 2.3975588062912108e-120}