{"correlation": 0.011303540507939386, "p_value": 0.0003536768598872598}