{"correlation": 0.0908289442874632, "p_value": 5.940595643667911e-182}