{"correlation": -0.09032146885581945, "p_value": 6.1172397145128275e-180}