{"correlation": 0.024961277507121155, "p_value": 3.0247361296581615e-15}