{"correlation": 0.051296520491733485, "p_value": 3.5134369364640425e-59}