{"correlation": 0.11624078323075919, "p_value": 1.9322935668189317e-297}