{"correlation": 0.11179284622859623, "p_value": 3.899306764233962e-275}