{"correlation": 0.07197058786948864, "p_value": 8.150329003977954e-115}