{"correlation": 0.1017516196064832, "p_value": 4.7284464015844596e-228}