{"correlation": -0.06789502025296829, "p_value": 2.2924842322509716e-102}