{"correlation": 0.025616580370111906, "p_value": 5.629408771321892e-16}