{"correlation": 0.07686074329374848, "p_value": 1.0225823032395579e-130}