{"correlation": 0.03370685903314438, "p_value": 1.641913395073765e-26}