{"correlation": 0.11242011402155266, "p_value": 3.158200931528127e-278}