{"correlation": 0.03622775262773493, "p_value": 2.2709639880573256e-30}