{"correlation": -0.044290167604203644, "p_value": 1.4704629997583088e-44}