{"correlation": -0.010523993403120782, "p_value": 0.0008808654986957865}