{"correlation": 0.050731603579223114, "p_value": 6.365508076141841e-58}