{"correlation": 0.021175700373365816, "p_value": 2.1860293579038265e-11}