{"correlation": 0.006992089243195835, "p_value": 0.027120703615249243}