{"correlation": -0.06874217571032834, "p_value": 6.802506507501431e-105}