{"correlation": 0.1065459732432643, "p_value": 5.726601851004167e-250}