{"correlation": -0.01762745034238576, "p_value": 2.5279519851159597e-08}