{"correlation": 0.10448204039287247, "p_value": 2.084937086728589e-240}