{"correlation": -0.07279237026768383, "p_value": 2.0536986319123886e-117}