{"correlation": 0.1052560033810379, "p_value": 5.702548934635123e-244}