{"correlation": -0.09895905471744688, "p_value": 9.264083663893246e-216}