{"correlation": -0.018154021441047073, "p_value": 9.592003667541013e-09}