{"correlation": 0.012974692840183107, "p_value": 4.1201369197484434e-05}