{"correlation": 0.10940258651332885, "p_value": 1.6194721105588865e-263}