{"correlation": 0.036535288559033055, "p_value": 7.355658469871235e-31}