{"correlation": 0.04411650215181756, "p_value": 3.1825993400508433e-44}