{"correlation": -0.028627067747935435, "p_value": 1.4424804947182674e-19}