{"correlation": 0.007685176729550282, "p_value": 0.015147829531246213}