{"correlation": 0.05226406944803362, "p_value": 2.2837687376355762e-61}