{"correlation": 0.09896544011998347, "p_value": 8.691464146738212e-216}