{"correlation": 0.10026043281079416, "p_value": 1.9135602250103556e-221}