{"correlation": 0.08758698425677089, "p_value": 2.724068620910406e-169}