{"correlation": 0.0849058471198521, "p_value": 3.583271543424341e-159}