{"correlation": 0.041628230393816745, "p_value": 1.4575398294228321e-39}