{"correlation": 0.0015051926838284219, "p_value": 0.634291867927264}