{"correlation": 0.06163829969860611, "p_value": 1.1318745140356094e-84}