{"correlation": 0.07372374336099816, "p_value": 2.145036063500276e-120}