{"correlation": 0.07425414739284285, "p_value": 4.1369253211864995e-122}