{"correlation": 0.026792674035815013, "p_value": 2.4759586689928876e-17}