{"correlation": -0.011708231750793207, "p_value": 0.00021530667761707098}