{"correlation": 0.00530665550877331, "p_value": 0.09352217394298169}