{"correlation": -0.018257347933898847, "p_value": 7.905880328158301e-09}