{"correlation": 0.017483525279110696, "p_value": 3.2791529563650364e-08}