{"correlation": -0.08125627868418793, "p_value": 6.5625860931985715e-146}