{"correlation": 0.11210052880964268, "p_value": 1.1933236922957584e-276}