{"correlation": 0.09509672128625046, "p_value": 2.4790145321260955e-199}