{"correlation": -0.0254403896885848, "p_value": 8.883944139577335e-16}