{"correlation": 0.03231949438366175, "p_value": 1.667901355687534e-24}