{"correlation": 0.05111507095072869, "p_value": 8.940164142562209e-59}