{"correlation": -0.017314357475954244, "p_value": 4.440727494951229e-08}