{"correlation": -0.037750172723575566, "p_value": 7.808460087250007e-33}