{"correlation": -0.11075245987018889, "p_value": 4.781803058496254e-270}