{"correlation": -0.026425124497506402, "p_value": 6.669820219790635e-17}