{"correlation": -0.014208677941907912, "p_value": 7.099790971930096e-06}