{"correlation": 0.08253064282789335, "p_value": 1.7900544277233215e-150}