{"correlation": 0.02538187601382526, "p_value": 1.033036679299736e-15}