{"correlation": -0.10384491043868263, "p_value": 1.7063131901817596e-237}