{"correlation": 0.03444541596088582, "p_value": 1.2976272201075632e-27}