{"correlation": 0.014037026746768513, "p_value": 9.14678539395972e-06}