{"correlation": 0.0681988216837892, "p_value": 2.8673740249704803e-103}