{"correlation": 0.038609568086270744, "p_value": 2.86797745695074e-34}