{"correlation": 0.05787393610810416, "p_value": 7.470988827597385e-75}