{"correlation": 0.0147365869862236, "p_value": 3.200118431836949e-06}