{"correlation": 0.11789559150802452, "p_value": 5.753920116655676e-306}