{"correlation": -0.05855344389069592, "p_value": 1.4017109724982066e-76}