{"correlation": 0.024183910979875975, "p_value": 2.104205441318695e-14}