{"correlation": -0.11635220709709512, "p_value": 5.19833772641439e-298}