{"correlation": 0.02605854260157878, "p_value": 1.768398168014299e-16}