{"correlation": 0.04811622055404902, "p_value": 2.8014279909450603e-52}