{"correlation": -0.04989131521347439, "p_value": 4.461613211659192e-56}