{"correlation": -0.008637974122791162, "p_value": 0.00633423462402306}