{"correlation": 0.10431829527817195, "p_value": 1.173472708394442e-239}