{"correlation": -0.06319761841152731, "p_value": 6.377295499081474e-89}