{"correlation": -0.015599448834490494, "p_value": 8.211137042815698e-07}