{"correlation": 0.043966992134413074, "p_value": 6.171910734079177e-44}