{"correlation": -0.03604450907866026, "p_value": 4.42572994456515e-30}