{"correlation": 0.09242765292893519, "p_value": 2.282006766795297e-188}