{"correlation": 0.11487459333668257, "p_value": 1.7059281482092456e-290}