{"correlation": -0.06295324851968508, "p_value": 3.003181024391213e-88}