{"correlation": 0.020795196914033254, "p_value": 4.939993452733603e-11}