{"correlation": 0.01486777145261996, "p_value": 2.614323651627562e-06}