{"correlation": -0.07421801302366948, "p_value": 5.418642645680574e-122}