{"correlation": -0.06413473655378948, "p_value": 1.5840088193703116e-91}