{"correlation": 0.0239813315962028, "p_value": 3.454364183304951e-14}