{"correlation": 0.06850384142922172, "p_value": 3.523433936673139e-104}