{"correlation": 0.0926429338820258, "p_value": 3.0600662311158522e-189}