{"correlation": -0.005526913703820811, "p_value": 0.08068681772541769}