{"correlation": 0.06063852444297295, "p_value": 5.274848188819809e-82}