{"correlation": -0.10727755493161249, "p_value": 2.1037385638352684e-253}