{"correlation": 0.05235117782294112, "p_value": 1.4446010963085468e-61}