{"correlation": 0.08900133996406, "p_value": 9.307564107763994e-175}