{"correlation": -0.09447884097711157, "p_value": 9.132992754243671e-197}