{"correlation": 0.10284400411427612, "p_value": 5.909083443189941e-233}