{"correlation": -0.00031904052684953365, "p_value": 0.9196868670167229}