{"correlation": 0.10608388497469713, "p_value": 8.224596431818483e-248}