{"correlation": 0.11722192996159064, "p_value": 1.7612264477372662e-302}