{"correlation": 0.1167188866927298, "p_value": 6.845953802216744e-300}