{"correlation": -0.08577224595275108, "p_value": 2.085295039642372e-162}