{"correlation": 0.08221917598911965, "p_value": 2.3715397368077463e-149}