{"correlation": 0.08865992713283682, "p_value": 1.9792257478724973e-173}