{"correlation": 0.11038615482646226, "p_value": 2.8815611324923225e-268}