{"correlation": 0.06127579363527733, "p_value": 1.0626369418434646e-83}