{"correlation": -0.07529562591822044, "p_value": 1.635373811538146e-125}