{"correlation": 0.0123973481605678, "p_value": 8.922972754346923e-05}