{"correlation": -0.04138892328914171, "p_value": 3.96018307857478e-39}