{"correlation": 0.03220878792221197, "p_value": 2.3918301740829885e-24}