{"correlation": 0.01750919536423271, "p_value": 3.130924993483601e-08}