{"correlation": 0.09673969136638137, "p_value": 3.07311060362186e-206}