{"correlation": -0.03490705690942218, "p_value": 2.583738467493596e-28}