{"correlation": 0.09697273079737775, "p_value": 3.149125556184797e-207}