{"correlation": -0.0317397322475818, "p_value": 1.0869316741836385e-23}