{"correlation": -0.04007430459946744, "p_value": 8.67187061885805e-37}