{"correlation": -0.005940036028719823, "p_value": 0.06047980930543892}