{"correlation": 0.09587401655613303, "p_value": 1.3857347948125227e-202}