{"correlation": -0.02189595662131749, "p_value": 4.493177289009919e-12}