{"correlation": 0.02006354563937478, "p_value": 2.2763786444906737e-10}