{"correlation": 0.07607451868818778, "p_value": 4.338487956368662e-128}