{"correlation": 0.10927118749771057, "p_value": 6.928193948877778e-263}