{"correlation": -0.023934308618992282, "p_value": 3.873362898006735e-14}