{"correlation": 0.09540181124791063, "p_value": 1.320794610691768e-200}