{"correlation": -0.01396622143259094, "p_value": 1.0145994184297194e-05}