{"correlation": 0.025937964338322288, "p_value": 2.4300182484626715e-16}