{"correlation": -0.006107310043496634, "p_value": 0.05358882601219068}