{"correlation": 0.05384115443272099, "p_value": 5.0851785601529315e-65}