{"correlation": -0.08106251702645369, "p_value": 3.1971164783838947e-145}