{"correlation": 0.0018077657069331594, "p_value": 0.5677835701455058}