{"correlation": 0.01709496484438779, "p_value": 6.553098832028071e-08}