{"correlation": -0.004918326922346683, "p_value": 0.12009480311047321}