{"correlation": -0.015118470412336774, "p_value": 1.7682927498948854e-06}