{"correlation": -0.03603412212384743, "p_value": 4.595862114841356e-30}