{"correlation": -0.0065309232250433365, "p_value": 0.039015228097520276}