{"correlation": -0.056464681298064395, "p_value": 2.4557786593854736e-71}