{"correlation": 0.07273033492327903, "p_value": 3.23400938089791e-117}