{"correlation": 0.059836954740500325, "p_value": 6.761267159392973e-80}