{"correlation": -0.1151635656041168, "p_value": 5.885864365682786e-292}