{"correlation": 0.10392376692353762, "p_value": 7.45609575776609e-238}