{"correlation": -0.0415318371089928, "p_value": 2.1815902041346782e-39}