{"correlation": -0.0029224228186802486, "p_value": 0.3556989791361439}