{"correlation": -0.048894133711520446, "p_value": 6.307824668252838e-54}