{"correlation": 0.08128869769102548, "p_value": 5.03331468326479e-146}