{"correlation": -0.025066234384921223, "p_value": 2.3172229513718245e-15}