{"correlation": 0.11373770234623892, "p_value": 8.869279151732101e-285}