{"correlation": 0.09443382120849009, "p_value": 1.4026076192687894e-196}