{"correlation": -0.07712636447480845, "p_value": 1.3055958528175977e-131}