{"correlation": -0.013239690325021989, "p_value": 2.8592424431981833e-05}