{"correlation": -0.09994813041942471, "p_value": 4.49784670822546e-220}