{"correlation": -0.07702839371386265, "p_value": 2.7917066922573244e-131}