{"correlation": 0.11416087637714306, "p_value": 6.716006849425736e-287}