{"correlation": -0.021875867900734713, "p_value": 4.699127870838231e-12}