{"correlation": 0.1138869516957878, "p_value": 1.5879331273488161e-285}