{"correlation": 0.04009240843402291, "p_value": 8.061045436714552e-37}