{"correlation": 0.015785632908509557, "p_value": 6.065094831384452e-07}