{"correlation": 0.09668208931493825, "p_value": 5.392118065526444e-206}