{"correlation": 0.0440438327106166, "p_value": 4.392478575043536e-44}