{"correlation": 0.057410615940548505, "p_value": 1.0943836927600979e-73}