{"correlation": -0.004511996949010235, "p_value": 0.15388020109674647}