{"correlation": 0.08029517665012757, "p_value": 1.6287473649617476e-142}