{"correlation": -0.1007222471504727, "p_value": 1.763047475374638e-223}