{"correlation": 0.022151664853291102, "p_value": 2.5310320452857373e-12}