{"correlation": 0.11465382367193769, "p_value": 2.2206491681104405e-289}