{"correlation": 0.08608676934837195, "p_value": 1.3693699688470655e-163}