{"correlation": -0.11343264280825759, "p_value": 2.9629049050551277e-283}