{"correlation": 0.10330696286706198, "p_value": 4.7578670761137074e-235}