{"correlation": 0.0642513575948806, "p_value": 7.46273429521115e-92}