{"correlation": 0.09769908660688413, "p_value": 2.505264738227013e-210}