{"correlation": 0.014700523927428327, "p_value": 3.382036594690805e-06}