{"correlation": 0.05150114334838217, "p_value": 1.220664980105327e-59}