{"correlation": 0.05672253087520607, "p_value": 5.665072414154969e-72}