{"correlation": 0.08145123337116586, "p_value": 1.3288725205211839e-146}