{"correlation": 0.046086071473679095, "p_value": 4.197237065564262e-48}