{"correlation": 0.04286125471395127, "p_value": 7.719537032813462e-42}