{"correlation": 0.001497994246374365, "p_value": 0.6359137243645909}