{"correlation": -0.006079851308321037, "p_value": 0.05467283258919839}