{"correlation": 0.08657729109582545, "p_value": 1.9202262911713793e-165}