{"correlation": -0.005874692462383442, "p_value": 0.06336410146836799}