{"correlation": 0.02732533642265492, "p_value": 5.751090645743598e-18}