{"correlation": 0.06924957077886415, "p_value": 2.012237247091767e-106}