{"correlation": -0.0966106243798414, "p_value": 1.0826829408288346e-205}