{"correlation": 0.0931063579562372, "p_value": 3.9844465525016925e-191}