{"correlation": 0.006763746096001955, "p_value": 0.03254849075646295}