{"correlation": 0.05796738214941297, "p_value": 4.3362638035870443e-75}