{"correlation": 0.1103502832190584, "p_value": 4.3014938383340614e-268}