{"correlation": -0.027449877767266265, "p_value": 4.071551799001213e-18}