{"correlation": 0.09995179630114003, "p_value": 4.334458743925204e-220}