{"correlation": -0.05237819296372385, "p_value": 1.2531241588453545e-61}