{"correlation": 0.10604184119424614, "p_value": 1.2909727037533003e-247}