{"correlation": -0.026089780877405946, "p_value": 1.6282422431820584e-16}