{"correlation": -0.006392671939557511, "p_value": 0.043348904817448436}