{"correlation": 0.04321645319332724, "p_value": 1.6584291938012863e-42}