{"correlation": 0.057572677308238326, "p_value": 4.2900493176144356e-74}