{"correlation": 0.1173207297520035, "p_value": 5.4432756163554265e-303}