{"correlation": 0.07705061613715343, "p_value": 2.3498498237038617e-131}