{"correlation": 0.011237431149974325, "p_value": 0.00038298317207359814}