{"correlation": -0.0021886083695072953, "p_value": 0.48913894657556156}