{"correlation": 0.016852403857842407, "p_value": 1.0021270848231972e-07}