{"correlation": -0.07656906178488507, "p_value": 9.720874452397708e-130}