{"correlation": 0.014950971539411143, "p_value": 2.29772116332818e-06}