{"correlation": 0.0008139716123916058, "p_value": 0.7969903817217854}