{"correlation": 0.06664067450230685, "p_value": 1.109241759180793e-98}