{"correlation": 0.02927696482532556, "p_value": 2.151412724380891e-20}