{"correlation": 0.10375769430395254, "p_value": 4.25988391532172e-237}