{"correlation": -0.11722816036811128, "p_value": 1.6355732474004513e-302}