{"correlation": -0.0053168822568428545, "p_value": 0.09289197102850161}