{"correlation": 0.09394891714032959, "p_value": 1.406333679052697e-194}