{"correlation": -0.0009522749057013584, "p_value": 0.7634504574495548}