{"correlation": 0.03026642599185994, "p_value": 1.0956454779653285e-21}