{"correlation": -0.03219512129442876, "p_value": 2.500465722788889e-24}