{"correlation": 0.09271772492896171, "p_value": 1.5209055703379733e-189}