{"correlation": -0.0950273555967167, "p_value": 4.822062137095553e-199}