{"correlation": 0.11627855421299316, "p_value": 1.2383514743626702e-297}