{"correlation": 0.07424138504605357, "p_value": 4.5507481873600877e-122}