{"correlation": -0.04445357732248631, "p_value": 7.091418334173253e-45}