{"correlation": -0.052463348988600236, "p_value": 8.000700839567668e-62}