{"correlation": 0.11679913976405361, "p_value": 2.6488968195269976e-300}