{"correlation": -0.05934555008734869, "p_value": 1.2833356340030946e-78}