{"correlation": 0.03915764779326937, "p_value": 3.355165485418045e-35}