{"correlation": 0.08944519699423875, "p_value": 1.7181760327220483e-176}