{"correlation": 0.05989602400316578, "p_value": 4.7386847039363345e-80}