{"correlation": -0.03414267198099, "p_value": 3.696614273090907e-27}