{"correlation": 0.04686118067478021, "p_value": 1.1216951260833298e-49}