{"correlation": -0.050804808672506, "p_value": 4.381120259050914e-58}