{"correlation": -0.022374390707737682, "p_value": 1.5272832299496504e-12}