{"correlation": 0.028256382102206087, "p_value": 4.191103165330063e-19}