{"correlation": -0.032345913118735886, "p_value": 1.5301399230902255e-24}