{"correlation": -0.10848378877736078, "p_value": 4.046401072811706e-259}