{"correlation": 0.08259476808900255, "p_value": 1.0502701262854601e-150}