{"correlation": 0.07093985308696041, "p_value": 1.3445614039767376e-111}