{"correlation": 0.031248132049205526, "p_value": 5.1891631589123024e-23}