{"correlation": 0.03840005739210144, "p_value": 6.4618417210282315e-34}