{"correlation": 0.034082402517894184, "p_value": 4.548237721572562e-27}