{"correlation": 0.03757707257193078, "p_value": 1.505688063567128e-32}