{"correlation": 0.057114083408486276, "p_value": 6.030792440162315e-73}