{"correlation": 0.10178515281115794, "p_value": 3.349636006290848e-228}