{"correlation": 0.11844232187809857, "p_value": 8.238306988380336e-309}