{"correlation": 0.0819443520131824, "p_value": 2.2994033741264882e-148}