{"correlation": 0.0010547987412032344, "p_value": 0.7388670479461534}