{"correlation": -0.08132671559918221, "p_value": 3.6870145294674306e-146}