{"correlation": 0.02096792109525876, "p_value": 3.4179432388380045e-11}