{"correlation": -0.03101438606137156, "p_value": 1.0820456505823815e-22}