{"correlation": 0.06852772198262712, "p_value": 2.9888739446673795e-104}