{"correlation": 0.002959552196456922, "p_value": 0.3496203715450473}