{"correlation": 0.10434186354006635, "p_value": 9.152564703399373e-240}