{"correlation": 0.05953949621996429, "p_value": 4.027921103511468e-79}