{"correlation": 0.07395325238544473, "p_value": 3.899139778653557e-121}