{"correlation": -0.018045957622522642, "p_value": 1.1728290469845778e-08}