{"correlation": 0.04362128380698401, "p_value": 2.830096286955765e-43}