{"correlation": 0.038388322911064726, "p_value": 6.761748388709179e-34}