{"correlation": 0.10561430425058808, "p_value": 1.2517092431091326e-245}