{"correlation": 0.04812904045788697, "p_value": 2.63294768556018e-52}