{"correlation": -0.07577808322897292, "p_value": 4.178145543119971e-127}