{"correlation": -0.01201095096525957, "p_value": 0.00014703467849958197}