{"correlation": 0.014645798973097604, "p_value": 3.6771602154343677e-06}