{"correlation": 0.0917891364950981, "p_value": 8.595339834370626e-186}