{"correlation": 0.0061160773021248765, "p_value": 0.053246518005096645}