{"correlation": 0.08495622885324872, "p_value": 2.328443239273559e-159}