{"correlation": -0.030453141467248153, "p_value": 6.179299746931897e-22}