{"correlation": 0.03078870890168363, "p_value": 2.188486266336021e-22}