{"correlation": 0.08104889344073958, "p_value": 3.5731216022370126e-145}