{"correlation": 0.10891097305567779, "p_value": 3.690864848816278e-261}