{"correlation": 0.008697531953352952, "p_value": 0.00598172084279012}