{"correlation": -0.06411317594064263, "p_value": 1.820209336934613e-91}