{"correlation": -0.032676994097009526, "p_value": 5.164031174716002e-25}