{"correlation": 0.09018695158514235, "p_value": 2.080435887375646e-179}