{"correlation": 0.04892527525831072, "p_value": 5.412258675645462e-54}