{"correlation": 0.10747181701636624, "p_value": 2.5518945270633903e-254}