{"correlation": -0.07867584286178804, "p_value": 6.908310295495229e-137}