{"correlation": -0.017988946022278293, "p_value": 1.303485741199274e-08}