{"correlation": 0.07033122561434026, "p_value": 1.0149939227094309e-109}