{"correlation": -0.021667919023447915, "p_value": 7.455652756131197e-12}