{"correlation": -0.06534125006188725, "p_value": 6.15730260187035e-95}