{"correlation": -0.017169652026288833, "p_value": 5.743081943369607e-08}