{"correlation": 0.02438359129162966, "p_value": 1.2857927441933417e-14}