{"correlation": -9.681771826261767e-05, "p_value": 0.9755902602434946}