{"correlation": 0.022426143912197265, "p_value": 1.3571919746795801e-12}