{"correlation": 0.06158821499847558, "p_value": 1.5435316006040608e-84}