{"correlation": -0.04618296182975769, "p_value": 2.6776384580416682e-48}