{"correlation": -0.10562327099659473, "p_value": 1.1374251612655278e-245}