{"correlation": 0.0786067724227315, "p_value": 1.1935275620581913e-136}