{"correlation": -0.038656692555814894, "p_value": 2.387615148271403e-34}