{"correlation": -0.08127048166166698, "p_value": 5.842539954955534e-146}