{"correlation": 0.09169868733317638, "p_value": 1.9846961678903573e-185}