{"correlation": 0.07933910791307609, "p_value": 3.534956272998191e-139}