{"correlation": 0.03921150819166949, "p_value": 2.712919729458068e-35}