{"correlation": -0.10650052992745816, "p_value": 9.342637965816393e-250}