{"correlation": 0.10206061018329594, "p_value": 1.9643462885746324e-229}