{"correlation": 0.09971944234757225, "p_value": 4.511244849590233e-219}