{"correlation": 0.029145481896020658, "p_value": 3.172330559890464e-20}