{"correlation": 0.02186191023646357, "p_value": 4.847641993714652e-12}