{"correlation": -0.08265934170576575, "p_value": 6.136673292474353e-151}