{"correlation": -0.08439982103570276, "p_value": 2.6816161665832222e-157}