{"correlation": 0.026889787757929037, "p_value": 1.901354080928066e-17}