{"correlation": 0.06066209463605875, "p_value": 4.568821219841493e-82}