{"correlation": 0.008873994148139224, "p_value": 0.005038636034698506}