{"correlation": -0.004741422200089795, "p_value": 0.13401205677468742}