{"correlation": -0.08481187403613755, "p_value": 8.001568754596716e-159}