{"correlation": 0.01883548009684982, "p_value": 2.6293306597665346e-09}