{"correlation": -0.05661771283052057, "p_value": 1.0291885912409726e-71}