{"correlation": 0.015574487592634984, "p_value": 8.549316667159969e-07}