{"correlation": 0.002288198783628561, "p_value": 0.4695857552047563}