{"correlation": 0.07507491590771774, "p_value": 8.685242009648259e-125}