{"correlation": 0.041840297427231804, "p_value": 5.982226872308939e-40}