{"correlation": -0.04682102906175106, "p_value": 1.3552021947975625e-49}