{"correlation": -0.015541403422919752, "p_value": 9.018270301910066e-07}