{"correlation": -0.009509416755176211, "p_value": 0.0026524734614230944}