{"correlation": -0.06387942061745597, "p_value": 8.189627533512893e-91}