{"correlation": -0.10646480844216809, "p_value": 1.3724632913076572e-249}