{"correlation": -0.09158835642361807, "p_value": 5.501980864617992e-185}