{"correlation": 0.01134611367461515, "p_value": 0.00033592894434159845}