{"correlation": 0.006796825424949734, "p_value": 0.03170870297126147}