{"correlation": 0.025417946104624885, "p_value": 9.413480677851542e-16}