{"correlation": 0.057496903503240514, "p_value": 6.649150226755063e-74}