{"correlation": -0.02312993269196772, "p_value": 2.6543776706452706e-13}