{"correlation": 0.08894807992708387, "p_value": 1.5006862179186661e-174}