{"correlation": 0.008974297630599164, "p_value": 0.004564603664401202}