{"correlation": 0.09407644859883119, "p_value": 4.1955841404983755e-195}