{"correlation": 0.020173433105579168, "p_value": 1.8156921482259423e-10}