{"correlation": -0.04185521587522716, "p_value": 5.618002364630936e-40}