{"correlation": -0.07881900789741123, "p_value": 2.2207900036206496e-137}