{"correlation": 0.0209928597922581, "p_value": 3.240141588952245e-11}