{"correlation": 0.03239158500639414, "p_value": 1.318063726218475e-24}