{"correlation": 0.09055149317846402, "p_value": 7.510359529156596e-181}