{"correlation": 0.0518101827953488, "p_value": 2.4530796531760338e-60}