{"correlation": 0.0856732871439548, "p_value": 4.901835274619234e-162}