{"correlation": -0.08889107137365897, "p_value": 2.5015270291481007e-174}