{"correlation": -0.1143949085111799, "p_value": 4.474764888795808e-288}