{"correlation": -0.10585125650246159, "p_value": 9.942531575591954e-247}