{"correlation": 0.08852195858314102, "p_value": 6.78499553680594e-173}