{"correlation": -0.08914181728935884, "p_value": 2.6366788899612724e-175}