{"correlation": 0.058479730057328816, "p_value": 2.1624733248265473e-76}