{"correlation": -0.08273739397216583, "p_value": 3.2033712442820785e-151}