{"correlation": 0.04128064208952623, "p_value": 6.21323408726334e-39}