{"correlation": -0.113445567915098, "p_value": 2.5541091630791366e-283}