{"correlation": -0.1039328580451692, "p_value": 6.777077952964993e-238}