{"correlation": 0.04864800120099439, "p_value": 2.108615514936091e-53}