{"correlation": 0.09840293540639664, "p_value": 2.3610702380124772e-213}