{"correlation": -0.09436851891037702, "p_value": 2.6124149176332395e-196}