{"correlation": 0.09543612680032865, "p_value": 9.491679151084856e-201}