{"correlation": 0.04921669280116665, "p_value": 1.2853671003758038e-54}