{"correlation": 0.03524538265775396, "p_value": 7.811405207048835e-29}