{"correlation": -0.07599234664822324, "p_value": 8.135666604340877e-128}