{"correlation": 0.09609743570082607, "p_value": 1.5914817387189027e-203}