{"correlation": -0.08019737298589288, "p_value": 3.589436123428154e-142}