{"correlation": 0.05084224079270616, "p_value": 3.618532055430779e-58}