{"correlation": 0.11175898563810063, "p_value": 5.719639793247e-275}