{"correlation": 0.04491339028530776, "p_value": 8.98050942729821e-46}