{"correlation": -0.06988645818397289, "p_value": 2.3359995050593533e-108}