{"correlation": -0.1076752649003194, "p_value": 2.7899639427638493e-255}