{"correlation": 0.020461110616996223, "p_value": 9.989076138506627e-11}