{"correlation": 0.05402773512795921, "p_value": 1.849410410776453e-65}