{"correlation": -0.07052520912924774, "p_value": 2.5686593615179193e-110}