{"correlation": -0.018959528115344862, "p_value": 2.0673554992840065e-09}