{"correlation": -0.08429140786965644, "p_value": 6.736607749684069e-157}