{"correlation": 0.03987264429491583, "p_value": 1.9520936234785432e-36}