{"correlation": 0.05400452839789591, "p_value": 2.0977431899982787e-65}