{"correlation": 0.0402850863530077, "p_value": 3.697452051540549e-37}