{"correlation": 0.08086526575790277, "p_value": 1.59633250330236e-144}