{"correlation": 0.03827082616889035, "p_value": 1.0641733609105189e-33}