{"correlation": 0.06772310377429477, "p_value": 7.402944579440427e-102}