{"correlation": 0.053383997510121274, "p_value": 5.972948994883645e-64}