{"correlation": 0.11778458180788404, "p_value": 2.166671463637092e-305}