{"correlation": 0.08318976359842664, "p_value": 7.311718078522903e-153}