{"correlation": 0.05959356719029933, "p_value": 2.9139510728414267e-79}