{"correlation": -0.08118108115767853, "p_value": 1.2138276542935831e-145}