{"correlation": -0.10030524458621894, "p_value": 1.2154548710916818e-221}