{"correlation": -0.10517829761509588, "p_value": 1.303190627790595e-243}