{"correlation": 0.09511620867784713, "p_value": 2.0561875257587854e-199}