{"correlation": -0.07311688219005735, "p_value": 1.8975114100542467e-118}