{"correlation": 0.10379981681503524, "p_value": 2.7386634348191227e-237}