{"correlation": 0.031165668948485357, "p_value": 6.729118308921646e-23}