{"correlation": 0.030632173924299302, "p_value": 3.556588377864102e-22}