{"correlation": -0.08595058352216989, "p_value": 4.457939156458572e-163}