{"correlation": -0.11551950976948093, "p_value": 9.196356368179414e-294}