{"correlation": -0.10587139877519781, "p_value": 8.014458661414086e-247}