{"correlation": -0.053344930485041554, "p_value": 7.36537006267905e-64}