{"correlation": 0.07531098298669829, "p_value": 1.4557272521684755e-125}