{"correlation": -0.05294835922188139, "p_value": 6.126783747987399e-63}