{"correlation": 0.09522592241567439, "p_value": 7.169687603180739e-200}