{"correlation": 0.06751266919299989, "p_value": 3.096002063438325e-101}