{"correlation": -0.031480205095618594, "p_value": 2.488309691434343e-23}