{"correlation": 0.013224524804876849, "p_value": 2.9201795805013132e-05}