{"correlation": 0.010238139779597725, "p_value": 0.00121344233953193}