{"correlation": -0.0009179000746142575, "p_value": 0.7717480275320219}