{"correlation": 0.061292618220522725, "p_value": 9.580156151503169e-84}