{"correlation": 0.03259322670948419, "p_value": 6.804432842144216e-25}