{"correlation": 0.020486633967830275, "p_value": 9.469575790991805e-11}