{"correlation": 0.10434489900156714, "p_value": 8.864213137011769e-240}