{"correlation": 0.08095766918730217, "p_value": 7.51942282303269e-145}