{"correlation": -0.004184361826059205, "p_value": 0.1860306337440473}