{"correlation": 0.0457779657030769, "p_value": 1.7418627705137477e-47}