{"correlation": -0.08682117087313412, "p_value": 2.2804380819847502e-166}