{"correlation": 0.06887869719520537, "p_value": 2.644754037968289e-105}