{"correlation": 0.07563459202342869, "p_value": 1.2466134434092774e-126}