{"correlation": 0.021221047994063033, "p_value": 1.9817441577380626e-11}