{"correlation": 0.0850306868784607, "p_value": 1.2307801312281134e-159}