{"correlation": 0.0711460494813984, "p_value": 3.0809330192819356e-112}