{"correlation": -0.006886064522683682, "p_value": 0.029535277158478212}