{"correlation": 0.09113733705454044, "p_value": 3.50840544416068e-183}