{"correlation": 0.06378454498461983, "p_value": 1.5054837892763835e-90}