{"correlation": -0.04248931025001558, "p_value": 3.8115928999926e-41}