{"correlation": 0.058000600345687985, "p_value": 3.5730347018919575e-75}