{"correlation": -0.02747799547644498, "p_value": 3.765342605592306e-18}