{"correlation": 0.0864599822235573, "p_value": 5.33961182224461e-165}