{"correlation": 0.03344703430140321, "p_value": 3.958276789321366e-26}