{"correlation": 0.11301987502888253, "p_value": 3.36430499771805e-281}