{"correlation": 0.0673055168488581, "p_value": 1.260688739031731e-100}