{"correlation": -0.09862755932895433, "p_value": 2.5283154319775173e-214}