{"correlation": -0.043682998414644, "p_value": 2.1583115611142676e-43}