{"correlation": -0.04339837853935309, "p_value": 7.507495148567479e-43}