{"correlation": 0.09728272935423728, "p_value": 1.5076951182058402e-208}