{"correlation": 0.09789804006072826, "p_value": 3.5141597839899117e-211}