{"correlation": -0.003964587477174062, "p_value": 0.2102218282339578}