{"correlation": 0.07596590500416503, "p_value": 9.958513324533867e-128}