{"correlation": 0.06239116194285795, "p_value": 1.0364051056444065e-86}