{"correlation": -0.11671006364645599, "p_value": 7.59892536009524e-300}