{"correlation": 0.006874778377595303, "p_value": 0.02980287542689697}