{"correlation": 0.06622774588897305, "p_value": 1.7495612998118316e-97}