{"correlation": -0.05373428188756144, "p_value": 9.062245417667003e-65}