{"correlation": -0.0016191283634906376, "p_value": 0.608859209585892}