{"correlation": -0.03288904604571211, "p_value": 2.5607193325897293e-25}