{"correlation": 0.041696565465778726, "p_value": 1.0944784139297837e-39}