{"correlation": 0.09842613716419979, "p_value": 1.8749584821922786e-213}