{"correlation": 0.06307597721942215, "p_value": 1.380188836020618e-88}