{"correlation": -0.04923601873614196, "p_value": 1.168130618224012e-54}