{"correlation": -0.011668595145000052, "p_value": 0.00022618622695542116}