{"correlation": 0.1113832792970635, "p_value": 3.981257537069341e-273}