{"correlation": -0.08083059526986087, "p_value": 2.1168791288462867e-144}