{"correlation": 0.07347906809360034, "p_value": 1.31304062666537e-119}