{"correlation": 0.029249206742965876, "p_value": 2.33556131206893e-20}