{"correlation": -0.11113129151271349, "p_value": 6.797294009886588e-272}