{"correlation": -0.01329287589892647, "p_value": 2.6549499260946705e-05}