{"correlation": -0.11817430624329783, "p_value": 2.050032063145275e-307}