{"correlation": 0.10953647389833182, "p_value": 3.6759936560644986e-264}