{"correlation": 0.053243857037288365, "p_value": 1.2657097970705705e-63}