{"correlation": -0.007929242660111791, "p_value": 0.012211862395373908}