{"correlation": 0.0992665699358216, "p_value": 4.268450823718242e-217}