{"correlation": 0.10243462806811426, "p_value": 4.1235222865558406e-231}