{"correlation": 0.07731618475504405, "p_value": 2.986103187271815e-132}