{"correlation": -0.08450054046850763, "p_value": 1.1383498855592582e-157}