{"correlation": -0.05140106976395747, "p_value": 2.0481931125897264e-59}