{"correlation": -0.07657693903350223, "p_value": 9.14833829415006e-130}