{"correlation": 0.102976552179219, "p_value": 1.4891668601207464e-233}