{"correlation": -0.03529745438272218, "p_value": 6.49128682939676e-29}