{"correlation": -0.07974655044821055, "p_value": 1.3533417575962202e-140}