{"correlation": 0.017149725203765932, "p_value": 5.94916939361591e-08}