{"correlation": 0.023547157055592245, "p_value": 9.859435584169484e-14}