{"correlation": 0.06273615144972415, "p_value": 1.1836662238157779e-87}