{"correlation": 0.028187942964896236, "p_value": 5.095723494001016e-19}