{"correlation": 0.030582997966290233, "p_value": 4.14063999902634e-22}