{"correlation": 0.07342852562794311, "p_value": 1.9076020626773128e-119}