{"correlation": 0.10942316356885533, "p_value": 1.2895855435007769e-263}