{"correlation": 0.04125046148151028, "p_value": 7.042815319077407e-39}