{"correlation": 0.04406042597173739, "p_value": 4.0811157705315964e-44}