{"correlation": -6.679544997929555e-05, "p_value": 0.9831581151622442}