{"correlation": -0.036856684316295484, "p_value": 2.2418072691142147e-31}