{"correlation": 0.05057542420982068, "p_value": 1.4099402856174065e-57}