{"correlation": 0.09484704009571993, "p_value": 2.7124596348487778e-198}