{"correlation": -0.009539748587290288, "p_value": 0.002570057264258553}