{"correlation": 0.10589860944203874, "p_value": 5.989190210742789e-247}