{"correlation": 0.09780787640601778, "p_value": 8.56299304508926e-211}