{"correlation": -0.10921027406447414, "p_value": 1.358274866076785e-262}