{"correlation": 0.11691031976491428, "p_value": 7.1007122797564445e-301}