{"correlation": -0.02114352533125813, "p_value": 2.3433351287617997e-11}