{"correlation": 0.039872475626224896, "p_value": 1.9534155594184107e-36}