{"correlation": -0.011468884477937468, "p_value": 0.0002893026932037299}