{"correlation": 0.08386004509783582, "p_value": 2.6002711911995016e-155}