{"correlation": 0.058701669159450784, "p_value": 5.8521804145425054e-77}