{"correlation": -0.11362713927929123, "p_value": 3.1670577551626804e-284}