{"correlation": 0.11448543511172128, "p_value": 1.5670553144272425e-288}