{"correlation": 0.05243044974726717, "p_value": 9.51590715102806e-62}