{"correlation": 0.11275153984803543, "p_value": 7.224779458525348e-280}