{"correlation": -0.0948738038998857, "p_value": 2.099494136176768e-198}