{"correlation": 0.06795393787038631, "p_value": 1.5329731030253405e-102}