{"correlation": 0.09406811392230105, "p_value": 4.540928559035662e-195}