{"correlation": -0.009501223160455069, "p_value": 0.002675147392273983}