{"correlation": 0.055510663350206775, "p_value": 5.269021748910613e-69}