{"correlation": 0.052266652475691316, "p_value": 2.2529874280587365e-61}