{"correlation": 0.10251417986302142, "p_value": 1.809546356365779e-231}