{"correlation": -0.06602867832111436, "p_value": 6.572813632798763e-97}