{"correlation": -0.09051748459694664, "p_value": 1.0244304638748445e-180}