{"correlation": 0.004450779435369233, "p_value": 0.15954255819731158}