{"correlation": 0.08004841791217375, "p_value": 1.193621923313197e-141}