{"correlation": -0.0568227291171995, "p_value": 3.1981257065512555e-72}