{"correlation": -0.09007842053789748, "p_value": 5.577924755522388e-179}