{"correlation": 0.052281046674464995, "p_value": 2.0888732518375906e-61}