{"correlation": 0.09950625943253211, "p_value": 3.851209407934855e-218}