{"correlation": 0.033020164454659995, "p_value": 1.6558885164809683e-25}