{"correlation": -0.07451465958183022, "p_value": 5.887432649549542e-123}