{"correlation": 0.029642963676967653, "p_value": 7.233299524230432e-21}