{"correlation": 0.0763806266251337, "p_value": 4.145090457342778e-129}