{"correlation": 0.042320891726825086, "p_value": 7.819159657829307e-41}