{"correlation": 0.010253289626963704, "p_value": 0.0011932458195957364}