{"correlation": 0.027799814143073677, "p_value": 1.5302138891052816e-18}