{"correlation": -0.10317073192408523, "p_value": 1.9707132655081796e-234}