{"correlation": -0.1142434213906435, "p_value": 2.5851639918438667e-287}