{"correlation": 0.11734735447300379, "p_value": 3.966079911924635e-303}