{"correlation": 0.035879925368094284, "p_value": 8.03552562333736e-30}