{"correlation": -0.017494262057980048, "p_value": 3.2163449664362115e-08}