{"correlation": -0.09505738787509345, "p_value": 3.615387922096224e-199}