{"correlation": 0.035990566781686724, "p_value": 5.382831124929892e-30}