{"correlation": 0.01609790458613936, "p_value": 3.621636291758539e-07}