{"correlation": 0.09943671320814079, "p_value": 7.744163985387352e-218}