{"correlation": -0.003394583231176393, "p_value": 0.2833553695572895}