{"correlation": 0.06479442219809904, "p_value": 2.202799318609922e-93}