{"correlation": 0.0740547226541356, "p_value": 1.8317060803480118e-121}