{"correlation": 0.09184836037192609, "p_value": 4.967072207969027e-186}