{"correlation": 0.05035130535691684, "p_value": 4.3949183387911957e-57}