{"correlation": 0.10362638487169512, "p_value": 1.6864546867184635e-236}