{"correlation": -0.1165015308168161, "p_value": 8.929465706936192e-299}