{"correlation": -0.11576518256260855, "p_value": 5.171843610339111e-295}