{"correlation": 0.10132344892879228, "p_value": 3.8196129701848345e-226}