{"correlation": 0.0019993174018958443, "p_value": 0.5274809085902044}