{"correlation": -0.010084428738391328, "p_value": 0.0014369738561257042}