{"correlation": -0.04953872074041415, "p_value": 2.598936632981252e-55}