{"correlation": 0.026531210914021865, "p_value": 5.01753623853418e-17}