{"correlation": 0.022560279582616187, "p_value": 9.981700067844178e-13}