{"correlation": -0.00010445726099072716, "p_value": 0.9736648482535915}