{"correlation": 0.09828623949564534, "p_value": 7.521353239955734e-213}