{"correlation": 0.023641218328946875, "p_value": 7.86788596679453e-14}