{"correlation": 0.0860928147079471, "p_value": 1.2994111349565008e-163}