{"correlation": 0.1052525236377485, "p_value": 5.917638859844557e-244}