{"correlation": 0.005650307123231166, "p_value": 0.07414582841007383}