{"correlation": 0.08786792646922217, "p_value": 2.2722557254049624e-170}