{"correlation": 0.08488466096503203, "p_value": 4.295087722408909e-159}