{"correlation": 0.05306136843017623, "p_value": 3.355457850805612e-63}