{"correlation": 0.02039853634284207, "p_value": 1.1383442416168379e-10}