{"correlation": 0.007889975551214031, "p_value": 0.012647207234497658}