{"correlation": -0.017233142271495343, "p_value": 5.1315532444282046e-08}