{"correlation": 0.04798886000659544, "p_value": 5.183244365629033e-52}