{"correlation": -0.04417511537141745, "p_value": 2.453313351506698e-44}