{"correlation": 0.08638929293107338, "p_value": 9.882357308201191e-165}