{"correlation": -0.018623580641663435, "p_value": 3.9511653791127365e-09}