{"correlation": 0.06054620823798415, "p_value": 9.255453182403248e-82}