{"correlation": 0.07603971579915283, "p_value": 5.662698911047872e-128}