{"correlation": 0.08480748884506177, "p_value": 8.307045065037353e-159}