{"correlation": -0.010485107780827157, "p_value": 0.0009205100770449763}