{"correlation": 0.11149190737882787, "p_value": 1.1692479000911206e-273}