{"correlation": 0.0643875886706929, "p_value": 3.092585529848926e-92}