{"correlation": 0.11566143942411684, "p_value": 1.745087851142718e-294}