{"correlation": 0.06288368588213385, "p_value": 4.6629926364970094e-88}