{"correlation": 0.09709864385175133, "p_value": 9.175048899599294e-208}