{"correlation": -0.08122655885181856, "p_value": 8.368776475497769e-146}