{"correlation": 0.10475166939383497, "p_value": 1.2046801531423064e-241}