{"correlation": -0.09502097471618244, "p_value": 5.126283353304864e-199}