{"correlation": -0.032655236232253325, "p_value": 5.547991388003983e-25}