{"correlation": 0.0653296626122231, "p_value": 6.644271228999823e-95}