{"correlation": -0.09705278544031862, "p_value": 1.4379797027420618e-207}