{"correlation": 0.08920350065932818, "p_value": 1.5144390524977395e-175}