{"correlation": 0.010301136632087744, "p_value": 0.0011314815725781996}