{"correlation": 0.08970871544076676, "p_value": 1.5907109120663335e-177}