{"correlation": 0.10232280034818933, "p_value": 1.3110360788288972e-230}