{"correlation": -0.007349703628752848, "p_value": 0.02018993350663235}