{"correlation": 0.08131176451248606, "p_value": 4.167193211068533e-146}