{"correlation": 0.09516601519552627, "p_value": 1.2747072496046788e-199}