{"correlation": 0.1082482469789521, "p_value": 5.349967739269562e-258}