{"correlation": -0.11827249896780978, "p_value": 6.319959024605585e-308}