{"correlation": -0.1100195278017238, "p_value": 1.718652186580401e-266}