{"correlation": 0.01665551144474292, "p_value": 1.4087803173336566e-07}