{"correlation": -0.10430680914753208, "p_value": 1.3245378938319983e-239}