{"correlation": -0.11374140083273468, "p_value": 8.499394055292388e-285}