{"correlation": 0.08857609223983369, "p_value": 4.185189346541631e-173}