{"correlation": 0.043164706681983814, "p_value": 2.0765324192006187e-42}