{"correlation": 0.048633693124140086, "p_value": 2.2614351497061453e-53}