{"correlation": 0.10089486227269664, "p_value": 3.0406577136548746e-224}