{"correlation": -0.036318518152201, "p_value": 1.629818990056115e-30}