{"correlation": -0.05803092856228226, "p_value": 2.9938600113969757e-75}