{"correlation": 0.053190219167197725, "p_value": 1.6863107469970646e-63}