{"correlation": 0.026208562869440784, "p_value": 1.1884397051096138e-16}