{"correlation": 0.03785810460595634, "p_value": 5.177253372853157e-33}