{"correlation": -0.0010640342987384794, "p_value": 0.7366651499236951}