{"correlation": -0.031741393256077714, "p_value": 1.0811619522722024e-23}