{"correlation": 0.03784564787873771, "p_value": 5.4290322321195754e-33}