{"correlation": -0.06870740246068083, "p_value": 8.650498652893184e-105}