{"correlation": 0.027101820111792147, "p_value": 1.0648048997230697e-17}