{"correlation": 0.03207816252676062, "p_value": 3.65409543647743e-24}