{"correlation": -0.05017610242248576, "p_value": 1.0651541470230788e-56}