{"correlation": 0.11595080145233208, "p_value": 5.853555619269201e-296}