{"correlation": -0.03180670956160473, "p_value": 8.768010639657827e-24}