{"correlation": 0.0917843526249268, "p_value": 8.984503416741034e-186}