{"correlation": -0.04149660727026651, "p_value": 2.5274787238037635e-39}