{"correlation": 0.06783433856388156, "p_value": 3.4685808354169788e-102}