{"correlation": 0.05079837727046119, "p_value": 4.527398733848014e-58}