{"correlation": -0.03206458394232488, "p_value": 3.818297223990858e-24}