{"correlation": -0.08054681267292638, "p_value": 2.1231188287837287e-143}