{"correlation": 0.05537537506898653, "p_value": 1.119817360836806e-68}