{"correlation": 0.005232728627505692, "p_value": 0.09818038245912823}