{"correlation": 0.01407546888715453, "p_value": 8.64440410727149e-06}