{"correlation": 0.10541518087550696, "p_value": 1.047009553512411e-244}