{"correlation": 0.0959591386411762, "p_value": 6.079266737235028e-203}