{"correlation": 0.09568610761818205, "p_value": 8.52026193579161e-202}