{"correlation": 0.1094829929891847, "p_value": 6.648362542962033e-264}