{"correlation": 0.075134475955728, "p_value": 5.537360206111422e-125}