{"correlation": 0.10791352963319518, "p_value": 2.0771501462460568e-256}