{"correlation": -0.019669888984881666, "p_value": 5.067931320766006e-10}