{"correlation": -0.05751142901336417, "p_value": 6.1137144483218555e-74}