{"correlation": 0.025343442047916928, "p_value": 1.1404212123063604e-15}