{"correlation": -0.05243794207113311, "p_value": 9.147466258136555e-62}