{"correlation": 0.05676144750442235, "p_value": 4.537481505174998e-72}