{"correlation": -0.051504650597421056, "p_value": 1.1987012839170996e-59}