{"correlation": -0.034430522195386344, "p_value": 1.3664999916173445e-27}