{"correlation": 0.03392449524909048, "p_value": 7.816343298877317e-27}