{"correlation": -0.0066048840633540894, "p_value": 0.036851878288291624}