{"correlation": 0.09884859213072954, "p_value": 2.7916957519556796e-215}