{"correlation": -0.08063948594471386, "p_value": 1.0008838111941725e-143}