{"correlation": 0.07485154648795271, "p_value": 4.682742405215489e-124}