{"correlation": 0.03803264017362932, "p_value": 2.6572791117410247e-33}