{"correlation": -0.0036403316537038373, "p_value": 0.24994696499677782}