{"correlation": 0.06794059518032045, "p_value": 1.6792962512099008e-102}