{"correlation": 0.10281818541542746, "p_value": 7.7272310311106965e-233}