{"correlation": 0.08515680019451025, "p_value": 4.174900912464257e-160}