{"correlation": 0.09427657715665624, "p_value": 6.266334646648823e-196}