{"correlation": 0.01867611639596185, "p_value": 3.573131943932039e-09}