{"correlation": 0.061168616368612115, "p_value": 2.0551101953025074e-83}