{"correlation": -0.062068099802657574, "p_value": 7.820124262941881e-86}