{"correlation": -0.032237373641153234, "p_value": 2.179492150051498e-24}