{"correlation": 0.081285751079067, "p_value": 5.156186343537579e-146}