{"correlation": -0.009181767335612826, "p_value": 0.0037099394605816668}