{"correlation": 0.043434888556529126, "p_value": 6.4009617575676215e-43}