{"correlation": -0.08171329590131472, "p_value": 1.543460737856188e-147}