{"correlation": 0.08217884447248432, "p_value": 3.3114993412548443e-149}