{"correlation": 0.0395802624437997, "p_value": 6.284772017314397e-36}