{"correlation": -0.07178321636741666, "p_value": 3.1588063938668744e-114}