{"correlation": 0.053558068932217796, "p_value": 2.3436052931138798e-64}