{"correlation": 0.07885368096890011, "p_value": 1.6865719647971239e-137}