{"correlation": -0.08900630430697501, "p_value": 8.902109827915119e-175}