{"correlation": 0.09385690489577167, "p_value": 3.3622730595303294e-194}