{"correlation": 0.042350824908997324, "p_value": 6.883168689761318e-41}