{"correlation": 0.010089979273869017, "p_value": 0.001428282108278002}