{"correlation": -0.03406023246329405, "p_value": 4.908224909373378e-27}