{"correlation": -0.02201840445351184, "p_value": 3.416200492064042e-12}