{"correlation": 0.10854862695032316, "p_value": 1.9859739700628574e-259}