{"correlation": -0.10986682673355966, "p_value": 9.39573749110922e-266}