{"correlation": 0.043407560253077467, "p_value": 7.212490054357277e-43}