{"correlation": 0.07644686314197256, "p_value": 2.4907055155338022e-129}