{"correlation": 0.08847822473138733, "p_value": 1.0022523245344506e-172}