{"correlation": 0.007236446301224851, "p_value": 0.022195555520431266}