{"correlation": 0.021200078671820822, "p_value": 2.0737726507413193e-11}