{"correlation": 0.054287511653184344, "p_value": 4.4968101552650856e-66}