{"correlation": 0.0629948990024884, "p_value": 2.3071159510360908e-88}