{"correlation": -0.004011979536109703, "p_value": 0.20482171417567768}