{"correlation": 0.014595635739083825, "p_value": 3.9692469990512616e-06}