{"correlation": -0.11288202410829805, "p_value": 1.6276007794388952e-280}