{"correlation": 0.03725207881170831, "p_value": 5.124320093904908e-32}