{"correlation": 0.07583965737171683, "p_value": 2.612065818050632e-127}