{"correlation": -0.031532705334377124, "p_value": 2.1055899463126074e-23}