{"correlation": -0.01229461611003945, "p_value": 0.00010204250043917023}