{"correlation": 0.060837000817485554, "p_value": 1.5701936268180516e-82}