{"correlation": -0.0803822100765721, "p_value": 8.055945836670413e-143}