{"correlation": 0.061151289345266875, "p_value": 2.2861117432838702e-83}