{"correlation": -0.010453034397019374, "p_value": 0.0009544469008585783}