{"correlation": -0.08774663386939154, "p_value": 6.646994707028951e-170}