{"correlation": 0.05020606161390289, "p_value": 9.157256238990752e-57}