{"correlation": 0.07538887598632601, "p_value": 8.064730064472368e-126}