{"correlation": 0.04136636005384648, "p_value": 4.3502689112353094e-39}