{"correlation": 0.09190280167516265, "p_value": 2.9993905168948287e-186}