{"correlation": 0.06202836366141668, "p_value": 1.0019635446540846e-85}