{"correlation": 0.1184732960718812, "p_value": 5.67941722382981e-309}