{"correlation": -0.013428824205720533, "p_value": 2.1939629368204784e-05}