{"correlation": -0.02847464737151857, "p_value": 2.2402339394151e-19}