{"correlation": 0.10566404218824803, "p_value": 7.358902799518058e-246}