{"correlation": 0.0466230883981378, "p_value": 3.434497198989196e-49}