{"correlation": 0.060515982662212454, "p_value": 1.1124155485855132e-81}