{"correlation": 0.10968287446320137, "p_value": 7.248792711557839e-265}