{"correlation": -0.04305113969694744, "p_value": 3.398002928824758e-42}