{"correlation": 0.11506939293389377, "p_value": 1.764906295915438e-291}