{"correlation": -0.025383602325905023, "p_value": 1.0284545920511852e-15}