{"correlation": -0.018405158121317673, "p_value": 5.9849448488882015e-09}