{"correlation": -0.1011161625454537, "p_value": 3.180093613631011e-225}