{"correlation": 0.017352964896875104, "p_value": 4.1448201061165403e-08}