{"correlation": -0.032293719621294646, "p_value": 1.814128179608091e-24}