{"correlation": -0.056219188439667285, "p_value": 9.861655437146525e-71}