{"correlation": 0.052663293033486124, "p_value": 2.781925905477211e-62}