{"correlation": -0.03452534963062398, "p_value": 9.827587318853983e-28}