{"correlation": -0.017596129271655735, "p_value": 2.675671972099395e-08}