{"correlation": -0.014492355976825928, "p_value": 4.642185956339803e-06}