{"correlation": -0.016319003267453943, "p_value": 2.4996252124162963e-07}