{"correlation": 0.08984488105615912, "p_value": 4.6383568497013813e-178}