{"correlation": 0.045936483270662715, "p_value": 8.385865336309539e-48}