{"correlation": 0.009279074752531825, "p_value": 0.0033615713905365175}