{"correlation": 0.014948921639537389, "p_value": 2.305059137457485e-06}