{"correlation": -0.040550655235900714, "p_value": 1.2552354909775895e-37}