{"correlation": 0.10222700070718567, "p_value": 3.527895503521465e-230}