{"correlation": -0.01469566155996339, "p_value": 3.40731044658376e-06}