{"correlation": 0.07323391955044577, "p_value": 8.016810025799437e-119}