{"correlation": 0.031277033634121855, "p_value": 4.7366646381940795e-23}