{"correlation": -0.10473913856678865, "p_value": 1.375591245512756e-241}