{"correlation": 0.06652585226549115, "p_value": 2.392628815416627e-98}