{"correlation": -0.018857632542896453, "p_value": 2.5190915617324675e-09}