{"correlation": -0.008681579473587372, "p_value": 0.006074365121408903}