{"correlation": 0.07690030976558374, "p_value": 7.529101970096116e-131}