{"correlation": 0.009392984984268554, "p_value": 0.0029917617713119595}