{"correlation": -0.03165341787371554, "p_value": 1.4327001964879922e-23}