{"correlation": 0.007355771262119857, "p_value": 0.02008709629141818}