{"correlation": -0.008629370697892614, "p_value": 0.0063866739279706125}