{"correlation": 0.003815972238646192, "p_value": 0.2278223242684603}