{"correlation": 0.06530990892406113, "p_value": 7.564625099979837e-95}