{"correlation": -0.1096738535516141, "p_value": 8.0120000633735e-265}