{"correlation": -0.034595168914895925, "p_value": 7.705329905168618e-28}