{"correlation": 0.06786572222086096, "p_value": 2.800003849990351e-102}