{"correlation": -0.01678815132735981, "p_value": 1.1204014707889011e-07}