{"correlation": 0.08372930480455104, "p_value": 7.839047880116522e-155}