{"correlation": 0.09514383251122581, "p_value": 1.5772759045921661e-199}