{"correlation": -0.053011524182963156, "p_value": 4.376733031176006e-63}