{"correlation": 0.07107282569305921, "p_value": 5.2015749656944e-112}