{"correlation": 0.053008066045286364, "p_value": 4.4581249933387833e-63}