{"correlation": -0.029475111224113386, "p_value": 1.1944122478542013e-20}