{"correlation": 0.10461584845333095, "p_value": 5.070038203679538e-241}