{"correlation": 0.0975418587662111, "p_value": 1.1795992363262258e-209}