{"correlation": 0.10827260599671182, "p_value": 4.0973875149063016e-258}