{"correlation": -0.08818884791047657, "p_value": 1.3179599107859556e-171}