{"correlation": 0.06523430372281051, "p_value": 1.2424105774516417e-94}