{"correlation": -0.021766951135715352, "p_value": 5.987504727200453e-12}