{"correlation": 0.09004373380292369, "p_value": 7.642822113160168e-179}