{"correlation": -0.06579560207343167, "p_value": 3.080120362692007e-96}