{"correlation": 0.02906929689346332, "p_value": 3.9697357668930795e-20}