{"correlation": 0.08427766219171347, "p_value": 7.570519222828118e-157}