{"correlation": 0.10204036467628336, "p_value": 2.4202856886621765e-229}