{"correlation": 0.022279276154894823, "p_value": 1.8961092060250463e-12}