{"correlation": 0.0696282923275245, "p_value": 1.429113503209826e-107}