{"correlation": 0.03292967409964636, "p_value": 2.2375648891864956e-25}