{"correlation": -0.025185081052953858, "p_value": 1.7114510318082209e-15}