{"correlation": 0.10960977308606587, "p_value": 1.6310386390633845e-264}