{"correlation": 0.06252578723744809, "p_value": 4.4507738518798905e-87}