{"correlation": 0.08796135238790148, "p_value": 9.92991099310785e-171}