{"correlation": 0.10819810471042177, "p_value": 9.26251182790193e-258}