{"correlation": -0.021777093706975115, "p_value": 5.854207322126338e-12}