{"correlation": -0.1176033066407786, "p_value": 1.8832410053521892e-304}