{"correlation": 0.10166350507446854, "p_value": 1.1692230549055652e-227}