{"correlation": 0.06782799997158744, "p_value": 3.621833757335418e-102}