{"correlation": 0.07690108599458445, "p_value": 7.484006032702798e-131}