{"correlation": 0.016431831750841945, "p_value": 2.0649410819183008e-07}