{"correlation": 0.06341362105368316, "p_value": 1.612990432750321e-89}