{"correlation": 0.08628555481971492, "p_value": 2.4367057274535694e-164}