{"correlation": 0.06119224656924198, "p_value": 1.7771431519172002e-83}