{"correlation": -0.038706957769149515, "p_value": 1.9630936820844973e-34}