{"correlation": 0.04501234768722637, "p_value": 5.7406605125924365e-46}