{"correlation": 0.06880487835808016, "p_value": 4.408920908884993e-105}