{"correlation": 0.06690926684589754, "p_value": 1.8273733175127023e-99}