{"correlation": 0.11330346903002939, "p_value": 1.305272644719781e-282}