{"correlation": -0.10900119888228316, "p_value": 1.3652833806309871e-261}