{"correlation": 0.06980313992333652, "p_value": 4.1942217467653006e-108}