{"correlation": 0.11962529195109704, "p_value": 5.196209493e-315}