{"correlation": 0.1063784018493907, "p_value": 3.4777266629381183e-249}