{"correlation": 0.05442225248571566, "p_value": 2.1538184762991144e-66}