{"correlation": -0.0059631059594244555, "p_value": 0.059487845708151264}