{"correlation": -0.009998646075067502, "p_value": 0.001577653022603899}