{"correlation": 0.037178481396382114, "p_value": 6.752350646067616e-32}