{"correlation": 0.07148435853909492, "p_value": 2.72109743003631e-113}