{"correlation": 0.0036309371561193274, "p_value": 0.2511712403971935}