{"correlation": 0.05762622697284045, "p_value": 3.1464620521073783e-74}