{"correlation": -0.013469966176942521, "p_value": 2.0701986784288505e-05}