{"correlation": 0.010352590729161353, "p_value": 0.0010683684381781024}