{"correlation": 0.042999835717898664, "p_value": 4.242901712730669e-42}