{"correlation": 0.02210926691757418, "p_value": 2.784957493994614e-12}