{"correlation": 0.05703482911733752, "p_value": 9.502238193788404e-73}