{"correlation": 0.04067569446324539, "p_value": 7.529421934565784e-38}