{"correlation": 0.10654768130869388, "p_value": 5.622186890632987e-250}