{"correlation": 0.05706664138541042, "p_value": 7.917769080512976e-73}