{"correlation": 0.06619210744921061, "p_value": 2.2180200633554578e-97}