{"correlation": 0.009117383691012948, "p_value": 0.00395815239851677}