{"correlation": 0.08039754819861918, "p_value": 7.115427959559748e-143}