{"correlation": -0.06569902936590846, "p_value": 5.8319731363685826e-96}