{"correlation": 0.04895470078450644, "p_value": 4.682773703449181e-54}