{"correlation": 0.09283998960672067, "p_value": 4.844062849626192e-190}