{"correlation": 0.1019279107424019, "p_value": 7.709775825485522e-229}