{"correlation": 0.060926344318986636, "p_value": 9.088620575129729e-83}