{"correlation": -0.000655582145909755, "p_value": 0.835863570727322}