{"correlation": -0.11347590442937905, "p_value": 1.80249052718128e-283}