{"correlation": 0.015476565491489326, "p_value": 1.0010163438972744e-06}