{"correlation": 0.07728308411282706, "p_value": 3.863175033328782e-132}