{"correlation": 0.03360402389615509, "p_value": 2.3278274958731668e-26}