{"correlation": 0.04089117334523582, "p_value": 3.1093094128107615e-38}