{"correlation": 0.08732641269792807, "p_value": 2.7078962759814457e-168}