{"correlation": 0.11189008164354618, "p_value": 1.2969209187493891e-275}