{"correlation": -0.10093096907675987, "p_value": 2.1044396360257612e-224}