{"correlation": 0.09075689335969932, "p_value": 1.1489249015605506e-181}