{"correlation": 0.11255561131036285, "p_value": 6.749979163069541e-279}