{"correlation": 0.05751134848221401, "p_value": 6.116561120969748e-74}