{"correlation": 0.05977951537724045, "p_value": 9.549761498710732e-80}