{"correlation": -0.025764769226848422, "p_value": 3.82631270946228e-16}