{"correlation": 0.06684849672261145, "p_value": 2.749832627342321e-99}