{"correlation": 0.048860370270283136, "p_value": 7.446152333588415e-54}