{"correlation": 0.04031331373542158, "p_value": 3.2974538749852326e-37}