{"correlation": 0.08719232454622873, "p_value": 8.8048274049539e-168}