{"correlation": 0.06744243085277582, "p_value": 4.986283739590858e-101}