{"correlation": 0.006534740122486343, "p_value": 0.038901001252519295}