{"correlation": 0.07430859102760232, "p_value": 2.754004372867273e-122}