{"correlation": 0.09106997097695083, "p_value": 6.51440958659971e-183}