{"correlation": 0.06556096719080676, "p_value": 1.4503210062561086e-95}