{"correlation": 0.10214763326373898, "p_value": 8.005093441186751e-230}