{"correlation": -0.0061145068069949505, "p_value": 0.05330770163125917}