{"correlation": 0.010996955208880561, "p_value": 0.0005098365809116958}