{"correlation": 0.09035934787921567, "p_value": 4.332278906948819e-180}