{"correlation": 0.10338935184242173, "p_value": 2.0124998132505537e-235}