{"correlation": 0.06299913575163664, "p_value": 2.2460365795315843e-88}