{"correlation": 0.032020112535939386, "p_value": 4.4089532937696985e-24}