{"correlation": 0.048901214746064556, "p_value": 6.092031753505289e-54}