{"correlation": 0.0345547833685621, "p_value": 8.870156511686402e-28}