{"correlation": 0.07649345291805545, "p_value": 1.7402418022833934e-129}