{"correlation": 0.0843082146139243, "p_value": 5.840612996732633e-157}