{"correlation": 0.014796352550230518, "p_value": 2.9191201436786246e-06}