{"correlation": 0.10024413921474339, "p_value": 2.2567674596793663e-221}