{"correlation": 0.08457048588082178, "p_value": 6.274647477146684e-158}