{"correlation": 0.06806604594123879, "p_value": 7.121296273119438e-103}