{"correlation": 0.07785480167222832, "p_value": 4.450933065119046e-134}