{"correlation": 0.0692027516176229, "p_value": 2.7876484978188643e-106}