{"correlation": 0.10993815770327119, "p_value": 4.250507980834099e-266}