{"correlation": 0.05480285762681878, "p_value": 2.6661269384793528e-67}