{"correlation": 0.05360218861809371, "p_value": 1.8479651112829706e-64}