{"correlation": 0.09578363359093492, "p_value": 3.3210161186584803e-202}