{"correlation": 0.0013091601571004602, "p_value": 0.6790635098954976}