{"correlation": 0.04858022945368354, "p_value": 2.9366260576855146e-53}