{"correlation": 0.0894058069662449, "p_value": 2.4506662195624182e-176}