{"correlation": 0.11756220626413759, "p_value": 3.0734327279995994e-304}