{"correlation": 0.05506820495465883, "p_value": 6.159959793218827e-68}