{"correlation": 0.11843072639858677, "p_value": 9.468880838235157e-309}