{"correlation": 0.10046085620036214, "p_value": 2.5095111192223714e-222}