{"correlation": 0.0010976567591222087, "p_value": 0.7286674112032605}