{"correlation": 0.09640298901520802, "p_value": 8.18090235878769e-205}