{"correlation": 0.10389722195094474, "p_value": 9.853141988693933e-238}