{"correlation": 0.04095820490877519, "p_value": 2.3592161564937134e-38}