{"correlation": 0.04943632179172092, "p_value": 4.325515844245694e-55}