{"correlation": 0.003655968433054597, "p_value": 0.247918461148375}