{"correlation": 0.011468497726549133, "p_value": 0.0002894395532657506}