{"correlation": 0.08292174349392474, "p_value": 6.8820905064539595e-152}