{"correlation": 0.1128676728554922, "p_value": 1.9176787526156152e-280}