{"correlation": -0.07377255484685798, "p_value": 1.4933033101034362e-120}