{"correlation": 0.11435705958873234, "p_value": 6.937159952353245e-288}