{"correlation": 0.09118180335353981, "p_value": 2.3312859087030722e-183}