{"correlation": 0.025356583308790818, "p_value": 1.1025218075166316e-15}