{"correlation": -0.03730817356290736, "p_value": 4.151021765004191e-32}