{"correlation": 0.018882975553483176, "p_value": 2.3984910703401227e-09}