{"correlation": 0.045948796357806826, "p_value": 7.922140469328721e-48}