{"correlation": -0.1179827839900168, "p_value": 2.0290309197275923e-306}