{"correlation": 0.007496408877264592, "p_value": 0.017828280635948855}