{"correlation": 0.10200424582035798, "p_value": 3.5118995892337305e-229}