{"correlation": 0.10578057641400763, "p_value": 2.1177731223927347e-246}