{"correlation": 0.061338653298414335, "p_value": 7.21352442821552e-84}