{"correlation": 0.08092257138408655, "p_value": 1.0009464648106627e-144}