{"correlation": -0.04941716055454127, "p_value": 4.757587778623982e-55}