{"correlation": 0.06644554440309226, "p_value": 4.092881814011529e-98}