{"correlation": 0.046940227824620526, "p_value": 7.7264639363899785e-50}