{"correlation": -0.03213713617307111, "p_value": 3.018407333219864e-24}