{"correlation": 0.09346599300125523, "p_value": 1.3510507834798445e-192}