{"correlation": 0.11667388038986112, "p_value": 1.1656418152250159e-299}