{"correlation": 0.023919195349111418, "p_value": 4.0183543192033065e-14}