{"correlation": 0.09704386000981076, "p_value": 1.569360941666097e-207}