{"correlation": 0.024532687415234972, "p_value": 8.878345534901517e-15}