{"correlation": 0.0873755591182563, "p_value": 1.7568715267611986e-168}