{"correlation": 0.0524190719286053, "p_value": 1.0103887676261284e-61}