{"correlation": -0.009348516174268276, "p_value": 0.0031314726337771247}