{"correlation": 0.11695270623113964, "p_value": 4.2970945315821835e-301}