{"correlation": 0.05001846041058989, "p_value": 2.35611552219295e-56}