{"correlation": 0.013010801217979302, "p_value": 3.921606727501332e-05}