{"correlation": 0.021161171322055864, "p_value": 2.2557392469693076e-11}