{"correlation": 0.03805094164025733, "p_value": 2.477350060129084e-33}