{"correlation": 0.11378449398176309, "p_value": 5.173499671489401e-285}