{"correlation": 0.03876300325750721, "p_value": 1.5776528587462705e-34}