{"correlation": 0.1162201642522159, "p_value": 2.4633647183010544e-297}