{"correlation": -0.030689056234363302, "p_value": 2.9820964633301364e-22}