{"correlation": 0.07919013970821814, "p_value": 1.1604502014338788e-138}