{"correlation": 0.050656095627273134, "p_value": 9.352773227546942e-58}