{"correlation": 0.07704806049143631, "p_value": 2.396883107637711e-131}