{"correlation": 0.016925345210513303, "p_value": 8.8248862185967e-08}