{"correlation": -0.05691943406447451, "p_value": 1.8400383964791693e-72}