{"correlation": -0.015284619391579882, "p_value": 1.3600876925033198e-06}