{"correlation": -4.525330489143321e-05, "p_value": 0.9885893189884568}