{"correlation": 0.11142240882543727, "p_value": 2.5609777698150237e-273}