{"correlation": -0.10789548930959232, "p_value": 2.5291464720462265e-256}