{"correlation": 0.03179593362905546, "p_value": 9.07664354056729e-24}