{"correlation": 0.03930235127429324, "p_value": 1.8945857290232951e-35}