{"correlation": 0.01884245113745131, "p_value": 2.594143008883552e-09}