{"correlation": 0.018194819457096376, "p_value": 8.888171101795551e-09}