{"correlation": 0.11795579417795837, "p_value": 2.8018685732382175e-306}