{"correlation": 0.10104997230387672, "p_value": 6.250894052058007e-225}