{"correlation": 0.01920238836778454, "p_value": 1.2855069787674108e-09}