{"correlation": 0.07201434486142715, "p_value": 5.936842262770195e-115}