{"correlation": 0.11186295419694214, "p_value": 1.7633269446227386e-275}