{"correlation": 0.10407017543605598, "p_value": 1.6003741132546304e-238}