{"correlation": 0.08842956513701135, "p_value": 1.5466337748355205e-172}