{"correlation": 0.06206607757308147, "p_value": 7.919416606420624e-86}