{"correlation": 0.08476249000765265, "p_value": 1.2200211304377294e-158}