{"correlation": 0.06600569337392323, "p_value": 7.656144613647902e-97}