{"correlation": 0.03152766276363798, "p_value": 2.139663189709438e-23}