{"correlation": 0.1033965771212002, "p_value": 1.8661691181063147e-235}