{"correlation": 0.07772941243677987, "p_value": 1.1880530915193492e-133}