{"correlation": 0.07976286755432672, "p_value": 1.1871574501432029e-140}