{"correlation": 0.10443675725154669, "p_value": 3.3630091948131723e-240}