{"correlation": 0.05497516113230738, "p_value": 1.0304969752766539e-67}