{"correlation": -0.0579981913780706, "p_value": 3.6235660752950234e-75}