{"correlation": 0.06407745524833913, "p_value": 2.2913137249247347e-91}