{"correlation": 0.09224800265868442, "p_value": 1.2159233250489423e-187}