{"correlation": 0.11055642995084675, "p_value": 4.2947422814825626e-269}