{"correlation": 0.03759210490056232, "p_value": 1.4224000854240976e-32}