{"correlation": 0.0829885041300093, "p_value": 3.939853624205443e-152}