{"correlation": -0.0997454219531912, "p_value": 3.4726772787538336e-219}