{"correlation": -0.007740500613797524, "p_value": 0.014432668814536708}