{"correlation": -0.006819145691686403, "p_value": 0.03115261330163134}