{"correlation": -0.05511176675106977, "p_value": 4.83975206080903e-68}