{"correlation": 0.0026981897036661706, "p_value": 0.39381151756538213}