{"correlation": 0.07843082451477955, "p_value": 4.794919447150113e-136}