{"correlation": -0.009897162412895007, "p_value": 0.0017604075210798885}