{"correlation": 0.01921423471062259, "p_value": 1.2558723466865877e-09}