{"correlation": 0.10502782477452993, "p_value": 6.446200519315417e-243}