{"correlation": -0.08770403148236365, "p_value": 9.687368129585198e-170}