{"correlation": 0.10141540802324503, "p_value": 1.489619778942603e-226}