{"correlation": 0.09744393385864374, "p_value": 3.092161777173069e-209}