{"correlation": 0.08071502562604403, "p_value": 5.418674339477754e-144}