{"correlation": 0.035188247327772926, "p_value": 9.56777409978544e-29}