{"correlation": -0.0020634989663131514, "p_value": 0.5143109737735011}