{"correlation": 0.05516646428864541, "p_value": 3.574148053288977e-68}