{"correlation": 0.06463549574592388, "p_value": 6.19498940098136e-93}