{"correlation": -0.0638371803571384, "p_value": 1.0740724549881163e-90}