{"correlation": -0.027190405082846678, "p_value": 8.3464532899384e-18}