{"correlation": 0.09509470897566205, "p_value": 2.527345914552966e-199}