{"correlation": 0.048912393039255875, "p_value": 5.76624294369776e-54}