{"correlation": 0.1070519643621923, "p_value": 2.4251547401967434e-252}