{"correlation": 0.10297898019824621, "p_value": 1.4520156140551748e-233}