{"correlation": 0.06393925880517015, "p_value": 5.575661726594608e-91}