{"correlation": 0.05540812917674471, "p_value": 9.33148580232367e-69}