{"correlation": 0.0482625926385586, "p_value": 1.378468032997398e-52}