{"correlation": 0.10113665520037039, "p_value": 2.5794744476214913e-225}