{"correlation": 0.04509239836340084, "p_value": 3.994310721949492e-46}