{"correlation": 0.026192722995143546, "p_value": 1.2395012868018076e-16}