{"correlation": -0.0023513191247583926, "p_value": 0.4574201857147272}