{"correlation": 0.05789460212922931, "p_value": 6.624611734582822e-75}