{"correlation": 0.055427878901432186, "p_value": 8.359401219113752e-69}