{"correlation": 0.07951980259678808, "p_value": 8.334515502289217e-140}