{"correlation": 0.06889104325735129, "p_value": 2.4279610261115312e-105}