{"correlation": 0.033146156396131644, "p_value": 1.0874365217006285e-25}