{"correlation": -0.05507085573004054, "p_value": 6.070239405691534e-68}