{"correlation": -0.09125734769730554, "p_value": 1.163624995364428e-183}