{"correlation": 0.059377709932660956, "p_value": 1.0592642482114427e-78}