{"correlation": 0.11994833298854725, "p_value": 1.02699114e-316}