{"correlation": 0.06604241707273409, "p_value": 5.999782346819339e-97}