{"correlation": 0.0700107534099817, "p_value": 9.743590999471634e-109}