{"correlation": 0.07187565613140057, "p_value": 1.619773985646526e-114}