{"correlation": 0.10603031057060257, "p_value": 1.4608397662458892e-247}