{"correlation": 0.07135677346381282, "p_value": 6.804595452505416e-113}