{"correlation": 0.06548274889333852, "p_value": 2.4279831071672487e-95}