{"correlation": -0.09670305869384233, "p_value": 4.3942533291786475e-206}