{"correlation": 0.05760994726813065, "p_value": 3.4575444397296993e-74}