{"correlation": 0.08387201830682924, "p_value": 2.3501282984235907e-155}