{"correlation": 0.028703730526436894, "p_value": 1.1549762789859064e-19}