{"correlation": 0.07143752176949893, "p_value": 3.810266010730486e-113}