{"correlation": 0.08968615362722573, "p_value": 1.950723232242095e-177}