{"correlation": 0.0774272186797099, "p_value": 1.2577476313147373e-132}