{"correlation": 0.0955332349566191, "p_value": 3.723884029510073e-201}