{"correlation": 0.053722902761607634, "p_value": 9.636601702640147e-65}