{"correlation": -0.0183420600394344, "p_value": 6.74185664814774e-09}