{"correlation": 0.10071704811572281, "p_value": 1.858802543553987e-223}