{"correlation": 0.006981887588556883, "p_value": 0.027345379209495885}