{"correlation": 0.032873002702393884, "p_value": 2.7007049641737575e-25}