{"correlation": 0.09509083800915255, "p_value": 2.6229807691739267e-199}