{"correlation": -0.019051211721163187, "p_value": 1.729067885489497e-09}