{"correlation": 0.12011840445473329, "p_value": 1.295688e-317}