{"correlation": 0.07132154923207525, "p_value": 8.761407199841099e-113}