{"correlation": 0.09405343051106987, "p_value": 5.219829925626928e-195}