{"correlation": 0.10224084535429959, "p_value": 3.057829059947568e-230}