{"correlation": -0.0039032565373384037, "p_value": 0.2173621645364674}