{"correlation": 0.08952991085398784, "p_value": 8.001470922833144e-177}