{"correlation": -0.058660735599582035, "p_value": 7.450262497290105e-77}