{"correlation": 0.08240951669716028, "p_value": 4.89523459542642e-150}