{"correlation": 0.06525208704548942, "p_value": 1.1056165308720735e-94}