{"correlation": 0.09902221082035545, "p_value": 4.92783149641581e-216}