{"correlation": -0.01951323884620698, "p_value": 6.939333914114586e-10}