{"correlation": 0.0473748196216845, "p_value": 9.841340881863119e-51}