{"correlation": 0.018742875385391006, "p_value": 3.1432550071720193e-09}