{"correlation": 0.10119431165762968, "p_value": 1.4310583463028988e-225}