{"correlation": 0.09025030176741076, "p_value": 1.1692323397321124e-179}