{"correlation": -0.013160251512722198, "p_value": 3.192410679491758e-05}