{"correlation": 0.10809514863371068, "p_value": 2.8564771592399827e-257}