{"correlation": 0.09200935432159948, "p_value": 1.116586801737122e-186}