{"correlation": 0.060293200148351184, "p_value": 4.302535647198291e-81}