{"correlation": 0.022128417209471857, "p_value": 2.667312495089846e-12}