{"correlation": 0.09376473642588908, "p_value": 8.043455643611135e-194}