{"correlation": -0.058277959350664134, "p_value": 7.065338617649933e-76}