{"correlation": 0.019866092318933833, "p_value": 3.4073133122586957e-10}