{"correlation": 0.0612923583509227, "p_value": 9.595507175231197e-84}