{"correlation": 0.09377906944464322, "p_value": 7.023590844275318e-194}