{"correlation": 0.10740165467735509, "p_value": 5.469400172430601e-254}