{"correlation": -0.09845509885553456, "p_value": 1.4060027731888806e-213}