{"correlation": 0.11772987220461774, "p_value": 4.162724829852126e-305}