{"correlation": -0.06241893885042662, "p_value": 8.706686326989892e-87}