{"correlation": 0.11208094841946283, "p_value": 1.4902123319237854e-276}