{"correlation": 0.08727737699667829, "p_value": 4.1686367581481483e-168}