{"correlation": 0.08208673515834686, "p_value": 7.094040738245882e-149}