{"correlation": 0.11090500073473628, "p_value": 8.640711064807662e-271}