{"correlation": 0.034214813120610366, "p_value": 2.8828584988881978e-27}