{"correlation": 0.11667137129671043, "p_value": 1.2007371461979295e-299}