{"correlation": 0.011288789962788788, "p_value": 0.0003600279580989904}