{"correlation": 0.03559252693005696, "p_value": 2.2621839776658972e-29}