{"correlation": -0.02692360112648773, "p_value": 1.7339565914013034e-17}