{"correlation": 0.07054735484135016, "p_value": 2.1951989126941937e-110}