{"correlation": 0.07825637329996936, "p_value": 1.8977734657135777e-135}