{"correlation": -0.07649217512044953, "p_value": 1.7574441791006903e-129}