{"correlation": 0.07975483795779699, "p_value": 1.2662215150356275e-140}