{"correlation": 0.05059410435639458, "p_value": 1.2821778041760087e-57}