{"correlation": -0.0014336250283218024, "p_value": 0.6504934565174623}