{"correlation": 0.0917966779625209, "p_value": 8.01575613048449e-186}