{"correlation": 0.0823573789076472, "p_value": 7.544615782701694e-150}