{"correlation": -0.04920725024065258, "p_value": 1.3468382783415994e-54}