{"correlation": 0.1195213225557094, "p_value": 1.832929941e-314}