{"correlation": 0.09733715162811855, "p_value": 8.834022799697176e-209}