{"correlation": -0.0073954680114574865, "p_value": 0.019425506754343517}