{"correlation": -0.08847492911603015, "p_value": 1.0321457818590373e-172}