{"correlation": 0.08973628055220237, "p_value": 1.2396735291840672e-177}