{"correlation": 0.11447037069636666, "p_value": 1.8661221089970053e-288}