{"correlation": 0.04785696164103819, "p_value": 9.785911819380473e-52}