{"correlation": 0.11723569172997352, "p_value": 1.4955822408404675e-302}