{"correlation": 0.07945551517136791, "p_value": 1.3941141275782611e-139}