{"correlation": 0.09410650473900575, "p_value": 3.1541857259689196e-195}