{"correlation": 0.06763389415038457, "p_value": 1.3585348214059217e-101}