{"correlation": 0.11574491241325616, "p_value": 6.5596691981596995e-295}