{"correlation": 0.07399070682315581, "p_value": 2.950593378956053e-121}