{"correlation": 0.048389717320900805, "p_value": 7.432867042105273e-53}