{"correlation": 0.04402907703389275, "p_value": 4.68915132759743e-44}