{"correlation": 0.09665651393068872, "p_value": 6.920361072754998e-206}