{"correlation": 0.061747426348230966, "p_value": 5.752948954066406e-85}