{"correlation": 0.02724743045787814, "p_value": 7.132421087341864e-18}