{"correlation": 0.047468486330140836, "p_value": 6.296465924650287e-51}