{"correlation": 0.09169609231606363, "p_value": 2.032898168231671e-185}