{"correlation": -0.06866389544530792, "p_value": 1.168296350675693e-104}