{"correlation": 0.08872576849433839, "p_value": 1.0986493133870487e-173}