{"correlation": 0.04014406141791747, "p_value": 6.543457599746548e-37}