{"correlation": -0.07608882382669221, "p_value": 3.8884142612446713e-128}