{"correlation": 0.028504324508799285, "p_value": 2.056587228302435e-19}