{"correlation": -0.09440448917031571, "p_value": 1.8547441696092965e-196}