{"correlation": 0.05393891830979851, "p_value": 2.994517929834971e-65}