{"correlation": 0.055662972844300836, "p_value": 2.249899657590051e-69}