{"correlation": 0.03881500221024571, "p_value": 1.2876986938012915e-34}