{"correlation": 0.09303314969934595, "p_value": 7.922068963975873e-191}