{"correlation": -0.016257625223248112, "p_value": 2.7719391504892883e-07}