{"correlation": 0.07140536659080064, "p_value": 4.800416020106845e-113}