{"correlation": 0.1001331815812573, "p_value": 6.935280407043184e-221}