{"correlation": -0.10372276310404883, "p_value": 6.143865884813804e-237}