{"correlation": 0.07421351667709392, "p_value": 5.603659766816011e-122}