{"correlation": -0.09653644761705785, "p_value": 2.230952897783325e-205}