{"correlation": 0.1168352674230953, "p_value": 1.727162876008907e-300}