{"correlation": 0.07890687254604942, "p_value": 1.1055391191991002e-137}