{"correlation": 0.08044611690480385, "p_value": 4.801833706162086e-143}