{"correlation": 0.10860888241334686, "p_value": 1.0246028400926867e-259}