{"correlation": 0.04057535897221418, "p_value": 1.134817552835646e-37}