{"correlation": 0.09258850128393599, "p_value": 5.088080994156733e-189}