{"correlation": -0.10159932202735711, "p_value": 2.2598118185236037e-227}