{"correlation": -0.03306852656262371, "p_value": 1.4093228432873037e-25}