{"correlation": 0.06092604203988322, "p_value": 9.105461299290972e-83}