{"correlation": 0.10605048928413428, "p_value": 1.1766530835131732e-247}