{"correlation": -0.00610510957109249, "p_value": 0.0536750289348962}