{"correlation": 0.03890052296403558, "p_value": 9.215204858523747e-35}