{"correlation": 0.10472799548968033, "p_value": 1.5478189823995007e-241}