{"correlation": 0.06596024806720927, "p_value": 1.035016644463187e-96}