{"correlation": 0.09444466739953612, "p_value": 1.2648975983543348e-196}