{"correlation": 0.04530149256896396, "p_value": 1.5441266103263097e-46}