{"correlation": 0.09855242225696823, "p_value": 5.341230171153889e-214}