{"correlation": -0.06445109107997306, "p_value": 2.0497963486617688e-92}