{"correlation": 0.056720067304505996, "p_value": 5.74519973161343e-72}