{"correlation": 0.041860813824580845, "p_value": 5.487096638760824e-40}