{"correlation": 0.07506729442432508, "p_value": 9.199934826229754e-125}