{"correlation": -0.023960200591911226, "p_value": 3.6368285900519875e-14}