{"correlation": 0.027835474325105792, "p_value": 1.3840332509264488e-18}