{"correlation": -0.09671419803308075, "p_value": 3.941534875422627e-206}