{"correlation": 0.07162215514764565, "p_value": 1.0093054562341557e-113}