{"correlation": 0.11959751632509819, "p_value": 7.277619226e-315}