{"correlation": 0.11302774986674882, "p_value": 3.0743848065681803e-281}