{"correlation": 0.10559850457527911, "p_value": 1.4817024675341165e-245}