{"correlation": 0.05427987388503937, "p_value": 4.688163349843287e-66}