{"correlation": 0.02494710084631223, "p_value": 3.135319025248235e-15}