{"correlation": 0.08495986973698794, "p_value": 2.2570028117737806e-159}