{"correlation": 0.058428742943270606, "p_value": 2.917774380480478e-76}