{"correlation": 0.017511584243149875, "p_value": 3.117466166562965e-08}