{"correlation": -0.11836601463289856, "p_value": 2.0587541476694323e-308}