{"correlation": 0.027404750939672286, "p_value": 4.615141189772316e-18}