{"correlation": 0.07729522881999341, "p_value": 3.514922718980221e-132}