{"correlation": 0.029571732632068755, "p_value": 8.951981953141435e-21}