{"correlation": 0.11877931371814322, "p_value": 1.43236207446416e-310}