{"correlation": -0.030193767095170684, "p_value": 1.3679053696712988e-21}