{"correlation": 0.11548042112942236, "p_value": 1.4529331530864247e-293}