{"correlation": -0.0864863595440691, "p_value": 4.24318985835736e-165}