{"correlation": 0.008217125701748212, "p_value": 0.00940561390297592}