{"correlation": 0.012478746302668639, "p_value": 8.01732500451184e-05}