{"correlation": -0.052397670263765246, "p_value": 1.1309704637672295e-61}