{"correlation": 0.06600296495041666, "p_value": 7.796035866441962e-97}