{"correlation": 0.08441430275752075, "p_value": 2.3709351398243628e-157}