{"correlation": 0.08399044702460146, "p_value": 8.634973432684957e-156}