{"correlation": 0.09628319645366047, "p_value": 2.6221117370717704e-204}