{"correlation": 0.11287365924712113, "p_value": 1.790875504666097e-280}