{"correlation": -0.00824094614593566, "p_value": 0.009201471089642413}