{"correlation": 0.07727161097867666, "p_value": 4.223750285038317e-132}