{"correlation": 0.06919327634400768, "p_value": 2.977659336765267e-106}