{"correlation": -0.03838121953657971, "p_value": 6.949970744289092e-34}