{"correlation": 0.0412023790345983, "p_value": 8.597615343155502e-39}