{"correlation": 0.06628018997527524, "p_value": 1.2336836589173614e-97}