{"correlation": 0.08267749172022586, "p_value": 5.276014150313971e-151}