{"correlation": 0.10778779058700971, "p_value": 8.18713432807651e-256}