{"correlation": 0.038156656832363196, "p_value": 1.6512613367386668e-33}