{"correlation": -0.012151118034651928, "p_value": 0.00012287021868482456}