{"correlation": 0.10059069635400614, "p_value": 6.7155562575082516e-223}