{"correlation": 0.05720166451241781, "p_value": 3.646352384673884e-73}