{"correlation": 0.04646059329355913, "p_value": 7.347331477892753e-49}