{"correlation": 0.06316094748617271, "p_value": 8.049846095984351e-89}