{"correlation": 0.08480004078722717, "p_value": 8.85280563771838e-159}