{"correlation": -0.011191009505067412, "p_value": 0.00040490176782622664}