{"correlation": 0.06376544434992427, "p_value": 1.7016121202096304e-90}