{"correlation": 0.11600524329463811, "p_value": 3.0874344791003824e-296}