{"correlation": 0.1039051825551827, "p_value": 9.063005480981346e-238}