{"correlation": 0.062309702153806344, "p_value": 1.7269010516432727e-86}