{"correlation": 0.07614562866178953, "p_value": 2.5165314319701273e-128}