{"correlation": 0.07822866262871483, "p_value": 2.3606125864770138e-135}