{"correlation": 0.007264204328108377, "p_value": 0.021688609149388187}