{"correlation": 0.0690638222136602, "p_value": 7.323651629473918e-106}