{"correlation": 0.08928626983191787, "p_value": 7.192242499583e-176}