{"correlation": 0.06826476270419965, "p_value": 1.8238495627785153e-103}