{"correlation": 0.07575561721018884, "p_value": 4.958764319962861e-127}