{"correlation": 0.11750410022047135, "p_value": 6.14080456917381e-304}