{"correlation": 0.0835421066211075, "p_value": 3.794415452620688e-154}