{"correlation": 0.05174413091794908, "p_value": 3.459461033721356e-60}