{"correlation": 0.07601223122974388, "p_value": 6.987867753812706e-128}