{"correlation": -0.02250648514790627, "p_value": 1.1293040159979008e-12}