{"correlation": -0.11992800723085295, "p_value": 1.31501056e-316}