{"correlation": 0.04599253516446612, "p_value": 6.47187956697503e-48}