{"correlation": 0.04755489349210754, "p_value": 4.167097151990562e-51}