{"correlation": -0.0521334583087415, "p_value": 4.5318066525803186e-61}