{"correlation": 0.0642442382589823, "p_value": 7.813916669332731e-92}