{"correlation": 0.07641892343717076, "p_value": 3.087854582784226e-129}