{"correlation": -0.04277405446061116, "p_value": 1.1238815813753135e-41}