{"correlation": 0.09029548683273711, "p_value": 7.749906535655286e-180}