{"correlation": 0.09091516449733568, "p_value": 2.696067531329206e-182}