{"correlation": 0.09335514047472589, "p_value": 3.839710926247697e-192}