{"correlation": 0.03496351781601546, "p_value": 2.117840279772906e-28}