{"correlation": -0.07410960721628493, "p_value": 1.2167262230270668e-121}