{"correlation": 0.07868816826205707, "p_value": 6.265786783262412e-137}