{"correlation": -0.0540673428979423, "p_value": 1.4913792650441914e-65}