{"correlation": -0.06166362596055346, "p_value": 9.674626476563474e-85}