{"correlation": 0.1162355124327684, "p_value": 2.056043932476517e-297}