{"correlation": 0.09423390551958787, "p_value": 9.402353608883857e-196}