{"correlation": 0.09019612465350334, "p_value": 1.913942162571069e-179}