{"correlation": 0.037937055618230464, "p_value": 3.830312798639943e-33}