{"correlation": -0.03100149997180487, "p_value": 1.126604094809387e-22}