{"correlation": 0.10474687705911764, "p_value": 1.2673836121204574e-241}