{"correlation": 0.1151310690646635, "p_value": 8.598549113886418e-292}