{"correlation": 0.10808563735167204, "p_value": 3.169501304242713e-257}