{"correlation": 0.042419237677389456, "p_value": 5.141497808824936e-41}