{"correlation": 0.0683232717849194, "p_value": 1.220337741539521e-103}