{"correlation": 0.11045139198236638, "p_value": 1.3901241201536376e-268}