{"correlation": 0.08062795790348527, "p_value": 1.0990827370326884e-143}