{"correlation": -0.009739237117278074, "p_value": 0.002083818870372484}