{"correlation": -0.11668444046282488, "p_value": 1.0288256312341485e-299}