{"correlation": -0.025875564102158074, "p_value": 2.862834003786146e-16}