{"correlation": 0.04765939824299474, "p_value": 2.526915560482561e-51}