{"correlation": -0.09065703928425821, "p_value": 2.8636008717936116e-181}