{"correlation": 0.05783472101651035, "p_value": 9.384542893400825e-75}