{"correlation": 0.0897235188245955, "p_value": 1.3913723577595953e-177}