{"correlation": 0.08767799179140805, "p_value": 1.2194130390800194e-169}