{"correlation": 0.028746387301764938, "p_value": 1.0203484554388004e-19}