{"correlation": 0.11304534135655846, "p_value": 2.5137393185579097e-281}