{"correlation": 0.07820111279037266, "p_value": 2.9323876589302636e-135}