{"correlation": -0.02017606963417968, "p_value": 1.8058419863382259e-10}