{"correlation": -0.004946429394779396, "p_value": 0.11799207796769191}