{"correlation": 0.10638334465917201, "p_value": 3.2976591719908704e-249}