{"correlation": 0.11296249418663268, "p_value": 6.486164043281009e-281}