{"correlation": 0.09931593816544174, "p_value": 2.6020243160747615e-217}