{"correlation": -0.048271942100563264, "p_value": 1.3173244440666461e-52}