{"correlation": -0.010087334714478565, "p_value": 0.0014324172396445506}