{"correlation": 0.06428382822093992, "p_value": 6.050411055921117e-92}