{"correlation": 0.02886247960461193, "p_value": 7.275559876627578e-20}