{"correlation": 0.03377326061025068, "p_value": 1.309838912644168e-26}