{"correlation": 0.0025327904000796786, "p_value": 0.4234482592886302}