{"correlation": 0.04845476611575894, "p_value": 5.41536577728181e-53}