{"correlation": 0.08648514433402339, "p_value": 4.2883650435208298e-165}