{"correlation": 0.026943524703842807, "p_value": 1.642221636975065e-17}