{"correlation": 0.10118454471419148, "p_value": 1.58129377427649e-225}