{"correlation": 0.11115412191500759, "p_value": 5.257804219888923e-272}