{"correlation": 0.07074051004839967, "p_value": 5.564602254102603e-111}