{"correlation": 0.045755060456091144, "p_value": 1.935514450568276e-47}