{"correlation": 0.09758308085874431, "p_value": 7.860040454075381e-210}