{"correlation": -0.015264580619614176, "p_value": 1.4040285315823272e-06}