{"correlation": -0.10361997983421464, "p_value": 1.8034481498320833e-236}