{"correlation": -0.059675729352117304, "p_value": 1.7807149272141023e-79}