{"correlation": -0.019305854719524094, "p_value": 1.0481101437174692e-09}