{"correlation": -0.09309097243750587, "p_value": 4.6037810652181525e-191}