{"correlation": -0.1049804800889936, "p_value": 1.0654838125537957e-242}