{"correlation": 0.05173039842694137, "p_value": 3.715558211282509e-60}