{"correlation": 0.09150353341258971, "p_value": 1.203920056143289e-184}