{"correlation": 0.011206907580624642, "p_value": 0.00039726663431468727}