{"correlation": 0.022069559845020632, "p_value": 3.0453329402218883e-12}