{"correlation": -0.05912820772620091, "p_value": 4.681177588308659e-78}