{"correlation": 0.07176901714042785, "p_value": 3.4998203946466866e-114}