{"correlation": -0.059954159486685456, "p_value": 3.338711345996327e-80}