{"correlation": 0.0937315908931088, "p_value": 1.100468046754324e-193}