{"correlation": 0.03266075721543314, "p_value": 5.447964727740345e-25}