{"correlation": 0.10819982924113954, "p_value": 9.08933661093216e-258}