{"correlation": -0.02347253371079345, "p_value": 1.17849139204267e-13}