{"correlation": 0.06806362295165573, "p_value": 7.240381991331401e-103}