{"correlation": 0.04466135984394639, "p_value": 2.7946933619551984e-45}