{"correlation": 0.10888471263039404, "p_value": 4.929086542783899e-261}