{"correlation": 0.0682691598299783, "p_value": 1.7696174184108931e-103}