{"correlation": -0.11796249079498172, "p_value": 2.586277078136311e-306}