{"correlation": 0.08239693375785018, "p_value": 5.434048809648346e-150}