{"correlation": 0.06036780841009851, "p_value": 2.736723792856828e-81}