{"correlation": -0.04937711285505161, "p_value": 5.80438160737904e-55}