{"correlation": 0.055649552554195625, "p_value": 2.42530905218987e-69}