{"correlation": 0.04953551795092638, "p_value": 2.640721016145467e-55}