{"correlation": 0.0495747099083042, "p_value": 2.1723482242278508e-55}