{"correlation": -0.06278684483644627, "p_value": 8.596602287738928e-88}