{"correlation": -0.060786193381566885, "p_value": 2.142063635945078e-82}