{"correlation": -0.01790573911893587, "p_value": 1.5198754303649923e-08}