{"correlation": 0.06618174719650612, "p_value": 2.3763375620487707e-97}