{"correlation": 0.11210668575955386, "p_value": 1.1127919168925823e-276}