{"correlation": -0.10477781072173892, "p_value": 9.133755896778031e-242}