{"correlation": 0.05215798120345212, "p_value": 3.985185619440691e-61}