{"correlation": 0.11823878211005978, "p_value": 9.467680580810177e-308}