{"correlation": 0.019963177954624933, "p_value": 2.795703069644429e-10}