{"correlation": -0.05572551392551426, "p_value": 1.585327455027465e-69}