{"correlation": -0.009778671887459603, "p_value": 0.001998317066431468}