{"correlation": 0.10396799218678758, "p_value": 4.6853702310556594e-238}