{"correlation": -0.020575245139993193, "p_value": 7.86300434788914e-11}