{"correlation": 0.005222533703509356, "p_value": 0.09883707100937099}