{"correlation": 0.11521538466302625, "p_value": 3.215261892920064e-292}