{"correlation": 0.0796764941182701, "p_value": 2.374468435785987e-140}