{"correlation": 0.016550714466681053, "p_value": 1.686199395491127e-07}