{"correlation": -0.06277269136800388, "p_value": 9.399816375119956e-88}