{"correlation": 0.0696711676374756, "p_value": 1.058362876111316e-107}