{"correlation": 0.1026159173787551, "p_value": 6.305248166341414e-232}