{"correlation": 0.00935698242460824, "p_value": 0.0031044237392497264}