{"correlation": 0.0838845719595731, "p_value": 2.1136261229857215e-155}