{"correlation": -0.030783670349111402, "p_value": 2.223045692222435e-22}