{"correlation": 0.07101701009186939, "p_value": 7.750945920414746e-112}