{"correlation": -0.05936062575047981, "p_value": 1.1729520415017493e-78}