{"correlation": 0.08448927430040631, "p_value": 1.2529171964311963e-157}