{"correlation": 0.030345346935478017, "p_value": 8.604380239080956e-22}