{"correlation": 0.07288393148283186, "p_value": 1.0499360081648763e-117}