{"correlation": 0.030399845414483075, "p_value": 7.279307011607765e-22}