{"correlation": 0.07078874087575564, "p_value": 3.947728414579701e-111}