{"correlation": 0.053074168021570466, "p_value": 3.134014399701437e-63}