{"correlation": 0.0389553635095, "p_value": 7.4328979965547e-35}