{"correlation": 0.009782108458701819, "p_value": 0.001991020594475834}