{"correlation": 0.05584118926904705, "p_value": 8.288000224769618e-70}