{"correlation": 0.05563621865300823, "p_value": 2.613083955743015e-69}