{"correlation": -0.02180702841193109, "p_value": 5.477526607262963e-12}