{"correlation": 0.047678867236204285, "p_value": 2.3017937173332312e-51}