{"correlation": -0.09035302115361141, "p_value": 4.589312613239719e-180}