{"correlation": 0.0003574138855468961, "p_value": 0.9100658232172542}