{"correlation": 0.039836196553326486, "p_value": 2.2594495047002614e-36}