{"correlation": 0.08135162813643004, "p_value": 3.0064874108038926e-146}