{"correlation": 0.11973818075041105, "p_value": 1.320406545e-315}