{"correlation": 0.10178289925807968, "p_value": 3.4281591602927443e-228}