{"correlation": 0.06753172920026196, "p_value": 2.7201858270231323e-101}