{"correlation": -0.038660655193269874, "p_value": 2.351069786020294e-34}