{"correlation": 0.06225318517606944, "p_value": 2.4600221324201467e-86}