{"correlation": 0.09740258910836286, "p_value": 4.643440611836854e-209}