{"correlation": 0.037859479391541315, "p_value": 5.150186459398415e-33}