{"correlation": 0.09510405135647555, "p_value": 2.310638433361415e-199}