{"correlation": 0.1004139949879753, "p_value": 4.03673633787558e-222}