{"correlation": 0.017988982808029203, "p_value": 1.3033970426183932e-08}