{"correlation": -0.10061739630869969, "p_value": 5.119881616756514e-223}