{"correlation": 0.07840788828915454, "p_value": 5.74659097953062e-136}