{"correlation": 0.025677284889236977, "p_value": 4.807139302520027e-16}