{"correlation": 0.06564553554457421, "p_value": 8.30258666568118e-96}