{"correlation": 0.06205000362215297, "p_value": 8.754707016707139e-86}