{"correlation": 0.039145868341801324, "p_value": 3.514620975711844e-35}