{"correlation": 0.07892313013241062, "p_value": 9.715944754380952e-138}