{"correlation": 0.10224939085676638, "p_value": 2.7994752155253415e-230}