{"correlation": 0.07611499979672455, "p_value": 3.1820846826417784e-128}