{"correlation": 0.08923260685928305, "p_value": 1.1656431196404238e-175}