{"correlation": 0.028644050869287285, "p_value": 1.37323827446056e-19}