{"correlation": 0.11705824187418926, "p_value": 1.2294768815286502e-301}