{"correlation": 1.4698615886682339e-05, "p_value": 0.9962936114449145}