{"correlation": 0.04830984421302983, "p_value": 1.0959109560783929e-52}