{"correlation": 0.09822233554641092, "p_value": 1.417716112546267e-212}