{"correlation": 0.10474235318750617, "p_value": 1.3295632907306747e-241}