{"correlation": 0.06753481701553926, "p_value": 2.663740803436782e-101}