{"correlation": 0.02588101234871167, "p_value": 2.8221976082524714e-16}