{"correlation": 0.07387341152979371, "p_value": 7.060291345004353e-121}