{"correlation": 0.0537967865770126, "p_value": 6.464567016479683e-65}