{"correlation": -0.015373522908104318, "p_value": 1.1805902405038556e-06}