{"correlation": -0.11532520067194565, "p_value": 8.919112338634271e-293}