{"correlation": 0.08151160729802832, "p_value": 8.097482437349386e-147}