{"correlation": -0.01016320058949119, "p_value": 0.0013180697282767148}