{"correlation": 0.011132023298495934, "p_value": 0.0004344444040580599}