{"correlation": 0.07442768710618687, "p_value": 1.1296602038096956e-122}