{"correlation": -0.004278137917918836, "p_value": 0.17635929929836824}