{"correlation": 0.09729325409138118, "p_value": 1.359650577888588e-208}