{"correlation": 0.0280146742065053, "p_value": 8.340501387516729e-19}