{"correlation": 0.033571651764916735, "p_value": 2.5976440951015956e-26}