{"correlation": 0.07189178900541018, "p_value": 1.4414256335026014e-114}