{"correlation": 0.04045677695705478, "p_value": 1.8404671069628207e-37}