{"correlation": 0.01919030236872145, "p_value": 1.316443302737955e-09}