{"correlation": 0.04270962900370342, "p_value": 1.4826278147164813e-41}