{"correlation": 0.09978845507056158, "p_value": 2.2510023150457264e-219}