{"correlation": 0.05022615487682287, "p_value": 8.27398577564958e-57}