{"correlation": 0.07825137755491973, "p_value": 1.9739406799196556e-135}