{"correlation": 0.030571470573012224, "p_value": 4.290732918252289e-22}