{"correlation": -0.026552794767542038, "p_value": 4.7345588933913306e-17}