{"correlation": -0.10201706620373692, "p_value": 3.0772450714811412e-229}