{"correlation": 0.035171832186616084, "p_value": 1.0141237775406088e-28}