{"correlation": 0.07170816954127321, "p_value": 5.429222141807901e-114}