{"correlation": 0.07774129524530642, "p_value": 1.082575573203384e-133}