{"correlation": 0.08346396681526677, "p_value": 7.32095754046955e-154}