{"correlation": 0.07100146203359611, "p_value": 8.661291229819617e-112}