{"correlation": 0.029811419444190745, "p_value": 4.360305397094376e-21}