{"correlation": 0.00966930245306245, "p_value": 0.00224374685642861}