{"correlation": 0.029181597431085053, "p_value": 2.8518500308364427e-20}