{"correlation": 0.02271598112474495, "p_value": 6.971901967292509e-13}