{"correlation": 0.045895356419729263, "p_value": 1.0139540509463571e-47}