{"correlation": 0.07555569155521516, "p_value": 2.2719128899501096e-126}