{"correlation": 0.09386335825793694, "p_value": 3.1629745315083716e-194}