{"correlation": 0.05808025038801647, "p_value": 2.2451165972203457e-75}