{"correlation": 0.09758934440188528, "p_value": 7.389729626287059e-210}