{"correlation": 0.08058322675489012, "p_value": 1.5801283891764792e-143}