{"correlation": 0.030617431672413906, "p_value": 3.722550072874538e-22}