{"correlation": -0.09925686661938928, "p_value": 4.704436685204842e-217}