{"correlation": -0.08710586807192673, "p_value": 1.8813930724475647e-167}