{"correlation": 0.02434315083693833, "p_value": 1.4211257832196674e-14}