{"correlation": 0.009473212667150089, "p_value": 0.0027540044461049668}