{"correlation": 0.05194494146138295, "p_value": 1.2148639834171372e-60}