{"correlation": 0.07834456423829038, "p_value": 9.470535983489175e-136}