{"correlation": -0.11938700943786287, "p_value": 9.3252027404e-314}