{"correlation": 0.0818141796859635, "p_value": 6.725940256705542e-148}