{"correlation": 0.04182964844215409, "p_value": 6.256486133952971e-40}