{"correlation": -0.0849964303481743, "p_value": 1.6504404302102106e-159}