{"correlation": 0.07970658124388114, "p_value": 1.865236461187674e-140}