{"correlation": 0.06737002603313014, "p_value": 8.145359247598302e-101}