{"correlation": 0.1131128349522761, "p_value": 1.1606892339710463e-281}