{"correlation": 0.11467597095684877, "p_value": 1.7170076293529875e-289}