{"correlation": 0.07915798287619483, "p_value": 1.4994638633051153e-138}