{"correlation": 0.11851631275064098, "p_value": 3.38761924567169e-309}