{"correlation": 0.11079854468251929, "p_value": 2.852450754130613e-270}