{"correlation": 0.07994309176854865, "p_value": 2.787847555023409e-141}