{"correlation": -0.1015445381439546, "p_value": 3.9645433608941087e-227}