{"correlation": 0.05614227452922319, "p_value": 1.522541667932316e-70}