{"correlation": -0.008972011931698172, "p_value": 0.004574939841822271}