{"correlation": 0.00604985386423533, "p_value": 0.05587790169886474}