{"correlation": 0.06315397261255355, "p_value": 8.414339174567385e-89}