{"correlation": 0.0726065031555413, "p_value": 7.996218468126713e-117}