{"correlation": 0.08984554682640582, "p_value": 4.610469872461446e-178}