{"correlation": -0.009969501471776724, "p_value": 0.0016282636095388946}