{"correlation": 0.05281719065457337, "p_value": 1.2303604534366328e-62}