{"correlation": 0.09084709569625687, "p_value": 5.030682017739349e-182}