{"correlation": 0.10084063201554232, "p_value": 5.283415523790887e-224}