{"correlation": 0.016454966352601755, "p_value": 1.9853162871396952e-07}