{"correlation": -0.006099429756932095, "p_value": 0.05389806938172924}