{"correlation": 0.10460386147770732, "p_value": 5.755133946283416e-241}