{"correlation": 0.05728817225877625, "p_value": 2.2166241409535945e-73}