{"correlation": 0.04728947643311217, "p_value": 1.4772155923279871e-50}