{"correlation": 0.05027651272992023, "p_value": 6.415605838607091e-57}