{"correlation": 0.09831330731614574, "p_value": 5.749564856596986e-213}