{"correlation": -0.007252452791190533, "p_value": 0.021901984759281432}