{"correlation": 0.07670193816532737, "p_value": 3.4884808985526484e-130}