{"correlation": -0.031181094857838917, "p_value": 6.410150066898092e-23}