{"correlation": 0.0185655951440544, "p_value": 4.413634580273885e-09}