{"correlation": 0.09342925422955135, "p_value": 1.910175867789618e-192}