{"correlation": -0.07268872410527762, "p_value": 4.384532723041632e-117}