{"correlation": 0.029965019867964668, "p_value": 2.7416868080601338e-21}