{"correlation": -0.08152870385192064, "p_value": 7.037198208125261e-147}