{"correlation": 0.0016952410512744197, "p_value": 0.592126568614172}