{"correlation": -0.0006222323904962072, "p_value": 0.8441033141377462}