{"correlation": 0.03623458936052323, "p_value": 2.21498504552125e-30}