{"correlation": 0.014776678214398327, "p_value": 3.0089006767402297e-06}