{"correlation": 0.08058719966626848, "p_value": 1.5300048193717652e-143}