{"correlation": 0.03625606538512516, "p_value": 2.0478965646463376e-30}