{"correlation": 0.09538643475610749, "p_value": 1.5314959843923206e-200}