{"correlation": 0.07295088103049191, "p_value": 6.425055068305844e-118}