{"correlation": 0.09588568216168299, "p_value": 1.2378280941783004e-202}