{"correlation": 0.10391655133065007, "p_value": 8.043084784948236e-238}