{"correlation": 0.009717416529539316, "p_value": 0.002132559538737177}