{"correlation": 0.06976539356802722, "p_value": 5.4664282539636625e-108}