{"correlation": 0.014397299379299672, "p_value": 5.357076942027752e-06}