{"correlation": 0.09316506131186855, "p_value": 2.2954180766041538e-191}