{"correlation": 0.10414244659174389, "p_value": 7.481383869216074e-239}