{"correlation": 0.07403987802782712, "p_value": 2.045905126866044e-121}