{"correlation": 0.04566269964819447, "p_value": 2.9591964848820114e-47}