{"correlation": -0.010897056016575729, "p_value": 0.0005732607798640912}