{"correlation": 0.05515729971855167, "p_value": 3.760448894300266e-68}