{"correlation": 0.0269916601204996, "p_value": 1.439886365188585e-17}