{"correlation": -0.024168346689283072, "p_value": 2.1862029481886096e-14}