{"correlation": 0.010954966835389674, "p_value": 0.000535652667350804}