{"correlation": 0.11657728879839709, "p_value": 3.65010356374666e-299}