{"correlation": 0.08737847806098847, "p_value": 1.712289548744966e-168}