{"correlation": 0.09362403221614261, "p_value": 3.040912762641295e-193}