{"correlation": 0.08805126269623302, "p_value": 4.472974821234996e-171}