{"correlation": 0.04364635816433691, "p_value": 2.535160388545043e-43}