{"correlation": 0.03045975410712088, "p_value": 6.054841686987199e-22}