{"correlation": 0.10811727509904114, "p_value": 2.242627597719203e-257}