{"correlation": 0.06748399175215322, "p_value": 3.761257044772759e-101}