{"correlation": 0.12008456333012722, "p_value": 1.9566027e-317}