{"correlation": 0.04567794704393379, "p_value": 2.7590614975650175e-47}