{"correlation": 0.11886391202869438, "p_value": 5.169761561853e-311}