{"correlation": 0.0384806328047599, "p_value": 4.730486503422905e-34}