{"correlation": 0.05011687101600989, "p_value": 1.4357748401200776e-56}