{"correlation": 0.10910733525809997, "p_value": 4.233373611343224e-262}