{"correlation": 0.09621223713898377, "p_value": 5.2238499317877416e-204}