{"correlation": 0.053024298933244486, "p_value": 4.088693604223918e-63}