{"correlation": 0.07490561049337004, "p_value": 3.1160024161396074e-124}