{"correlation": 0.09944936962759567, "p_value": 6.819935349468354e-218}