{"correlation": -0.08611798965120196, "p_value": 1.044454586092621e-163}