{"correlation": 0.09434631809620776, "p_value": 3.2272069518005625e-196}