{"correlation": 0.039933615403270645, "p_value": 1.5280709985929678e-36}