{"correlation": -0.08572323148008344, "p_value": 3.1847355398815753e-162}