{"correlation": 0.09538692089596962, "p_value": 1.524346657375912e-200}