{"correlation": 0.026104455859546155, "p_value": 1.5662386232046387e-16}