{"correlation": 0.10511544066330378, "p_value": 2.541904410130122e-243}