{"correlation": -0.0011991680015474306, "p_value": 0.7047027793863748}