{"correlation": -0.08376891225511893, "p_value": 5.612510467663859e-155}