{"correlation": 0.05927405958399147, "p_value": 1.9653138650889386e-78}