{"correlation": 0.09317310510229175, "p_value": 2.1282942465964365e-191}