{"correlation": -0.1149011152814593, "p_value": 1.2529137744119361e-290}