{"correlation": 0.07079413476839409, "p_value": 3.798986835705858e-111}