{"correlation": -0.05554265288859486, "p_value": 4.4075162035919987e-69}