{"correlation": 0.09499964505138177, "p_value": 6.289347191421222e-199}