{"correlation": 0.000851826662666544, "p_value": 0.7877699331895949}