{"correlation": 0.0741074125269425, "p_value": 1.2368005973258578e-121}