{"correlation": 0.07725995278743064, "p_value": 4.624568555220954e-132}