{"correlation": 0.030628447285029094, "p_value": 3.597836411718237e-22}