{"correlation": -0.04062568180245098, "p_value": 9.238958030112533e-38}