{"correlation": 0.11061671697114986, "p_value": 2.18740578564959e-269}