{"correlation": 0.08898201709620332, "p_value": 1.1069177082835066e-174}