{"correlation": -0.06223844517646226, "p_value": 2.6977057622655343e-86}