{"correlation": -0.0701096049959929, "p_value": 4.855317485592732e-109}