{"correlation": 0.03331730366485901, "p_value": 6.126696275948314e-26}