{"correlation": 0.07489101389659811, "p_value": 3.4783389520414085e-124}