{"correlation": -0.03629116909184194, "p_value": 1.8013066554553625e-30}