{"correlation": 0.09656092439951038, "p_value": 1.757549879789796e-205}