{"correlation": 0.09231695564755259, "p_value": 6.400263804658416e-188}