{"correlation": 0.06403498530058653, "p_value": 3.0120530000902637e-91}