{"correlation": -0.07715530038188564, "p_value": 1.0429019381748623e-131}