{"correlation": 0.045317200299156146, "p_value": 1.4374694761512471e-46}