{"correlation": 0.08773781435992115, "p_value": 7.186149135307722e-170}