{"correlation": 0.09849238205306826, "p_value": 9.70527899218238e-214}