{"correlation": 0.06080991722273673, "p_value": 1.8529616626484326e-82}