{"correlation": 0.07774610437347568, "p_value": 1.0425937090649618e-133}