{"correlation": -0.022559296637441426, "p_value": 1.0004263734764524e-12}