{"correlation": 0.10567466164214316, "p_value": 6.569683228046729e-246}