{"correlation": 0.04142403680778409, "p_value": 3.42118049815945e-39}