{"correlation": -0.11145667836728791, "p_value": 1.739937956039106e-273}