{"correlation": 0.00296187563446682, "p_value": 0.34924219643653465}