{"correlation": 0.07193470963414561, "p_value": 1.056702073688854e-114}