{"correlation": 0.08613402864696164, "p_value": 9.087435951643786e-164}