{"correlation": 0.09794627619874445, "p_value": 2.1814161788067087e-211}