{"correlation": -0.030458001061748466, "p_value": 6.087592455932898e-22}