{"correlation": 0.08003980958549842, "p_value": 1.2793658524030839e-141}