{"correlation": 0.05318262618603804, "p_value": 1.7561691742777017e-63}