{"correlation": 0.08604424123177352, "p_value": 1.980103679424366e-163}