{"correlation": 0.08277607052420638, "p_value": 2.3206469967244934e-151}