{"correlation": 0.05422776473873274, "p_value": 6.228892090625318e-66}