{"correlation": 0.07046167467838783, "p_value": 4.030337555582857e-110}