{"correlation": -0.0633617248244977, "p_value": 2.245189908817112e-89}