{"correlation": -0.061972719363198744, "p_value": 1.4173152329987532e-85}