{"correlation": 0.08449845573980294, "p_value": 1.1587309723086359e-157}