{"correlation": 0.05641265637344663, "p_value": 3.298815861875161e-71}