{"correlation": 0.10897898283545536, "p_value": 1.7442291912354033e-261}