{"correlation": 0.06177216802792286, "p_value": 4.933804875312252e-85}