{"correlation": 0.10280234347436498, "p_value": 9.109488433669503e-233}