{"correlation": 0.00907029100721245, "p_value": 0.0041491516358695}