{"correlation": -0.007870839048868372, "p_value": 0.012864305700295542}