{"correlation": 0.06880747712507153, "p_value": 4.3303480332752095e-105}