{"correlation": 0.060154069091128, "p_value": 9.98848038355011e-81}