{"correlation": 0.08858481494454008, "p_value": 3.8716113079949914e-173}