{"correlation": -0.014258366393128571, "p_value": 6.594281964249929e-06}