{"correlation": -0.02522022505598032, "p_value": 1.5643442006129906e-15}