{"correlation": 0.09709466118699446, "p_value": 9.540251083398953e-208}