{"correlation": 0.10796354249945248, "p_value": 1.2032184975451379e-256}