{"correlation": 0.015173331024409096, "p_value": 1.6219769392287158e-06}