{"correlation": 0.02604602953528551, "p_value": 1.82781870999024e-16}