{"correlation": 0.08090134487769504, "p_value": 1.1899103827939139e-144}