{"correlation": 0.062052355260253704, "p_value": 8.627225231899494e-86}