{"correlation": 0.08738499334355489, "p_value": 1.6168126683658808e-168}