{"correlation": 0.016668358766256303, "p_value": 1.3779745368269522e-07}