{"correlation": -0.018896673531457617, "p_value": 2.3356668536075074e-09}