{"correlation": 0.04505125234689421, "p_value": 4.8132878927721654e-46}