{"correlation": -0.07515837243431055, "p_value": 4.6219940640846457e-125}