{"correlation": 0.10165695395178938, "p_value": 1.2505915766806804e-227}