{"correlation": 0.09738704875449099, "p_value": 5.409920483641786e-209}