{"correlation": 0.08003050185629892, "p_value": 1.3790082188952188e-141}