{"correlation": 0.10287110541144412, "p_value": 4.4585813672545825e-233}