{"correlation": -0.07953331308759327, "p_value": 7.480044433271365e-140}