{"correlation": -0.10288541032622381, "p_value": 3.842530346173051e-233}