{"correlation": 0.10000546188410796, "p_value": 2.521259062050529e-220}