{"correlation": 0.06938695933355306, "p_value": 7.721931601982329e-107}