{"correlation": 0.06157409305570306, "p_value": 1.6845376537382611e-84}