{"correlation": 0.06301275955500962, "p_value": 2.0603504497805396e-88}