{"correlation": 0.05410536957944893, "p_value": 1.2128545768438932e-65}