{"correlation": 0.02958701536936425, "p_value": 8.552120518858323e-21}