{"correlation": 0.09120769892254128, "p_value": 1.837287745528515e-183}