{"correlation": 0.06174372560158027, "p_value": 5.88662235637767e-85}