{"correlation": -0.07827730841472642, "p_value": 1.6092235231201745e-135}