{"correlation": 0.06582078367247962, "p_value": 2.607398078143169e-96}