{"correlation": 0.10590277845893505, "p_value": 5.727734094887375e-247}