{"correlation": -0.01630451600914183, "p_value": 2.5614692775672404e-07}