{"correlation": 0.09590631060739804, "p_value": 1.0138253733864668e-202}