{"correlation": 0.08143309310813768, "p_value": 1.542026805704168e-146}