{"correlation": 0.06581817624072751, "p_value": 2.6527797422355314e-96}