{"correlation": 0.08191168432982462, "p_value": 3.0106911106903446e-148}