{"correlation": -0.02157068153597386, "p_value": 9.23831857252053e-12}