{"correlation": 0.026875158113058135, "p_value": 1.9786312298452296e-17}