{"correlation": 0.11448301629787322, "p_value": 1.6116278792030839e-288}