{"correlation": 0.11488189159674288, "p_value": 1.567036604801554e-290}