{"correlation": 0.002029584750008151, "p_value": 0.521248742401908}