{"correlation": 0.04956840318881712, "p_value": 2.241706495247436e-55}