{"correlation": 0.09641168114809286, "p_value": 7.5174737117931806e-205}