{"correlation": -0.07873266748380288, "p_value": 4.404066709534007e-137}