{"correlation": 0.016880238063731984, "p_value": 9.547284736939153e-08}