{"correlation": 0.01788678254427434, "p_value": 1.573850040184713e-08}