{"correlation": 0.027183593311294278, "p_value": 8.50446493901809e-18}