{"correlation": -0.0755322739844433, "p_value": 2.714578832726809e-126}