{"correlation": 0.05919810109634157, "p_value": 3.089203802968527e-78}