{"correlation": -0.002166435325055898, "p_value": 0.49355124381298865}