{"correlation": 0.08507813152405197, "p_value": 8.196364276259063e-160}