{"correlation": -0.01739536892175423, "p_value": 3.84184351912964e-08}