{"correlation": 0.07784383601042176, "p_value": 4.850286019909138e-134}