{"correlation": -0.025877906265710925, "p_value": 2.845294505761876e-16}