{"correlation": 0.1112213966897375, "p_value": 2.466128370462161e-272}