{"correlation": 0.08362246457507332, "p_value": 1.9290251879530875e-154}