{"correlation": 0.03084373021705985, "p_value": 1.8440232533228656e-22}