{"correlation": -0.08741636695859994, "p_value": 1.2264388768941732e-168}