{"correlation": 0.06977603328075453, "p_value": 5.073173968496542e-108}