{"correlation": 0.03125865474506067, "p_value": 5.0196640484420856e-23}