{"correlation": -0.0610367976614032, "p_value": 4.61800857524712e-83}