{"correlation": 0.09758234210721992, "p_value": 7.917446523566337e-210}