{"correlation": 0.06542164937626221, "p_value": 3.629643683987575e-95}