{"correlation": 0.05118092401024346, "p_value": 6.372399268603685e-59}