{"correlation": 0.11908626947820705, "p_value": 3.53710162868e-312}