{"correlation": 0.045200296012643505, "p_value": 2.4472899573585898e-46}