{"correlation": 0.036744582364527274, "p_value": 3.396980613869633e-31}