{"correlation": 0.08273625759696104, "p_value": 3.233848198635413e-151}