{"correlation": 0.03084549157732779, "p_value": 1.8339320688824116e-22}