{"correlation": 0.11688651419927501, "p_value": 9.413980260465461e-301}