{"correlation": 0.04044839353022992, "p_value": 1.904371045906425e-37}