{"correlation": 0.00876743772653486, "p_value": 0.005590576640084044}