{"correlation": 0.09751897874550396, "p_value": 1.477614665756662e-209}