{"correlation": 0.019059120948801453, "p_value": 1.7025536169162375e-09}