{"correlation": 0.009869742484636701, "p_value": 0.0018130223798917488}