{"correlation": 0.08680650516421451, "p_value": 2.5926131802822082e-166}