{"correlation": 0.050800051291219124, "p_value": 4.4888621981529176e-58}