{"correlation": 0.0718619801347101, "p_value": 1.7881019885602554e-114}