{"correlation": 0.11287578035989516, "p_value": 1.7479859071347412e-280}