{"correlation": 0.051982833632402, "p_value": 9.967169528737386e-61}