{"correlation": 0.05080482066785927, "p_value": 4.380851878743073e-58}