{"correlation": 0.11310565899515132, "p_value": 1.2601067580560325e-281}