{"correlation": 0.06287629860325127, "p_value": 4.8858999720232065e-88}