{"correlation": 0.11934412556738522, "p_value": 1.5669806802e-313}