{"correlation": 0.04125178648403543, "p_value": 7.004184556458023e-39}