{"correlation": 0.05959260315865773, "p_value": 2.9308264995217194e-79}