{"correlation": -0.0775239876399667, "p_value": 5.914013157256697e-133}