{"correlation": 0.0834939987816113, "p_value": 5.6872380866966957e-154}