{"correlation": 0.06475196807628829, "p_value": 2.9043066102987193e-93}