{"correlation": -0.01779781393945793, "p_value": 1.853057289024835e-08}