{"correlation": 0.0354891455592843, "p_value": 3.2760575127601706e-29}