{"correlation": 0.025247385715579752, "p_value": 1.4592526601491784e-15}