{"correlation": 0.10588576496495003, "p_value": 6.872076111189047e-247}