{"correlation": 0.09055325708480867, "p_value": 7.390376994719149e-181}