{"correlation": 0.1054435586664152, "p_value": 7.737451429776718e-245}