{"correlation": 0.10987258500367385, "p_value": 8.813126962756176e-266}