{"correlation": -0.05183045777276935, "p_value": 2.2072222797885274e-60}