{"correlation": 0.037300645877369934, "p_value": 4.270112581221462e-32}