{"correlation": 0.042395935089420425, "p_value": 5.678952962460212e-41}