{"correlation": -0.09030530822394287, "p_value": 7.087011967351609e-180}