{"correlation": 0.10988201513644424, "p_value": 7.935937859347941e-266}