{"correlation": 0.07780533119531463, "p_value": 6.557793244389777e-134}