{"correlation": -0.08436016985719018, "p_value": 3.756382555527086e-157}