{"correlation": 0.03536911091863742, "p_value": 5.029236880286655e-29}