{"correlation": 0.11413598763821309, "p_value": 8.955025511787967e-287}