{"correlation": -0.010587883229176864, "p_value": 0.0008191492767874499}