{"correlation": 0.048257461462032095, "p_value": 1.4132175245553253e-52}