{"correlation": 0.08008787810123445, "p_value": 8.683996490885987e-142}