{"correlation": 0.06029980075858174, "p_value": 4.133809578006254e-81}