{"correlation": 0.05433660901193278, "p_value": 3.439572411549591e-66}