{"correlation": -0.09416633129429726, "p_value": 1.7870436639106174e-195}