{"correlation": 0.014641008684056309, "p_value": 3.7041372750248033e-06}