{"correlation": 0.08356921324194877, "p_value": 3.020430356946004e-154}