{"correlation": 0.01590517994639824, "p_value": 4.984175035950416e-07}