{"correlation": 0.0390537091724206, "p_value": 5.051646665191372e-35}