{"correlation": 0.05220480902678939, "p_value": 3.1173028602495594e-61}