{"correlation": 0.11799325672879678, "p_value": 1.7901708354011794e-306}