{"correlation": -0.02441772547876506, "p_value": 1.1814962235188239e-14}