{"correlation": -0.01210384597152288, "p_value": 0.00013056717020154987}