{"correlation": 0.05040328120327145, "p_value": 3.377839766735154e-57}