{"correlation": -0.0052338211642219395, "p_value": 0.09811021581473071}