{"correlation": 0.09506914464013386, "p_value": 3.229829519487465e-199}