{"correlation": 0.05087128982744327, "p_value": 3.119159940915797e-58}