{"correlation": 0.04957282118567332, "p_value": 2.192892234318555e-55}