{"correlation": 0.03376957426253372, "p_value": 1.3263886299273231e-26}