{"correlation": 0.051355148748428586, "p_value": 2.5963765313944e-59}