{"correlation": 0.07568920264753465, "p_value": 8.225391638310981e-127}