{"correlation": 0.006756152828166286, "p_value": 0.032743927895817204}