{"correlation": 0.026053008914997195, "p_value": 1.7944372548005367e-16}