{"correlation": 0.09118350675291371, "p_value": 2.295057859269166e-183}