{"correlation": -0.016136131858901257, "p_value": 3.397897090607206e-07}