{"correlation": 0.06310275263528077, "p_value": 1.1646304164160008e-88}