{"correlation": 0.05401122411658728, "p_value": 2.0228651488828633e-65}