{"correlation": 0.05084917173429916, "p_value": 3.492590424511423e-58}