{"correlation": -0.08701803642093804, "p_value": 4.065782568488749e-167}