{"correlation": 0.10265927690603434, "p_value": 4.021822014977728e-232}