{"correlation": 0.033268946300171645, "p_value": 7.207076673905797e-26}