{"correlation": 0.0925384747730764, "p_value": 8.116828024665151e-189}