{"correlation": 0.08279121143277103, "p_value": 2.0454329981909912e-151}