{"correlation": 0.04592255992292543, "p_value": 8.942854559129951e-48}