{"correlation": -0.1014698126022754, "p_value": 8.53020024045678e-227}