{"correlation": 0.11125065205881818, "p_value": 1.774082528336434e-272}