{"correlation": 0.025142185608363118, "p_value": 1.909562907619493e-15}