{"correlation": 0.11429834884540505, "p_value": 1.369044845476713e-287}