{"correlation": 0.08259410864425, "p_value": 1.0560470905666006e-150}