{"correlation": 0.0662422648242795, "p_value": 1.5883151611700068e-97}