{"correlation": 0.01007385200139968, "p_value": 0.0014536713931386771}