{"correlation": -0.00997674618850731, "p_value": 0.0016155452326940194}