{"correlation": 0.0688492412674253, "p_value": 3.243228053911581e-105}