{"correlation": 0.11770594137747618, "p_value": 5.538338416413488e-305}