{"correlation": 0.03346809875592642, "p_value": 3.686656064452142e-26}