{"correlation": 0.11725361109931592, "p_value": 1.208762884583525e-302}