{"correlation": 0.09438407730680658, "p_value": 2.252714318290183e-196}