{"correlation": 0.08515617704075783, "p_value": 4.197280330299461e-160}