{"correlation": 0.004057405087916816, "p_value": 0.19974103072118898}