{"correlation": 0.10115635990068057, "p_value": 2.109115430017753e-225}