{"correlation": 0.09752976293192572, "p_value": 1.3287852922440342e-209}