{"correlation": 0.0650191648165478, "p_value": 5.082160883541177e-94}