{"correlation": -0.0004946187303007457, "p_value": 0.8757830494781794}