{"correlation": 0.10294367473740097, "p_value": 2.0964699335501065e-233}