{"correlation": 0.11593017024104647, "p_value": 7.458781197277161e-296}