{"correlation": -0.007586303704093665, "p_value": 0.01650393277509706}