{"correlation": 0.0909850890147388, "p_value": 1.4198259627053823e-182}