{"correlation": 0.11184387285777121, "p_value": 2.1885659960676414e-275}