{"correlation": 0.033626701661045665, "p_value": 2.1555507009098734e-26}