{"correlation": 0.11747650201355933, "p_value": 8.52994808020788e-304}