{"correlation": 0.088325892481286, "p_value": 3.8945635003624315e-172}