{"correlation": -0.05255150495761013, "p_value": 5.0241677093224705e-62}