{"correlation": 0.0955490369874566, "p_value": 3.1976665523916997e-201}