{"correlation": 0.08507023090289001, "p_value": 8.770600429371086e-160}