{"correlation": 0.07163597512814587, "p_value": 9.136468942552676e-114}