{"correlation": 0.03607061153511931, "p_value": 4.025279989008154e-30}