{"correlation": 0.0650938026498466, "p_value": 3.1191275752328313e-94}