{"correlation": 0.08319061435865012, "p_value": 7.259782656730399e-153}