{"correlation": 0.10239580338596455, "p_value": 6.16222876036117e-231}