{"correlation": 0.08191726146785515, "p_value": 2.8753200183610348e-148}