{"correlation": 0.10854333594135755, "p_value": 2.1047660441278965e-259}