{"correlation": 0.043419462298210094, "p_value": 6.847181097199024e-43}