{"correlation": 0.02092606701318816, "p_value": 3.7380306687305877e-11}