{"correlation": 0.022560842805372044, "p_value": 9.96879371252108e-13}