{"correlation": 0.029851353474452266, "p_value": 3.8656947266045325e-21}