{"correlation": 0.025934782865069332, "p_value": 2.4504340613691325e-16}