{"correlation": 0.037544505086478726, "p_value": 1.703109659704888e-32}