{"correlation": 0.06518624963866149, "p_value": 1.7025147734144517e-94}