{"correlation": 0.07198126087639913, "p_value": 7.544237437638549e-115}