{"correlation": 0.09484613871530816, "p_value": 2.7359583421035634e-198}