{"correlation": 0.10285428629367879, "p_value": 5.310246989246739e-233}