{"correlation": 0.10428255878612931, "p_value": 1.710329522900166e-239}