{"correlation": -0.08935978636630408, "p_value": 3.709991473936472e-176}