{"correlation": 0.11113305554959638, "p_value": 6.663757350748417e-272}