{"correlation": 0.05113838481915851, "p_value": 7.9306691349068105e-59}