{"correlation": 0.056919965343257085, "p_value": 1.834454167587168e-72}