{"correlation": 0.07369234510281392, "p_value": 2.7074137718647006e-120}