{"correlation": 0.1151310310329452, "p_value": 8.60236374281114e-292}