{"correlation": 0.0867041188982983, "p_value": 6.345537542979058e-166}