{"correlation": 0.02194541497415943, "p_value": 4.023098461332706e-12}