{"correlation": 0.03325544344571595, "p_value": 7.541123146667649e-26}