{"correlation": 0.006639294912542447, "p_value": 0.03588071221213272}