{"correlation": 0.06902375880670213, "p_value": 9.672516312201911e-106}