{"correlation": 0.11225760711801065, "p_value": 2.0047953246555515e-277}