{"correlation": 0.10413854201026243, "p_value": 7.795243982818907e-239}