{"correlation": 0.03610033312978806, "p_value": 3.6129382320123104e-30}