{"correlation": 0.008478584974181122, "p_value": 0.007371396098415341}