{"correlation": 0.06396564423534776, "p_value": 4.70568415003414e-91}