{"correlation": 0.006269583908774722, "p_value": 0.04754294007384807}