{"correlation": 0.04398529536592971, "p_value": 5.691919464232266e-44}