{"correlation": 0.025554577439188632, "p_value": 6.612148784624951e-16}