{"correlation": 0.062412268324280866, "p_value": 9.078821115267298e-87}