{"correlation": -0.08478650545946277, "p_value": 9.937896478485027e-159}