{"correlation": -0.028379485210265346, "p_value": 2.945442176784754e-19}