{"correlation": -0.07143744379764953, "p_value": 3.812401418008093e-113}