{"correlation": 0.04902274235355923, "p_value": 3.3494244015741233e-54}