{"correlation": 0.11498082549992963, "p_value": 4.9531544592559906e-291}