{"correlation": -0.0074751973276495545, "p_value": 0.018154028422345304}