{"correlation": 0.08629069561880581, "p_value": 2.330190267581748e-164}