{"correlation": 0.03344420424793563, "p_value": 3.9962497741181324e-26}