{"correlation": 0.027844014840825205, "p_value": 1.351123323148457e-18}