{"correlation": 0.11416948174536802, "p_value": 6.079960620561754e-287}