{"correlation": 0.025745143375941956, "p_value": 4.027560374207709e-16}