{"correlation": 0.03490987390590226, "p_value": 2.558251863513831e-28}