{"correlation": -0.10380755890734439, "p_value": 2.5250293743857277e-237}