{"correlation": 0.10552081692862061, "p_value": 3.3947561929581134e-245}