{"correlation": 0.09992256877586812, "p_value": 5.821569826276602e-220}