{"correlation": -0.055247437963777624, "p_value": 2.2805452325986484e-68}