{"correlation": 0.041705170583702204, "p_value": 1.055664862156662e-39}