{"correlation": 0.009099644979158938, "p_value": 0.004029139714786227}