{"correlation": 0.020074910424355073, "p_value": 2.223883381535748e-10}