{"correlation": 0.11329944667407615, "p_value": 1.366917296704373e-282}