{"correlation": 0.09838285419425859, "p_value": 2.8823146641238224e-213}