{"correlation": 0.04336316149269132, "p_value": 8.754627094600976e-43}