{"correlation": 0.06526252576090721, "p_value": 1.0324298566741672e-94}