{"correlation": 0.0964935685534137, "p_value": 3.3875443440299067e-205}