{"correlation": 0.10533126074721001, "p_value": 2.5596575023603843e-244}