{"correlation": 0.05367801582570038, "p_value": 1.227848098592786e-64}