{"correlation": 0.10231919863158431, "p_value": 1.3607701648386524e-230}