{"correlation": -0.04124228554788241, "p_value": 7.28591698128392e-39}