{"correlation": 0.09853174721731178, "p_value": 6.5610481912939435e-214}