{"correlation": 0.09530082683682367, "p_value": 3.489816174326021e-200}