{"correlation": 0.02924719471425277, "p_value": 2.3494993307697422e-20}