{"correlation": 0.08204287733719205, "p_value": 1.0193071340373619e-148}