{"correlation": 0.11473412041597514, "p_value": 8.737142563646886e-290}