{"correlation": 0.06671698184577964, "p_value": 6.650287950979623e-99}