{"correlation": 0.0028172977344367, "p_value": 0.37326824146954735}