{"correlation": -0.014473691695476708, "p_value": 4.7749218927696675e-06}