{"correlation": 0.06257981864154752, "p_value": 3.1686951925754764e-87}