{"correlation": 0.03371642595043718, "p_value": 1.5893640968154987e-26}