{"correlation": 0.11468675986222834, "p_value": 1.5147693979599977e-289}