{"correlation": 0.0765488125393028, "p_value": 1.1362183069955293e-129}