{"correlation": 0.054411118514703864, "p_value": 2.2890556246007762e-66}