{"correlation": 0.06674170311981634, "p_value": 5.633835990088956e-99}