{"correlation": 0.08262517037449042, "p_value": 8.155500316269427e-151}