{"correlation": 0.06979035622263144, "p_value": 4.588001822128557e-108}