{"correlation": 0.0796082653335729, "p_value": 4.103436763143579e-140}