{"correlation": 0.07062948532734992, "p_value": 1.2252801102050147e-110}