{"correlation": 0.026961274452154117, "p_value": 1.564539854797383e-17}