{"correlation": 0.10283859199854024, "p_value": 6.25092250384326e-233}