{"correlation": 0.008598929905493869, "p_value": 0.006575366400189583}