{"correlation": 0.06897876329130176, "p_value": 1.3217218769303083e-105}