{"correlation": 0.047347788571518744, "p_value": 1.1193271756357266e-50}