{"correlation": 0.1079277553750586, "p_value": 1.7784085976016962e-256}