{"correlation": -0.0741661224375996, "p_value": 7.982021404238019e-122}