{"correlation": 0.0794921620375113, "p_value": 1.0398289349722089e-139}