{"correlation": 0.06660800000742853, "p_value": 1.3806613131968617e-98}