{"correlation": 0.003325207231973222, "p_value": 0.29331059960706135}