{"correlation": 0.011210485510024624, "p_value": 0.000395566959646398}