{"correlation": 0.07349538319190269, "p_value": 1.1638390604211603e-119}