{"correlation": -0.05539271722261199, "p_value": 1.0167666855168895e-68}