{"correlation": 0.06006965824387338, "p_value": 1.6634224743647594e-80}