{"correlation": -0.00213755443625482, "p_value": 0.4993301627635434}