{"correlation": 0.10245796727721193, "p_value": 3.2385804961519925e-231}