{"correlation": 0.09011687595011235, "p_value": 3.933398926972605e-179}