{"correlation": 0.03612935674890107, "p_value": 3.250800755374648e-30}