{"correlation": 0.03297741038793005, "p_value": 1.9091854670148813e-25}