{"correlation": -0.06618048159888804, "p_value": 2.396434562120253e-97}