{"correlation": 0.10630833939005704, "p_value": 7.386948617923921e-249}