{"correlation": 0.04894917765297246, "p_value": 4.811801087252971e-54}