{"correlation": 0.10001938347717593, "p_value": 2.1905434929437865e-220}