{"correlation": 0.07169160988180477, "p_value": 6.11795352339964e-114}