{"correlation": 0.07829522561005345, "p_value": 1.3973288190120676e-135}