{"correlation": 0.10501936096220847, "p_value": 7.052230597237654e-243}