{"correlation": 0.10067407329494647, "p_value": 2.8777235498867077e-223}