{"correlation": -0.08662338100419019, "p_value": 1.2843370521461514e-165}