{"correlation": -0.04639874730719354, "p_value": 9.80682083228125e-49}