{"correlation": -0.033667601303651755, "p_value": 1.8761961055168824e-26}