{"correlation": 0.055130690660794894, "p_value": 4.358030305702314e-68}