{"correlation": -0.08830140848831879, "p_value": 4.8429362639208185e-172}