{"correlation": 0.0811877911624683, "p_value": 1.149039585968467e-145}