{"correlation": 0.04369660773321801, "p_value": 2.0330099804711675e-43}