{"correlation": -0.009183558523977557, "p_value": 0.003703240943342041}