{"correlation": -0.0017867332623270815, "p_value": 0.5722970404000877}