{"correlation": 0.11951246828100145, "p_value": 2.040544914e-314}