{"correlation": 0.019089620414624718, "p_value": 1.6039696280742973e-09}