{"correlation": 0.11696217099842478, "p_value": 3.841109927995296e-301}