{"correlation": 0.08439446370230273, "p_value": 2.80657979821976e-157}