{"correlation": 0.07006719357545857, "p_value": 6.547203467061634e-109}