{"correlation": 0.11228041853444795, "p_value": 1.5469453320861362e-277}