{"correlation": 0.07024803694043241, "p_value": 1.8275636765615262e-109}