{"correlation": 0.0960149442024855, "p_value": 3.540669546218152e-203}