{"correlation": 0.08130216484295984, "p_value": 4.507924192207531e-146}