{"correlation": 0.03839076217086878, "p_value": 6.6982889246035355e-34}