{"correlation": 0.11297321115875239, "p_value": 5.737896221575091e-281}