{"correlation": 0.09482624812927726, "p_value": 3.309534127422709e-198}