{"correlation": 0.06760510337338749, "p_value": 1.6523030600599085e-101}