{"correlation": 0.051316750606355585, "p_value": 3.1653430977753693e-59}