{"correlation": 0.11625650174688115, "p_value": 1.6057132255568885e-297}