{"correlation": 0.05177945409242538, "p_value": 2.8786658752710114e-60}