{"correlation": 0.08288508460582081, "p_value": 9.34658501628891e-152}