{"correlation": 0.11736422574607142, "p_value": 3.245010076210833e-303}