{"correlation": 0.025469620322028794, "p_value": 8.238065673466768e-16}