{"correlation": 0.009157294851291641, "p_value": 0.003802569244730504}