{"correlation": -0.0782417522374685, "p_value": 2.129402813458277e-135}