{"correlation": 0.08516868631632162, "p_value": 3.770131270172164e-160}