{"correlation": -0.034830502100137654, "p_value": 3.3815593893854993e-28}