{"correlation": 0.07118079732753564, "p_value": 2.4025018304602723e-112}