{"correlation": 0.10445088968695121, "p_value": 2.8969232080134075e-240}