{"correlation": 0.06458431779458747, "p_value": 8.6380231484317e-93}