{"correlation": 0.06510809381551796, "p_value": 2.840599355886399e-94}