{"correlation": 0.006797237788115855, "p_value": 0.03169835263780503}