{"correlation": 0.010487222741427217, "p_value": 0.000918312012155412}