{"correlation": 0.0930254914409374, "p_value": 8.512313808629814e-191}