{"correlation": 0.0024089729393057665, "p_value": 0.44646457759091696}