{"correlation": 0.08733904416447394, "p_value": 2.4229854152858434e-168}