{"correlation": 0.11958775778156691, "p_value": 8.191855085e-315}