{"correlation": 0.04401348833970817, "p_value": 5.024247236593823e-44}