{"correlation": 0.0009563031845428998, "p_value": 0.7624798469429286}