{"correlation": 0.08469457128847833, "p_value": 2.178404300619765e-158}