{"correlation": 0.04562852231034861, "p_value": 3.461841258667612e-47}