{"correlation": -0.07780749450567515, "p_value": 6.447629013780675e-134}