{"correlation": 0.11004987881272445, "p_value": 1.225825500753729e-266}