{"correlation": 0.11985420138415182, "p_value": 3.2256809e-316}