{"correlation": 0.07708880748958916, "p_value": 1.7473798087378211e-131}