{"correlation": 0.018915234703841877, "p_value": 2.253089776853142e-09}