{"correlation": 0.07226771635439456, "p_value": 9.441136632068034e-116}