{"correlation": 0.09576175889757517, "p_value": 4.102851026166701e-202}