{"correlation": -0.03502043767955829, "p_value": 1.7325928008928808e-28}