{"correlation": 0.09135217975748897, "p_value": 4.85983599588132e-184}