{"correlation": 0.04875705214799097, "p_value": 1.2362550953833945e-53}