{"correlation": 0.05711144725290546, "p_value": 6.122748539395356e-73}