{"correlation": 0.07372606849171313, "p_value": 2.1083594029995472e-120}