{"correlation": 0.016375954255460796, "p_value": 2.2701969359554828e-07}