{"correlation": 0.02239759031575954, "p_value": 1.4485950401611031e-12}