{"correlation": 0.11703063004032521, "p_value": 1.7059086459894551e-301}