{"correlation": 0.10702433337381594, "p_value": 3.2706076909323597e-252}