{"correlation": 0.006951231528616098, "p_value": 0.028030220605086177}