{"correlation": 0.10943970878777812, "p_value": 1.0737320662003233e-263}