{"correlation": 0.013635652551705322, "p_value": 1.635856244667043e-05}