{"correlation": 0.06499613112985517, "p_value": 5.90783423234028e-94}