{"correlation": 0.058035696850838335, "p_value": 2.911737473792899e-75}