{"correlation": 0.017157153622018577, "p_value": 5.871518904010651e-08}