{"correlation": -0.008375180415367832, "p_value": 0.008123299159798087}