{"correlation": -0.08621603736779795, "p_value": 4.4584777305495876e-164}