{"correlation": -0.02580443092434203, "p_value": 3.449386109714651e-16}