{"correlation": 0.09806004443033678, "p_value": 7.077960685291003e-212}