{"correlation": 0.07137759219018143, "p_value": 5.860004098871944e-113}