{"correlation": 0.07030062053116497, "p_value": 1.2602703083350565e-109}