{"correlation": 0.09925367251964001, "p_value": 4.85747118222742e-217}