{"correlation": -0.11937444346984626, "p_value": 1.0857151452e-313}