{"correlation": 0.09976422828410399, "p_value": 2.873351606374841e-219}