{"correlation": -0.03557552394840897, "p_value": 2.4044185801743406e-29}