{"correlation": -0.029826216077142236, "p_value": 4.170136771187511e-21}