{"correlation": 0.05722457647876198, "p_value": 3.196228093807787e-73}