{"correlation": 0.008006236277951079, "p_value": 0.011396626207071367}