{"correlation": 0.1030333010706832, "p_value": 8.249535036991517e-234}