{"correlation": 0.023028501887710412, "p_value": 3.3682364726977155e-13}