{"correlation": -0.01599237623171272, "p_value": 4.315572695420116e-07}