{"correlation": 0.06224298559737181, "p_value": 2.6221474985618128e-86}