{"correlation": 0.029769029581473684, "p_value": 4.953895309361337e-21}