{"correlation": 0.017108636581594092, "p_value": 6.396980696254141e-08}