{"correlation": 0.044174169797880136, "p_value": 2.463642216048304e-44}