{"correlation": 0.11294339372904738, "p_value": 8.069642100472117e-281}