{"correlation": -0.01912314779081419, "p_value": 1.5020148677857048e-09}