{"correlation": 0.03592548122138046, "p_value": 6.81449365955422e-30}