{"correlation": -0.018512970492626697, "p_value": 4.878654469762494e-09}