{"correlation": -0.004047549321157527, "p_value": 0.20083546753854517}