{"correlation": 0.058381866776748816, "p_value": 3.842047661852071e-76}