{"correlation": 0.01880675107158311, "p_value": 2.779315177112827e-09}