{"correlation": -0.0076096109060614136, "p_value": 0.01617499912792143}