{"correlation": 0.06135021318961259, "p_value": 6.717223978904724e-84}