{"correlation": -0.06130287039871005, "p_value": 8.993690601195283e-84}