{"correlation": 0.08487153906002437, "p_value": 4.805085579214393e-159}