{"correlation": 0.08863440462521456, "p_value": 2.48620836675933e-173}