{"correlation": 0.041267338939689945, "p_value": 6.566196410799837e-39}