{"correlation": -0.009759261574590655, "p_value": 0.00203999148795972}