{"correlation": 0.10102700907888358, "p_value": 7.901698157235e-225}