{"correlation": 0.04631953195842857, "p_value": 1.4187375193739724e-48}