{"correlation": 0.04873777723334108, "p_value": 1.358727960771969e-53}