{"correlation": 0.11727957393735775, "p_value": 8.878498977247911e-303}