{"correlation": 0.048471255580262176, "p_value": 4.997305672985204e-53}