{"correlation": -0.03926646637176949, "p_value": 2.1834822228118896e-35}