{"correlation": 0.05325364548170231, "p_value": 1.2011066187432556e-63}