{"correlation": -0.09264930814672323, "p_value": 2.8831216875305292e-189}