{"correlation": 0.0075206789098559625, "p_value": 0.01746185575028688}