{"correlation": 0.11806749655782992, "p_value": 7.364771907256674e-307}