{"correlation": -0.02287162371793388, "p_value": 4.858729905407498e-13}