{"correlation": 0.09998595022726389, "p_value": 3.0703559036661944e-220}