{"correlation": 0.04701002356682841, "p_value": 5.556591187298359e-50}