{"correlation": -0.03538453489447416, "p_value": 4.7601138487354814e-29}