{"correlation": 0.05094736995829996, "p_value": 2.11324609749791e-58}