{"correlation": 0.09884368107798525, "p_value": 2.9319341128693287e-215}