{"correlation": 0.1099708900024283, "p_value": 2.9531463554352426e-266}