{"correlation": -0.10295338694566289, "p_value": 1.8950140721415048e-233}