{"correlation": 0.09459469297761534, "p_value": 3.024978469592723e-197}