{"correlation": 0.0671693836381493, "p_value": 3.164652564770667e-100}