{"correlation": -0.10749085148453025, "p_value": 2.0749429231057805e-254}