{"correlation": 0.0735867834305468, "p_value": 5.91840108598284e-120}