{"correlation": 0.049239975300371386, "p_value": 1.1454756416606033e-54}