{"correlation": 0.05112831407019092, "p_value": 8.35199569702791e-59}