{"correlation": 0.10905225320410479, "p_value": 7.774401988641857e-262}