{"correlation": 0.0641455746752428, "p_value": 1.477087307726765e-91}