{"correlation": 0.10329539498104937, "p_value": 5.3685167049898415e-235}