{"correlation": 0.1186253257612077, "p_value": 9.13737370048034e-310}