{"correlation": 0.009300125488347381, "p_value": 0.003290242542666093}