{"correlation": 0.08819039739278862, "p_value": 1.2999323465287288e-171}