{"correlation": -0.0830950835682272, "p_value": 1.6156570886758935e-152}