{"correlation": -0.0573907581102665, "p_value": 1.2272292469712117e-73}