{"correlation": 0.05630760241471334, "p_value": 5.981488674056115e-71}