{"correlation": 0.0019467120904085086, "p_value": 0.5384022407421621}