{"correlation": 0.08455266496369665, "p_value": 7.303295102774307e-158}