{"correlation": 0.020517642943746472, "p_value": 8.873874774263657e-11}