{"correlation": 0.0972840835061704, "p_value": 1.4877795241715182e-208}