{"correlation": 0.024401853730308645, "p_value": 1.228913472826538e-14}