{"correlation": -0.09124103384393333, "p_value": 1.3520870196961178e-183}