{"correlation": 0.10805904830012608, "p_value": 4.2385364072953665e-257}