{"correlation": 0.1056271559884613, "p_value": 1.0912046638834672e-245}