{"correlation": -0.022459371903061326, "p_value": 1.2579343079157682e-12}