{"correlation": 0.10642113222553026, "p_value": 2.196089230273709e-249}