{"correlation": 0.06238902917514394, "p_value": 1.050361403787235e-86}