{"correlation": 0.10935004448887291, "p_value": 2.896547870629726e-263}