{"correlation": 0.0726336467185865, "p_value": 6.557925682468903e-117}