{"correlation": 0.030540070222636443, "p_value": 4.727440374922171e-22}