{"correlation": 0.052386355683202726, "p_value": 1.2004075198775068e-61}