{"correlation": 0.018883443928985114, "p_value": 2.396315996680501e-09}