{"correlation": 0.039125702656511295, "p_value": 3.805265824667325e-35}