{"correlation": -0.04705848685995472, "p_value": 4.418459552995352e-50}