{"correlation": 0.05173867343202688, "p_value": 3.55906135673958e-60}