{"correlation": 0.11707854760600474, "p_value": 9.662700791654462e-302}