{"correlation": 0.07715962153407098, "p_value": 1.0084871430620601e-131}