{"correlation": 0.009580009106448404, "p_value": 0.002464279801292886}