{"correlation": 0.11295766873588863, "p_value": 6.854188937280053e-281}