{"correlation": 0.09160032920072633, "p_value": 4.925963642165597e-185}