{"correlation": 0.034826042632864866, "p_value": 3.4349232156285166e-28}