{"correlation": 0.09438566704952811, "p_value": 2.2188692701411786e-196}