{"correlation": -0.030722278695996134, "p_value": 2.6901096081983157e-22}