{"correlation": 0.1096951424900977, "p_value": 6.326091132340545e-265}