{"correlation": 0.04019766219125356, "p_value": 5.268477740469159e-37}