{"correlation": -0.07263818696568823, "p_value": 6.343932041431451e-117}