{"correlation": 0.06835139797902165, "p_value": 1.0058598583157002e-103}