{"correlation": 0.03212473482747994, "p_value": 3.142277118682909e-24}