{"correlation": 0.1022492590296653, "p_value": 2.8032901466652e-230}