{"correlation": -0.022519134657999793, "p_value": 1.097025426093334e-12}