{"correlation": 0.07381751132532935, "p_value": 1.0695246161862448e-120}