{"correlation": -0.12003951847290172, "p_value": 3.385995e-317}