{"correlation": 0.09393523551362745, "p_value": 1.6010295848837907e-194}