{"correlation": 0.051099308492034846, "p_value": 9.694229176775173e-59}