{"correlation": 0.027016464089522692, "p_value": 1.3454395360623523e-17}