{"correlation": 0.06123864186178913, "p_value": 1.3357848408407693e-83}