{"correlation": 0.041003440867414316, "p_value": 1.9577004208633713e-38}