{"correlation": 0.042520381824447534, "p_value": 3.3373459581681533e-41}