{"correlation": 0.05062187200830793, "p_value": 1.1132667446573461e-57}