{"correlation": 0.05861839431243792, "p_value": 9.56212410994974e-77}