{"correlation": 0.06891276680618041, "p_value": 2.0886678130192476e-105}