{"correlation": -0.04317014260831414, "p_value": 2.0280889230594927e-42}