{"correlation": 0.07722100481703245, "p_value": 6.259880059952887e-132}