{"correlation": 0.024869587414839293, "p_value": 3.814116007654583e-15}