{"correlation": 0.09694198435737277, "p_value": 4.2546628255508136e-207}