{"correlation": 0.07121013490866239, "p_value": 1.9472532599027168e-112}