{"correlation": 0.09265760194946066, "p_value": 2.668103069876637e-189}