{"correlation": 0.09791335027163586, "p_value": 3.0206774195060055e-211}