{"correlation": 0.03199349570809063, "p_value": 4.8048678194754644e-24}