{"correlation": 0.06799503378319945, "p_value": 1.1575463720877915e-102}