{"correlation": 0.07817730878797544, "p_value": 3.5365806097860157e-135}