{"correlation": 0.04296057401729231, "p_value": 5.027920986020579e-42}