{"correlation": 0.04479041068504751, "p_value": 1.563953265359384e-45}