{"correlation": 0.042234409597367205, "p_value": 1.1295879132386704e-40}