{"correlation": -0.07855325498018763, "p_value": 1.8225436603190753e-136}