{"correlation": -0.08595340111013353, "p_value": 4.3504767623760455e-163}