{"correlation": 0.05310733584399792, "p_value": 2.6256272868789184e-63}