{"correlation": 0.05419405629374377, "p_value": 7.484764224558241e-66}