{"correlation": 0.05270688201783945, "p_value": 2.2084975920290043e-62}