{"correlation": 0.11599881381738641, "p_value": 3.3297755660595947e-296}