{"correlation": -0.009526627037159676, "p_value": 0.002605418801440195}