{"correlation": 0.09802274649375689, "p_value": 1.023836460578818e-211}