{"correlation": 0.11297565007728781, "p_value": 5.580035206430528e-281}