{"correlation": 0.053732952031018376, "p_value": 9.127568404367351e-65}