{"correlation": 0.038907279981706164, "p_value": 8.974506410638924e-35}