{"correlation": -0.09883418947112345, "p_value": 3.223227115705271e-215}