{"correlation": 0.0798146907274759, "p_value": 7.829219890361772e-141}