{"correlation": 0.09983953290497834, "p_value": 1.345181932474798e-219}