{"correlation": 0.041047717090605916, "p_value": 1.630638929001695e-38}