{"correlation": 0.11597361073810593, "p_value": 4.477525165691272e-296}