{"correlation": 0.11649900362940067, "p_value": 9.19986674791203e-299}