{"correlation": 0.06357658271564362, "p_value": 5.6999810833497596e-90}