{"correlation": -0.009812151392845563, "p_value": 0.0019282674634774643}