{"correlation": -0.0902418698198742, "p_value": 1.2624668785329178e-179}