{"correlation": 0.10221493806778428, "p_value": 3.995928760131563e-230}