{"correlation": 0.04603574057974593, "p_value": 5.2991664567633256e-48}