{"correlation": -0.08178365466743649, "p_value": 8.64873383574509e-148}