{"correlation": 0.1101409198916986, "p_value": 4.445903553959557e-267}