{"correlation": 0.007829064805173284, "p_value": 0.013349713117804217}