{"correlation": 0.11788489135525367, "p_value": 6.538707172945505e-306}