{"correlation": 0.0857868584730683, "p_value": 1.837890714933783e-162}