{"correlation": -0.029187259390047106, "p_value": 2.804597533391296e-20}