{"correlation": 0.11174301685899626, "p_value": 6.85199120169662e-275}