{"correlation": 0.10846072246533227, "p_value": 5.211763657207625e-259}