{"correlation": 0.06506460999060536, "p_value": 3.775604589871502e-94}