{"correlation": -0.08509673017957059, "p_value": 6.988460703528008e-160}