{"correlation": 0.007091104109758413, "p_value": 0.025021572861258945}