{"correlation": 0.01631361464563229, "p_value": 2.5224581106198036e-07}