{"correlation": 0.05144220044068393, "p_value": 1.6559241811531234e-59}