{"correlation": 0.048616307517975896, "p_value": 2.462038200037509e-53}