{"correlation": 0.09781639113387129, "p_value": 7.872500949901007e-211}