{"correlation": -0.005509681011236285, "p_value": 0.08163651538160072}