{"correlation": 0.09274126790416472, "p_value": 1.220319550928837e-189}