{"correlation": 0.04414916466337959, "p_value": 2.753052029367768e-44}