{"correlation": -0.004146158874915802, "p_value": 0.1900810320870237}