{"correlation": 0.020296201043091516, "p_value": 1.4083878063626745e-10}