{"correlation": -0.06947387751239156, "p_value": 4.2086915441334526e-107}