{"correlation": 0.10584020748999731, "p_value": 1.1190407168884506e-246}