{"correlation": 0.01540724238250388, "p_value": 1.1186621605807727e-06}