{"correlation": 0.10576046491415246, "p_value": 2.625894808644905e-246}