{"correlation": 0.002564267551490257, "p_value": 0.4177096488042265}