{"correlation": 0.08111517255122987, "p_value": 2.079896790994058e-145}