{"correlation": 0.05294259218888829, "p_value": 6.317734711158569e-63}