{"correlation": 0.04868480276107345, "p_value": 1.7611618319304164e-53}