{"correlation": 0.07215281826872391, "p_value": 2.1751514050447792e-115}