{"correlation": -0.0051678382203278195, "p_value": 0.1024202640318038}