{"correlation": 0.09991223910052482, "p_value": 6.4610976671445575e-220}