{"correlation": 0.06625568663567927, "p_value": 1.4524765845083112e-97}