{"correlation": 0.020843366925253053, "p_value": 4.459059988092761e-11}