{"correlation": 0.08863114562331713, "p_value": 2.559659921195273e-173}