{"correlation": 0.0073291276930569985, "p_value": 0.020542092481016898}