{"correlation": -0.041524648626152474, "p_value": 2.248117280340824e-39}