{"correlation": 0.043753616635814035, "p_value": 1.5821419458850472e-43}