{"correlation": 0.08358040428561034, "p_value": 2.7488783663284482e-154}