{"correlation": 0.10824712408745953, "p_value": 5.41614962232145e-258}