{"correlation": 0.020985960146070307, "p_value": 3.288406404723991e-11}