{"correlation": 0.03129274066475036, "p_value": 4.507366464554785e-23}