{"correlation": 0.0706136376541516, "p_value": 1.37126903516166e-110}