{"correlation": 0.07818586917161992, "p_value": 3.306183947055951e-135}