{"correlation": 0.06482073362139949, "p_value": 1.85576113003809e-93}