{"correlation": 0.03916548997230593, "p_value": 3.2530148672788095e-35}