{"correlation": 0.048721354827125085, "p_value": 1.472559814119321e-53}