{"correlation": 0.033709375330901965, "p_value": 1.627927181868229e-26}