{"correlation": -0.0927961228316176, "p_value": 7.304053873636451e-190}