{"correlation": 0.02046965955064344, "p_value": 9.812042326955355e-11}