{"correlation": -0.00993858414718677, "p_value": 0.0016835825656841788}