{"correlation": 0.020813562859681573, "p_value": 4.7509210115387484e-11}