{"correlation": 0.11477049896344739, "p_value": 5.724503851228682e-290}