{"correlation": 0.07482587025506124, "p_value": 5.681594349796164e-124}