{"correlation": 0.10571199258954822, "p_value": 4.4086792975415645e-246}