{"correlation": 0.08073866833219054, "p_value": 4.4713018232246515e-144}