{"correlation": 0.11475707391772276, "p_value": 6.69131882026538e-290}