{"correlation": 0.09921330291279477, "p_value": 7.279194220514122e-217}