{"correlation": 0.12001328956619224, "p_value": 4.659449e-317}