{"correlation": 0.05434069338580388, "p_value": 3.363693992015727e-66}