{"correlation": -0.009046904979600657, "p_value": 0.0042470751965643285}