{"correlation": 0.0882531679659426, "p_value": 7.4390703531282e-172}