{"correlation": 0.1117064446376353, "p_value": 1.0361866942177072e-274}