{"correlation": 0.03439832216940062, "p_value": 1.5280384725047195e-27}