{"correlation": -0.06044415959667145, "p_value": 1.7214527900957055e-81}