{"correlation": 0.07997373243930637, "p_value": 2.178445996735756e-141}