{"correlation": 0.1172785195434209, "p_value": 8.990465281709479e-303}