{"correlation": 0.09677070276718336, "p_value": 2.2701593322604612e-206}