{"correlation": 0.10368234653979942, "p_value": 9.384102503624289e-237}