{"correlation": 0.024379196901760363, "p_value": 1.2998613513283074e-14}