{"correlation": -0.09656724314268929, "p_value": 1.6525826056852523e-205}