{"correlation": -0.012106064876023932, "p_value": 0.00013019594428833803}