{"correlation": 0.031349627962789985, "p_value": 3.7651782014203e-23}