{"correlation": 0.09234631817045436, "p_value": 4.869117502003873e-188}