{"correlation": 0.024044401557712175, "p_value": 2.9616394940209376e-14}