{"correlation": 0.06333348596959536, "p_value": 2.6875325272061736e-89}