{"correlation": 0.05548054128920018, "p_value": 6.233024841644118e-69}