{"correlation": 0.09706416275635801, "p_value": 1.2863135517675085e-207}