{"correlation": 0.03785846908772887, "p_value": 5.170063687987918e-33}