{"correlation": 0.10599628897164279, "p_value": 2.1036296334274412e-247}