{"correlation": 0.1129662876791016, "p_value": 6.210760941346515e-281}