{"correlation": -0.009924947220046994, "p_value": 0.0017085276460561281}