{"correlation": 0.047683733602044164, "p_value": 2.2487158437485316e-51}