{"correlation": 0.07608102791170052, "p_value": 4.1275824958695954e-128}