{"correlation": 0.10750671993593816, "p_value": 1.7461561171667482e-254}