{"correlation": -0.10378849084499824, "p_value": 3.0841384147994997e-237}