{"correlation": 0.04190653498468397, "p_value": 4.525455997262587e-40}