{"correlation": 0.016050243639154714, "p_value": 3.92055773974096e-07}