{"correlation": 0.07376960327646394, "p_value": 1.5263774156438928e-120}