{"correlation": 0.07224595432534581, "p_value": 1.1059126069299047e-115}