{"correlation": 0.029534629198446405, "p_value": 1.0001335959705593e-20}