{"correlation": 0.09753909157896544, "p_value": 1.2121802880514176e-209}