{"correlation": 0.04159388259597447, "p_value": 1.682979291712459e-39}