{"correlation": 0.03133622150878306, "p_value": 3.9283708364677757e-23}