{"correlation": 0.10922272265765569, "p_value": 1.1837266169358526e-262}