{"correlation": 0.07201605312160136, "p_value": 5.863827317897351e-115}