{"correlation": 0.04489902038945136, "p_value": 9.582661851472373e-46}