{"correlation": 0.08894037936878725, "p_value": 1.6079554970596935e-174}