{"correlation": 0.026913157493974316, "p_value": 1.784043969450575e-17}