{"correlation": 0.02235019691449818, "p_value": 1.613809133286872e-12}