{"correlation": 0.03376727454515688, "p_value": 1.3368179564677568e-26}