{"correlation": -0.02321155569431136, "p_value": 2.1897971889397664e-13}