{"correlation": 0.005930194649653052, "p_value": 0.060907122004122544}