{"correlation": 0.06832707124514419, "p_value": 1.1888925091922816e-103}