{"correlation": 0.11944137097688233, "p_value": 4.828415455e-314}