{"correlation": 0.022268209751192616, "p_value": 1.9443232433226073e-12}