{"correlation": -0.11288561757292187, "p_value": 1.562109221705177e-280}