{"correlation": 0.08277087022932383, "p_value": 2.4234637604788325e-151}