{"correlation": -0.040012554969478746, "p_value": 1.1122521940861561e-36}