{"correlation": 0.01091103847723026, "p_value": 0.000563961629795241}