{"correlation": -0.006047510277598657, "p_value": 0.05597297374462718}