{"correlation": -0.03363243797955561, "p_value": 2.114015230184052e-26}