{"correlation": 0.07774976379788068, "p_value": 1.01316083788551e-133}