{"correlation": 0.08692050040883971, "p_value": 9.558387110263326e-167}