{"correlation": 0.02046535084795268, "p_value": 9.90088136504691e-11}