{"correlation": 0.08750489575089584, "p_value": 5.620314148760393e-169}