{"correlation": 0.07167184505536858, "p_value": 7.05502005527347e-114}