{"correlation": 0.09323715283751333, "p_value": 1.1655287099828533e-191}