{"correlation": 0.11592382147115307, "p_value": 8.036216605968188e-296}