{"correlation": 0.06253538799616924, "p_value": 4.190115832294207e-87}