{"correlation": 0.09220867064474848, "p_value": 1.753039585370818e-187}