{"correlation": -0.02363623435172996, "p_value": 7.962691745991394e-14}