{"correlation": -0.03847825192221657, "p_value": 4.7743273887357e-34}