{"correlation": -0.1022928189140531, "p_value": 1.7873125714574016e-230}