{"correlation": 0.010572456462807167, "p_value": 0.0008336725059777337}