{"correlation": 0.06574642604918815, "p_value": 4.263800014702547e-96}