{"correlation": 0.08906085109135828, "p_value": 5.456128610016027e-175}