{"correlation": -0.062403477550373745, "p_value": 9.593576026558506e-87}