{"correlation": 0.11637456813475587, "p_value": 3.993603627085194e-298}