{"correlation": 0.06931381303471056, "p_value": 1.2861290659630687e-106}