{"correlation": 0.04936361311143591, "p_value": 6.206611217994676e-55}