{"correlation": 0.06836104128281564, "p_value": 9.41345526122646e-104}