{"correlation": 0.06554330275270705, "p_value": 1.6293909874032873e-95}