{"correlation": 0.033609938279702434, "p_value": 2.2816242430571774e-26}