{"correlation": -0.11155065043535027, "p_value": 6.024667515221009e-274}