{"correlation": -0.0161232818179169, "p_value": 3.471575207534285e-07}