{"correlation": 0.055023297871029324, "p_value": 7.897343569188658e-68}