{"correlation": 0.019843550919396904, "p_value": 3.5670073445255733e-10}