{"correlation": 0.10124608333806841, "p_value": 8.428939596313654e-226}