{"correlation": 0.05864960819670503, "p_value": 7.955407910118352e-77}