{"correlation": 0.06986149873305357, "p_value": 2.7838666237537913e-108}