{"correlation": -0.0492299170800482, "p_value": 1.203945954666617e-54}