{"correlation": 0.11465446917871563, "p_value": 2.204065115185294e-289}