{"correlation": 0.05210764937141139, "p_value": 5.187921281892577e-61}