{"correlation": 0.026392195826957555, "p_value": 7.284304203787653e-17}