{"correlation": 0.10176613454092762, "p_value": 4.0730297459148767e-228}