{"correlation": 0.08128453413937756, "p_value": 5.20780159415864e-146}