{"correlation": 0.07724133686154387, "p_value": 5.344782178964034e-132}