{"correlation": 0.09570287064660243, "p_value": 7.246892052829938e-202}