{"correlation": 0.10386890445968067, "p_value": 1.3264385364208593e-237}