{"correlation": 0.10759106471319796, "p_value": 6.976836384230983e-255}