{"correlation": 0.10944733173339036, "p_value": 9.868211319490214e-264}