{"correlation": 0.11243231481087204, "p_value": 2.7487258319331728e-278}