{"correlation": 0.0761280372176258, "p_value": 2.879640331860264e-128}