{"correlation": 0.08752660683076112, "p_value": 4.640857560528937e-169}