{"correlation": 0.03280603781254846, "p_value": 3.3716299689917126e-25}