{"correlation": 0.07610747041601904, "p_value": 3.370989562384912e-128}