{"correlation": -0.005159347398538066, "p_value": 0.10298566619273994}