{"correlation": 0.05420839015619527, "p_value": 6.922527285617654e-66}