{"correlation": 0.07013344087033697, "p_value": 4.104042662156728e-109}