{"correlation": -0.006072326311228381, "p_value": 0.05497307442909805}