{"correlation": 0.04733552864528125, "p_value": 1.1865915859759446e-50}