{"correlation": 0.09392273899233616, "p_value": 1.8022929762803866e-194}