{"correlation": 0.07107840423413007, "p_value": 4.998212541673815e-112}