{"correlation": 0.09502851560463597, "p_value": 4.768725978051686e-199}