{"correlation": -0.05632019199475026, "p_value": 5.570088750564192e-71}