{"correlation": 0.08942934523037634, "p_value": 1.9821541298864833e-176}