{"correlation": 0.05409385837443519, "p_value": 1.2911980168459998e-65}