{"correlation": -0.06787058280822258, "p_value": 2.7086463967166752e-102}