{"correlation": 0.014494700955092275, "p_value": 4.625761131592824e-06}