{"correlation": -0.0024855938826145183, "p_value": 0.4321385714044377}