{"correlation": -0.06627529333291181, "p_value": 1.274604167624726e-97}