{"correlation": -0.023500501615999925, "p_value": 1.10234583894691e-13}