{"correlation": -0.009316632552078425, "p_value": 0.0032352770356978496}