{"correlation": 0.11850616312142506, "p_value": 3.826931296416475e-309}