{"correlation": 0.06890622138953882, "p_value": 2.185589399530236e-105}