{"correlation": 0.05743296108950724, "p_value": 9.61968099717607e-74}