{"correlation": 0.07691841348720607, "p_value": 6.544647914555182e-131}