{"correlation": 0.03694036870621682, "p_value": 1.6424954077751195e-31}