{"correlation": 0.0019609153302400243, "p_value": 0.5354423782451179}