{"correlation": 0.06296534975273181, "p_value": 2.7817539789998243e-88}