{"correlation": 0.058401887913375285, "p_value": 3.416099399078058e-76}