{"correlation": 0.09347720572732059, "p_value": 1.2155054378445249e-192}