{"correlation": 0.059095427754002644, "p_value": 5.687743755079576e-78}