{"correlation": 0.05662441179716472, "p_value": 9.906905247410645e-72}