{"correlation": 0.1194087595125564, "p_value": 7.1664514515e-314}