{"correlation": 0.06804531922744636, "p_value": 8.206569326445782e-103}