{"correlation": -0.11035623505140955, "p_value": 4.024895137524593e-268}