{"correlation": -0.034946731131061094, "p_value": 2.2468927587476984e-28}