{"correlation": 0.09226097241063325, "p_value": 1.0777015981321012e-187}