{"correlation": 0.1148366922923872, "p_value": 2.6512713823087164e-290}