{"correlation": -0.04269438920304745, "p_value": 1.582943583121195e-41}