{"correlation": 0.10049016462159756, "p_value": 1.8639087563862213e-222}