{"correlation": 0.033567090598485, "p_value": 2.6380730656361544e-26}