{"correlation": 0.09506226384653323, "p_value": 3.4501958976767957e-199}