{"correlation": 0.11599047680769466, "p_value": 3.672533668493526e-296}