{"correlation": 0.019949916257369103, "p_value": 2.8724421128341065e-10}