{"correlation": 0.049245256646797964, "p_value": 1.115915531695555e-54}