{"correlation": -0.008540187013040927, "p_value": 0.006953723997842025}