{"correlation": 0.06931028968999967, "p_value": 1.3181072792319937e-106}