{"correlation": 0.09851931889328552, "p_value": 7.424443128187238e-214}