{"correlation": 0.0229334685351935, "p_value": 4.2064872450185325e-13}