{"correlation": 0.10076193760695622, "p_value": 1.1772600743183357e-223}