{"correlation": 0.11343584307468021, "p_value": 2.855969385208465e-283}