{"correlation": 0.003039459743383763, "p_value": 0.33676353967656447}