{"correlation": 0.017412952255904994, "p_value": 3.722611051522612e-08}