{"correlation": -0.11991844741485133, "p_value": 1.4771297e-316}