{"correlation": -0.025947251739754398, "p_value": 2.3713744179616677e-16}