{"correlation": 0.06024538468747927, "p_value": 5.74813016011855e-81}