{"correlation": 0.10245554211636877, "p_value": 3.3209117446299744e-231}