{"correlation": -0.03357710399714384, "p_value": 2.5501221883017748e-26}