{"correlation": 0.08938255818883355, "p_value": 3.0218541524959118e-176}