{"correlation": 0.11958252217165705, "p_value": 8.728780837e-315}