{"correlation": 0.07075067417173075, "p_value": 5.176356656547985e-111}