{"correlation": 0.0055037167060710155, "p_value": 0.08196731463553106}