{"correlation": 0.09737924377734715, "p_value": 5.841318618230697e-209}