{"correlation": 0.0841943090376983, "p_value": 1.5356579155686894e-156}