{"correlation": 0.10336562007400503, "p_value": 2.5787117244526412e-235}