{"correlation": 0.04667182146413661, "p_value": 2.73269364325481e-49}