{"correlation": 0.025398154472426496, "p_value": 9.90616735532741e-16}