{"correlation": -0.09615251988405905, "p_value": 9.326787790929181e-204}