{"correlation": 0.05053181452750998, "p_value": 1.7597355156486054e-57}