{"correlation": -0.034868171494430375, "p_value": 2.9623925619103106e-28}