{"correlation": 0.09787050206906739, "p_value": 4.613160434907086e-211}