{"correlation": 0.08424774912676941, "p_value": 9.75877140886101e-157}