{"correlation": 0.03467809147240853, "p_value": 5.768105947792348e-28}