{"correlation": 0.10395919217186698, "p_value": 5.139240366017302e-238}