{"correlation": 0.07198766048978415, "p_value": 7.2026157813924245e-115}