{"correlation": 0.005118038961029632, "p_value": 0.10577188336819905}