{"correlation": 0.1087086464835144, "p_value": 3.4223421347549384e-260}