{"correlation": 0.06729791287037558, "p_value": 1.3272609883305228e-100}