{"correlation": 0.05588030341489963, "p_value": 6.653876824459539e-70}