{"correlation": 0.06239046160071809, "p_value": 1.0409674519579237e-86}