{"correlation": 0.11003866370045266, "p_value": 1.3888746551400256e-266}