{"correlation": 0.08170213643733955, "p_value": 1.6918904133713487e-147}