{"correlation": 0.016265193164860196, "p_value": 2.736875114768034e-07}