{"correlation": 0.11318210134955371, "p_value": 5.2490809376861e-282}