{"correlation": 0.10916883207322728, "p_value": 2.1468538344630254e-262}