{"correlation": 0.07316185493865755, "p_value": 1.362926073835728e-118}