{"correlation": 0.08636071374732336, "p_value": 1.267318524831423e-164}