{"correlation": 0.07692631953638983, "p_value": 6.156091031269577e-131}