{"correlation": 0.11051873187414088, "p_value": 6.54748839801041e-269}