{"correlation": 0.018278832915583396, "p_value": 7.593389070608103e-09}