{"correlation": 0.09650952413396419, "p_value": 2.899989634837321e-205}