{"correlation": 0.06734805798042119, "p_value": 9.452151122275363e-101}