{"correlation": 0.09124021927874339, "p_value": 1.3622581291062777e-183}