{"correlation": -0.06276677852072449, "p_value": 9.757150414310918e-88}