{"correlation": 0.028854206685232486, "p_value": 7.453369354238196e-20}