{"correlation": 0.08779234615578381, "p_value": 4.436232324369372e-170}