{"correlation": 0.06960569352706333, "p_value": 1.6741047964330177e-107}