{"correlation": 0.08562231535447039, "p_value": 7.609970631184634e-162}