{"correlation": 0.06228276282336528, "p_value": 2.0442492072542437e-86}