{"correlation": 0.051888934812938096, "p_value": 1.6272727673259438e-60}