{"correlation": 0.11042092379008162, "p_value": 1.9540218473014314e-268}