{"correlation": -0.005901447537256325, "p_value": 0.06216966622306717}