{"correlation": -0.0012098370201605946, "p_value": 0.7022005057568989}