{"correlation": -0.020778455305365335, "p_value": 5.118744512919307e-11}