{"correlation": -0.040693330650290224, "p_value": 7.004872021567163e-38}