{"correlation": -0.060530241960255665, "p_value": 1.0199823267586735e-81}