{"correlation": 0.057513960273901404, "p_value": 6.0249077433068166e-74}