{"correlation": -0.016371063652680425, "p_value": 2.289071683953543e-07}