{"correlation": 0.07618323391445818, "p_value": 1.886359151691824e-128}