{"correlation": 0.09557975439943625, "p_value": 2.3778683284794968e-201}