{"correlation": 0.04564619346088062, "p_value": 3.1921671288625906e-47}