{"correlation": 0.00775380456169959, "p_value": 0.014265197758296256}