{"correlation": 0.029427724318897976, "p_value": 1.37539551574488e-20}