{"correlation": 0.07832068756996119, "p_value": 1.1432367079155177e-135}