{"correlation": 0.008152276772007801, "p_value": 0.00998199241769403}