{"correlation": 0.09737030809569842, "p_value": 6.377561195705077e-209}