{"correlation": 0.09450153540377122, "p_value": 7.356201387838747e-197}