{"correlation": 0.10694202856845944, "p_value": 7.967602504295654e-252}