{"correlation": -0.11121474229009064, "p_value": 2.6579479747214237e-272}