{"correlation": 0.11148502665312703, "p_value": 1.2636520918034482e-273}