{"correlation": 0.053124364772807936, "p_value": 2.3974476976364448e-63}