{"correlation": -0.02551710939967913, "p_value": 7.286026930784667e-16}