{"correlation": -0.08943833562179034, "p_value": 1.8278294668252907e-176}