{"correlation": 0.11094223618959644, "p_value": 5.688697725025609e-271}