{"correlation": 0.09196645235791892, "p_value": 1.6624198815378156e-186}