{"correlation": 0.10392451538068259, "p_value": 7.397714086072335e-238}