{"correlation": 0.030038669141825115, "p_value": 2.193015327747819e-21}