{"correlation": 0.03354004540782285, "p_value": 2.890934084817618e-26}