{"correlation": -0.10923673713491346, "p_value": 1.0138944031168407e-262}