{"correlation": 0.06857248872734592, "p_value": 2.1952460183565863e-104}