{"correlation": 0.08633337246075308, "p_value": 1.6076743107685528e-164}