{"correlation": 0.07925860269520923, "p_value": 6.721911689147471e-139}