{"correlation": -0.04747703700492941, "p_value": 6.04465907754028e-51}