{"correlation": 0.03882127710437639, "p_value": 1.256502270920393e-34}