{"correlation": 0.1170478940719442, "p_value": 1.3900438382908449e-301}