{"correlation": 0.0692356910648928, "p_value": 2.2164342986780786e-106}