{"correlation": -0.03255715324484927, "p_value": 7.661089376943184e-25}