{"correlation": 0.015372374722969965, "p_value": 1.1827559826164688e-06}