{"correlation": 0.0974865963485522, "p_value": 2.0322481538615915e-209}