{"correlation": 0.008016138108402083, "p_value": 0.011295368025883093}