{"correlation": -0.07442620064763138, "p_value": 1.1423050605416002e-122}