{"correlation": 0.04180246132656746, "p_value": 7.014705659718997e-40}