{"correlation": 0.07527699204493409, "p_value": 1.8833169818062925e-125}