{"correlation": 1.0243376950909563e-05, "p_value": 0.9974170353421737}