{"correlation": 0.012607332905077703, "p_value": 6.761542472627502e-05}