{"correlation": 0.11267922628761741, "p_value": 1.648963659466383e-279}