{"correlation": 0.10497678200511605, "p_value": 1.108127029454689e-242}