{"correlation": 0.029737293893830848, "p_value": 5.44997476183959e-21}