{"correlation": 0.05182100186192325, "p_value": 2.3186715857989464e-60}