{"correlation": 0.1144011217563311, "p_value": 4.163957341056567e-288}