{"correlation": 0.09730174505530495, "p_value": 1.2508671660038095e-208}