{"correlation": 0.08638600730882579, "p_value": 1.0169077935041723e-164}