{"correlation": 0.09058065905002219, "p_value": 5.754349482626444e-181}