{"correlation": -0.06706635608341521, "p_value": 6.343046799056917e-100}