{"correlation": 0.021852169661277954, "p_value": 4.954000781504327e-12}