{"correlation": 0.08253118421781551, "p_value": 1.7820174929802356e-150}