{"correlation": -0.05451021503490731, "p_value": 1.330686639123152e-66}