{"correlation": -0.019203574994577324, "p_value": 1.2825080776953033e-09}