{"correlation": 0.07513927013120485, "p_value": 5.340245837544922e-125}