{"correlation": -0.021895749735045402, "p_value": 4.495252510276774e-12}