{"correlation": 0.058798389775703404, "p_value": 3.3057565828874574e-77}