{"correlation": 0.059265548184220494, "p_value": 2.0675374082761297e-78}