{"correlation": 0.038024712032237395, "p_value": 2.7391980593893357e-33}