{"correlation": 0.06751316294728016, "p_value": 3.0856417234417875e-101}