{"correlation": 0.11618347076367383, "p_value": 3.794458589309561e-297}