{"correlation": 0.08186301700082114, "p_value": 4.497361843988493e-148}