{"correlation": 0.11737311653833685, "p_value": 2.919356605635837e-303}