{"correlation": 0.043138683627414694, "p_value": 2.324868295639125e-42}