{"correlation": -0.0881178598024312, "p_value": 2.4764105471303e-171}