{"correlation": -0.026263878431686243, "p_value": 1.0258677448115889e-16}