{"correlation": 0.04316214089058427, "p_value": 2.0997962118899873e-42}