{"correlation": 0.08914552834564417, "p_value": 2.550201157056629e-175}