{"correlation": 0.0921685526935839, "p_value": 2.545547996902637e-187}