{"correlation": 0.1031139566144054, "p_value": 3.561277637115255e-234}