{"correlation": 0.06914568479209195, "p_value": 4.146204480139849e-106}