{"correlation": 0.11302526244317845, "p_value": 3.1631571347677904e-281}