{"correlation": 0.10804993284424008, "p_value": 4.682545412870815e-257}