{"correlation": -0.0003477553609232361, "p_value": 0.9124862420687564}