{"correlation": 0.1059742988164525, "p_value": 2.6625842518527317e-247}