{"correlation": 0.09855262406416597, "p_value": 5.330515844653564e-214}