{"correlation": 0.00030959306241926533, "p_value": 0.9220574136566397}