{"correlation": 0.06753144723762618, "p_value": 2.7253991689664144e-101}