{"correlation": -0.09798196705349653, "p_value": 1.5326642200747412e-211}