{"correlation": -0.030640735745290647, "p_value": 3.4635868300619964e-22}