{"correlation": 0.04568798455963992, "p_value": 2.6347235952726583e-47}