{"correlation": 0.09596757331890848, "p_value": 5.602432695751795e-203}