{"correlation": 0.06134053722845945, "p_value": 7.130216124207507e-84}