{"correlation": 0.08648331611889609, "p_value": 4.357235026570421e-165}