{"correlation": 0.03363512891796439, "p_value": 2.0948050873462652e-26}