{"correlation": 0.017217941933440225, "p_value": 5.271942450332721e-08}