{"correlation": 0.10717715471175132, "p_value": 6.248990597446688e-253}