{"correlation": 0.042385043322797404, "p_value": 5.948974851512349e-41}