{"correlation": 0.03666312309573144, "p_value": 4.591021239207677e-31}