{"correlation": 0.004381460414918565, "p_value": 0.16614296076080662}