{"correlation": 0.10125303332842875, "p_value": 7.850610482518708e-226}