{"correlation": 0.05729157395112117, "p_value": 2.17362785425684e-73}