{"correlation": 0.07666287022680257, "p_value": 4.716013539079245e-130}