{"correlation": -0.0660118228510342, "p_value": 7.350940749721211e-97}