{"correlation": -0.03792646159997001, "p_value": 3.9885038527890246e-33}