{"correlation": 0.10669511242365128, "p_value": 1.147123786742213e-250}