{"correlation": -0.00745907693987229, "p_value": 0.01840506480738961}