{"correlation": 0.10463366421139648, "p_value": 4.199420486688667e-241}