{"correlation": 0.08991119024864573, "p_value": 2.543455800667112e-178}