{"correlation": -0.004517057282233277, "p_value": 0.15341906590387933}