{"correlation": 0.005808558190042069, "p_value": 0.06639809404267745}