{"correlation": 0.08263082870067806, "p_value": 7.780388315793891e-151}