{"correlation": 0.08541966920629875, "p_value": 4.362056013024112e-161}