{"correlation": 0.0808314028050521, "p_value": 2.1030119294893274e-144}