{"correlation": 0.09142524270295088, "p_value": 2.4785789197400294e-184}