{"correlation": 0.09835426816088932, "p_value": 3.828543151488364e-213}