{"correlation": 0.017560256617497324, "p_value": 2.8551583822613255e-08}