{"correlation": -0.0729774233046637, "p_value": 5.287673632680011e-118}