{"correlation": 0.05062179435966159, "p_value": 1.1137067131573672e-57}