{"correlation": 0.07962288382047734, "p_value": 3.6497372804158496e-140}