{"correlation": 0.11938735887769819, "p_value": 9.285840551e-314}