{"correlation": 0.020822640844021918, "p_value": 4.660098690725098e-11}