{"correlation": 0.052430660615451555, "p_value": 9.505338065313017e-62}