{"correlation": -0.07671022842168769, "p_value": 3.2722190791188164e-130}