{"correlation": 0.11130411067441652, "p_value": 9.716113944885504e-273}