{"correlation": 0.04765597963817056, "p_value": 2.5686491461366033e-51}