{"correlation": -0.012236220198051026, "p_value": 0.0001100804279609637}