{"correlation": 0.01642420227135401, "p_value": 2.0918705536945835e-07}