{"correlation": 0.10751142371703638, "p_value": 1.659097616146816e-254}