{"correlation": 0.02538155996862253, "p_value": 1.0338777217834366e-15}