{"correlation": -0.01839924752467904, "p_value": 6.052182578847042e-09}