{"correlation": 0.11427957318344362, "p_value": 1.7013794101795035e-287}