{"correlation": 0.008592770498684999, "p_value": 0.006614150904091224}