{"correlation": -0.005085958861241067, "p_value": 0.10797663592372903}