{"correlation": -0.03571659741594794, "p_value": 1.448471220486233e-29}