{"correlation": 0.03512864799889674, "p_value": 1.181791745300053e-28}