{"correlation": -0.008956480489663798, "p_value": 0.004645737951480072}