{"correlation": 0.019840627868889432, "p_value": 3.5882434830426217e-10}