{"correlation": 0.06483180612443637, "p_value": 1.7265588409211864e-93}