{"correlation": 0.07288534631251951, "p_value": 1.0391004801695032e-117}