{"correlation": 0.02225160607439781, "p_value": 2.018925822318715e-12}