{"correlation": 0.029731981828531092, "p_value": 5.5376812975379134e-21}