{"correlation": 0.06821331736900361, "p_value": 2.5960050324114863e-103}