{"correlation": 0.07676889523931484, "p_value": 2.080027036322818e-130}