{"correlation": 0.1148863664882715, "p_value": 1.487524711592317e-290}