{"correlation": 0.0365179576743006, "p_value": 7.840081451773262e-31}