{"correlation": 0.03364087323081946, "p_value": 2.054374532767324e-26}