{"correlation": 0.039254557850574946, "p_value": 2.2887125083113073e-35}