{"correlation": 0.07860564906297174, "p_value": 1.2041837607663845e-136}