{"correlation": -0.01825932895853827, "p_value": 7.876551550921369e-09}