{"correlation": -0.005045847942117712, "p_value": 0.11078432087018478}