{"correlation": 0.04555107782475032, "p_value": 4.937496676477422e-47}