{"correlation": 0.06272529145563858, "p_value": 1.2675688236010391e-87}