{"correlation": -0.08493622170847093, "p_value": 2.7632735929837887e-159}