{"correlation": 0.103918717000356, "p_value": 7.862216826300648e-238}