{"correlation": -0.04301605255419459, "p_value": 3.955410287051611e-42}