{"correlation": 0.10930547381944111, "p_value": 4.742221751777099e-263}