{"correlation": -0.0009187823917754712, "p_value": 0.7715347180366908}