{"correlation": 0.0680263276295655, "p_value": 9.34524471573426e-103}