{"correlation": -0.10221731284702515, "p_value": 3.8991249494747053e-230}