{"correlation": 0.06416834937932285, "p_value": 1.2752941644280138e-91}