{"correlation": 0.0658055118371488, "p_value": 2.8846617602862335e-96}