{"correlation": -0.04310025501825165, "p_value": 2.746576330844839e-42}