{"correlation": 0.11419569291079526, "p_value": 4.4901968082036414e-287}