{"correlation": -0.039926078681308735, "p_value": 1.5750676224830474e-36}