{"correlation": -0.08993196952549892, "p_value": 2.1067519830516424e-178}