{"correlation": 0.09639879177165844, "p_value": 8.521887305168594e-205}