{"correlation": 0.07203678142945731, "p_value": 5.046123255574303e-115}