{"correlation": 0.12018795747082407, "p_value": 5.551855e-318}