{"correlation": -0.0155607014128663, "p_value": 8.741803296791015e-07}