{"correlation": 0.08878332985976871, "p_value": 6.564675754177395e-174}