{"correlation": 0.10553372469748172, "p_value": 2.9580504406020193e-245}