{"correlation": 0.029942419572589113, "p_value": 2.935820554866525e-21}