{"correlation": -0.06037887697475148, "p_value": 2.558935197217877e-81}