{"correlation": 0.06300894603367417, "p_value": 2.1107265550163803e-88}