{"correlation": -0.06217721501829161, "p_value": 3.956253672207777e-86}