{"correlation": 0.00232382058293257, "p_value": 0.4626982712517264}