{"correlation": 0.04360733619532553, "p_value": 3.0086786092301265e-43}