{"correlation": 0.10425993380311949, "p_value": 2.1708541905150664e-239}