{"correlation": -0.09259411656407435, "p_value": 4.828140895810221e-189}