{"correlation": 0.019062332268279098, "p_value": 1.691901703108089e-09}