{"correlation": -0.0408372374747266, "p_value": 3.8814598570419837e-38}