{"correlation": 0.07647853293493681, "p_value": 1.9520265313225115e-129}