{"correlation": 0.05912599199195324, "p_value": 4.743228444500615e-78}