{"correlation": -0.0280853274902936, "p_value": 6.824822533036484e-19}