{"correlation": 0.05562386555913563, "p_value": 2.799951211065182e-69}