{"correlation": 0.043860075987927065, "p_value": 9.89731045766591e-44}