{"correlation": 0.11162341688093991, "p_value": 2.648488129890524e-274}