{"correlation": -0.017045566989952732, "p_value": 7.148528179955083e-08}