{"correlation": 0.1185928578127904, "p_value": 1.35010579424745e-309}