{"correlation": 0.018385222855339518, "p_value": 6.214677872570886e-09}