{"correlation": 0.08765956182707003, "p_value": 1.4350604466420323e-169}