{"correlation": 0.05136390030396017, "p_value": 2.4816800838967047e-59}