{"correlation": 0.08111279995813443, "p_value": 2.120594562080404e-145}