{"correlation": 0.07188001237172993, "p_value": 1.5695516623457775e-114}