{"correlation": 0.054200712640370165, "p_value": 7.2182270904601e-66}