{"correlation": 0.07320293115359718, "p_value": 1.0072423165558895e-118}