{"correlation": 0.11508356398903509, "p_value": 1.4961730861071658e-291}