{"correlation": -0.003342399943438247, "p_value": 0.29082189575984385}