{"correlation": 0.06042973002536178, "p_value": 1.8791654338768075e-81}