{"correlation": 0.0727329131578338, "p_value": 3.173574372450367e-117}