{"correlation": -0.0028190449928225943, "p_value": 0.37297190551053316}