{"correlation": -0.07760039707703163, "p_value": 3.2570731035106013e-133}