{"correlation": 0.08870712640175492, "p_value": 1.2979517711706697e-173}