{"correlation": -0.014630258873385074, "p_value": 3.7653683936574064e-06}