{"correlation": 0.07016950797879488, "p_value": 3.1819706748965287e-109}