{"correlation": 0.0647447183889233, "p_value": 3.0446538574438437e-93}