{"correlation": 0.08807432610459442, "p_value": 3.6449765877859626e-171}