{"correlation": 0.061815128877866554, "p_value": 3.77821981288563e-85}