{"correlation": 0.1150406678915174, "p_value": 2.4666756902425615e-291}