{"correlation": 0.03058740555739038, "p_value": 4.084634237231629e-22}