{"correlation": 0.11430169880357946, "p_value": 1.316970591237786e-287}