{"correlation": 0.045120778125185106, "p_value": 3.5118069528883715e-46}