{"correlation": -0.03281823013306335, "p_value": 3.2382435347772756e-25}