{"correlation": -0.007116513702011631, "p_value": 0.024506125069332703}