{"correlation": 0.08511886993685217, "p_value": 5.780147230686128e-160}