{"correlation": -0.07291230250420608, "p_value": 8.527138337367965e-118}