{"correlation": 0.056385464106666255, "p_value": 3.848593564734691e-71}