{"correlation": -0.03939936826244253, "p_value": 1.2900307402859084e-35}