{"correlation": 0.10414240057347458, "p_value": 7.485008392135972e-239}