{"correlation": 0.09786431424080692, "p_value": 4.9039774817050205e-211}