{"correlation": 0.03925913836536986, "p_value": 2.2476530977746294e-35}