{"correlation": 0.095423365104691, "p_value": 1.0732795572673053e-200}