{"correlation": 0.11796087606926907, "p_value": 2.636694578085507e-306}