{"correlation": 0.09694063615975171, "p_value": 4.31116005982489e-207}