{"correlation": 0.11662704679987107, "p_value": 2.0276044822926099e-299}