{"correlation": 0.11045482222217887, "p_value": 1.337834738383016e-268}