{"correlation": 0.04055172520074764, "p_value": 1.2497660838887907e-37}