{"correlation": 0.09012564335953994, "p_value": 3.632217260883777e-179}