{"correlation": 0.10316058630740581, "p_value": 2.1905652006478603e-234}