{"correlation": 0.08006943369953602, "p_value": 1.0076289967334387e-141}