{"correlation": 0.04011291437141355, "p_value": 7.420682465107139e-37}