{"correlation": 0.02401476859784498, "p_value": 3.1838731240186696e-14}