{"correlation": 0.026989909978285046, "p_value": 1.4467922490758607e-17}