{"correlation": 0.042158524569106647, "p_value": 1.5589657350121545e-40}