{"correlation": 0.08006270947595301, "p_value": 1.0637535935683547e-141}