{"correlation": -0.018942500857475186, "p_value": 2.136919690313291e-09}