{"correlation": -0.07015876497252313, "p_value": 3.432578908401624e-109}