{"correlation": 0.04178051357446739, "p_value": 7.692918956948031e-40}