{"correlation": 0.03227166695635284, "p_value": 1.9492712148645543e-24}