{"correlation": 0.06344758627167678, "p_value": 1.2988834561196566e-89}