{"correlation": 0.10027336728355048, "p_value": 1.678647234457397e-221}