{"correlation": -0.0196654989251629, "p_value": 5.112930668012667e-10}