{"correlation": 0.11987563853850668, "p_value": 2.48576136e-316}