{"correlation": 0.03251430565125, "p_value": 8.81834277990956e-25}