{"correlation": 0.03654254555392859, "p_value": 7.161751292554067e-31}