{"correlation": 0.05643799961658517, "p_value": 2.8571767044621843e-71}