{"correlation": 0.11181464136063753, "p_value": 3.046948059814414e-275}