{"correlation": 0.08877125417820841, "p_value": 7.313809792474275e-174}