{"correlation": 0.10541230532481512, "p_value": 1.0795897079999112e-244}