{"correlation": -0.008652300215989485, "p_value": 0.006247774033992902}