{"correlation": -0.016616622046781094, "p_value": 1.506145166536506e-07}