{"correlation": 0.055640153401161255, "p_value": 2.5562138852743673e-69}