{"correlation": 0.01387447810696888, "p_value": 1.159644426717107e-05}