{"correlation": 0.07448656649910841, "p_value": 7.267442400859712e-123}