{"correlation": 0.0669717616788308, "p_value": 1.199892449803642e-99}