{"correlation": 0.0997693505585459, "p_value": 2.7288310183403976e-219}