{"correlation": 0.10757866121110228, "p_value": 7.984904632452732e-255}