{"correlation": -0.01871033257429106, "p_value": 3.3461100203600893e-09}