{"correlation": 0.0682397607954502, "p_value": 2.1652786258443314e-103}