{"correlation": -0.07776885813802042, "p_value": 8.725210381702447e-134}