{"correlation": 0.056588375794986594, "p_value": 1.2161310366060494e-71}