{"correlation": -0.013277287624114778, "p_value": 2.7133417644139357e-05}