{"correlation": 0.0553173388274305, "p_value": 1.5465304643073718e-68}