{"correlation": 0.07614048768143593, "p_value": 2.617643421642676e-128}