{"correlation": 0.09058458421438909, "p_value": 5.551714682715487e-181}