{"correlation": -0.029100529858257493, "p_value": 3.6213323388281496e-20}