{"correlation": 0.08455155484598285, "p_value": 7.372679065293844e-158}