{"correlation": 0.11901249468359171, "p_value": 8.61719394893e-312}