{"correlation": 0.08164604693932852, "p_value": 2.683589950956188e-147}