{"correlation": 0.0740297019653668, "p_value": 2.207010903591066e-121}