{"correlation": 0.10689747759958453, "p_value": 1.2897877901519976e-251}