{"correlation": 0.02314775967526779, "p_value": 2.545289741282467e-13}