{"correlation": 0.06256308141098195, "p_value": 3.5204813587016094e-87}