{"correlation": 0.07250229100398711, "p_value": 1.710868483498463e-116}