{"correlation": 0.09947253131393001, "p_value": 5.404484665093722e-218}