{"correlation": -0.06330478081187692, "p_value": 3.226325970357798e-89}