{"correlation": 0.11898082587334673, "p_value": 1.262682963947e-311}