{"correlation": 0.1180248134926657, "p_value": 1.2273327972707715e-306}