{"correlation": 0.01775334411713772, "p_value": 2.010086171174889e-08}