{"correlation": 0.10998260438234726, "p_value": 2.5922193576134293e-266}