{"correlation": 0.10178676915583515, "p_value": 3.294424838839294e-228}