{"correlation": 0.09902593376626154, "p_value": 4.747771525008235e-216}