{"correlation": 0.05919883087582535, "p_value": 3.0758183644006096e-78}