{"correlation": -0.08232829506231291, "p_value": 9.602409803571586e-150}