{"correlation": 0.01372896523542644, "p_value": 1.4310242153158318e-05}