{"correlation": 0.02521636578445293, "p_value": 1.5798692434901523e-15}