{"correlation": 0.033996938964494725, "p_value": 6.09890412838115e-27}