{"correlation": 0.02202816476444725, "p_value": 3.342177753325863e-12}