{"correlation": 0.07643399549823332, "p_value": 2.749868225473509e-129}