{"correlation": 0.079822610612316, "p_value": 7.346471721342307e-141}