{"correlation": 0.07537319685629477, "p_value": 9.083231541540537e-126}