{"correlation": 0.0617812306487793, "p_value": 4.663807486726487e-85}