{"correlation": 0.08134993873638972, "p_value": 3.0483831920705977e-146}