{"correlation": 0.07347794814536147, "p_value": 1.3239564909611447e-119}