{"correlation": 0.08956485123134188, "p_value": 5.836940023477748e-177}