{"correlation": 0.00712391578956602, "p_value": 0.024357710824821095}