{"correlation": 0.08748103007938877, "p_value": 6.936682312076343e-169}