{"correlation": 0.07517869190077489, "p_value": 3.963535190594677e-125}