{"correlation": -0.03797062687889681, "p_value": 3.369042537403186e-33}