{"correlation": 0.06031802025971027, "p_value": 3.701549217042572e-81}