{"correlation": 0.1186958293075327, "p_value": 3.9128243285577e-310}