{"correlation": 0.10334720973767113, "p_value": 3.1254313179337456e-235}