{"correlation": 0.09220761793199618, "p_value": 1.7702855104309828e-187}