{"correlation": -0.021693191743734304, "p_value": 7.050508823317027e-12}