{"correlation": 0.005319524560554282, "p_value": 0.09272969970073754}