{"correlation": -0.045014517272974765, "p_value": 5.68455304725094e-46}