{"correlation": 0.05701274873863955, "p_value": 1.078418633140944e-72}