{"correlation": 0.07348386767036896, "p_value": 1.2672686395755527e-119}