{"correlation": 0.09684751593173259, "p_value": 1.0717683936924459e-206}