{"correlation": -0.07585898084501436, "p_value": 2.2538741332660375e-127}