{"correlation": 0.03984327470780259, "p_value": 2.196215991856801e-36}