{"correlation": -0.024935082536302732, "p_value": 3.2321764989062055e-15}