{"correlation": 0.12003426285336145, "p_value": 3.609695e-317}