{"correlation": 0.03939874450361903, "p_value": 1.2932262627910473e-35}