{"correlation": 0.1139183751713953, "p_value": 1.1051379485853822e-285}