{"correlation": 0.08244418934097322, "p_value": 3.670912388727826e-150}