{"correlation": 0.10759810864365059, "p_value": 6.462049103954034e-255}