{"correlation": 0.05485642088527882, "p_value": 1.9846484269978526e-67}