{"correlation": 0.08078726614465366, "p_value": 3.0116571961811745e-144}