{"correlation": 0.055852771745191925, "p_value": 7.766302115674962e-70}