{"correlation": 0.07245177006295413, "p_value": 2.4727836765375358e-116}