{"correlation": 0.013331157980907633, "p_value": 2.516578443758279e-05}