{"correlation": 0.07622841075657966, "p_value": 1.334013371748686e-128}