{"correlation": 0.12032045790441245, "p_value": 1.10322e-318}