{"correlation": 0.09833701790156321, "p_value": 4.543773097032458e-213}