{"correlation": 0.10605136051364006, "p_value": 1.165712605795402e-247}