{"correlation": 0.04619860515006824, "p_value": 2.4899809785945783e-48}