{"correlation": 0.0453908072047498, "p_value": 1.0275287217429599e-46}