{"correlation": -0.035522052164108565, "p_value": 2.9121315201228985e-29}