{"correlation": -0.02625876270393447, "p_value": 1.0399326301388716e-16}