{"correlation": 0.09928994249190168, "p_value": 3.3768763647342334e-217}