{"correlation": 0.06478508607491096, "p_value": 2.340916185857889e-93}