{"correlation": 0.043283233964479785, "p_value": 1.2402661424474222e-42}