{"correlation": 0.07029325150147335, "p_value": 1.3276718549953123e-109}