{"correlation": 0.07627481678602302, "p_value": 9.343475658112914e-129}