{"correlation": 0.07263779428231977, "p_value": 6.362161581254425e-117}