{"correlation": 0.005768937894776957, "p_value": 0.06827236106980107}