{"correlation": 0.08600406168992991, "p_value": 2.8050227419464663e-163}