{"correlation": 0.11897444318161068, "p_value": 1.363737822014e-311}