{"correlation": 0.06542244427450714, "p_value": 3.610715562982303e-95}