{"correlation": 0.07951901053696558, "p_value": 8.3875305049911135e-140}