{"correlation": -0.08888996738102997, "p_value": 2.5263949944501603e-174}