{"correlation": 0.02521070169500405, "p_value": 1.6029298645407765e-15}