{"correlation": 0.03588838700691065, "p_value": 7.793374137877005e-30}