{"correlation": 0.10593194310391976, "p_value": 4.191313541692054e-247}