{"correlation": -0.04142886402577363, "p_value": 3.353024831568066e-39}