{"correlation": 0.09840507593521182, "p_value": 2.3113907816604292e-213}