{"correlation": 0.07501209128666839, "p_value": 1.3957455752140048e-124}