{"correlation": 0.08712344398872927, "p_value": 1.6123860683597494e-167}