{"correlation": 0.07812884263504302, "p_value": 5.178021165552964e-135}