{"correlation": -0.018495104070919175, "p_value": 5.047114926885214e-09}