{"correlation": 0.11222959834094329, "p_value": 2.756047986809231e-277}