{"correlation": 0.03064892082227029, "p_value": 3.376929282292012e-22}