{"correlation": -0.0035733688696842508, "p_value": 0.2587648163476259}