{"correlation": 0.014863395075948896, "p_value": 2.6320869490740635e-06}