{"correlation": 0.0828068526101243, "p_value": 1.7953096346375488e-151}