{"correlation": 0.1154090185611326, "p_value": 3.3488946066648586e-293}