{"correlation": 0.054251570370956015, "p_value": 5.470758518018136e-66}