{"correlation": -0.042827098533150657, "p_value": 8.943922116179777e-42}