{"correlation": 0.08120805871889215, "p_value": 9.735729472118916e-146}