{"correlation": -0.11136717742172637, "p_value": 4.773643496748784e-273}