{"correlation": 0.09595146971740656, "p_value": 6.547905351568226e-203}