{"correlation": 0.047357049761324696, "p_value": 1.0710447279013292e-50}