{"correlation": 0.06777867890290143, "p_value": 5.069570212635601e-102}