{"correlation": -0.06351886607744851, "p_value": 8.241516053232301e-90}