{"correlation": -0.05621507382263093, "p_value": 1.0093616936430806e-70}