{"correlation": 0.021192745457722095, "p_value": 2.1069332757206235e-11}