{"correlation": 0.039603131281551227, "p_value": 5.737279109863911e-36}