{"correlation": 0.03158036471746039, "p_value": 1.808956381756773e-23}