{"correlation": -0.0016619476386615538, "p_value": 0.5994198503599086}