{"correlation": 0.07565006785426863, "p_value": 1.1080843991289676e-126}