{"correlation": 0.0019060712320934764, "p_value": 0.5469166204841357}