{"correlation": 0.0010749325953851772, "p_value": 0.7340696091935768}