{"correlation": 0.1088844913165611, "p_value": 4.94111711996731e-261}