{"correlation": 0.06832496228917277, "p_value": 1.2062455314612533e-103}