{"correlation": 0.01984718040526172, "p_value": 3.5408096226147836e-10}