{"correlation": 0.10648548693060997, "p_value": 1.098541623577189e-249}