{"correlation": 0.04991027482904172, "p_value": 4.0568307134307295e-56}