{"correlation": 0.0898412507105459, "p_value": 4.793410911861931e-178}