{"correlation": 0.03826427620523405, "p_value": 1.0913753631011335e-33}