{"correlation": 0.09035905331031757, "p_value": 4.34392069832749e-180}