{"correlation": 0.08003387564857405, "p_value": 1.3420256565955758e-141}