{"correlation": 0.08154474979789357, "p_value": 6.168552744096425e-147}