{"correlation": -0.10453032718591852, "p_value": 1.2519418302550216e-240}