{"correlation": 0.0771097856495937, "p_value": 1.4848827107936883e-131}