{"correlation": -0.1178859311214728, "p_value": 6.457973905938624e-306}