{"correlation": 0.039171361532214434, "p_value": 3.1785615943852434e-35}