{"correlation": 0.06753839687152192, "p_value": 2.5997626433693657e-101}