{"correlation": 0.05807732895396673, "p_value": 2.283733549934437e-75}