{"correlation": 0.0604186404359416, "p_value": 2.0100958507554405e-81}