{"correlation": 0.01608618290426161, "p_value": 3.6930447123855124e-07}