{"correlation": 0.04644614124316235, "p_value": 7.860450227799794e-49}