{"correlation": -0.09472561481358763, "p_value": 8.66341328391184e-198}