{"correlation": 0.07552710209980422, "p_value": 2.8234081547813006e-126}