{"correlation": 0.052609045855733165, "p_value": 3.7067294909984793e-62}