{"correlation": 0.04966946934644841, "p_value": 1.3540604921329131e-55}