{"correlation": 0.014837854328336123, "p_value": 2.7380877815997986e-06}