{"correlation": 0.10988235243041218, "p_value": 7.906233177405428e-266}