{"correlation": 0.02828201494851179, "p_value": 3.8948160534816425e-19}