{"correlation": 0.050110461124530076, "p_value": 1.4828943106819509e-56}