{"correlation": 0.02395152865773777, "p_value": 3.714423652201956e-14}