{"correlation": 0.10120028557706076, "p_value": 1.3462854718992226e-225}