{"correlation": 0.04058852008906353, "p_value": 1.0754268714608221e-37}