{"correlation": 0.11934150819429498, "p_value": 1.6174033298e-313}