{"correlation": 0.06683862414698548, "p_value": 2.938487138060989e-99}