{"correlation": 0.05986757346558294, "p_value": 5.623786881469044e-80}