{"correlation": 0.04085448388914367, "p_value": 3.6158147716270364e-38}