{"correlation": 0.10320007594672607, "p_value": 1.4512655701717527e-234}