{"correlation": 0.06963715514747686, "p_value": 1.343109812761793e-107}