{"correlation": 0.0673171044053907, "p_value": 1.1655921469332675e-100}