{"correlation": 0.0844554001288852, "p_value": 1.6715064289209814e-157}