{"correlation": 0.05710652095598596, "p_value": 6.298353987484798e-73}