{"correlation": 0.06785523197059982, "p_value": 3.0077877861211588e-102}