{"correlation": 0.11972134300395466, "p_value": 1.619896966e-315}