{"correlation": 0.012514027239643625, "p_value": 7.652410583598132e-05}