{"correlation": 0.05412840230993505, "p_value": 1.0700369398496038e-65}