{"correlation": 0.11802747995688061, "p_value": 1.1887990227468158e-306}