{"correlation": 0.1017005782997488, "p_value": 7.989395978592591e-228}