{"correlation": 0.07891398679850523, "p_value": 1.0447952791114825e-137}