{"correlation": 0.052481869076377544, "p_value": 7.256144195170793e-62}