{"correlation": 0.08232969878941881, "p_value": 9.491299678638211e-150}