{"correlation": 0.020718949842956535, "p_value": 5.8067838115774905e-11}