{"correlation": 0.0016506372496824073, "p_value": 0.6019067400735822}