{"correlation": 0.11060582084539956, "p_value": 2.4711490816347798e-269}