{"correlation": 0.04709685384745488, "p_value": 3.6846603241065315e-50}