{"correlation": 0.057185991128200324, "p_value": 3.9901433720809153e-73}