{"correlation": 0.047199845769097755, "p_value": 2.2612782935661318e-50}