{"correlation": 0.05424565593611243, "p_value": 5.650060900866599e-66}