{"correlation": 0.04923756593263574, "p_value": 1.1592188437788733e-54}