{"correlation": -0.045741208062004095, "p_value": 2.0628763809598308e-47}