{"correlation": -0.1061165959071482, "p_value": 5.79057126907444e-248}