{"correlation": 0.07336639375982448, "p_value": 3.018130988794767e-119}