{"correlation": 0.057541046944026265, "p_value": 5.151474849881121e-74}