{"correlation": 0.09228366368837951, "p_value": 8.725503988362581e-188}