{"correlation": 0.11228581029207364, "p_value": 1.4549843391602216e-277}