{"correlation": 0.04878368595004478, "p_value": 1.0849120655321682e-53}