{"correlation": 0.08250170909004503, "p_value": 2.2766195580427143e-150}