{"correlation": 0.09899566168828561, "p_value": 6.425714469750045e-216}