{"correlation": 0.05864252264063766, "p_value": 8.294718776261984e-77}