{"correlation": -0.0383917589572699, "p_value": 6.672527254256232e-34}