{"correlation": 0.03027843065017958, "p_value": 1.0561444888023666e-21}