{"correlation": 0.023675876890111323, "p_value": 7.238608134626253e-14}