{"correlation": -0.016692127390015913, "p_value": 1.3226904163436849e-07}