{"correlation": 0.10218838388881403, "p_value": 5.256451879308566e-230}