{"correlation": 0.05659413677790667, "p_value": 1.176926133705759e-71}