{"correlation": -0.008176523104157507, "p_value": 0.009762907397822087}