{"correlation": 0.10930975546186084, "p_value": 4.522913620416326e-263}