{"correlation": 0.053185762519969634, "p_value": 1.7269707400181118e-63}