{"correlation": 0.02478109271850634, "p_value": 4.767045883837862e-15}