{"correlation": 0.07765131899954487, "p_value": 2.187970060847811e-133}