{"correlation": 0.026061193724214084, "p_value": 1.7560554891036408e-16}