{"correlation": -0.02124384479388096, "p_value": 1.8862304485074527e-11}