{"correlation": 0.06778197946181065, "p_value": 4.956799169350341e-102}