{"correlation": 0.11236193867418952, "p_value": 6.122200290807687e-278}