{"correlation": 0.03947125012224728, "p_value": 9.697661595360842e-36}