{"correlation": 0.06475095091868241, "p_value": 2.9236015966259257e-93}