{"correlation": 0.058204405223627756, "p_value": 1.0867562020605917e-75}