{"correlation": 0.041378967104357116, "p_value": 4.1278284459523773e-39}