{"correlation": 0.07088376486620955, "p_value": 2.0059421137918483e-111}