{"correlation": 0.06334204316205452, "p_value": 2.5450168071831718e-89}