{"correlation": 0.08730869661657932, "p_value": 3.1647269520470184e-168}