{"correlation": 0.05487530460227605, "p_value": 1.7883718599354e-67}