{"correlation": 0.09483763437467178, "p_value": 2.9679207570204067e-198}