{"correlation": -0.03503134139247353, "p_value": 1.6671585817516163e-28}