{"correlation": 0.07607199958027086, "p_value": 4.4229672360449415e-128}