{"correlation": -0.07927292517161502, "p_value": 5.995952709639843e-139}