{"correlation": 0.07968525388549494, "p_value": 2.2133438441046774e-140}