{"correlation": -0.07966080017516224, "p_value": 2.692978667758392e-140}