{"correlation": 0.07321289069122314, "p_value": 9.360043190460346e-119}