{"correlation": 0.09171866997848721, "p_value": 1.6498089976760622e-185}