{"correlation": 0.027045487732563437, "p_value": 1.2426653126258974e-17}