{"correlation": -0.03339594073220709, "p_value": 4.7023279583000083e-26}