{"correlation": 0.05687924543682814, "p_value": 2.3154967167114033e-72}