{"correlation": -0.02491502716765662, "p_value": 3.4004064945435787e-15}