{"correlation": 0.05725343923946671, "p_value": 2.70721413061299e-73}