{"correlation": -0.0005302056660314233, "p_value": 0.8669263911590208}