{"correlation": 0.057834530097793886, "p_value": 9.394963809945273e-75}