{"correlation": 0.04281378737920153, "p_value": 9.471774989841092e-42}