{"correlation": 0.11843432309820726, "p_value": 9.06871045503976e-309}