{"correlation": 0.03452766025300235, "p_value": 9.748856456469784e-28}