{"correlation": 0.10634920599856476, "p_value": 4.760555452237724e-249}