{"correlation": 0.08228209981281366, "p_value": 1.4082242405462007e-149}