{"correlation": 0.025484428634732683, "p_value": 7.928746989843691e-16}