{"correlation": 0.01633120530762541, "p_value": 2.4486577250480677e-07}