{"correlation": 0.10445248688429977, "p_value": 2.848485185344844e-240}