{"correlation": 0.09157828895551186, "p_value": 6.038082175389725e-185}