{"correlation": 0.10612638980960207, "p_value": 5.212960072779882e-248}