{"correlation": 0.0855507062855075, "p_value": 1.4110880875198707e-161}