{"correlation": 0.10028442077804266, "p_value": 1.5008694280430728e-221}