{"correlation": -0.038661205664830244, "p_value": 2.3460372258136393e-34}