{"correlation": 0.03649014203777861, "p_value": 8.684596735471556e-31}