{"correlation": 0.06614600196594654, "p_value": 3.014262007255869e-97}