{"correlation": 0.08213114943690575, "p_value": 4.913584751405298e-149}