{"correlation": 0.012397638567569601, "p_value": 8.919576299272511e-05}