{"correlation": -0.04165243489584151, "p_value": 1.316970429654117e-39}