{"correlation": 0.028015060004696935, "p_value": 8.331383626455193e-19}