{"correlation": 0.061169247512690685, "p_value": 2.047150353425671e-83}