{"correlation": 0.1100899055185208, "p_value": 7.849104693976107e-267}