{"correlation": 0.09644177166247295, "p_value": 5.609137453317401e-205}