{"correlation": 0.03284113304613868, "p_value": 3.0016623460851e-25}