{"correlation": -0.07385920042098984, "p_value": 7.846741894285592e-121}