{"correlation": 0.11585230590633869, "p_value": 1.8608532697523757e-295}