{"correlation": 0.07719318403451478, "p_value": 7.77056552637322e-132}