{"correlation": 0.11836695381594406, "p_value": 2.0356842244698987e-308}