{"correlation": 0.015248906186713452, "p_value": 1.4393476235197165e-06}