{"correlation": 7.067993889571831e-05, "p_value": 0.9821788338804872}