{"correlation": 0.11017990621124284, "p_value": 2.878890863136652e-267}