{"correlation": -0.024444813674587968, "p_value": 1.1046935665818015e-14}