{"correlation": 0.1162680986105082, "p_value": 1.4006810455812847e-297}