{"correlation": 0.007376580789316221, "p_value": 0.019737870583762154}