{"correlation": 0.10837660110663497, "p_value": 1.3111068773512003e-258}