{"correlation": 0.10035727021997959, "p_value": 7.174523813651651e-222}