{"correlation": 0.05518015062167178, "p_value": 3.312918227760049e-68}