{"correlation": 0.08796093462216867, "p_value": 9.966755846030117e-171}