{"correlation": 0.11387157957236001, "p_value": 1.895931146325274e-285}