{"correlation": 0.009795696373516601, "p_value": 0.0019624097975459646}