{"correlation": 0.08321755517828572, "p_value": 5.792586309923467e-153}