{"correlation": 0.11485834106053375, "p_value": 2.0610219541892353e-290}