{"correlation": 0.019647089531842358, "p_value": 5.305915472768868e-10}