{"correlation": 0.08883784169665708, "p_value": 4.029771628713078e-174}