{"correlation": 0.0454653521435185, "p_value": 7.309561420191861e-47}