{"correlation": 0.06211309688697874, "p_value": 5.9052864493786416e-86}