{"correlation": 0.11010498739002929, "p_value": 6.635148890674777e-267}