{"correlation": 0.03650026720526699, "p_value": 8.367214506624634e-31}