{"correlation": 0.05152241891562415, "p_value": 1.0933353298485847e-59}