{"correlation": 0.059113902815945696, "p_value": 5.0965119896387405e-78}