{"correlation": 0.021934822454733723, "p_value": 4.119534066219751e-12}