{"correlation": -0.06377939578075405, "p_value": 1.5560203889272264e-90}