{"correlation": 0.024829273208205667, "p_value": 4.222391129091361e-15}