{"correlation": -0.11742774450950394, "p_value": 1.5240751626509772e-303}