{"correlation": 0.05865912480037302, "p_value": 7.521357640088237e-77}