{"correlation": 0.09165448526367535, "p_value": 2.9865429256833406e-185}