{"correlation": 0.11416820242417904, "p_value": 6.170564085110484e-287}