{"correlation": 0.0732262560798891, "p_value": 8.482445699021038e-119}