{"correlation": 0.06576208747145612, "p_value": 3.844413830138261e-96}