{"correlation": 0.11929476226855103, "p_value": 2.84723315113e-313}