{"correlation": 0.029807119249919925, "p_value": 4.417163362147472e-21}