{"correlation": 0.08870558949717183, "p_value": 1.3159114795928294e-173}