{"correlation": 0.03447563278726589, "p_value": 1.1682983650647979e-27}