{"correlation": 0.07695795867959027, "p_value": 4.818392634645828e-131}