{"correlation": 0.03216790056156465, "p_value": 2.7316132801072775e-24}