{"correlation": 0.05824398264109986, "p_value": 8.620699328382868e-76}