{"correlation": -0.005599106285686695, "p_value": 0.07680533898738569}