{"correlation": 0.04431703938924827, "p_value": 1.3045202192684432e-44}