{"correlation": -0.11080298495109893, "p_value": 2.7139055933383245e-270}