{"correlation": 0.09421825241556588, "p_value": 1.0910875502396031e-195}