{"correlation": -0.1145650593340543, "p_value": 6.222609768748817e-289}