{"correlation": 0.0821977070033661, "p_value": 2.832837558890839e-149}