{"correlation": 0.006996913018469694, "p_value": 0.027015023424913735}