{"correlation": 0.030706311309256433, "p_value": 2.8267310277800745e-22}