{"correlation": 0.0500005882046541, "p_value": 2.577609945433091e-56}