{"correlation": 0.03517480548907608, "p_value": 1.0034894474042072e-28}