{"correlation": 0.0625721126669055, "p_value": 3.326079500168116e-87}