{"correlation": 0.1057033092923612, "p_value": 4.837370026014178e-246}