{"correlation": 0.04939350087698306, "p_value": 5.350828778766376e-55}