{"correlation": 0.06444066015792003, "p_value": 2.1931156448624555e-92}