{"correlation": 0.06659551783706548, "p_value": 1.501030679205191e-98}