{"correlation": 0.03074189853208569, "p_value": 2.531157139351778e-22}