{"correlation": 0.10480588194102687, "p_value": 6.784494761213357e-242}