{"correlation": 0.05944285022241146, "p_value": 7.179058139030101e-79}