{"correlation": -0.10079636948952447, "p_value": 8.292039799771972e-224}