{"correlation": 0.01052197325268212, "p_value": 0.000882885464650713}