{"correlation": 0.05463783857305523, "p_value": 6.607654499140922e-67}