{"correlation": 0.055558402088047625, "p_value": 4.036497476375509e-69}