{"correlation": 0.042445069193555625, "p_value": 4.604659529409953e-41}