{"correlation": 0.05769036917550603, "p_value": 2.169626807027544e-74}