{"correlation": 0.10603239265549469, "p_value": 1.4285946775385363e-247}