{"correlation": -0.10232483072766778, "p_value": 1.2838044302946859e-230}