{"correlation": 0.11736980420920476, "p_value": 3.036677775029402e-303}