{"correlation": 0.09093060826717614, "p_value": 2.3401297744548753e-182}