{"correlation": 0.09502932064332778, "p_value": 4.732057780910478e-199}