{"correlation": 0.05729588044034332, "p_value": 2.1203858834180523e-73}