{"correlation": 0.11858566770310179, "p_value": 1.472000095549444e-309}