{"correlation": 0.008666688140740345, "p_value": 0.006162011031486378}