{"correlation": 0.05388631734748388, "p_value": 3.982144150520038e-65}