{"correlation": 0.09539353944112927, "p_value": 1.4302647256331794e-200}