{"correlation": 0.11904450716187293, "p_value": 5.855859688343e-312}