{"correlation": 0.04834346619117109, "p_value": 9.3074399902502e-53}