{"correlation": 0.020853066517632156, "p_value": 4.367915134382938e-11}