{"correlation": 0.03132885743347039, "p_value": 4.0209713531239224e-23}