{"correlation": 0.06261577857061873, "p_value": 2.527005511371721e-87}