{"correlation": 0.060483954388687367, "p_value": 1.3516253637803464e-81}