{"correlation": 0.11207123416063271, "p_value": 1.6638435524427083e-276}