{"correlation": 0.10910406696919098, "p_value": 4.388879485040118e-262}