{"correlation": 0.03987968384827779, "p_value": 1.8977070565715522e-36}