{"correlation": 0.0174031827023496, "p_value": 3.7884080508922616e-08}