{"correlation": 0.05864438290474883, "p_value": 8.204262600272553e-77}