{"correlation": 0.06781508163633607, "p_value": 3.9554035009420506e-102}