{"correlation": -0.01654772669437038, "p_value": 1.6948365052365473e-07}