{"correlation": 0.004194222353056834, "p_value": 0.18499562343625034}