{"correlation": 0.03318841392360841, "p_value": 9.440557278235654e-26}