{"correlation": 0.0035107661220759173, "p_value": 0.26720139693911327}