{"correlation": -0.008444234626612989, "p_value": 0.0076139461743442265}