{"correlation": 0.03361495196014957, "p_value": 2.243170117004761e-26}