{"correlation": 0.11749910969539464, "p_value": 6.516820820644624e-304}