{"correlation": 0.08817953202598619, "p_value": 1.431732763431856e-171}