{"correlation": 0.04406695007804484, "p_value": 3.964799003153453e-44}