{"correlation": 0.01573995897626931, "p_value": 6.535028034294419e-07}