{"correlation": -0.009841233489821752, "p_value": 0.0018692562006031237}