{"correlation": 0.005143944153022186, "p_value": 0.10401769850383824}