{"correlation": 0.1131873193945367, "p_value": 4.944385270640254e-282}