{"correlation": 0.10034406955530727, "p_value": 8.20154774202377e-222}