{"correlation": 0.012106357896680386, "p_value": 0.00013014699592415414}