{"correlation": 0.023927306914684483, "p_value": 3.9398836805889234e-14}