{"correlation": 0.06802075740610469, "p_value": 9.708190188704147e-103}