{"correlation": 0.04795689198870179, "p_value": 6.04734555712896e-52}