{"correlation": 0.03590416283468548, "p_value": 7.361083963698731e-30}