{"correlation": 0.11331155146578405, "p_value": 1.1896770174767954e-282}