{"correlation": 0.01517618452517583, "p_value": 1.6146939598908332e-06}