{"correlation": -0.017707893388785218, "p_value": 2.1839031702747927e-08}