{"correlation": 0.050459240905754474, "p_value": 2.5435131528425947e-57}