{"correlation": 0.053599194383088244, "p_value": 1.878017402270063e-64}