{"correlation": 0.01216751810216784, "p_value": 0.00012030136328203496}