{"correlation": 0.06144565662971127, "p_value": 3.727060784506506e-84}