{"correlation": -0.002289520002692034, "p_value": 0.46932928923164113}