{"correlation": 0.01222902319833119, "p_value": 0.0001111114211516648}