{"correlation": 0.030148220114827987, "p_value": 1.5716677156827039e-21}