{"correlation": -0.0010601943631336713, "p_value": 0.7375803878461081}