{"correlation": 0.03396043547536056, "p_value": 6.91154163561618e-27}