{"correlation": 0.10655437252158065, "p_value": 5.23114928443085e-250}