{"correlation": 0.09592425802730635, "p_value": 8.521545463643313e-203}