{"correlation": 0.02866411670871194, "p_value": 1.2956507197556674e-19}