{"correlation": 0.06881388597580129, "p_value": 4.142499056359494e-105}