{"correlation": 0.0622548475777492, "p_value": 2.4345622538500848e-86}