{"correlation": 0.07075144008361604, "p_value": 5.148220383903618e-111}