{"correlation": -0.06866902648409501, "p_value": 1.1276265886767158e-104}