{"correlation": 0.02062622207624937, "p_value": 7.062969101087928e-11}