{"correlation": 0.11375326198034957, "p_value": 7.414001110889423e-285}