{"correlation": 0.07297320151136738, "p_value": 5.454124743887894e-118}