{"correlation": 0.0976965521672575, "p_value": 2.5686734301401963e-210}