{"correlation": 0.01877543274025717, "p_value": 2.9523102059134097e-09}