{"correlation": 0.11041891721625403, "p_value": 1.998327915184278e-268}