{"correlation": 0.09753791327014252, "p_value": 1.2263252356074256e-209}