{"correlation": 0.04633658334464362, "p_value": 1.310400508375008e-48}