{"correlation": 0.0491096911305537, "p_value": 2.1812410729503512e-54}