{"correlation": -0.09005420073353307, "p_value": 6.950000888119793e-179}