{"correlation": -0.04035177187858228, "p_value": 2.820833109976343e-37}