{"correlation": 0.11950030658249247, "p_value": 2.364545806e-314}