{"correlation": 0.04611811335948471, "p_value": 3.617859443370446e-48}