{"correlation": 0.07526337972033313, "p_value": 2.0878485421920483e-125}