{"correlation": 0.11526894705992384, "p_value": 1.7205240615669568e-292}