{"correlation": 0.0846414738549091, "p_value": 3.4263023545534425e-158}