{"correlation": 0.10924092404785295, "p_value": 9.680483728913384e-263}