{"correlation": 0.03031871407845007, "p_value": 9.336119715494402e-22}