{"correlation": -0.07572881047079917, "p_value": 6.082853417456577e-127}