{"correlation": 0.046984519976737533, "p_value": 6.268283563848516e-50}