{"correlation": 0.04072464465299983, "p_value": 6.161452099104625e-38}