{"correlation": 0.08706775795557894, "p_value": 2.6286475720911747e-167}