{"correlation": 0.07255913467034902, "p_value": 1.1300369112275196e-116}