{"correlation": 0.10833141368827617, "p_value": 2.1514222178067227e-258}