{"correlation": 0.11464951624500001, "p_value": 2.334551320632763e-289}