{"correlation": 0.05350728637283559, "p_value": 3.0800216622299845e-64}