{"correlation": 0.08195390923351746, "p_value": 2.125014649793516e-148}