{"correlation": 0.024413459606598877, "p_value": 1.1940607502426883e-14}