{"correlation": 0.08293804357072329, "p_value": 6.006118571374743e-152}