{"correlation": -0.037277844234349884, "p_value": 4.6519390885578273e-32}