{"correlation": 0.05181143017692564, "p_value": 2.4371955132681117e-60}