{"correlation": 0.00415238533488663, "p_value": 0.1894164887883983}