{"correlation": 0.058017225111559566, "p_value": 3.2429499464999735e-75}