{"correlation": 0.009232277959100579, "p_value": 0.003525209137310473}