{"correlation": -0.010582225844761843, "p_value": 0.0008244478349862873}