{"correlation": 0.09250171194613269, "p_value": 1.1438529220747574e-188}