{"correlation": 0.11559860091153788, "p_value": 3.6433544719200634e-294}