{"correlation": 0.11943499912980894, "p_value": 5.215754543e-314}