{"correlation": -0.02947959156683581, "p_value": 1.178571592391042e-20}