{"correlation": 0.042934258080151264, "p_value": 5.633353069453809e-42}