{"correlation": 0.11565116913810236, "p_value": 1.9682417725293098e-294}