{"correlation": 0.05800621397008697, "p_value": 3.457990907545923e-75}