{"correlation": 0.05507580861141491, "p_value": 5.906075986088983e-68}