{"correlation": 0.06151072997365821, "p_value": 2.4929729262482496e-84}