{"correlation": 0.0546561164609416, "p_value": 5.976501705963195e-67}