{"correlation": 0.07897792036460466, "p_value": 6.285958123653757e-138}