{"correlation": 0.06986261846610461, "p_value": 2.7620504741070267e-108}