{"correlation": 0.0657923172076408, "p_value": 3.1477833441144798e-96}