{"correlation": 0.02131284462257611, "p_value": 1.6237826026317623e-11}