{"correlation": 0.0175365545522842, "p_value": 2.980102203464989e-08}