{"correlation": -0.07575882286757196, "p_value": 4.839050949858471e-127}