{"correlation": 0.08878646539441033, "p_value": 6.383023192241535e-174}