{"correlation": -0.002848665354964426, "p_value": 0.3679704695338799}