{"correlation": 0.005909022310752867, "p_value": 0.061834906901249424}