{"correlation": -0.06611525126062803, "p_value": 3.698104371791447e-97}