{"correlation": 0.06157485917542061, "p_value": 1.6765685814341947e-84}