{"correlation": 0.08222556225718711, "p_value": 2.2493901445690685e-149}