{"correlation": 0.03649412018820955, "p_value": 8.55849747213168e-31}