{"correlation": 0.08097601174670103, "p_value": 6.475012112353696e-145}