{"correlation": 0.1177369822713752, "p_value": 3.8241124659339593e-305}