{"correlation": 0.052423324741326466, "p_value": 9.879990847547374e-62}