{"correlation": 0.10211575405462843, "p_value": 1.112295705265557e-229}