{"correlation": 0.05847845693027596, "p_value": 2.178716429778439e-76}