{"correlation": 0.11152801865744423, "p_value": 7.778542782078037e-274}