{"correlation": 0.006904882926311275, "p_value": 0.02909368171652001}