{"correlation": 0.07835516809292939, "p_value": 8.710746834295317e-136}