{"correlation": 0.056385498531222066, "p_value": 3.8478427976901554e-71}