{"correlation": 0.10392554421428844, "p_value": 7.318206948835303e-238}