{"correlation": 0.10820260704113846, "p_value": 8.817169588925326e-258}