{"correlation": 0.07094244432530751, "p_value": 1.3199294861745861e-111}