{"correlation": -0.10303929330879291, "p_value": 7.7505978682733e-234}