{"correlation": -0.011042297026753302, "p_value": 0.00048326398791595114}