{"correlation": 0.05904071393608087, "p_value": 7.87078480591987e-78}