{"correlation": 0.09974204954823537, "p_value": 3.592664483543976e-219}