{"correlation": -0.038719082383213796, "p_value": 1.8724746220096133e-34}