{"correlation": 0.027606436978807297, "p_value": 2.6318698035197947e-18}