{"correlation": 0.07131652440342084, "p_value": 9.082985458746942e-113}