{"correlation": -0.05881012417447376, "p_value": 3.084248542126357e-77}