{"correlation": 0.11712638362124181, "p_value": 5.477192005854006e-302}