{"correlation": 0.11461825132869836, "p_value": 3.3562588851114085e-289}