{"correlation": -0.0038094964586603834, "p_value": 0.22861243589459523}