{"correlation": 0.07924686467891853, "p_value": 7.381832698560472e-139}