{"correlation": 0.08564076349520369, "p_value": 6.490215973774582e-162}