{"correlation": 0.07919482871572024, "p_value": 1.1178715343919831e-138}