{"correlation": 0.01537681287385479, "p_value": 1.1744057146294447e-06}