{"correlation": 0.043415188351359255, "p_value": 6.976193004557466e-43}