{"correlation": 0.018728557690854367, "p_value": 3.2309843408278194e-09}