{"correlation": 0.09759388792490871, "p_value": 7.066261185918948e-210}