{"correlation": -0.02556486568595874, "p_value": 6.43811520220161e-16}