{"correlation": 0.11566246538761309, "p_value": 1.7242345314095387e-294}