{"correlation": -0.09459499667790305, "p_value": 3.0162233157204896e-197}