{"correlation": 0.00439115005869899, "p_value": 0.1652081801604627}