{"correlation": -0.1012541653025415, "p_value": 7.760244030778421e-226}