{"correlation": 0.07142019593139273, "p_value": 4.315362147988403e-113}