{"correlation": 0.09700908155636562, "p_value": 2.2061832275603748e-207}