{"correlation": 0.1016047709921292, "p_value": 2.1368988426550703e-227}