{"correlation": -0.11706405617721952, "p_value": 1.1475326756275256e-301}