{"correlation": -0.03448238516826222, "p_value": 1.1411934292046491e-27}