{"correlation": 0.062097761858553736, "p_value": 6.49859204971908e-86}