{"correlation": 0.10602567920257883, "p_value": 1.535197053279999e-247}