{"correlation": 0.10762272723929132, "p_value": 4.943219915525588e-255}