{"correlation": 0.07688333798393622, "p_value": 8.585821527012848e-131}