{"correlation": 0.061890358088964516, "p_value": 2.3667266434556386e-85}