{"correlation": 0.10163317920537608, "p_value": 1.596376018026596e-227}