{"correlation": -0.014568861014410978, "p_value": 4.134121969844549e-06}