{"correlation": 0.009251435970984366, "p_value": 0.003457361085192808}