{"correlation": 0.04998582106481254, "p_value": 2.776182387496807e-56}