{"correlation": 0.0175380495356364, "p_value": 2.972067190833418e-08}