{"correlation": 0.06208964363835902, "p_value": 6.836381229834778e-86}