{"correlation": -0.11651865101430205, "p_value": 7.295385187608415e-299}