{"correlation": 0.08429394937289245, "p_value": 6.592787318874806e-157}