{"correlation": 0.0182695059795978, "p_value": 7.727542126008566e-09}