{"correlation": 0.04230065588581991, "p_value": 8.522581805202349e-41}