{"correlation": 0.001172575861673136, "p_value": 0.7109534778131851}