{"correlation": 0.07980124406305443, "p_value": 8.722476091360955e-141}