{"correlation": 0.11718422085637535, "p_value": 2.7563500878055397e-302}