{"correlation": 0.10810528502294874, "p_value": 2.5568076516314758e-257}