{"correlation": 0.07153047517798133, "p_value": 1.9529301202567187e-113}