{"correlation": 0.06296502977395696, "p_value": 2.7873937997597305e-88}