{"correlation": 0.02830018137644341, "p_value": 3.6974586032635014e-19}