{"correlation": 0.0814717047091295, "p_value": 1.123452896287628e-146}