{"correlation": 0.08222792293427401, "p_value": 2.205845627481127e-149}