{"correlation": 0.10209409153610012, "p_value": 1.3908048384913585e-229}