{"correlation": 0.1036515011355626, "p_value": 1.2963808523141818e-236}