{"correlation": 0.061692215204528084, "p_value": 8.103157659415877e-85}