{"correlation": 0.09674461203022691, "p_value": 2.928951092121115e-206}