{"correlation": -0.036174512755392345, "p_value": 2.7577280869128234e-30}