{"correlation": 0.059598186569890826, "p_value": 2.8344234384159685e-79}