{"correlation": 0.10674456918046618, "p_value": 6.727099418169172e-251}