{"correlation": -0.06667430570924175, "p_value": 8.853866466527709e-99}