{"correlation": 0.04339666073390692, "p_value": 7.564005865978149e-43}