{"correlation": 0.0816816167798975, "p_value": 2.0030036194142764e-147}