{"correlation": 0.06527749608677177, "p_value": 9.358277650056234e-95}