{"correlation": 0.10558978915153115, "p_value": 1.6261723598536841e-245}