{"correlation": 0.0730878965359833, "p_value": 2.3483454008595975e-118}