{"correlation": 0.08925680774628385, "p_value": 9.375846690464675e-176}