{"correlation": 0.09630599976176195, "p_value": 2.100915424710705e-204}