{"correlation": -0.07678458932151147, "p_value": 1.84248517023877e-130}