{"correlation": 0.1025029022920794, "p_value": 2.0337411572787193e-231}