{"correlation": -0.03601581279099389, "p_value": 4.911710017268424e-30}