{"correlation": 0.0698324356652119, "p_value": 3.414395001058851e-108}