{"correlation": -0.03133340536735153, "p_value": 3.963530754920836e-23}