{"correlation": 0.0654760210173346, "p_value": 2.537940864255515e-95}