{"correlation": -0.05694466787643497, "p_value": 1.592638189985838e-72}