{"correlation": -0.029761022533140176, "p_value": 5.074676173405416e-21}