{"correlation": 0.06134918850295809, "p_value": 6.759805532645166e-84}