{"correlation": 0.06947890175417751, "p_value": 4.063506605846405e-107}