{"correlation": 0.05792511454036078, "p_value": 5.546632546406052e-75}