{"correlation": 0.10621603321126519, "p_value": 1.991452159865725e-248}