{"correlation": 0.03386599252377148, "p_value": 9.546725865129602e-27}