{"correlation": 0.11038807289595563, "p_value": 2.820478629000529e-268}