{"correlation": 0.10950492082851894, "p_value": 5.214559835392057e-264}