{"correlation": 0.10508083246410634, "p_value": 3.6714453631085026e-243}