{"correlation": -0.016484799655014093, "p_value": 1.8870070201019123e-07}