{"correlation": 0.0007573483193377296, "p_value": 0.8108349229845487}