{"correlation": -0.05858457272907333, "p_value": 1.1670047950102458e-76}