{"correlation": -0.07430236358806026, "p_value": 2.8852552995292345e-122}