{"correlation": 0.09441149444026936, "p_value": 1.7350276956952235e-196}