{"correlation": 0.04653252827081306, "p_value": 5.248866241689713e-49}