{"correlation": 0.1139767146567453, "p_value": 5.636988813575039e-286}