{"correlation": -0.02125719073326213, "p_value": 1.8324213346433054e-11}