{"correlation": 0.03286543213689041, "p_value": 2.76936957631829e-25}