{"correlation": 0.007660478345842774, "p_value": 0.015477051988288732}