{"correlation": 0.11706862808377569, "p_value": 1.0869498638397035e-301}