{"correlation": 0.10277088591206689, "p_value": 1.26293168799796e-232}