{"correlation": 0.09814448156198699, "p_value": 3.0671293039020514e-212}