{"correlation": 0.09917731873464943, "p_value": 1.0437857330698242e-216}