{"correlation": 0.07205031864662176, "p_value": 4.574584906727355e-115}