{"correlation": 0.039138034846408064, "p_value": 3.624806856855799e-35}