{"correlation": 0.06643175787655659, "p_value": 4.487727748382949e-98}