{"correlation": 0.035715176717420596, "p_value": 1.4558971816478533e-29}