{"correlation": 0.08025870478647303, "p_value": 2.1871331236291576e-142}