{"correlation": 0.10640809916883077, "p_value": 2.5266895846228216e-249}