{"correlation": 0.0054319922824811046, "p_value": 0.08603114842131332}