{"correlation": 0.10241207827258093, "p_value": 5.207272551822914e-231}