{"correlation": -0.07774205030782243, "p_value": 1.076198347465071e-133}