{"correlation": 0.02934188101464282, "p_value": 1.7749281300003944e-20}