{"correlation": 0.07425669016181834, "p_value": 4.0590768231762677e-122}