{"correlation": -0.05033480233219399, "p_value": 4.777731259968253e-57}