{"correlation": 0.04957936354603722, "p_value": 2.1225440188167705e-55}