{"correlation": 0.09276653764992653, "p_value": 9.633931093335192e-190}