{"correlation": 0.05457464531269018, "p_value": 9.347101094834576e-67}