{"correlation": -0.07067591051696721, "p_value": 8.80964304997984e-111}