{"correlation": 0.0533772292043956, "p_value": 6.19384295290819e-64}