{"correlation": 0.10938714009945924, "p_value": 1.9214051449500107e-263}