{"correlation": 0.05233210477094667, "p_value": 1.597084238699617e-61}