{"correlation": -0.05078813454743314, "p_value": 4.770471973041952e-58}