{"correlation": 0.014478814444047527, "p_value": 4.738132546686839e-06}