{"correlation": 0.07682095052866063, "p_value": 1.3910546015324975e-130}