{"correlation": 0.10839811250818124, "p_value": 1.03565184620475e-258}