{"correlation": -0.03374957147934637, "p_value": 1.4198713220530316e-26}