{"correlation": 0.07351366868352782, "p_value": 1.0166398919438338e-119}