{"correlation": -0.021071385614947518, "p_value": 2.737393847267938e-11}