{"correlation": 0.08969304008287551, "p_value": 1.8329628907770295e-177}