{"correlation": 0.06322380315389681, "p_value": 5.399753925056294e-89}