{"correlation": 0.022004629937281174, "p_value": 3.5234090847594764e-12}