{"correlation": 0.03992290470082959, "p_value": 1.595286854555399e-36}