{"correlation": 0.0022867885511128794, "p_value": 0.4698595853109306}