{"correlation": -0.06615883396118301, "p_value": 2.7676683970956366e-97}