{"correlation": 0.018011859523300863, "p_value": 1.2493570835596725e-08}