{"correlation": 0.03641058744251504, "p_value": 1.1631484945671685e-30}