{"correlation": -0.023617144195655814, "p_value": 8.33632703773222e-14}