{"correlation": 0.11835921207762352, "p_value": 2.233836396950009e-308}