{"correlation": -0.007747270789361537, "p_value": 0.01434722992169535}