{"correlation": 0.12051614550039126, "p_value": 1.01106e-319}