{"correlation": -0.010692792322336648, "p_value": 0.0007264432763701448}