{"correlation": 0.03112147287911805, "p_value": 7.73259573959679e-23}