{"correlation": 0.11209172291911366, "p_value": 1.3187267166981402e-276}