{"correlation": 0.07486940456307699, "p_value": 4.093371980238472e-124}