{"correlation": -0.04870946041827331, "p_value": 1.5608898222754807e-53}