{"correlation": 0.10904022355964892, "p_value": 8.87770797277274e-262}