{"correlation": 0.06572746479025557, "p_value": 4.833075080895854e-96}