{"correlation": 0.04567133886141316, "p_value": 2.844089684006224e-47}