{"correlation": 0.05768566104435449, "p_value": 2.2296715627840192e-74}