{"correlation": 0.10231300916158188, "p_value": 1.4506793937183762e-230}