{"correlation": 0.003064410271916719, "p_value": 0.33281218547721736}