{"correlation": -0.008653890646400753, "p_value": 0.006238241313856285}