{"correlation": 0.11096470847701079, "p_value": 4.4199968929986424e-271}