{"correlation": 0.0761133070323866, "p_value": 3.223611891438588e-128}