{"correlation": 0.04795216454054241, "p_value": 6.186764056007989e-52}