{"correlation": 0.06595804856290677, "p_value": 1.050224770297586e-96}