{"correlation": -0.10704605769001227, "p_value": 2.5852865350548926e-252}