{"correlation": 0.08741781160296055, "p_value": 1.2109289046811508e-168}