{"correlation": 0.09005648629203915, "p_value": 6.807266289115883e-179}