{"correlation": 0.11236396848168616, "p_value": 5.982462765970201e-278}