{"correlation": 0.05786953142124653, "p_value": 7.664876685228228e-75}