{"correlation": 0.043256926283343024, "p_value": 1.3907410305032512e-42}