{"correlation": 0.07288561432263187, "p_value": 1.0370605236917242e-117}