{"correlation": -0.10038478814990863, "p_value": 5.4281003358677385e-222}