{"correlation": 0.002537807136616409, "p_value": 0.42253057778884295}