{"correlation": 0.0893675346007292, "p_value": 3.45986332241954e-176}