{"correlation": 0.030452257548071397, "p_value": 6.196126861525142e-22}