{"correlation": 0.09999005298873376, "p_value": 2.9457566472015696e-220}