{"correlation": 0.08015762679961676, "p_value": 4.947280563124659e-142}