{"correlation": 0.05766362735363725, "p_value": 2.5334510660561034e-74}