{"correlation": -0.03035950670497396, "p_value": 8.238749765938448e-22}