{"correlation": 0.06191855073569381, "p_value": 1.9858962626419927e-85}