{"correlation": -0.09639202611162123, "p_value": 9.101668633584227e-205}