{"correlation": 0.11028107452078287, "p_value": 9.314195608102605e-268}