{"correlation": 0.06343438276824154, "p_value": 1.4129972678388402e-89}