{"correlation": -0.08413247695349067, "p_value": 2.5939184980704795e-156}