{"correlation": 0.11765052872820086, "p_value": 1.0725326587858374e-304}