{"correlation": 0.08403668558809778, "p_value": 5.838752388749901e-156}