{"correlation": 0.09058588245173406, "p_value": 5.4862747373769e-181}