{"correlation": 0.011952911728698869, "p_value": 0.00015829573591802235}