{"correlation": 0.07412314229316184, "p_value": 1.0999148089491432e-121}