{"correlation": 0.10043030617698968, "p_value": 3.42124828860207e-222}