{"correlation": 0.08449634330091296, "p_value": 1.1797546725414464e-157}