{"correlation": 0.037900332358519494, "p_value": 4.406952813155418e-33}