{"correlation": 0.09772235834626128, "p_value": 1.9914296177832472e-210}