{"correlation": 0.0594072033475023, "p_value": 8.882560224338919e-79}