{"correlation": 0.08497944533419469, "p_value": 1.908786900809483e-159}