{"correlation": 0.08994520497118957, "p_value": 1.8685025920543152e-178}