{"correlation": -0.025281485398756298, "p_value": 1.3371124971047402e-15}