{"correlation": 0.07962963539435648, "p_value": 3.4574552312083314e-140}