{"correlation": 0.043108712626912224, "p_value": 2.6476733165235254e-42}