{"correlation": 0.11480492488185179, "p_value": 3.8362579174406076e-290}