{"correlation": 0.053522084829595945, "p_value": 2.844357410758436e-64}