{"correlation": 0.05605738463168731, "p_value": 2.4572458405655934e-70}