{"correlation": -0.022207645083719127, "p_value": 2.2302725261667663e-12}