{"correlation": 0.046555952457311346, "p_value": 4.7038568951932665e-49}