{"correlation": 0.09099892635473296, "p_value": 1.2505410687354238e-182}