{"correlation": 0.10784231808848321, "p_value": 4.5175787509020116e-256}