{"correlation": -0.08692972617797783, "p_value": 8.816326191874207e-167}