{"correlation": 0.08986535595630965, "p_value": 3.853116590246584e-178}