{"correlation": 0.03047611845035004, "p_value": 5.757408261023422e-22}