{"correlation": 0.019690793488710643, "p_value": 4.858902102038628e-10}