{"correlation": 0.11245832652413179, "p_value": 2.0442476533869504e-278}