{"correlation": 0.0868487503484018, "p_value": 1.791470857019557e-166}