{"correlation": 0.11891299948521958, "p_value": 2.8609973968224e-311}