{"correlation": 0.11075765101057462, "p_value": 4.511513986636802e-270}