{"correlation": 0.10292217660869696, "p_value": 2.621768245264528e-233}