{"correlation": 0.00789897467919846, "p_value": 0.012546240414552857}