{"correlation": 0.04695081781832436, "p_value": 7.349725281853897e-50}