{"correlation": 0.0847196880559785, "p_value": 1.7581492377697444e-158}