{"correlation": 0.08104057057122692, "p_value": 3.824234382547607e-145}