{"correlation": 0.037159199262483476, "p_value": 7.257852342599486e-32}