{"correlation": -0.1092711969773071, "p_value": 6.927467938463631e-263}