{"correlation": 0.10523862487292034, "p_value": 6.860683960652126e-244}