{"correlation": 0.08126318568684075, "p_value": 6.201983602017354e-146}