{"correlation": 0.031977959252282605, "p_value": 5.052036236894578e-24}