{"correlation": -0.0007508133231771323, "p_value": 0.812436650752709}