{"correlation": 0.004818826219448226, "p_value": 0.12777635112694527}