{"correlation": -0.07953513033636136, "p_value": 7.371993802742555e-140}