{"correlation": -0.010599338141077422, "p_value": 0.0008085175177157142}