{"correlation": 0.0903882540473909, "p_value": 3.329113701067843e-180}