{"correlation": -0.005253623615855322, "p_value": 0.09684536046185785}