{"correlation": -0.11242875483427352, "p_value": 2.8623914869996427e-278}