{"correlation": -0.023898843655040077, "p_value": 4.22206348861787e-14}