{"correlation": 0.09576702289967046, "p_value": 3.8993576621931074e-202}