{"correlation": 0.09664970466157631, "p_value": 7.395651424515554e-206}