{"correlation": -0.0830345748119735, "p_value": 2.6803909858574556e-152}