{"correlation": 0.02049505630481723, "p_value": 9.304017046142702e-11}