{"correlation": 0.022659963653164392, "p_value": 7.934918904428986e-13}