{"correlation": 0.11943346633584495, "p_value": 5.313473865e-314}