{"correlation": 0.028512020643046462, "p_value": 2.0114436298024764e-19}