{"correlation": 0.021195019383804563, "p_value": 2.0965954898930175e-11}