{"correlation": 0.054059357388720614, "p_value": 1.557519648360048e-65}