{"correlation": 0.0865705569088983, "p_value": 2.036413770190502e-165}