{"correlation": 0.03667670420468041, "p_value": 4.366356573520615e-31}