{"correlation": 0.025688716387509403, "p_value": 4.666112610461e-16}