{"correlation": 0.059585520406951, "p_value": 3.0578353563756407e-79}