{"correlation": 0.03954874726846789, "p_value": 7.125278753508549e-36}