{"correlation": 0.11823797219294017, "p_value": 9.560032720365651e-308}