{"correlation": 0.0159524500547869, "p_value": 4.610215502791208e-07}