{"correlation": -0.03676023800128857, "p_value": 3.205668831353772e-31}