{"correlation": 0.11830458984043418, "p_value": 4.301322825284854e-308}