{"correlation": -0.024966489881402945, "p_value": 2.9850509547000125e-15}