{"correlation": 0.0074653467586884206, "p_value": 0.018307068616972264}