{"correlation": 0.01862017957464866, "p_value": 3.976936828807658e-09}