{"correlation": 0.09377848226820072, "p_value": 7.062714400405519e-194}