{"correlation": 0.05073151229053236, "p_value": 6.368472168798191e-58}