{"correlation": 0.04406595197633194, "p_value": 3.982377840928947e-44}