{"correlation": 0.050327378867789534, "p_value": 4.9605906792077087e-57}