{"correlation": 0.043042378248304244, "p_value": 3.529403123117939e-42}