{"correlation": 0.11891822964194461, "p_value": 2.6861686455205e-311}