{"correlation": -0.022243078711008443, "p_value": 2.0583245055896344e-12}