{"correlation": 0.08970856205346377, "p_value": 1.5929190890327856e-177}