{"correlation": -0.041601655505741894, "p_value": 1.629104421352869e-39}