{"correlation": 0.11014739894373154, "p_value": 4.136179115053111e-267}