{"correlation": 0.049976304729796396, "p_value": 2.9121473170990463e-56}