{"correlation": 0.11953632301397875, "p_value": 1.5282342965e-314}