{"correlation": 0.08368509379876059, "p_value": 1.1380284580591245e-154}