{"correlation": 0.03127523795830925, "p_value": 4.763603389250809e-23}