{"correlation": 0.07410125421373799, "p_value": 1.294912234801799e-121}