{"correlation": 0.03958620267053287, "p_value": 6.137758536525727e-36}