{"correlation": 0.01519920922537325, "p_value": 1.5570672945001563e-06}