{"correlation": 0.001294251433168502, "p_value": 0.6825178665844982}