{"correlation": 0.051128266910729164, "p_value": 8.354020241821206e-59}