{"correlation": -0.07154214200318115, "p_value": 1.795674035860625e-113}