{"correlation": 0.04470640481175068, "p_value": 2.2825360315988426e-45}