{"correlation": 0.07179591687908705, "p_value": 2.881987437532315e-114}