{"correlation": -0.0653522831240304, "p_value": 5.7267699525335e-95}