{"correlation": 0.09993845148306547, "p_value": 4.959414386334439e-220}