{"correlation": 0.09243198405609902, "p_value": 2.1917051288893665e-188}