{"correlation": 0.0941875679031252, "p_value": 1.4605195207930273e-195}