{"correlation": 0.07598316334961325, "p_value": 8.727511564184236e-128}