{"correlation": -0.001334385841647295, "p_value": 0.673234064155825}