{"correlation": 0.06860969111706289, "p_value": 1.698393483693524e-104}