{"correlation": 0.10850213793366931, "p_value": 3.308371799204235e-259}