{"correlation": 0.04510742943828075, "p_value": 3.7310696322736575e-46}