{"correlation": -0.01055908093018305, "p_value": 0.0008464575896774496}