{"correlation": 0.03223581533453819, "p_value": 2.1905703244184093e-24}