{"correlation": 0.11602143325511115, "p_value": 2.5524250903498474e-296}