{"correlation": 0.08279893106983834, "p_value": 1.9179146071833232e-151}