{"correlation": -0.05621917632230341, "p_value": 9.862330691057882e-71}