{"correlation": 0.04729236174037099, "p_value": 1.4570874729122062e-50}