{"correlation": 0.01447838401559897, "p_value": 4.7412132183723395e-06}