{"correlation": 0.11971973811114296, "p_value": 1.651766977e-315}