{"correlation": 0.11139936703989473, "p_value": 3.3208411397059656e-273}