{"correlation": 0.08260419684378888, "p_value": 9.710400419251624e-151}