{"correlation": 0.027073413803261264, "p_value": 1.1511053758231737e-17}