{"correlation": 0.0044355157749785675, "p_value": 0.16097862843517388}