{"correlation": 0.044541183851311096, "p_value": 4.7913351839839936e-45}