{"correlation": 0.03637150563275416, "p_value": 1.3423581832527153e-30}