{"correlation": -0.0040560415469490544, "p_value": 0.19989218539057627}