{"correlation": -0.05886821540604861, "p_value": 2.1874794988840982e-77}