{"correlation": 0.10122465716857879, "p_value": 1.04936643706763e-225}