{"correlation": 0.045887754373832385, "p_value": 1.0501573393500298e-47}