{"correlation": 0.10585188127190642, "p_value": 9.876277343950694e-247}