{"correlation": 0.09984150393713176, "p_value": 1.3187134399436178e-219}