{"correlation": -0.04109113228852379, "p_value": 1.3627955400720008e-38}