{"correlation": 0.10636197076089479, "p_value": 4.149953333422268e-249}