{"correlation": -0.06996239903910947, "p_value": 1.3694137157276061e-108}