{"correlation": -0.022435541102210042, "p_value": 1.328366961565987e-12}