{"correlation": 0.03388956878293144, "p_value": 8.807889247343627e-27}