{"correlation": 0.06101822526042785, "p_value": 5.1752884270621505e-83}