{"correlation": 0.0009334749315519514, "p_value": 0.7679851912536272}