{"correlation": 0.06958656965263448, "p_value": 1.9138807167485828e-107}