{"correlation": 0.11326043676264098, "p_value": 2.13829474281874e-282}