{"correlation": 0.01944950690971463, "p_value": 7.880404336619837e-10}