{"correlation": 0.09137933854866659, "p_value": 3.784007913644945e-184}