{"correlation": -0.07782833991310067, "p_value": 5.476356640980542e-134}