{"correlation": 0.02225309085745222, "p_value": 2.0121417580082483e-12}