{"correlation": 0.0846231406984776, "p_value": 4.0059696493124426e-158}