{"correlation": 0.06305850645542521, "p_value": 1.541853717715598e-88}