{"correlation": 0.004936014971351533, "p_value": 0.11876792759260547}