{"correlation": 0.07421253581834282, "p_value": 5.644850926743881e-122}