{"correlation": 0.11726014044828617, "p_value": 1.1185210495372681e-302}