{"correlation": -0.10979037901616992, "p_value": 2.1972433848185144e-265}