{"correlation": 0.01121149939208468, "p_value": 0.0003950865577339472}