{"correlation": 0.09908566121849123, "p_value": 2.6124771326120835e-216}