{"correlation": 0.06056526563833407, "p_value": 8.241742716554296e-82}