{"correlation": 0.05180631727160477, "p_value": 2.502961184381254e-60}