{"correlation": 0.07646584193724106, "p_value": 2.152300083553146e-129}