{"correlation": -0.008118332549343549, "p_value": 0.010296060842637532}