{"correlation": 0.06173420656117009, "p_value": 6.244860583789752e-85}