{"correlation": -0.0027395103196983274, "p_value": 0.38660840013813247}