{"correlation": 0.09203525809149364, "p_value": 8.779885978898781e-187}