{"correlation": 0.1106626644444517, "p_value": 1.307690924917887e-269}