{"correlation": 0.05784754018324084, "p_value": 8.7105701876072195e-75}