{"correlation": 0.04558263725511608, "p_value": 4.2726794399659187e-47}