{"correlation": 0.020436396134352944, "p_value": 1.05186172728465e-10}