{"correlation": 0.03876208195227273, "p_value": 1.583335869158865e-34}