{"correlation": 0.11083395193668032, "p_value": 1.917633749365943e-270}