{"correlation": 0.002562285423205177, "p_value": 0.4180696539589869}