{"correlation": 0.07095420725816744, "p_value": 1.2136549315209644e-111}