{"correlation": -0.0043463685925896785, "p_value": 0.16956164455425615}