{"correlation": 0.09692436071491514, "p_value": 5.055315174915768e-207}