{"correlation": 0.020227138679801797, "p_value": 1.625028194248125e-10}