{"correlation": 0.05149349246420389, "p_value": 1.2699788027708794e-59}