{"correlation": 0.04636557981217607, "p_value": 1.1447482887385689e-48}