{"correlation": 0.020768307873157955, "p_value": 5.230152835238563e-11}