{"correlation": 0.05637328782252201, "p_value": 4.1235197658261105e-71}