{"correlation": 0.08355506178794625, "p_value": 3.402492314791969e-154}