{"correlation": 0.09046991083824936, "p_value": 1.5812302530300966e-180}