{"correlation": 0.1055589035930779, "p_value": 2.261141220424959e-245}