{"correlation": 0.11179942134541919, "p_value": 3.619704965337051e-275}