{"correlation": -0.019184194879203663, "p_value": 1.332351367012462e-09}