{"correlation": 0.009586777921787356, "p_value": 0.00244689220292408}