{"correlation": 0.019557343526684413, "p_value": 6.353241015601352e-10}