{"correlation": 0.07593749361492952, "p_value": 1.2373775170876748e-127}