{"correlation": 0.028141749993486197, "p_value": 5.812729629766487e-19}