{"correlation": 0.044560597607545965, "p_value": 4.39215714289097e-45}