{"correlation": 0.02143766038413283, "p_value": 1.236834044814933e-11}