{"correlation": 0.11125712758940946, "p_value": 1.649327914466191e-272}