{"correlation": 0.07477151854355675, "p_value": 8.553087404228248e-124}