{"correlation": 0.07286276333930622, "p_value": 1.2261925494465238e-117}