{"correlation": -0.024310222189128344, "p_value": 1.541591856196033e-14}