{"correlation": -0.08133268869093221, "p_value": 3.510998837791298e-146}