{"correlation": 0.011169950763458399, "p_value": 0.0004152264892536273}