{"correlation": -0.07651117960968457, "p_value": 1.518232060392635e-129}