{"correlation": 0.0019428688596698257, "p_value": 0.5392045535549868}