{"correlation": 0.11968394697516725, "p_value": 2.550457396e-315}