{"correlation": 0.06539552008330306, "p_value": 4.3101244098621025e-95}