{"correlation": 0.03853022704864413, "p_value": 3.902978545582986e-34}