{"correlation": 0.04824122695233842, "p_value": 1.5290106566415573e-52}