{"correlation": 0.07632369737456053, "p_value": 6.419592285274581e-129}