{"correlation": 0.026429466048597753, "p_value": 6.59271568993778e-17}