{"correlation": 0.11749377135525714, "p_value": 6.944546717811826e-304}