{"correlation": 0.04317766668169785, "p_value": 1.962885993576499e-42}