{"correlation": 0.1054423492312518, "p_value": 7.83784738515375e-245}