{"correlation": 0.053520230134518974, "p_value": 2.8728788331988997e-64}