{"correlation": 0.11358597224146413, "p_value": 5.085488644332094e-284}