{"correlation": 0.09642646607054497, "p_value": 6.510125066754321e-205}