{"correlation": 0.069459173650094, "p_value": 4.6640133961821725e-107}