{"correlation": 0.015624519949055256, "p_value": 7.884455904931957e-07}