{"correlation": 0.055617217771727276, "p_value": 2.905966303448209e-69}