{"correlation": -0.057095753085529305, "p_value": 6.699869296143522e-73}