{"correlation": 0.10448788098840149, "p_value": 1.960223554891515e-240}