{"correlation": 0.09370038345680794, "p_value": 1.4781122400746954e-193}