{"correlation": 0.060640215072329744, "p_value": 5.220770066680075e-82}