{"correlation": 0.06116500392829576, "p_value": 2.1012670192386824e-83}