{"correlation": 0.04814260196669266, "p_value": 2.4656927165547178e-52}