{"correlation": 0.03809451293304679, "p_value": 2.0962137555660595e-33}