{"correlation": -0.04973702757680782, "p_value": 9.661354765154804e-56}