{"correlation": -0.1174294519249519, "p_value": 1.493418178048281e-303}