{"correlation": 0.05725044456142555, "p_value": 2.754270963691535e-73}