{"correlation": 0.05577565697409693, "p_value": 1.196995371459541e-69}