{"correlation": -0.11824222386688936, "p_value": 9.085069011625877e-308}