{"correlation": 0.02480951003059846, "p_value": 4.437964007919514e-15}