{"correlation": 0.07737088944765222, "p_value": 1.9505817209159278e-132}