{"correlation": 0.08190351808411771, "p_value": 3.220469358988418e-148}