{"correlation": -0.06380172800857689, "p_value": 1.3483958429151285e-90}