{"correlation": 0.11613169243741309, "p_value": 6.979098002628816e-297}