{"correlation": 0.07790519017368362, "p_value": 2.9985423007776653e-134}