{"correlation": -0.07167818722131923, "p_value": 6.739692848622965e-114}