{"correlation": 0.07029263399208409, "p_value": 1.3334807168424455e-109}