{"correlation": 0.09334005121390342, "p_value": 4.425924640433881e-192}