{"correlation": 0.08195976773516182, "p_value": 2.024710643044768e-148}