{"correlation": -0.012880195584437008, "p_value": 4.685816256435205e-05}