{"correlation": -0.019044160429511896, "p_value": 1.7530450144355393e-09}