{"correlation": 0.029979773069775638, "p_value": 2.621866441660169e-21}