{"correlation": 0.06027056726916918, "p_value": 4.934962704335149e-81}