{"correlation": 0.11635959775115631, "p_value": 4.7645643594657415e-298}