{"correlation": 0.1166387417633359, "p_value": 1.7658627810019344e-299}