{"correlation": -0.03820015745138512, "p_value": 1.3969559753408266e-33}