{"correlation": 0.09469697374288906, "p_value": 1.1390707915818656e-197}