{"correlation": -0.0642724206594256, "p_value": 6.513282956295705e-92}