{"correlation": 0.0433236690266845, "p_value": 1.0399654324756195e-42}