{"correlation": 0.08908837114115128, "p_value": 4.26156305028337e-175}