{"correlation": 0.1079723740253168, "p_value": 1.0925979572127058e-256}