{"correlation": 0.012026380331264418, "p_value": 0.00014417045945988433}