{"correlation": 0.09915542997567318, "p_value": 1.2995628442607911e-216}