{"correlation": 0.11299832449780432, "p_value": 4.305117469756845e-281}