{"correlation": 0.034853590545480054, "p_value": 3.1181491922754876e-28}