{"correlation": 0.010280771294468543, "p_value": 0.0011574001686007248}