{"correlation": 0.016772711101877794, "p_value": 1.1507758832254718e-07}