{"correlation": 0.022325482807761744, "p_value": 1.7071578029249758e-12}