{"correlation": 0.026985216593393025, "p_value": 1.4654736301242823e-17}