{"correlation": -0.07445849140055856, "p_value": 8.968999165764913e-123}