{"correlation": 0.07022841190212036, "p_value": 2.0993349701504922e-109}