{"correlation": -0.00695708293566279, "p_value": 0.02789837298917033}