{"correlation": 0.10348799684123967, "p_value": 7.176791842711149e-236}