{"correlation": 0.05494770097524207, "p_value": 1.1992982850965328e-67}