{"correlation": 0.11629179515604518, "p_value": 1.0594745418373032e-297}