{"correlation": 0.038275294956381, "p_value": 1.046002036059854e-33}