{"correlation": 0.04364409422947071, "p_value": 2.5604835283276196e-43}