{"correlation": 0.0657881498237623, "p_value": 3.23576295189908e-96}