{"correlation": 0.11727859673258398, "p_value": 8.982220898208575e-303}