{"correlation": -0.05824794819032519, "p_value": 8.422866538964665e-76}