{"correlation": 0.10302062785256588, "p_value": 9.412974913623216e-234}