{"correlation": 0.04703183856716142, "p_value": 5.012054577289332e-50}