{"correlation": 0.001801905610756294, "p_value": 0.5690394075794882}