{"correlation": -0.054269572703100254, "p_value": 4.959158828084318e-66}