{"correlation": 0.10805013830842265, "p_value": 4.672042804593932e-257}