{"correlation": 0.05746563527520898, "p_value": 7.965670789907562e-74}