{"correlation": -0.060614215992319045, "p_value": 6.117091325919025e-82}