{"correlation": 0.056171327438334945, "p_value": 1.292265684971765e-70}