{"correlation": 0.10199314339798139, "p_value": 3.937559273258207e-229}