{"correlation": 0.011843155410803961, "p_value": 0.0001818434892709237}