{"correlation": 0.07000277888876398, "p_value": 1.0306319998830358e-108}