{"correlation": 0.050078855592266505, "p_value": 1.738729833886374e-56}