{"correlation": 0.11218622191560158, "p_value": 4.5109659343122096e-277}