{"correlation": -0.009332820796845519, "p_value": 0.0031821869855639647}