{"correlation": 0.0011518564436913824, "p_value": 0.7158372783632424}