{"correlation": -0.015450886503482687, "p_value": 1.043135046595426e-06}