{"correlation": 0.030117781259919853, "p_value": 1.7242979518497477e-21}