{"correlation": -0.08684086802601101, "p_value": 1.9194105580900664e-166}