{"correlation": 0.11507189365951256, "p_value": 1.7142043406815835e-291}