{"correlation": -0.08072802895185326, "p_value": 4.8752197330025385e-144}