{"correlation": 0.0622654414732613, "p_value": 2.278377084825826e-86}