{"correlation": 0.07706733732441917, "p_value": 2.0640509562617848e-131}