{"correlation": 0.027430260955890035, "p_value": 4.2996141562778635e-18}