{"correlation": 0.1177092855638703, "p_value": 5.321726556460263e-305}