{"correlation": 0.1120282678550794, "p_value": 2.708732912239055e-276}