{"correlation": 0.08001894939149036, "p_value": 1.5135229637165698e-141}