{"correlation": 0.07157832976926061, "p_value": 1.3838898140132732e-113}