{"correlation": -0.006325744560389039, "p_value": 0.04558883061333951}