{"correlation": 0.11935539084349596, "p_value": 1.36728603016e-313}