{"correlation": 0.047398353213950105, "p_value": 8.797488456944948e-51}