{"correlation": 0.046311522416994294, "p_value": 1.4726597795968846e-48}