{"correlation": 0.09316774577107549, "p_value": 2.2382350827924048e-191}