{"correlation": 0.10949410270467208, "p_value": 5.8785123699642775e-264}