{"correlation": 0.11913113768237611, "p_value": 2.057470279887e-312}