{"correlation": 0.05659153989086718, "p_value": 1.194440140927499e-71}