{"correlation": 0.09350827513508678, "p_value": 9.067805429674877e-193}