{"correlation": -0.09718148583984569, "p_value": 4.07237431023319e-208}