{"correlation": 0.03915420347629398, "p_value": 3.401031787725018e-35}