{"correlation": -0.026401618453109055, "p_value": 7.102980681817043e-17}