{"correlation": 0.08465791047652357, "p_value": 2.9781964758018406e-158}