{"correlation": 0.009717684670385213, "p_value": 0.0021319543010551683}