{"correlation": 0.09292885171712499, "p_value": 2.1069325431665243e-190}