{"correlation": -0.008197916296199897, "p_value": 0.009573172283286396}