{"correlation": -0.009544157901339934, "p_value": 0.002558273387597898}