{"correlation": 0.0854116572933038, "p_value": 4.6734187918326304e-161}