{"correlation": 0.04298836650016233, "p_value": 4.458684480692592e-42}