{"correlation": 0.06613701573198179, "p_value": 3.1998870336766794e-97}