{"correlation": 0.11112209162352994, "p_value": 7.538291951309546e-272}