{"correlation": 0.10656973995576714, "p_value": 4.4328734825579944e-250}