{"correlation": 0.06749601655431602, "p_value": 3.466507945665394e-101}