{"correlation": -0.005791159275031532, "p_value": 0.0672158768392963}