{"correlation": 0.08285487598633737, "p_value": 1.2026822350527692e-151}