{"correlation": 0.10089711650449129, "p_value": 2.971601810254076e-224}