{"correlation": 0.09577859561857051, "p_value": 3.4867337076466272e-202}