{"correlation": 0.07634947889055577, "p_value": 5.2661349540801645e-129}