{"correlation": -0.06599751373506364, "p_value": 8.083212952737778e-97}