{"correlation": 0.06780139605721126, "p_value": 4.342277291117396e-102}