{"correlation": 0.03298335225486612, "p_value": 1.87180948026268e-25}