{"correlation": 0.06726824976397804, "p_value": 1.622233496417167e-100}