{"correlation": 0.07326836116226867, "p_value": 6.219747490687365e-119}