{"correlation": 0.039545081080342444, "p_value": 7.230037229442276e-36}