{"correlation": 0.07475498083654343, "p_value": 9.686164636087862e-124}