{"correlation": 0.10659936249997928, "p_value": 3.221343295988614e-250}