{"correlation": 0.09294685080823158, "p_value": 1.779810550201569e-190}