{"correlation": 0.05348198993280202, "p_value": 3.528782097394086e-64}