{"correlation": 0.05496830893059093, "p_value": 1.0702595846327906e-67}