{"correlation": 0.00460405431784434, "p_value": 0.14565465131534797}