{"correlation": 0.03656299334925563, "p_value": 6.642254463615399e-31}