{"correlation": 0.09794152470324129, "p_value": 2.2863453102141744e-211}