{"correlation": -0.012150958546828308, "p_value": 0.00012289545238454292}