{"correlation": 0.05955658637251919, "p_value": 3.636268080583758e-79}