{"correlation": 0.05151632508673266, "p_value": 1.128388888114867e-59}