{"correlation": 0.06309331236060375, "p_value": 1.2364998449392772e-88}