{"correlation": 0.012197390317981574, "p_value": 0.00011575189003053794}