{"correlation": 0.0760170046672425, "p_value": 6.73731220164694e-128}