{"correlation": 0.04146445507645199, "p_value": 2.8904893939259105e-39}