{"correlation": 0.07462300879317922, "p_value": 2.611409510010752e-123}