{"correlation": 0.0912939746757677, "p_value": 8.306256216930813e-184}