{"correlation": 0.10475233520619333, "p_value": 1.1962173727048006e-241}