{"correlation": 0.015507658461696723, "p_value": 9.522062006442876e-07}