{"correlation": 0.01569738195648016, "p_value": 7.0045606915058e-07}