{"correlation": 0.1169638324139012, "p_value": 3.766209584900624e-301}