{"correlation": -0.05814627358201766, "p_value": 1.5267042850188153e-75}