{"correlation": 0.00801990493866972, "p_value": 0.011257057879075254}