{"correlation": 0.03747670376280982, "p_value": 2.200347956789489e-32}