{"correlation": 0.04015346276073915, "p_value": 6.29952319878351e-37}