{"correlation": -0.10746451940019364, "p_value": 2.7625393787042335e-254}