{"correlation": 0.09438622356784504, "p_value": 2.2071416154556383e-196}