{"correlation": -0.01660013189546917, "p_value": 1.549367262515719e-07}