{"correlation": 0.04329130333374518, "p_value": 1.1974426874048735e-42}