{"correlation": -0.023970501875090155, "p_value": 3.546723909962837e-14}