{"correlation": 0.02433668358225345, "p_value": 1.4440306721372417e-14}