{"correlation": -0.04960837671345849, "p_value": 1.8366940943273607e-55}