{"correlation": -0.010133914657138709, "p_value": 0.0013611735665368095}