{"correlation": -0.0010786849998636436, "p_value": 0.7331766367673725}