{"correlation": 0.03154264841499366, "p_value": 2.039969904388648e-23}