{"correlation": 0.011576511178299111, "p_value": 0.0002534857735325098}