{"correlation": -0.02054110285732545, "p_value": 8.447696764564952e-11}