{"correlation": 0.024932655687920087, "p_value": 3.2520893982046556e-15}