{"correlation": 0.057749635057397844, "p_value": 1.5383702878807467e-74}