{"correlation": 0.0672032653291266, "p_value": 2.517199656441232e-100}