{"correlation": 0.058459832495871854, "p_value": 2.4307246338706938e-76}