{"correlation": 0.10996254605009527, "p_value": 3.240453830847655e-266}