{"correlation": 0.0884376812531489, "p_value": 1.438696236270579e-172}