{"correlation": -0.01375837162111976, "p_value": 1.3717120507662615e-05}