{"correlation": 0.06550067497689879, "p_value": 2.157660255143012e-95}