{"correlation": 0.06788542273985455, "p_value": 2.447720146232804e-102}