{"correlation": 0.09356471843196279, "p_value": 5.323665097368189e-193}