{"correlation": 0.10064600350415585, "p_value": 3.828125761513052e-223}