{"correlation": 0.09790194223010605, "p_value": 3.381216079940302e-211}