{"correlation": 0.10541940040639582, "p_value": 1.0009719837961423e-244}