{"correlation": -0.08546136777227678, "p_value": 3.046509132714879e-161}