{"correlation": 0.05100064695633217, "p_value": 1.6083932305061298e-58}