{"correlation": 0.08361168931019365, "p_value": 2.1122791108540232e-154}