{"correlation": 0.08654408590679054, "p_value": 2.565289892866438e-165}