{"correlation": 0.08162727037958958, "p_value": 3.1314996775341603e-147}