{"correlation": 0.08853861084411334, "p_value": 5.848108615981523e-173}