{"correlation": 0.07367910389271601, "p_value": 2.9866598523716752e-120}