{"correlation": -0.03871148977227445, "p_value": 1.928722709697399e-34}