{"correlation": 0.055061148202368494, "p_value": 6.405303817745686e-68}