{"correlation": 0.0056068698261943755, "p_value": 0.0763971481275056}