{"correlation": 0.06808622610259836, "p_value": 6.202442934756629e-103}