{"correlation": 0.06299888069715157, "p_value": 2.2496675274246175e-88}