{"correlation": 0.05409823859466645, "p_value": 1.2608095393595171e-65}