{"correlation": 0.05939160389692164, "p_value": 9.749600968186637e-79}