{"correlation": 0.05193819587744671, "p_value": 1.2584124175981426e-60}