{"correlation": 0.09931762275163059, "p_value": 2.5584351513167347e-217}