{"correlation": 0.04689137585105458, "p_value": 9.728929985144993e-50}