{"correlation": 0.06370361946994237, "p_value": 2.5287062689419352e-90}