{"correlation": 0.10482864825795081, "p_value": 5.330440013737949e-242}