{"correlation": 0.04306509326749626, "p_value": 3.1987081326764275e-42}