{"correlation": -0.07357193831636244, "p_value": 6.605868598450669e-120}