{"correlation": 0.10646551409248604, "p_value": 1.362077186138596e-249}