{"correlation": 0.11253720860193123, "p_value": 8.324657173238912e-279}