{"correlation": 0.11721263863606815, "p_value": 1.9667522997425166e-302}