{"correlation": 0.10291106146930609, "p_value": 2.943015555644694e-233}