{"correlation": 0.024613840879680566, "p_value": 7.250819650542441e-15}