{"correlation": 0.07661051805356067, "p_value": 7.062057094604097e-130}