{"correlation": 0.10199218573837633, "p_value": 3.976605577791604e-229}