{"correlation": 0.11528513622295594, "p_value": 1.424157302738173e-292}