{"correlation": -0.049048231578447676, "p_value": 2.953927467979077e-54}