{"correlation": 0.1080891368255516, "p_value": 3.050532665853185e-257}