{"correlation": -0.06802582506790501, "p_value": 9.377427308964841e-103}