{"correlation": 0.08598120013904924, "p_value": 3.419499539805396e-163}