{"correlation": -0.04842622113914681, "p_value": 6.223021570648752e-53}