{"correlation": -0.05063967324121854, "p_value": 1.016838692103048e-57}