{"correlation": 0.0579629422797256, "p_value": 4.449895186569791e-75}