{"correlation": 0.05265364236595125, "p_value": 2.9277201413691677e-62}