{"correlation": 0.03659411203743105, "p_value": 5.92257151596663e-31}