{"correlation": 0.10687141501249915, "p_value": 1.7094435253198834e-251}