{"correlation": 0.0860392168373377, "p_value": 2.068260541345017e-163}