{"correlation": 0.07016865911213253, "p_value": 3.201090112839901e-109}