{"correlation": 0.08835869095012464, "p_value": 2.908205886249865e-172}