{"correlation": 0.038143740761286356, "p_value": 1.7352659288685517e-33}