{"correlation": 0.042774331268803756, "p_value": 1.1225436531900004e-41}