{"correlation": 0.07948753951920604, "p_value": 1.0790137393047173e-139}