{"correlation": 0.01746748724019763, "p_value": 3.375193497952482e-08}