{"correlation": 0.07332426428552956, "p_value": 4.1185675188107136e-119}