{"correlation": 0.11315570086100052, "p_value": 7.103355044206999e-282}