{"correlation": 0.04805610335780459, "p_value": 3.7463003939716324e-52}