{"correlation": 0.08777508998631821, "p_value": 5.167940434009128e-170}