{"correlation": 0.05861539616583997, "p_value": 9.732533109529367e-77}