{"correlation": 0.08048000502367496, "p_value": 3.649021409598212e-143}