{"correlation": -0.01775409560295671, "p_value": 2.0073282947262225e-08}