{"correlation": 0.07770228258567817, "p_value": 1.468924193265171e-133}