{"correlation": 0.04554914459327086, "p_value": 4.981415168585784e-47}