{"correlation": 0.0823936190118649, "p_value": 5.585589406226686e-150}