{"correlation": 0.04721579078754392, "p_value": 2.0964505087548824e-50}