{"correlation": 0.10811191127056732, "p_value": 2.378103718803275e-257}