{"correlation": 0.04114274553890525, "p_value": 1.100734021307373e-38}