{"correlation": -0.017338874724131523, "p_value": 4.250528800837781e-08}