{"correlation": 0.06691280887081265, "p_value": 1.78434081067192e-99}