{"correlation": -0.1101779628281907, "p_value": 2.9419469667460686e-267}