{"correlation": 0.08390855193142274, "p_value": 1.725911533485349e-155}