{"correlation": 0.027765843378391632, "p_value": 1.6836085235146011e-18}