{"correlation": 0.024960709776127528, "p_value": 3.029089880285984e-15}