{"correlation": 0.09840323711244352, "p_value": 2.3540038981278327e-213}