{"correlation": 0.08636645538742337, "p_value": 1.2055524459996177e-164}