{"correlation": 0.09644887993143814, "p_value": 5.234166093507401e-205}