{"correlation": 0.07853257321880017, "p_value": 2.1463027982057564e-136}