{"correlation": 0.03796291740747707, "p_value": 3.469831663623199e-33}