{"correlation": 0.042990689181083466, "p_value": 4.4141214638119757e-42}