{"correlation": 0.04399990295452914, "p_value": 5.335643801477415e-44}