{"correlation": 0.08060641867019705, "p_value": 1.3090608754586146e-143}