{"correlation": 0.08580425104000883, "p_value": 1.58133788931124e-162}