{"correlation": 0.048847534666368625, "p_value": 7.930681497465878e-54}