{"correlation": 0.09431637334806096, "p_value": 4.291335015313253e-196}