{"correlation": 0.0729266663832378, "p_value": 7.674356252122912e-118}