{"correlation": 0.07588750700469483, "p_value": 1.8127569930380333e-127}