{"correlation": 0.09128683494662683, "p_value": 8.870526242912909e-184}