{"correlation": 0.11549172886189327, "p_value": 1.272893922024076e-293}