{"correlation": 0.05920093021055103, "p_value": 3.0376344896002436e-78}