{"correlation": 0.09675496975698496, "p_value": 2.647199432308817e-206}