{"correlation": -0.10617766188730776, "p_value": 3.006767176788846e-248}