{"correlation": -0.0220964577389987, "p_value": 2.8664720448726596e-12}