{"correlation": 0.10209616822901242, "p_value": 1.3613309682310137e-229}