{"correlation": 0.1032141427080246, "p_value": 1.2532440994099881e-234}