{"correlation": 0.06417433720062844, "p_value": 1.2269693116454338e-91}