{"correlation": 0.10141561837144696, "p_value": 1.4864132713666419e-226}