{"correlation": 0.10762959969267531, "p_value": 4.586931737983537e-255}