{"correlation": 0.10070042489766182, "p_value": 2.2012342501539274e-223}