{"correlation": -0.03995046176974527, "p_value": 1.4280012305593328e-36}