{"correlation": -0.013087582854672285, "p_value": 3.529211489227685e-05}