{"correlation": 0.01130696744295755, "p_value": 0.00035221641030066094}