{"correlation": 0.11060246224136985, "p_value": 2.5658137630591024e-269}