{"correlation": 0.060512850184753074, "p_value": 1.1338148961438733e-81}