{"correlation": -0.10428602837760564, "p_value": 1.6489140186815466e-239}