{"correlation": 0.09180034020177599, "p_value": 7.748550726228115e-186}