{"correlation": -0.07900243508182331, "p_value": 5.172658112004256e-138}