{"correlation": -0.10413521828294618, "p_value": 8.072756897631119e-239}