{"correlation": 0.07533605309397819, "p_value": 1.203807393274273e-125}