{"correlation": 0.015483464109541639, "p_value": 9.899831893258955e-07}