{"correlation": 0.03594141849206464, "p_value": 6.432363855959255e-30}