{"correlation": -0.09889445254015868, "p_value": 1.7662086483186535e-215}