{"correlation": 0.0835762205983263, "p_value": 2.847418495318017e-154}