{"correlation": 0.04205014720890392, "p_value": 2.4673415674920615e-40}