{"correlation": -0.02913564025492681, "p_value": 3.26567162464e-20}