{"correlation": 0.04965796674584709, "p_value": 1.4340975458846652e-55}