{"correlation": 0.056206797193654415, "p_value": 1.0576814141949664e-70}