{"correlation": 0.09991624975318707, "p_value": 6.2048542862452e-220}