{"correlation": -0.02597219730522335, "p_value": 2.2206771083416735e-16}