{"correlation": 0.06110358223212836, "p_value": 3.0648225878563896e-83}