{"correlation": 0.07595204277887957, "p_value": 1.1071659183079718e-127}