{"correlation": 0.022090310970828045, "p_value": 2.9064149014485507e-12}