{"correlation": 0.08467620949643814, "p_value": 2.5478251796036863e-158}