{"correlation": -0.04898894031661725, "p_value": 3.9563434035210135e-54}