{"correlation": 0.10774804171639607, "p_value": 1.2626609921212402e-255}