{"correlation": -0.03158286288547692, "p_value": 1.7946043278250315e-23}