{"correlation": 0.06855753846630247, "p_value": 2.4336137429567366e-104}