{"correlation": 0.03660654525811233, "p_value": 5.6571714691042465e-31}