{"correlation": 0.08295091719844437, "p_value": 5.393716712169557e-152}