{"correlation": 0.06082867117674033, "p_value": 1.6522423686234706e-82}