{"correlation": 0.05288804294551349, "p_value": 8.444316822882646e-63}