{"correlation": 0.09522128123142291, "p_value": 7.496649490915104e-200}