{"correlation": -0.0130332545780007, "p_value": 3.802769162304436e-05}