{"correlation": 0.09491144526207412, "p_value": 1.4641903416345249e-198}