{"correlation": -0.106100493500258, "p_value": 6.882481456738603e-248}