{"correlation": 0.0300872354731297, "p_value": 1.8921920064547783e-21}