{"correlation": 0.09823007929164616, "p_value": 1.3129237887607602e-212}