{"correlation": 0.09582468854868947, "p_value": 2.233023305204699e-202}