{"correlation": 0.091111683793978, "p_value": 4.440996114330547e-183}