{"correlation": 0.025072586789873334, "p_value": 2.280073617507621e-15}