{"correlation": 0.09769071478289043, "p_value": 2.7208833713828206e-210}