{"correlation": 0.0011507500972746843, "p_value": 0.716098386098572}