{"correlation": 0.10058299639331253, "p_value": 7.261972657537762e-223}