{"correlation": 0.0498703241977205, "p_value": 4.956832728427288e-56}