{"correlation": 0.11896300996919132, "p_value": 1.565383152381e-311}