{"correlation": 0.043922878212002386, "p_value": 7.500731781431006e-44}