{"correlation": 0.0574799139851247, "p_value": 7.335005428515557e-74}