{"correlation": 0.06792451532363197, "p_value": 1.874269005519403e-102}