{"correlation": 0.092561074656425, "p_value": 6.573080754095252e-189}