{"correlation": -0.03505878430875337, "p_value": 1.5131208556850602e-28}