{"correlation": 0.07916030879305805, "p_value": 1.4719276832953884e-138}