{"correlation": 0.06664653459097072, "p_value": 1.0665281348530479e-98}