{"correlation": -0.11731780001681427, "p_value": 5.636227188046286e-303}