{"correlation": -0.10003592973125909, "p_value": 1.8533704523337304e-220}