{"correlation": 0.10752940154711257, "p_value": 1.3644950060217013e-254}