{"correlation": -0.011897665468015028, "p_value": 0.00016976473360322256}