{"correlation": 0.019084658434913155, "p_value": 1.619620530905838e-09}