{"correlation": 0.02245230367895954, "p_value": 1.2784333308981337e-12}