{"correlation": 0.06882660774967563, "p_value": 3.793364678455455e-105}