{"correlation": 0.02344999915712758, "p_value": 1.2435840023997191e-13}