{"correlation": 0.01454170490418875, "p_value": 4.308038932971395e-06}