{"correlation": 0.06322079845298881, "p_value": 5.5038631740747565e-89}