{"correlation": -0.10668179644876807, "p_value": 1.3243347012946157e-250}