{"correlation": 0.1105700989592653, "p_value": 3.685675909220631e-269}