{"correlation": -0.04280980708223236, "p_value": 9.635549242608397e-42}