{"correlation": 0.045159531377998954, "p_value": 2.9452761296559073e-46}