{"correlation": 0.06830719791503602, "p_value": 1.362814919872632e-103}