{"correlation": 0.11501886659047746, "p_value": 3.1800462282773383e-291}