{"correlation": 0.11671762405096492, "p_value": 6.948955716764903e-300}