{"correlation": 0.09155985554000749, "p_value": 7.158508562243362e-185}