{"correlation": 0.07015475431591303, "p_value": 3.531106271047152e-109}