{"correlation": 0.03929155156545711, "p_value": 1.9772862867098656e-35}