{"correlation": 0.11304117338222756, "p_value": 2.636563849408235e-281}