{"correlation": 0.05984939667109864, "p_value": 6.2737226953667355e-80}