{"correlation": 0.11574342689466342, "p_value": 6.674934458491665e-295}