{"correlation": 0.056509683613914743, "p_value": 1.902067742460942e-71}