{"correlation": 0.08702201036321533, "p_value": 3.926536480793408e-167}