{"correlation": 0.104369638338279, "p_value": 6.828368955037196e-240}