{"correlation": 0.10271664828691345, "p_value": 2.217730328629427e-232}