{"correlation": 0.060045081517335806, "p_value": 1.929460849793119e-80}