{"correlation": 0.03301093205451366, "p_value": 1.7076020372566476e-25}