{"correlation": 0.005828518192156358, "p_value": 0.0654700474051917}