{"correlation": 0.059435268358541106, "p_value": 7.511731398523319e-79}