{"correlation": 0.03716820327307274, "p_value": 7.017290016520886e-32}