{"correlation": -0.09512224910588407, "p_value": 1.9403719267367166e-199}