{"correlation": 0.08434999405757942, "p_value": 4.095649513828278e-157}