{"correlation": 0.0658116073730953, "p_value": 2.770633171689624e-96}