{"correlation": 0.008426828756881739, "p_value": 0.007739560806700651}