{"correlation": 0.051387831381166815, "p_value": 2.193172774382607e-59}