{"correlation": 0.09637291659120435, "p_value": 1.0960960945414414e-204}