{"correlation": 0.05955606059802095, "p_value": 3.6477310551983413e-79}