{"correlation": 0.07117590773488282, "p_value": 2.4880947632507754e-112}