{"correlation": -0.0934721187379281, "p_value": 1.2752290873418875e-192}