{"correlation": 0.03427115293051581, "p_value": 2.373218191590815e-27}