{"correlation": 0.0812722348567298, "p_value": 5.759313493595189e-146}