{"correlation": 0.0954207081690936, "p_value": 1.1010913035890078e-200}