{"correlation": 0.06332887639994447, "p_value": 2.7675735617398907e-89}