{"correlation": 0.049449023871250636, "p_value": 4.060866442092114e-55}