{"correlation": 0.01065601109125211, "p_value": 0.0007577756025109587}