{"correlation": 0.0028636530331956887, "p_value": 0.36545576770853017}