{"correlation": 0.04766397161862473, "p_value": 2.47213861793437e-51}