{"correlation": 0.09149567575263372, "p_value": 1.294449081478433e-184}