{"correlation": 0.11840723693192261, "p_value": 1.2553298219424584e-308}