{"correlation": 0.05851948625463474, "p_value": 1.711702494327715e-76}