{"correlation": -0.033364427407234616, "p_value": 5.228725155384838e-26}