{"correlation": -0.01235693717883858, "p_value": 9.40769925365932e-05}