{"correlation": 0.05916581289631362, "p_value": 3.7433591784958637e-78}