{"correlation": 0.0552612173978835, "p_value": 2.1125350848408917e-68}