{"correlation": 0.11440578132823012, "p_value": 3.945108830846253e-288}