{"correlation": -0.02904892627996393, "p_value": 4.2146154774130226e-20}