{"correlation": 0.006918712322196734, "p_value": 0.028772792256436624}