{"correlation": 0.10628164918057363, "p_value": 9.841064137141806e-249}