{"correlation": -0.0077708172988607245, "p_value": 0.0140535394441495}