{"correlation": 0.0905568175321121, "p_value": 7.153992853982475e-181}