{"correlation": 0.0661912155031526, "p_value": 2.2312257403336596e-97}