{"correlation": -0.0113190834987453, "p_value": 0.00034709803553476974}