{"correlation": 0.1127391334061439, "p_value": 8.323916946973421e-280}