{"correlation": 0.03188459623739562, "p_value": 6.825896439187654e-24}