{"correlation": 0.11271940419427834, "p_value": 1.0426011057022556e-279}