{"correlation": 0.11167015538600315, "p_value": 1.5617443823083172e-274}