{"correlation": 0.06151540793101166, "p_value": 2.421895254865904e-84}