{"correlation": 0.07484943674420368, "p_value": 4.757742546994863e-124}