{"correlation": 0.07927497255113428, "p_value": 5.898780783319745e-139}