{"correlation": 0.10564586356016742, "p_value": 8.935945952720963e-246}