{"correlation": 0.022332095238092375, "p_value": 1.681675045478796e-12}