{"correlation": 0.025457529282164205, "p_value": 8.499416948785808e-16}