{"correlation": 0.08031465860395874, "p_value": 1.3913782027141209e-142}