{"correlation": 0.0049136242525426345, "p_value": 0.12044952175094391}