{"correlation": 0.1037864093991294, "p_value": 3.1522105279692407e-237}