{"correlation": 0.06827057324083667, "p_value": 1.7525291435302827e-103}