{"correlation": 0.11292531119796077, "p_value": 9.923154120841012e-281}