{"correlation": -0.07805575184931918, "p_value": 9.197630993682465e-135}