{"correlation": 0.05488307627773555, "p_value": 1.713327764446177e-67}