{"correlation": 0.10467175019736774, "p_value": 2.8068899060871146e-241}