{"correlation": 0.03875032689946983, "p_value": 1.6576563565653582e-34}