{"correlation": 0.04260329964527863, "p_value": 2.339933435315566e-41}