{"correlation": 0.08006279846176344, "p_value": 1.0629908563269355e-141}