{"correlation": -0.07215396957387984, "p_value": 2.1570508703329043e-115}