{"correlation": 0.08578606145516797, "p_value": 1.8505955758111058e-162}