{"correlation": -0.0649054301585666, "p_value": 1.0681988541529786e-93}