{"correlation": 0.1077482501381949, "p_value": 1.2597964072842452e-255}