{"correlation": 0.11487499561080824, "p_value": 1.697961796225809e-290}