{"correlation": -0.034469476557985816, "p_value": 1.1935661973852215e-27}