{"correlation": 0.06016767651346624, "p_value": 9.199472310619414e-81}