{"correlation": 0.020882318775324697, "p_value": 4.103936738100653e-11}