{"correlation": 0.11262990332496173, "p_value": 2.894149339877345e-279}