{"correlation": 0.10970257358586552, "p_value": 5.825259467420972e-265}