{"correlation": 0.0872981543900388, "p_value": 3.472306718372637e-168}