{"correlation": 0.025494445603987014, "p_value": 7.726028286410461e-16}