{"correlation": 0.08512637334125275, "p_value": 5.419924975864817e-160}