{"correlation": 0.10323467895418556, "p_value": 1.0115956020339876e-234}