{"correlation": 0.013347975110374645, "p_value": 2.4579861913683322e-05}