{"correlation": -0.11995432496664349, "p_value": 9.5480113e-317}