{"correlation": -0.01827199570556241, "p_value": 7.69150759791725e-09}