{"correlation": 0.08734742829080305, "p_value": 2.2506101259271003e-168}