{"correlation": 0.07428380793640106, "p_value": 3.314528217273633e-122}