{"correlation": 0.0334709603862121, "p_value": 3.6512110800083675e-26}