{"correlation": 0.08562383710581989, "p_value": 7.51072153004526e-162}