{"correlation": 0.04068896163662787, "p_value": 7.131331581891464e-38}