{"correlation": 0.0915889075347232, "p_value": 5.474046417304297e-185}