{"correlation": -0.06504322651470115, "p_value": 4.3423590246915244e-94}