{"correlation": 0.0919672277109491, "p_value": 1.650507951268504e-186}