{"correlation": -0.053466820611101515, "p_value": 3.8285485060141177e-64}