{"correlation": 0.0495711353835053, "p_value": 2.2113924117673356e-55}