{"correlation": 0.11625069076028519, "p_value": 1.7194687882399112e-297}