{"correlation": 0.0450079671583064, "p_value": 5.855630103112363e-46}