{"correlation": 0.019337086148038658, "p_value": 9.852656224738753e-10}