{"correlation": 0.02225019120249725, "p_value": 2.025411331926909e-12}