{"correlation": 0.042963990630939114, "p_value": 4.954221240041069e-42}