{"correlation": 0.07982790068060769, "p_value": 7.040693038580881e-141}