{"correlation": 0.06878653187303416, "p_value": 5.00560469368524e-105}