{"correlation": 0.11588670347615312, "p_value": 1.2426432575885364e-295}