{"correlation": 0.0913521579197768, "p_value": 4.860813728550428e-184}