{"correlation": 0.07543422670135287, "p_value": 5.7165435213694114e-126}