{"correlation": -0.0088569508135223, "p_value": 0.005123468669203427}