{"correlation": 0.017146086014183125, "p_value": 5.987572675563458e-08}