{"correlation": 0.06675501268134294, "p_value": 5.152403496200414e-99}