{"correlation": 0.10169361054689981, "p_value": 8.582261371946567e-228}