{"correlation": 0.08844348527466671, "p_value": 1.3661528959987466e-172}