{"correlation": 0.10724279442217773, "p_value": 3.0671977544648964e-253}