{"correlation": -0.11876151862114047, "p_value": 1.77463062375623e-310}