{"correlation": -0.04093550474130152, "p_value": 2.590551713948379e-38}