{"correlation": -0.03417813348185352, "p_value": 3.271549264428125e-27}