{"correlation": 0.012677482370219612, "p_value": 6.157384032776594e-05}