{"correlation": -0.00207168437674906, "p_value": 0.5126437211881227}