{"correlation": 0.10629956256694816, "p_value": 8.117729330988127e-249}