{"correlation": -0.032421329370013685, "p_value": 1.1958857578979072e-24}