{"correlation": 0.012211800212720605, "p_value": 0.00011361577270846991}