{"correlation": 0.06341159252764766, "p_value": 1.6339843509116693e-89}