{"correlation": -0.03194249079277176, "p_value": 5.6644906877606424e-24}