{"correlation": -0.08477072920751334, "p_value": 1.137132791445371e-158}