{"correlation": 0.07775077566747543, "p_value": 1.0051697481370575e-133}