{"correlation": 0.11655363822945673, "p_value": 4.826402539742706e-299}