{"correlation": 0.1139014553622489, "p_value": 1.3433268854402806e-285}