{"correlation": -0.0032127295073099103, "p_value": 0.3099440143515346}