{"correlation": 0.05864795971796022, "p_value": 8.03309306640425e-77}