{"correlation": -0.03513607523717594, "p_value": 1.1511130337254337e-28}