{"correlation": 0.03827600460154321, "p_value": 1.0431449184831264e-33}