{"correlation": 0.0309807287753768, "p_value": 1.202281484658908e-22}