{"correlation": 0.06631172076790952, "p_value": 9.998259351038654e-98}