{"correlation": -0.01675773976491246, "p_value": 1.1809879210944573e-07}