{"correlation": -0.02113941759385191, "p_value": 2.36419917380056e-11}