{"correlation": 0.10135269969525569, "p_value": 2.8312720931467e-226}