{"correlation": -0.002679858293149321, "p_value": 0.3970329455696186}