{"correlation": 0.030894904536679865, "p_value": 1.5720714076742723e-22}