{"correlation": -0.09160906631053632, "p_value": 4.5440064460404454e-185}