{"correlation": -0.010391720588551414, "p_value": 0.0010225696300562458}