{"correlation": 0.10291645031569209, "p_value": 2.782634131319223e-233}