{"correlation": 0.06730792152330327, "p_value": 1.2403375522033145e-100}