{"correlation": 0.11699861993097291, "p_value": 2.493473050974019e-301}