{"correlation": -0.10690759927862133, "p_value": 1.1561106078054211e-251}