{"correlation": 0.011161043628368067, "p_value": 0.00041966705839640385}