{"correlation": 0.00273503546675636, "p_value": 0.38738456366708246}