{"correlation": 0.1026426791614431, "p_value": 4.777321178714097e-232}