{"correlation": -0.03944941146035319, "p_value": 1.0576529632781364e-35}