{"correlation": -0.0054373601559655595, "p_value": 0.08572147911961044}