{"correlation": 0.09500033888228214, "p_value": 6.247657659088333e-199}