{"correlation": -0.04287046070776809, "p_value": 7.419078211076263e-42}