{"correlation": 0.026460225711551256, "p_value": 6.07104927319546e-17}