{"correlation": 0.0968983569879779, "p_value": 6.519482604836932e-207}