{"correlation": 0.11822354824072774, "p_value": 1.1364072132190793e-307}