{"correlation": 0.049007540649441156, "p_value": 3.6099595104866337e-54}