{"correlation": 0.028312299074860846, "p_value": 3.5713407886107777e-19}