{"correlation": 0.04117949299966361, "p_value": 9.453166778395732e-39}