{"correlation": 0.059776286021400386, "p_value": 9.736873819950299e-80}