{"correlation": -0.10105685557224026, "p_value": 5.826789357982666e-225}