{"correlation": 0.10372364758683814, "p_value": 6.087168094399879e-237}