{"correlation": 0.09293706555556965, "p_value": 1.9507998618861864e-190}