{"correlation": 0.07778811380006094, "p_value": 7.504275973417345e-134}