{"correlation": 0.030440552607474396, "p_value": 6.423275520687128e-22}