{"correlation": 0.10297585060750927, "p_value": 1.5000774252656579e-233}