{"correlation": 0.04848378957108402, "p_value": 4.701169881483201e-53}