{"correlation": -0.06372102125854319, "p_value": 2.261996874197156e-90}