{"correlation": 0.01639180804329067, "p_value": 2.2100391836899906e-07}