{"correlation": 0.062171543518637795, "p_value": 4.099005947292077e-86}