{"correlation": 0.05634583815301247, "p_value": 4.817241457309203e-71}