{"correlation": 0.022621822528956222, "p_value": 8.664136251424146e-13}