{"correlation": -0.0797979072329097, "p_value": 8.959467784257035e-141}