{"correlation": 0.08957471057615128, "p_value": 5.33975864919186e-177}