{"correlation": -0.0564926448195657, "p_value": 2.0953150246354077e-71}