{"correlation": 0.10101047675163626, "p_value": 9.35364592143538e-225}