{"correlation": 0.07727043781607372, "p_value": 4.2624628318572515e-132}