{"correlation": 0.11290918196374157, "p_value": 1.1932541648426653e-280}