{"correlation": 0.0763128963503022, "p_value": 6.974843131955117e-129}