{"correlation": 0.06983431034849573, "p_value": 3.3697339624548733e-108}