{"correlation": 0.08119515530197452, "p_value": 1.0819030334018677e-145}