{"correlation": 0.023992724328413855, "p_value": 3.3597557693735837e-14}