{"correlation": -0.005376546199557688, "p_value": 0.08928296049957889}