{"correlation": 0.0689983936809647, "p_value": 1.153431857950384e-105}