{"correlation": 0.07239532126004143, "p_value": 3.7307213285060474e-116}