{"correlation": 0.01300116324355296, "p_value": 3.973690875719576e-05}