{"correlation": 0.038508664401956834, "p_value": 4.243436159186155e-34}