{"correlation": 0.05612404045884, "p_value": 1.6875145664311214e-70}