{"correlation": 0.11795206904381661, "p_value": 2.9294759300450316e-306}