{"correlation": 0.08855339903524484, "p_value": 5.125013275001958e-173}