{"correlation": 0.09576684287314645, "p_value": 3.9061476202567595e-202}