{"correlation": 0.10697801374315184, "p_value": 5.398747785253346e-252}