{"correlation": 0.07054312030010591, "p_value": 2.2621556902191572e-110}