{"correlation": 0.037449431942738386, "p_value": 2.4388383533253113e-32}