{"correlation": 0.11552822720388764, "p_value": 8.30440541643332e-294}