{"correlation": 0.07811725615539865, "p_value": 5.671953257060413e-135}