{"correlation": 0.004926394852607115, "p_value": 0.11948815160577099}