{"correlation": 0.05144896690905974, "p_value": 1.598983453981344e-59}