{"correlation": 0.07198293351539888, "p_value": 7.453418597639679e-115}