{"correlation": 0.08125551304541669, "p_value": 6.603826004380529e-146}