{"correlation": 0.004631586320567946, "p_value": 0.1432611728750261}