{"correlation": -0.06368261337919821, "p_value": 2.892764983670409e-90}