{"correlation": 0.01213638392949996, "p_value": 0.00012522214047999155}