{"correlation": -0.00984267410757613, "p_value": 0.0018663765881329526}