{"correlation": 0.0756804806099584, "p_value": 8.790339484896405e-127}