{"correlation": 0.07066210657317394, "p_value": 9.71784201109851e-111}