{"correlation": 0.029347105389834847, "p_value": 1.7476298586262938e-20}