{"correlation": -0.03277070028302383, "p_value": 3.789769468177405e-25}