{"correlation": 0.07414947333099413, "p_value": 9.037784048297823e-122}