{"correlation": 0.11335972007846828, "p_value": 6.844778724746113e-283}