{"correlation": -0.019191450729405382, "p_value": 1.3134729379039937e-09}