{"correlation": 0.07957998653054404, "p_value": 5.1470443946535845e-140}