{"correlation": 0.04219639269624826, "p_value": 1.327537135067794e-40}