{"correlation": 0.08061586426256868, "p_value": 1.212453378121559e-143}