{"correlation": 0.1028068113155272, "p_value": 8.696383689923015e-233}