{"correlation": 0.023443281158471885, "p_value": 1.2636640865490085e-13}