{"correlation": 0.031433463727529844, "p_value": 2.8865498858049735e-23}