{"correlation": -0.023575777743805284, "p_value": 9.206080228983527e-14}