{"correlation": 0.09475047620066408, "p_value": 6.830989145095231e-198}