{"correlation": 0.05755968866373428, "p_value": 4.624882727339982e-74}