{"correlation": 0.11985037349298552, "p_value": 3.3792926e-316}