{"correlation": 0.08576461526385284, "p_value": 2.22743686026729e-162}