{"correlation": -0.010871264835502218, "p_value": 0.0005907890297227155}