{"correlation": 0.009401892560218677, "p_value": 0.002964469272439657}