{"correlation": 0.000716063409048557, "p_value": 0.8209668870167013}