{"correlation": 0.07302904684782997, "p_value": 3.619169175975604e-118}