{"correlation": 0.11288678614590023, "p_value": 1.541384371253392e-280}