{"correlation": 0.0468496102462303, "p_value": 1.184538236430808e-49}