{"correlation": -0.10712514306405439, "p_value": 1.0979238936205714e-252}