{"correlation": 0.07619160906305703, "p_value": 1.7690383028039021e-128}