{"correlation": -0.05933388833850503, "p_value": 1.3757775568204057e-78}