{"correlation": 0.11779491114827982, "p_value": 1.9152974728024652e-305}