{"correlation": 0.035771366221401965, "p_value": 1.1891285957035702e-29}