{"correlation": 0.09156702170420197, "p_value": 6.700170787046386e-185}