{"correlation": 0.06629143220664402, "p_value": 1.1446253213859929e-97}