{"correlation": 0.10369293167768338, "p_value": 8.398908661332691e-237}