{"correlation": 0.11276714107206795, "p_value": 6.04608071823798e-280}