{"correlation": 0.05706148529465176, "p_value": 8.155417635104e-73}