{"correlation": 0.051773145932512955, "p_value": 2.974742186820866e-60}