{"correlation": 0.09138316590308745, "p_value": 3.652877718500176e-184}