{"correlation": 0.08582546438566699, "p_value": 1.3163385625894041e-162}