{"correlation": 0.11768950358871055, "p_value": 6.73813622210504e-305}