{"correlation": 0.04493079319862019, "p_value": 8.301466104697649e-46}