{"correlation": 0.11325571198844893, "p_value": 2.2573508679368653e-282}