{"correlation": -0.017673164984101035, "p_value": 2.326462522007102e-08}