{"correlation": 0.09489702225273203, "p_value": 1.681037994346037e-198}