{"correlation": 0.03450365507818385, "p_value": 1.0598242036443963e-27}