{"correlation": -0.07025754945623397, "p_value": 1.7087645345598927e-109}