{"correlation": -0.00031096334032099744, "p_value": 0.9217135417139272}