{"correlation": 0.048213287099893594, "p_value": 1.7508341024103126e-52}