{"correlation": 0.09627455186100574, "p_value": 2.8518725976879516e-204}