{"correlation": 0.11416370859161319, "p_value": 6.499650811982242e-287}