{"correlation": 0.02131167262177907, "p_value": 1.6279264290704616e-11}