{"correlation": 0.023566095681642373, "p_value": 9.422193188805235e-14}