{"correlation": 0.10720351734022432, "p_value": 4.695731429841805e-253}