{"correlation": 0.043522969907729685, "p_value": 4.354518184954323e-43}