{"correlation": 0.04901361656247623, "p_value": 3.503489997117655e-54}