{"correlation": 0.004916624694556769, "p_value": 0.12022310622327947}