{"correlation": 0.056426015072366074, "p_value": 3.0581500841522795e-71}