{"correlation": 0.0891447924936736, "p_value": 2.567120352914632e-175}