{"correlation": -0.007942798151761965, "p_value": 0.01206468883600592}