{"correlation": 0.056514824903322436, "p_value": 1.8473252116484274e-71}