{"correlation": 0.062253868541332295, "p_value": 2.4495243240045494e-86}