{"correlation": 0.042359240421644476, "p_value": 6.640702771385406e-41}