{"correlation": -0.10380737378259514, "p_value": 2.5299379905805315e-237}