{"correlation": 0.051513714835891615, "p_value": 1.1437442673340263e-59}