{"correlation": -0.013544071263522162, "p_value": 1.8638592232734838e-05}