{"correlation": 0.07329525924078337, "p_value": 5.100941657748796e-119}