{"correlation": -0.06850019335642304, "p_value": 3.613101583047554e-104}