{"correlation": 0.047907755361301096, "p_value": 7.663093857457512e-52}