{"correlation": 0.10886568873446817, "p_value": 6.078039514990816e-261}