{"correlation": -0.09217543110402325, "p_value": 2.387880022213596e-187}