{"correlation": 0.06337508111645489, "p_value": 2.0620595735622407e-89}