{"correlation": -0.10329667504179334, "p_value": 5.2972632939242576e-235}