{"correlation": 0.07158882450972208, "p_value": 1.2831673618608836e-113}