{"correlation": 0.07125742192302215, "p_value": 1.38764352754112e-112}