{"correlation": -0.04067174466171798, "p_value": 7.652150359118025e-38}