{"correlation": 0.0346313131838205, "p_value": 6.79222980095831e-28}