{"correlation": -0.02539470217709398, "p_value": 9.994672278599625e-16}