{"correlation": 0.09925082913696431, "p_value": 4.9978811803960615e-217}