{"correlation": 0.12025819710918972, "p_value": 2.35787e-318}