{"correlation": -0.01087874990832375, "p_value": 0.0005856512984813552}