{"correlation": 0.07144682640246436, "p_value": 3.5638263071567875e-113}