{"correlation": 0.012489038247483047, "p_value": 7.9092093603745e-05}