{"correlation": -0.0013167253370213047, "p_value": 0.6773132239397999}