{"correlation": 0.09234169451126127, "p_value": 5.083370372735007e-188}