{"correlation": 0.06648564859024395, "p_value": 3.130632172301508e-98}