{"correlation": 0.05921606307727708, "p_value": 2.7760223575936135e-78}