{"correlation": 0.08712882791945692, "p_value": 1.5379398524839835e-167}