{"correlation": 0.09458136316657989, "p_value": 3.4353298417131256e-197}