{"correlation": 0.10602958936025451, "p_value": 1.472177830674312e-247}