{"correlation": 0.0019839784389189706, "p_value": 0.5306537080712854}