{"correlation": 0.005627076170121984, "p_value": 0.07534302980109003}