{"correlation": 0.024930390898201087, "p_value": 3.2707815023464656e-15}