{"correlation": 0.09858367561127654, "p_value": 3.913512899714647e-214}