{"correlation": 0.09626947074274533, "p_value": 2.9961955030219408e-204}