{"correlation": 0.06731190652386518, "p_value": 1.2073309999666894e-100}