{"correlation": -0.007199609568311075, "p_value": 0.02288419837096088}