{"correlation": 0.051462101287524785, "p_value": 1.493964996856859e-59}