{"correlation": 0.07273994374394155, "p_value": 3.0144411720979003e-117}