{"correlation": 0.0825729751277975, "p_value": 1.2589799550737772e-150}