{"correlation": 0.09590322838486082, "p_value": 1.0445237465849448e-202}