{"correlation": 0.09706446623422098, "p_value": 1.2824947313868639e-207}