{"correlation": 0.026355181361905566, "p_value": 8.041841992587932e-17}