{"correlation": -0.07692487650389719, "p_value": 6.225251733332529e-131}