{"correlation": 0.11403868791667982, "p_value": 2.756126207725307e-286}