{"correlation": 0.002790435304586784, "p_value": 0.377842455158498}