{"correlation": 0.10501246489321113, "p_value": 7.587849214499157e-243}