{"correlation": 0.04124796368994723, "p_value": 7.116215980825397e-39}