{"correlation": 0.0735824581037364, "p_value": 6.1109802767184686e-120}