{"correlation": 0.06001727740714535, "p_value": 2.2819117415655462e-80}