{"correlation": 0.02549204406503727, "p_value": 7.774159099719381e-16}