{"correlation": 0.028847188154465242, "p_value": 7.60758086305844e-20}