{"correlation": -0.00043193342124572885, "p_value": 0.8914210097121721}