{"correlation": 0.09100927154082829, "p_value": 1.137287613840826e-182}