{"correlation": 0.10711345150013488, "p_value": 1.2461635093682215e-252}