{"correlation": 0.07652145859505556, "p_value": 1.402693308411416e-129}