{"correlation": 0.008058847379329158, "p_value": 0.010867709429204566}