{"correlation": -0.01214583678601925, "p_value": 0.00012370840495512587}