{"correlation": 0.03298008365887049, "p_value": 1.8922792017528731e-25}