{"correlation": -0.038491045536732174, "p_value": 4.543401118258055e-34}