{"correlation": 0.041827514068193065, "p_value": 6.312941769129989e-40}