{"correlation": 0.10294759102436571, "p_value": 2.0127822611005048e-233}