{"correlation": 0.1145171124889543, "p_value": 1.0852802355844593e-288}