{"correlation": 0.10291500745836994, "p_value": 2.8246997477842304e-233}