{"correlation": 0.08399526335071258, "p_value": 8.290179591900305e-156}