{"correlation": 0.10242825291215504, "p_value": 4.404752417861972e-231}