{"correlation": 0.05594394122881272, "p_value": 4.653279356903454e-70}