{"correlation": -0.06738550238413256, "p_value": 7.334539754977473e-101}