{"correlation": 0.10084198030699879, "p_value": 5.211355611361851e-224}