{"correlation": -0.04222333464245476, "p_value": 1.184010526372366e-40}