{"correlation": 0.02684919036306159, "p_value": 2.1235045285563117e-17}