{"correlation": -0.04999050390895017, "p_value": 2.711616296995596e-56}