{"correlation": 0.0619008711340387, "p_value": 2.216870490107633e-85}