{"correlation": -0.040446480567837936, "p_value": 1.91925918726842e-37}