{"correlation": 0.033761345388337166, "p_value": 1.364083485857551e-26}