{"correlation": -0.0012692590317678995, "p_value": 0.6883235308492281}