{"correlation": 0.031619517102810316, "p_value": 1.5965413889565395e-23}