{"correlation": 0.07792444280133792, "p_value": 2.578324818709238e-134}