{"correlation": 0.11369707040121252, "p_value": 1.4161020428028718e-284}