{"correlation": 0.04933859515228296, "p_value": 7.02683207538844e-55}