{"correlation": 0.0009024949340261687, "p_value": 0.7754751502285107}