{"correlation": 0.037230757498129624, "p_value": 5.551010861544173e-32}