{"correlation": 0.08986900272377968, "p_value": 3.7278904966738314e-178}