{"correlation": 0.08852241633432824, "p_value": 6.757339867219124e-173}