{"correlation": 0.07343760240370341, "p_value": 1.7838786449236923e-119}