{"correlation": -0.030158450500294, "p_value": 1.523433044305336e-21}