{"correlation": 0.11016172409968865, "p_value": 3.5257723496324954e-267}