{"correlation": 0.09956772076587066, "p_value": 2.076386709560826e-218}