{"correlation": 0.06866868316201097, "p_value": 1.1303031774030709e-104}