{"correlation": -0.026210999920891143, "p_value": 1.180769929647025e-16}