{"correlation": 0.06466817839585273, "p_value": 5.0093600902432335e-93}