{"correlation": 0.08834317792809658, "p_value": 3.3390342914756573e-172}