{"correlation": 0.04159204470658005, "p_value": 1.6959746823370154e-39}