{"correlation": 0.05995816874475315, "p_value": 3.2590081511112896e-80}