{"correlation": 0.0511925316238658, "p_value": 6.002952335437289e-59}