{"correlation": 0.11885326242115156, "p_value": 5.8776338694863e-311}