{"correlation": 0.11668396598516347, "p_value": 1.0346136596179955e-299}