{"correlation": 0.029059469495332023, "p_value": 4.086064848286609e-20}