{"correlation": -0.009644128911522583, "p_value": 0.0023040141111829414}