{"correlation": 0.04650430031943138, "p_value": 5.9897574224538e-49}