{"correlation": 0.09947450171348185, "p_value": 5.298570926605581e-218}