{"correlation": -0.10584752130099212, "p_value": 1.0348001309406061e-246}