{"correlation": 0.09614777063837401, "p_value": 9.766658086305581e-204}