{"correlation": -0.04111938636879874, "p_value": 1.2124750430663057e-38}