{"correlation": 0.08201869702132683, "p_value": 1.2446721821648738e-148}