{"correlation": 0.10476280964667509, "p_value": 1.0706367891648757e-241}