{"correlation": 0.07831948456812904, "p_value": 1.1541306402684902e-135}