{"correlation": 0.10361247637177429, "p_value": 1.950858420636245e-236}