{"correlation": 0.11339120849299933, "p_value": 4.768331311972646e-283}