{"correlation": 0.013883315880304677, "p_value": 1.1448536278916829e-05}