{"correlation": 0.0914318466567781, "p_value": 2.3321696936324324e-184}