{"correlation": 0.08102150494901215, "p_value": 4.467891078192233e-145}