{"correlation": 0.041420865814819983, "p_value": 3.466699664558738e-39}