{"correlation": 0.10746444422053002, "p_value": 2.7647974698419925e-254}