{"correlation": -0.04210049797798527, "p_value": 1.99368835003466e-40}