{"correlation": 0.054357976212554525, "p_value": 3.0606539330947067e-66}