{"correlation": 0.05212994235654271, "p_value": 4.6160741944291164e-61}