{"correlation": -0.014431649622019203, "p_value": 5.087360462768074e-06}