{"correlation": 0.041961954302609586, "p_value": 3.5818771009970794e-40}