{"correlation": 0.06885658537026385, "p_value": 3.08242694339109e-105}