{"correlation": 0.04819772996885326, "p_value": 1.8879469493837686e-52}