{"correlation": -0.03208674048477581, "p_value": 3.55399014003235e-24}