{"correlation": -0.10088072840512223, "p_value": 3.511696021369346e-224}