{"correlation": 0.020766067363785872, "p_value": 5.255069134547483e-11}