{"correlation": -0.060704791269392176, "p_value": 3.52124478157911e-82}