{"correlation": 0.06745302339829307, "p_value": 4.640631970838374e-101}