{"correlation": 0.03764244179144995, "p_value": 1.1754290974043187e-32}