{"correlation": 0.11179586962229726, "p_value": 3.768155359608007e-275}