{"correlation": 0.050447531475995726, "p_value": 2.6991413140709454e-57}