{"correlation": 0.11925683874941817, "p_value": 4.50403613203e-313}