{"correlation": 0.07899349092040622, "p_value": 5.553977268630203e-138}