{"correlation": 0.042458307822208746, "p_value": 4.3515264876473586e-41}