{"correlation": 0.04427890510157251, "p_value": 1.5461100204463754e-44}