{"correlation": 0.10459715112266077, "p_value": 6.178265727613968e-241}