{"correlation": 0.08682989072184417, "p_value": 2.1129267359946395e-166}