{"correlation": 0.045159652591191264, "p_value": 2.943655180345623e-46}