{"correlation": -0.11443627206103398, "p_value": 2.7707885404719557e-288}