{"correlation": 0.0371008673442743, "p_value": 9.027325389930431e-32}