{"correlation": 0.11953350783321215, "p_value": 1.5812793947e-314}