{"correlation": 0.03525233284783686, "p_value": 7.620876054025064e-29}