{"correlation": -0.09907598634174944, "p_value": 2.877981071513238e-216}