{"correlation": 0.024616817726927472, "p_value": 7.197070773548283e-15}