{"correlation": 0.08962297418701048, "p_value": 3.4529694446673384e-177}