{"correlation": 0.07580960773296261, "p_value": 3.285197940475981e-127}