{"correlation": 0.06762357834733661, "p_value": 1.4572613265471324e-101}