{"correlation": 0.09848101803231071, "p_value": 1.0866287139254834e-213}