{"correlation": 0.016853639420553818, "p_value": 9.99975582205186e-08}