{"correlation": -0.005554076469373977, "p_value": 0.07920810526726317}