{"correlation": -0.04416591572369959, "p_value": 2.5556617178854343e-44}