{"correlation": 0.05644981155762541, "p_value": 2.671987643747917e-71}