{"correlation": 0.11183398102110921, "p_value": 2.4478982361078036e-275}