{"correlation": 0.07736445779995724, "p_value": 2.0507585253931893e-132}