{"correlation": -0.028691476418958743, "p_value": 1.196798125665643e-19}