{"correlation": 0.004529458277110244, "p_value": 0.15229343871282428}