{"correlation": 0.026495465880873658, "p_value": 5.523298404384578e-17}