{"correlation": 0.10707874494668702, "p_value": 1.8147440804306136e-252}