{"correlation": 0.06657758297861584, "p_value": 1.692537486922034e-98}