{"correlation": -0.006167565311660765, "p_value": 0.0512728896692749}