{"correlation": -0.09729679277742359, "p_value": 1.3132103806865714e-208}