{"correlation": 0.05469465765421379, "p_value": 4.835737149066213e-67}