{"correlation": -0.010790936453267938, "p_value": 0.0006486306362665934}