{"correlation": 0.09657848921553812, "p_value": 1.4810136385339859e-205}