{"correlation": 0.05915013605009817, "p_value": 4.1090876776698212e-78}