{"correlation": 0.00971539937733901, "p_value": 0.0021371176336665424}