{"correlation": 0.10252200771085565, "p_value": 1.6686186392927344e-231}