{"correlation": 0.08788455574445303, "p_value": 1.9610762536682213e-170}