{"correlation": -0.05363495962532963, "p_value": 1.5487857317803553e-64}