{"correlation": 0.07879659651180566, "p_value": 2.652902700208315e-137}