{"correlation": 0.0995339216321872, "p_value": 2.9165399104618313e-218}