{"correlation": 0.08899258746359319, "p_value": 1.0067848120499339e-174}