{"correlation": -0.08892517327629176, "p_value": 1.8427871797874637e-174}