{"correlation": 0.10461796699876243, "p_value": 4.95772233629307e-241}