{"correlation": 0.08881792734968648, "p_value": 4.81636449284762e-174}