{"correlation": 0.033296237419091115, "p_value": 6.576054922555599e-26}