{"correlation": 0.0008356676560123271, "p_value": 0.7917022670601419}