{"correlation": 0.024997598652250284, "p_value": 2.7586409402111363e-15}