{"correlation": 0.07529348276402917, "p_value": 1.6621449811646424e-125}