{"correlation": 0.05559077463515421, "p_value": 3.368779305024923e-69}