{"correlation": 0.05587853275348636, "p_value": 6.720378573789088e-70}