{"correlation": 0.0057428869519492946, "p_value": 0.06952826106418253}