{"correlation": 0.10057847139427684, "p_value": 7.603576143671425e-223}