{"correlation": 0.0019291292128014459, "p_value": 0.5420777319394066}