{"correlation": 0.03839489007448766, "p_value": 6.592242812610178e-34}