{"correlation": -0.005460074430406965, "p_value": 0.0844210636097375}