{"correlation": 0.10857018166547737, "p_value": 1.5673879052336823e-259}