{"correlation": 0.03971920072605821, "p_value": 3.609547236059537e-36}