{"correlation": 0.05783055373735941, "p_value": 9.614647217272346e-75}