{"correlation": 0.05280843667834993, "p_value": 1.2888845944925889e-62}