{"correlation": 0.011117365486511686, "p_value": 0.0004420915656112747}