{"correlation": -0.06829785474949353, "p_value": 1.4531393414482648e-103}