{"correlation": 0.0005127424999101178, "p_value": 0.8712705008236501}