{"correlation": 0.08825486198900166, "p_value": 7.327813534809019e-172}