{"correlation": 0.0203389166732164, "p_value": 1.2888059453421045e-10}