{"correlation": 0.0623664971178762, "p_value": 1.2097598880160688e-86}