{"correlation": -0.07693716683792251, "p_value": 5.660181912757428e-131}