{"correlation": 0.0229493026031638, "p_value": 4.0538258253179604e-13}