{"correlation": 0.11845289769107861, "p_value": 7.25585665466546e-309}