{"correlation": 0.10481967875300455, "p_value": 5.861882854688876e-242}