{"correlation": 0.017287885320161275, "p_value": 4.65535366135556e-08}