{"correlation": 0.07996503002337672, "p_value": 2.3365514666669082e-141}