{"correlation": 0.10846819279171936, "p_value": 4.801640774907138e-259}