{"correlation": 0.11757342139939338, "p_value": 2.68897388728073e-304}