{"correlation": 0.06746872658754355, "p_value": 4.171718925655737e-101}