{"correlation": 0.09368380228544113, "p_value": 1.7288923627742285e-193}