{"correlation": 0.11946547601251896, "p_value": 3.605856112e-314}