{"correlation": 0.10467696404970035, "p_value": 2.6562460459919805e-241}