{"correlation": 0.051106399561302474, "p_value": 9.347460986521264e-59}