{"correlation": 0.014000143703124626, "p_value": 9.654927526810593e-06}