{"correlation": -0.10504291842151477, "p_value": 5.491690769265247e-243}