{"correlation": 0.05982794486041206, "p_value": 7.13774295640771e-80}