{"correlation": 0.11410669389917191, "p_value": 1.256326065611579e-286}