{"correlation": 0.024180151137087203, "p_value": 2.1237319002537692e-14}