{"correlation": 0.09238047060253, "p_value": 3.542281901365926e-188}