{"correlation": 0.045222358046247364, "p_value": 2.2137086208261285e-46}