{"correlation": 0.09174095693599552, "p_value": 1.3424468370916715e-185}