{"correlation": -0.001248930205940882, "p_value": 0.6930594608952166}