{"correlation": 0.08982283229616317, "p_value": 5.66353004903447e-178}