{"correlation": 0.004961620179060339, "p_value": 0.11686753712965972}