{"correlation": 0.02800127542149032, "p_value": 8.663350376047655e-19}