{"correlation": 0.05976340266234386, "p_value": 1.0520446671963655e-79}