{"correlation": 0.037128158963488936, "p_value": 8.151668357517702e-32}