{"correlation": 0.11234961508164883, "p_value": 7.043423482557753e-278}