{"correlation": 0.013651181307317385, "p_value": 1.5999329450476635e-05}