{"correlation": -0.058086115771069674, "p_value": 2.1695398442319713e-75}