{"correlation": -0.09996973614363544, "p_value": 3.6164714471606325e-220}