{"correlation": -0.06021903707620601, "p_value": 6.742240359335851e-81}