{"correlation": -0.010920211668050177, "p_value": 0.0005579374445307802}