{"correlation": 0.04631505795438671, "p_value": 1.4486106407528785e-48}