{"correlation": -0.0466365070119656, "p_value": 3.2250684202538506e-49}