{"correlation": 0.10313378394464141, "p_value": 2.896527591762538e-234}