{"correlation": 0.09080655919699628, "p_value": 7.292120078644255e-182}