{"correlation": 0.08833406342238745, "p_value": 3.6213102495928914e-172}