{"correlation": -0.1174983719324545, "p_value": 6.574327309059417e-304}