{"correlation": 0.08484355054201832, "p_value": 6.103977580544715e-159}