{"correlation": 0.006143683333163287, "p_value": 0.05218057993752589}