{"correlation": 0.10654706648730765, "p_value": 5.659550308815591e-250}