{"correlation": 0.0467743903678981, "p_value": 1.6877750610498077e-49}