{"correlation": 0.016990696552551508, "p_value": 7.871369682852171e-08}