{"correlation": -0.006435277648367933, "p_value": 0.041971977917301}