{"correlation": 0.06795624104854116, "p_value": 1.509035121358843e-102}