{"correlation": 0.08454800681812247, "p_value": 7.5988804579258e-158}