{"correlation": 0.11271599895891539, "p_value": 1.0839142002004945e-279}