{"correlation": 0.07649005791672275, "p_value": 1.7863215327806765e-129}