{"correlation": 0.11401255807027001, "p_value": 3.726844070705999e-286}