{"correlation": 0.032095776429937495, "p_value": 3.451477346073699e-24}