{"correlation": 0.005916277884678034, "p_value": 0.06151565451378603}