{"correlation": 0.036794762154155176, "p_value": 2.8207592873952456e-31}