{"correlation": 0.03147169693546396, "p_value": 2.556510153214224e-23}