{"correlation": 0.11728823199201806, "p_value": 8.010250606520329e-303}