{"correlation": 0.06868868895609025, "p_value": 9.844369318100626e-105}