{"correlation": 0.019253750708826133, "p_value": 1.161756801791617e-09}