{"correlation": -0.0674405285451852, "p_value": 5.051026265235114e-101}