{"correlation": 0.07937623843122218, "p_value": 2.6275891279783634e-139}