{"correlation": 0.0831198077383594, "p_value": 1.3136245244241603e-152}