{"correlation": 0.004818976485418621, "p_value": 0.12776446895286125}