{"correlation": 0.09463024590755166, "p_value": 2.154430481922939e-197}