{"correlation": -0.018855151413444435, "p_value": 2.531211144688446e-09}