{"correlation": 0.02137506154739545, "p_value": 1.4180236010288754e-11}