{"correlation": -0.0739507253989944, "p_value": 3.973143517339857e-121}