{"correlation": 0.060790644946163756, "p_value": 2.0845833083730574e-82}