{"correlation": 0.08276876560380025, "p_value": 2.4663567571034567e-151}