{"correlation": -0.005622498884598684, "p_value": 0.07558077009237565}