{"correlation": -0.033922152941605, "p_value": 7.879229703548148e-27}