{"correlation": -0.09794030782485377, "p_value": 2.3140195948176744e-211}