{"correlation": 0.057583745988661714, "p_value": 4.023857566117093e-74}