{"correlation": 0.01681719659075422, "p_value": 1.0653518573813855e-07}