{"correlation": 0.08386802403936437, "p_value": 2.4307839854740565e-155}