{"correlation": -0.030127588293742562, "p_value": 1.6735862191409976e-21}