{"correlation": 0.09063166639753639, "p_value": 3.6109639722433146e-181}