{"correlation": 0.09584116482831538, "p_value": 1.9041145784353591e-202}