{"correlation": -0.08954677864044437, "p_value": 6.871412621559482e-177}