{"correlation": 0.1100035103983717, "p_value": 2.0541014513255876e-266}