{"correlation": 0.060350964871488354, "p_value": 3.0311858155629004e-81}