{"correlation": 0.05716467546835187, "p_value": 4.5101142383836853e-73}