{"correlation": 0.09063358547411629, "p_value": 3.5481903471135196e-181}