{"correlation": 0.09005270893518098, "p_value": 7.044772979211908e-179}