{"correlation": 0.11116500851121366, "p_value": 4.6517105841211716e-272}