{"correlation": 0.057608501293691355, "p_value": 3.486615029580837e-74}