{"correlation": 0.06703107606382445, "p_value": 8.046295381296616e-100}