{"correlation": 0.1099135830308479, "p_value": 5.5866188936858126e-266}