{"correlation": 0.10594211942102301, "p_value": 3.758506770788055e-247}