{"correlation": 0.0277179806419115, "p_value": 1.9258055514719097e-18}