{"correlation": 0.002688316148859674, "p_value": 0.39554465322105764}