{"correlation": 0.03076781906607476, "p_value": 2.3353308221318015e-22}