{"correlation": -0.0243337584254471, "p_value": 1.4545095419396797e-14}