{"correlation": 0.10157960066756858, "p_value": 2.7667347071265047e-227}