{"correlation": -0.05762456208664602, "p_value": 3.1769501782453468e-74}