{"correlation": 0.059745038038340165, "p_value": 1.1747290861583126e-79}