{"correlation": 0.10401692491568693, "p_value": 2.801544882881302e-238}