{"correlation": 0.10498938572456316, "p_value": 9.693989504231515e-243}