{"correlation": 0.04364057404826351, "p_value": 2.600359063469731e-43}