{"correlation": 0.06718404832753898, "p_value": 2.86619834281122e-100}