{"correlation": -0.04472622183782148, "p_value": 2.087910359759703e-45}