{"correlation": 0.0415685236033135, "p_value": 1.8713669882348442e-39}