{"correlation": 0.07757440594237194, "p_value": 3.99002353633832e-133}