{"correlation": 0.06733621732209691, "p_value": 1.0241225236233245e-100}