{"correlation": 0.052872806910007925, "p_value": 9.156616346265986e-63}