{"correlation": 0.08391981806599726, "p_value": 1.5691395092687038e-155}