{"correlation": 0.04690968902572602, "p_value": 8.923979453043527e-50}