{"correlation": 0.07337040326899291, "p_value": 2.930118213076788e-119}