{"correlation": -0.025470274883464445, "p_value": 8.224145318646196e-16}