{"correlation": 0.03679285171117903, "p_value": 2.840805220938765e-31}