{"correlation": 0.07357933830686683, "p_value": 6.253755872717916e-120}