{"correlation": 0.005093213501741798, "p_value": 0.10747489336781897}