{"correlation": 0.018719556417114206, "p_value": 3.2873538017517938e-09}