{"correlation": 0.0619092702348367, "p_value": 2.1039782874102717e-85}