{"correlation": 0.05255570650182458, "p_value": 4.913887797668795e-62}