{"correlation": 0.08841316629274015, "p_value": 1.790030013971758e-172}