{"correlation": 0.08242134402065708, "p_value": 4.4375208691537366e-150}