{"correlation": 0.07455486367944539, "p_value": 4.354948720078948e-123}