{"correlation": 0.08441708466240573, "p_value": 2.3155054915539397e-157}