{"correlation": 0.06072169561921208, "p_value": 3.176089630394292e-82}