{"correlation": 0.1162268922065198, "p_value": 2.275730108122912e-297}