{"correlation": -0.11792187657085255, "p_value": 4.2027781388769134e-306}