{"correlation": 0.02264713265937699, "p_value": 8.173243365704197e-13}