{"correlation": 0.11062135688366183, "p_value": 2.0766897571944218e-269}