{"correlation": 0.07601272168270035, "p_value": 6.9617010939338e-128}