{"correlation": 0.009640711306888199, "p_value": 0.0023123094412879344}