{"correlation": 0.0006347247293988546, "p_value": 0.8410147750444776}