{"correlation": 0.11898481050882843, "p_value": 1.203425897744e-311}