{"correlation": 0.06634388987816223, "p_value": 8.067745046121687e-98}