{"correlation": 0.050533776888758264, "p_value": 1.7422811676832317e-57}