{"correlation": 0.005221839620944768, "p_value": 0.09888190632378015}