{"correlation": 0.011968141000910763, "p_value": 0.00015526479540236426}