{"correlation": 0.04184093390960978, "p_value": 5.966218554333329e-40}