{"correlation": 0.04234811886455119, "p_value": 6.962989924087662e-41}