{"correlation": 0.08284844285300268, "p_value": 1.2690070155495407e-151}