{"correlation": 0.06795315122923602, "p_value": 1.5412355295045114e-102}