{"correlation": 0.013968407042092132, "p_value": 1.0113648910724259e-05}