{"correlation": 0.0680209705954076, "p_value": 9.694043724501337e-103}