{"correlation": 0.0012448344844864466, "p_value": 0.6940150863964225}