{"correlation": 0.008098765971564203, "p_value": 0.010481069443388457}