{"correlation": 0.0747166745672038, "p_value": 1.2919709455577594e-123}