{"correlation": 0.03223543800591232, "p_value": 2.1932611732459505e-24}