{"correlation": 0.07784798126875588, "p_value": 4.695281189590932e-134}