{"correlation": -0.08920957173319607, "p_value": 1.4339758426981492e-175}