{"correlation": 0.03421013561103504, "p_value": 2.9297558606179522e-27}