{"correlation": -0.004041236916090087, "p_value": 0.20153872557009433}