{"correlation": 0.04240401998859373, "p_value": 5.486431941447729e-41}