{"correlation": 0.013649460991392134, "p_value": 1.603875270788946e-05}