{"correlation": 0.057649489832668196, "p_value": 2.749753228887717e-74}