{"correlation": -0.0009005954066252102, "p_value": 0.7759350825741703}