{"correlation": 0.04298726880069059, "p_value": 4.479900404625634e-42}