{"correlation": 0.11265673493237384, "p_value": 2.1312303008392516e-279}