{"correlation": 0.0726998675287669, "p_value": 4.041404170373787e-117}