{"correlation": 0.015224176716687712, "p_value": 1.496813573744708e-06}