{"correlation": 0.11575998893910225, "p_value": 5.496654637683584e-295}