{"correlation": 0.11282366159122968, "p_value": 3.170693041618862e-280}