{"correlation": 0.025740970346737155, "p_value": 4.0716777356243153e-16}