{"correlation": 0.11103486837765301, "p_value": 2.0096763178912e-271}