{"correlation": -0.05019737947796583, "p_value": 9.567397846268306e-57}