{"correlation": 0.1019684303277802, "p_value": 5.079278568195703e-229}