{"correlation": 0.03635303561168341, "p_value": 1.4363385046972489e-30}