{"correlation": 0.0751793980257718, "p_value": 3.942419802667679e-125}