{"correlation": 0.10337364715910152, "p_value": 2.371308800186094e-235}