{"correlation": 0.08513849523234017, "p_value": 4.884738556306702e-160}