{"correlation": 0.10902172241534651, "p_value": 1.0887468169863867e-261}