{"correlation": 0.11743758497038514, "p_value": 1.3556361574558928e-303}