{"correlation": 0.07170546072796717, "p_value": 5.5363437347211454e-114}