{"correlation": 0.08909138900293148, "p_value": 4.147616419210949e-175}