{"correlation": 0.10197608377611403, "p_value": 4.69419086280047e-229}