{"correlation": 0.11387140884736012, "p_value": 1.8996673884691725e-285}