{"correlation": 0.0652847913111801, "p_value": 8.920749946750534e-95}