{"correlation": 0.08376282755480353, "p_value": 5.9081787949679565e-155}