{"correlation": 0.10913723351526361, "p_value": 3.0432828875974633e-262}