{"correlation": 0.05419017027843169, "p_value": 7.644881621874162e-66}