{"correlation": 0.07219655740436205, "p_value": 1.5833448768852958e-115}