{"correlation": 0.11681122940836985, "p_value": 2.2957200440581297e-300}