{"correlation": -0.08592913026094814, "p_value": 5.3679798049421675e-163}