{"correlation": -0.046520651599644414, "p_value": 5.5487685968028115e-49}