{"correlation": 0.09361248005402126, "p_value": 3.3914392516387644e-193}