{"correlation": 0.0972594270738372, "p_value": 1.895292426817249e-208}