{"correlation": 0.01489716938935776, "p_value": 2.497948457947841e-06}