{"correlation": 0.11789018674916925, "p_value": 6.137793569295048e-306}