{"correlation": -0.007315025051649162, "p_value": 0.02078654339401021}