{"correlation": -0.09703490402773628, "p_value": 1.7132444154552897e-207}