{"correlation": -0.02462017571379087, "p_value": 7.136910759293955e-15}