{"correlation": -0.04189936735624227, "p_value": 4.664302952547455e-40}