{"correlation": -0.013968030160949867, "p_value": 1.0119219414570737e-05}