{"correlation": 0.07743344132584108, "p_value": 1.1982094413162012e-132}