{"correlation": -0.05020483280795303, "p_value": 9.214222944273493e-57}