{"correlation": 0.07288896630401952, "p_value": 1.0118820606125483e-117}