{"correlation": -0.09397305823213652, "p_value": 1.118685246370137e-194}