{"correlation": -0.0994735533725451, "p_value": 5.349285181893104e-218}