{"correlation": 0.10946873385248646, "p_value": 7.785835815477637e-264}