{"correlation": 0.06865251306772507, "p_value": 1.2638165519821584e-104}