{"correlation": 0.026129114849058357, "p_value": 1.4672520961767695e-16}