{"correlation": 0.11062576157872776, "p_value": 1.9767718127061703e-269}