{"correlation": 0.05675893512160256, "p_value": 4.602986027091437e-72}