{"correlation": 0.08403058298692667, "p_value": 6.148290985617076e-156}