{"correlation": 0.049533470757121355, "p_value": 2.6677790338311747e-55}