{"correlation": 0.06415175566240916, "p_value": 1.4193660851750168e-91}