{"correlation": -0.06930186076545564, "p_value": 1.3978655135174697e-106}