{"correlation": 0.002264899574771759, "p_value": 0.47412114396232874}