{"correlation": 0.08281380073457646, "p_value": 1.6942310982971633e-151}