{"correlation": -0.1086406874193936, "p_value": 7.224041490619549e-260}