{"correlation": 0.11838124951578376, "p_value": 1.714789041062659e-308}