{"correlation": 0.054356686230156236, "p_value": 3.082301136866081e-66}