{"correlation": 0.0764350808698552, "p_value": 2.7270057108994946e-129}