{"correlation": -0.04296014928924745, "p_value": 5.037158668064253e-42}