{"correlation": -0.028289384290072564, "p_value": 3.813532478637729e-19}