{"correlation": 0.049529244415584414, "p_value": 2.724515687649434e-55}