{"correlation": 0.06899756886895313, "p_value": 1.1600521574463658e-105}