{"correlation": 0.05245927136931133, "p_value": 8.174594553487122e-62}