{"correlation": -0.09936675205408885, "p_value": 1.562946522619151e-217}