{"correlation": 0.05044381654068775, "p_value": 2.7504707633221636e-57}