{"correlation": 0.03852404102232493, "p_value": 3.997775143371459e-34}