{"correlation": 0.09428620067021856, "p_value": 5.718205058280625e-196}