{"correlation": 0.002768118223079671, "p_value": 0.3816688180800782}