{"correlation": 0.06509174966388104, "p_value": 3.1613173109341323e-94}