{"correlation": 0.013660168280350585, "p_value": 1.5794878503426937e-05}