{"correlation": 0.032807366809351125, "p_value": 3.356830053209888e-25}