{"correlation": 0.03748226805747261, "p_value": 2.154611299059479e-32}