{"correlation": 0.09995740805457604, "p_value": 4.095755302373516e-220}