{"correlation": 0.09327540384106606, "p_value": 8.133098687220987e-192}