{"correlation": 0.05439820370169876, "p_value": 2.4565577072677587e-66}