{"correlation": -0.045784300264233926, "p_value": 1.6917981193281755e-47}