{"correlation": 0.06629206000258549, "p_value": 1.1398456343059655e-97}