{"correlation": 0.09997901535841763, "p_value": 3.2930514404483525e-220}