{"correlation": 0.08580417115883383, "p_value": 1.5824303238219103e-162}