{"correlation": -0.0679270547973513, "p_value": 1.8420386705414093e-102}