{"correlation": 0.06752645307126957, "p_value": 2.8194085224919343e-101}