{"correlation": -0.053804274732631406, "p_value": 6.208026584151654e-65}