{"correlation": -0.021529010881180047, "p_value": 1.012442305633254e-11}