{"correlation": 0.09689784670754041, "p_value": 6.552100065946486e-207}