{"correlation": 0.0672771813111264, "p_value": 1.5271246422985909e-100}