{"correlation": 0.09055737145414999, "p_value": 7.117902057211047e-181}