{"correlation": 0.03802990581380263, "p_value": 2.6852537343857882e-33}