{"correlation": 0.007053161050868849, "p_value": 0.025808735226994235}