{"correlation": 0.031925578794379995, "p_value": 5.981869863657318e-24}