{"correlation": 0.0474370500915575, "p_value": 7.3153481727948e-51}