{"correlation": 0.11886036772009112, "p_value": 5.395346256189e-311}