{"correlation": 0.11519504240693762, "p_value": 4.076763315633577e-292}