{"correlation": 0.10179566266345363, "p_value": 3.006507668271775e-228}