{"correlation": 0.004477205705643441, "p_value": 0.15707920419487023}