{"correlation": -0.10517756655661702, "p_value": 1.31335935823248e-243}