{"correlation": 0.08250800644975861, "p_value": 2.160557989381173e-150}