{"correlation": 0.05742890941166281, "p_value": 9.847318152918436e-74}