{"correlation": -0.0392429600720003, "p_value": 2.3960369834909255e-35}