{"correlation": 0.007591010987390869, "p_value": 0.016437029513639678}