{"correlation": 0.08117684708223367, "p_value": 1.2565735991516239e-145}