{"correlation": 0.09433754698429166, "p_value": 3.5081900652184027e-196}