{"correlation": 0.043698561077627575, "p_value": 2.0156295416671907e-43}