{"correlation": -0.0734679700369458, "p_value": 1.4252977447543642e-119}