{"correlation": 0.015111910881996081, "p_value": 1.7866135967929825e-06}