{"correlation": -0.06136224062561733, "p_value": 6.236972785649532e-84}