{"correlation": 0.038807089790014654, "p_value": 1.3281353368588321e-34}