{"correlation": 0.038704630135367006, "p_value": 1.980982408639016e-34}