{"correlation": 0.0027092466670044007, "p_value": 0.39187612123880944}