{"correlation": 0.06559027238121043, "p_value": 1.1955102431002001e-95}