{"correlation": 0.1101581873552799, "p_value": 3.6675476213670286e-267}