{"correlation": 0.0547699241758664, "p_value": 3.1962515385986315e-67}