{"correlation": 0.0459110125506592, "p_value": 9.432616714071903e-48}