{"correlation": 0.1000025510179358, "p_value": 2.596477622023592e-220}