{"correlation": 0.11848102525088895, "p_value": 5.17593007124704e-309}