{"correlation": 0.09237021017744965, "p_value": 3.897608028724752e-188}