{"correlation": 0.05441131086315972, "p_value": 2.2866489404255296e-66}