{"correlation": 0.06675996964700806, "p_value": 4.9837868172310644e-99}