{"correlation": -0.06382001513788614, "p_value": 1.1991384582068783e-90}