{"correlation": 0.11368710030058339, "p_value": 1.5883459322514906e-284}