{"correlation": 0.01303214050004607, "p_value": 3.808584076681504e-05}