{"correlation": -0.02138594695497108, "p_value": 1.3847493016452503e-11}