{"correlation": 0.0019953112997170516, "p_value": 0.5283086194763958}