{"correlation": 0.07844531724048844, "p_value": 4.276475796061758e-136}