{"correlation": 0.07746891591185345, "p_value": 9.08730504890998e-133}