{"correlation": 0.10369420159710749, "p_value": 8.287880630053636e-237}