{"correlation": -0.11386500631863866, "p_value": 2.045224822609953e-285}