{"correlation": 0.05436961613631144, "p_value": 2.8720500891081196e-66}