{"correlation": -0.09567844626301905, "p_value": 9.174430973004537e-202}