{"correlation": -0.04587168100667996, "p_value": 1.1309945427720646e-47}