{"correlation": -0.01876578576124579, "p_value": 3.0076787576299004e-09}