{"correlation": 0.0627887377608971, "p_value": 8.494502490325445e-88}