{"correlation": 0.038214464941026254, "p_value": 1.3221342923830033e-33}