{"correlation": 0.03408971537462709, "p_value": 4.4353361403976845e-27}