{"correlation": 0.08606798505002498, "p_value": 1.6116662184197882e-163}