{"correlation": 0.01017426349062075, "p_value": 0.0013021174403226325}