{"correlation": 0.05437862683759735, "p_value": 2.7340410600171846e-66}