{"correlation": 0.0330371709345675, "p_value": 1.5646598270002854e-25}