{"correlation": 0.10380172518868752, "p_value": 2.684383406505863e-237}