{"correlation": -0.021740644914978475, "p_value": 6.347248391141661e-12}