{"correlation": 0.03447320709406957, "p_value": 1.1781904935308826e-27}