{"correlation": -0.010908867269525231, "p_value": 0.0005653963359863016}