{"correlation": 0.10642886555245325, "p_value": 2.0207355135302691e-249}