{"correlation": -0.003073526890626563, "p_value": 0.33137590637973496}