{"correlation": 0.10350545809687503, "p_value": 5.978861013907151e-236}