{"correlation": 0.02332016287339531, "p_value": 1.6934782409421624e-13}