{"correlation": -0.04927889364368083, "p_value": 9.446818643430255e-55}