{"correlation": 0.026641455786383057, "p_value": 3.7282880500999267e-17}