{"correlation": 0.07575608686368535, "p_value": 4.941042275553139e-127}