{"correlation": 0.08581438379294673, "p_value": 1.448699190716795e-162}