{"correlation": 0.051680003168827024, "p_value": 4.8280780280493395e-60}