{"correlation": 0.07323950368070659, "p_value": 7.693666879706614e-119}