{"correlation": 0.09581597865097333, "p_value": 2.429236714553884e-202}