{"correlation": 0.11197095987170762, "p_value": 5.1872624195341115e-276}