{"correlation": 0.032982057996243076, "p_value": 1.8798884537134893e-25}