{"correlation": 0.11273889168353382, "p_value": 8.346914682757435e-280}