{"correlation": 0.02464423123867582, "p_value": 6.720180332160948e-15}