{"correlation": 0.03192354116255437, "p_value": 6.0212786829847785e-24}