{"correlation": 0.04712495373450781, "p_value": 3.225448820524791e-50}