{"correlation": 0.052319179828415524, "p_value": 1.7094284325109277e-61}