{"correlation": 0.05006201495506747, "p_value": 1.8925403338381925e-56}