{"correlation": 0.0335848108810982, "p_value": 2.4844153431173266e-26}