{"correlation": 0.11981644821983206, "p_value": 5.10342115e-316}