{"correlation": 0.07671508935903068, "p_value": 3.151694748025427e-130}