{"correlation": 0.060095457970085364, "p_value": 1.4234242890326612e-80}