{"correlation": 0.05312120908416642, "p_value": 2.43818692487542e-63}