{"correlation": 0.01918645736031369, "p_value": 1.3264365946931067e-09}