{"correlation": 0.048014675028986466, "p_value": 4.576092181748676e-52}