{"correlation": 0.042809829443745166, "p_value": 9.634621328753911e-42}