{"correlation": 0.11483817055208406, "p_value": 2.606072854957594e-290}