{"correlation": 0.10904772775953027, "p_value": 8.172390281416659e-262}