{"correlation": 0.0497607008171201, "p_value": 8.582633286224595e-56}