{"correlation": 0.10421596682421531, "p_value": 3.4498070393318276e-239}