{"correlation": 0.02513503504851599, "p_value": 1.944715241938062e-15}