{"correlation": 0.11809096048165747, "p_value": 5.561522162705529e-307}