{"correlation": 0.06552561398021978, "p_value": 1.8308064217530694e-95}