{"correlation": 0.11059194703991897, "p_value": 2.8862654744015128e-269}