{"correlation": -0.007032547969523755, "p_value": 0.02624528198345255}