{"correlation": 0.010422133394844848, "p_value": 0.0009882359632245638}