{"correlation": 0.10562164760613724, "p_value": 1.1573136903150736e-245}