{"correlation": 0.023935743970786738, "p_value": 3.859863160041317e-14}