{"correlation": 0.08426014467950013, "p_value": 8.784273130651738e-157}