{"correlation": 0.08030330499111815, "p_value": 1.5251553232145532e-142}