{"correlation": 0.026726766094713195, "p_value": 2.960347759638972e-17}