{"correlation": 0.06641620314032626, "p_value": 4.979018039131927e-98}