{"correlation": 0.09001823778110568, "p_value": 9.632939115832635e-179}