{"correlation": -0.03007299096310391, "p_value": 1.9759200079975103e-21}