{"correlation": -0.008854364459246256, "p_value": 0.005136454369629368}