{"correlation": 0.11856439920211528, "p_value": 1.900808651418536e-309}