{"correlation": 0.0625053714326577, "p_value": 5.060064396012032e-87}