{"correlation": 0.047739973615316844, "p_value": 1.7169893626867986e-51}