{"correlation": -0.010870331756754385, "p_value": 0.0005914324250459157}