{"correlation": 0.09739197207834172, "p_value": 5.154320951878152e-209}