{"correlation": 0.04548530260344939, "p_value": 6.67217130621575e-47}