{"correlation": 0.026793066672266865, "p_value": 2.473321348169178e-17}