{"correlation": 0.08157165352283594, "p_value": 4.9456647558385446e-147}