{"correlation": 0.06329531109830674, "p_value": 3.426723447301167e-89}