{"correlation": 0.08518434239755136, "p_value": 3.296170890810663e-160}