{"correlation": -0.06229302702863437, "p_value": 1.9170004754132824e-86}