{"correlation": 0.04944797993987816, "p_value": 4.081994749375117e-55}