{"correlation": -0.02601062879055951, "p_value": 2.0067951269878775e-16}