{"correlation": 0.07436995503669513, "p_value": 1.7403355952742575e-122}