{"correlation": -0.09886921662537472, "p_value": 2.2722859279182824e-215}