{"correlation": 0.0888583474763976, "p_value": 3.3536929186989186e-174}