{"correlation": 0.022843124974212304, "p_value": 5.191776595663417e-13}