{"correlation": 0.052249437564280035, "p_value": 2.4662113078366747e-61}