{"correlation": -0.00873344636694195, "p_value": 0.005777790707597817}