{"correlation": 0.10573782929834254, "p_value": 3.3448414595642356e-246}