{"correlation": 0.025606230957593745, "p_value": 5.782803694311502e-16}