{"correlation": -0.04652809819395241, "p_value": 5.3587967506880465e-49}