{"correlation": 0.04158569475274967, "p_value": 1.741646729027954e-39}