{"correlation": -0.07880328926801228, "p_value": 2.5157363519665196e-137}