{"correlation": 0.05721369674622411, "p_value": 3.402607991636679e-73}