{"correlation": 0.1083976358655571, "p_value": 1.041078537494749e-258}