{"correlation": 0.059167704061564394, "p_value": 3.7014937999849146e-78}