{"correlation": 0.043864570605598535, "p_value": 9.70298023853848e-44}