{"correlation": -0.0004210088525158365, "p_value": 0.8941508396504884}