{"correlation": -0.003925168348154524, "p_value": 0.21479136097460363}