{"correlation": 0.0630797491521391, "p_value": 1.347568881848467e-88}