{"correlation": 0.09597796170861952, "p_value": 5.0661824154862094e-203}