{"correlation": 0.06491496179608776, "p_value": 1.0037782335861448e-93}