{"correlation": -0.05772666740320073, "p_value": 1.7577113497473922e-74}