{"correlation": 0.03641008388750242, "p_value": 1.165299166625756e-30}