{"correlation": 0.10828019386394301, "p_value": 3.770648035877875e-258}