{"correlation": 0.0828110335900103, "p_value": 1.7337870058501618e-151}