{"correlation": 0.1191704773098362, "p_value": 1.27920345239e-312}