{"correlation": 0.10761664552633457, "p_value": 5.281506378405606e-255}