{"correlation": -0.06314112781567398, "p_value": 9.129196097960232e-89}