{"correlation": 0.11152524461155836, "p_value": 8.025978582623814e-274}