{"correlation": -0.029664188288656926, "p_value": 6.787463137195324e-21}