{"correlation": 0.004790721724070246, "p_value": 0.13001384378714764}