{"correlation": -0.0006213312210211269, "p_value": 0.8443262077823401}