{"correlation": 0.10123764931088483, "p_value": 9.188214910977303e-226}