{"correlation": 0.11655821624899555, "p_value": 4.5723769477973444e-299}