{"correlation": -0.09226466215433285, "p_value": 1.0413285840008131e-187}