{"correlation": 0.08154068606957542, "p_value": 6.37785684480567e-147}