{"correlation": 0.08881767833888081, "p_value": 4.827113803827131e-174}