{"correlation": 0.06898351481409025, "p_value": 1.2788654765515807e-105}