{"correlation": 0.07264788708600077, "p_value": 5.909806100030591e-117}