{"correlation": 0.05544681888973162, "p_value": 7.522156185315603e-69}