{"correlation": 0.12019626398825721, "p_value": 5.017256e-318}