{"correlation": 0.04892304585879315, "p_value": 5.471932207213938e-54}