{"correlation": 0.08028142451509357, "p_value": 1.8202565322014497e-142}