{"correlation": 0.0909632128034207, "p_value": 1.7353501604245025e-182}