{"correlation": 0.11791765271769677, "p_value": 4.4204006669433954e-306}