{"correlation": -0.025560611354487013, "p_value": 6.509526279905956e-16}