{"correlation": 0.11407330252298606, "p_value": 1.847813839982971e-286}