{"correlation": 0.05588564055643266, "p_value": 6.457369248552951e-70}