{"correlation": -0.057667806643808064, "p_value": 2.4728196545558924e-74}