{"correlation": 0.09911921239046986, "p_value": 1.867441016186954e-216}