{"correlation": 0.03403707510551823, "p_value": 5.314425365116847e-27}