{"correlation": 0.0802500358575391, "p_value": 2.34582584352533e-142}