{"correlation": -0.058963415497669716, "p_value": 1.2448207959491373e-77}