{"correlation": -0.03595901595074864, "p_value": 6.035094082429616e-30}