{"correlation": -0.027246032666081048, "p_value": 7.159982138058362e-18}