{"correlation": 0.06498038113800164, "p_value": 6.548177253058821e-94}