{"correlation": -0.042935764293886805, "p_value": 5.596822871780614e-42}