{"correlation": 0.031329781456396984, "p_value": 4.009234574691404e-23}