{"correlation": 0.10213946767958126, "p_value": 8.708864159536535e-230}