{"correlation": -0.09841838249929882, "p_value": 2.025145650306368e-213}