{"correlation": 0.06336762224365515, "p_value": 2.1624102322295446e-89}