{"correlation": -0.09275539904569745, "p_value": 1.0692093995207437e-189}