{"correlation": 0.08160773233553341, "p_value": 3.6769752187502824e-147}