{"correlation": 0.09130471234509352, "p_value": 7.524414692225393e-184}