{"correlation": 0.06601637691600311, "p_value": 7.132068654576438e-97}