{"correlation": 0.10466257671896097, "p_value": 3.092954612744101e-241}