{"correlation": -0.010644384540936873, "p_value": 0.0007679378479208144}