{"correlation": 0.08607552684439454, "p_value": 1.5096264966044928e-163}