{"correlation": -0.08517866255818948, "p_value": 3.460815755134212e-160}