{"correlation": 0.10279696742181024, "p_value": 9.632637527213985e-233}