{"correlation": 0.03698185516203045, "p_value": 1.4074050155715056e-31}