{"correlation": -0.022513794700810514, "p_value": 1.1105397950546956e-12}