{"correlation": -0.09252429059321675, "p_value": 9.265648290770902e-189}