{"correlation": 0.028953643725135453, "p_value": 5.573367832031208e-20}