{"correlation": -0.03352739608126239, "p_value": 3.0173069842190186e-26}