{"correlation": -0.06636198145631873, "p_value": 7.150445760627358e-98}