{"correlation": 0.09973695478196105, "p_value": 3.78183192187998e-219}