{"correlation": 0.09222077126926896, "p_value": 1.566453058747437e-187}