{"correlation": -0.03708679954108547, "p_value": 9.514544226256953e-32}