{"correlation": -0.09103789742158849, "p_value": 8.745117213164905e-183}