{"correlation": 0.05760063317800956, "p_value": 3.649123311589718e-74}