{"correlation": 0.007241802023367133, "p_value": 0.022096948943757935}