{"correlation": 0.04881021505920609, "p_value": 9.525180901326453e-54}