{"correlation": 0.08259062319971869, "p_value": 1.0871119737702181e-150}