{"correlation": 0.105513266915687, "p_value": 3.67946868252345e-245}