{"correlation": 0.04790611479911996, "p_value": 7.723886968244455e-52}