{"correlation": 0.07049168402564447, "p_value": 3.2580588212360655e-110}