{"correlation": -0.06159458967719069, "p_value": 1.4837990383130936e-84}