{"correlation": -0.03154677102107418, "p_value": 2.0133601193569458e-23}