{"correlation": 0.0007534667215679058, "p_value": 0.8117862076845732}