{"correlation": 0.09849148488425426, "p_value": 9.792249492441717e-214}