{"correlation": 0.0581068893587831, "p_value": 1.9216998545870219e-75}