{"correlation": 0.06918288496687111, "p_value": 3.2009301996069556e-106}