{"correlation": 0.03156311882821424, "p_value": 1.9111832130816907e-23}