{"correlation": 0.10847094030068116, "p_value": 4.6590518617702184e-259}