{"correlation": 0.09590021433085541, "p_value": 1.0754408898563766e-202}