{"correlation": 0.05432273614762204, "p_value": 3.7102649442504734e-66}