{"correlation": 0.07820074936420204, "p_value": 2.940788308621763e-135}