{"correlation": 0.08561507744708233, "p_value": 8.100256530126138e-162}