{"correlation": 0.02495882761922219, "p_value": 3.0435677339670453e-15}