{"correlation": 0.09758260193299302, "p_value": 7.897208684218562e-210}