{"correlation": -0.02225624478444562, "p_value": 1.997805382769685e-12}