{"correlation": 0.031801431670579514, "p_value": 8.917853393699453e-24}