{"correlation": 0.03269669824781208, "p_value": 4.839096209166144e-25}