{"correlation": 0.08241445140342671, "p_value": 4.698794817478084e-150}