{"correlation": 0.06914437211535883, "p_value": 4.184224213368321e-106}