{"correlation": 0.0069415660296562025, "p_value": 0.02824918613525446}