{"correlation": 0.06718833983343983, "p_value": 2.784293741007707e-100}