{"correlation": -0.0037604699529452234, "p_value": 0.23465751555883477}