{"correlation": 0.11549046712706719, "p_value": 1.2918236855574998e-293}