{"correlation": 0.00365264476472671, "p_value": 0.2483486617428744}