{"correlation": 0.052790492342304214, "p_value": 1.4176629236532288e-62}