{"correlation": 0.06676461385265056, "p_value": 4.83080847052202e-99}