{"correlation": 0.049670941862941166, "p_value": 1.3441410748559951e-55}