{"correlation": 0.030394202249786978, "p_value": 7.406560226667522e-22}