{"correlation": 0.04733774016243905, "p_value": 1.1741673766470208e-50}