{"correlation": 0.0802020137023882, "p_value": 3.45742267335657e-142}