{"correlation": 0.10015379657226177, "p_value": 5.630123053352687e-221}