{"correlation": 0.07013288646588225, "p_value": 4.1201232642648973e-109}