{"correlation": 0.07922300037298247, "p_value": 8.929632387641935e-139}