{"correlation": 0.07156488066816215, "p_value": 1.524583631892345e-113}