{"correlation": 0.029159928680024975, "p_value": 3.0400710694518756e-20}