{"correlation": 0.06405195327698963, "p_value": 2.700329802770544e-91}