{"correlation": 0.07884456244480925, "p_value": 1.8131657407978443e-137}