{"correlation": -0.09275732226380502, "p_value": 1.0501433691844998e-189}