{"correlation": 0.034134532531148384, "p_value": 3.801658947467652e-27}