{"correlation": -0.06133234435282275, "p_value": 7.4996423743321255e-84}