{"correlation": 0.09996065364631951, "p_value": 3.963741252629655e-220}