{"correlation": 0.07976558650461282, "p_value": 1.161518055320469e-140}