{"correlation": 0.11750669579566317, "p_value": 5.9538895269463435e-304}