{"correlation": 0.001980434063463119, "p_value": 0.5313882224895496}