{"correlation": 0.004524939461655412, "p_value": 0.15270287733254476}