{"correlation": -0.09539992360354196, "p_value": 1.3450147533113175e-200}