{"correlation": -0.09225466463063871, "p_value": 1.1428459398182163e-187}