{"correlation": 0.014999989731826584, "p_value": 2.128786907187421e-06}