{"correlation": -0.0036029992075136685, "p_value": 0.254836768849845}