{"correlation": 0.033444593402257625, "p_value": 3.991006858350654e-26}