{"correlation": 0.10432301340642, "p_value": 1.116524997056077e-239}