{"correlation": 0.10007891573903015, "p_value": 1.2003897678582809e-220}