{"correlation": 0.04528770977307751, "p_value": 1.6441789057539904e-46}