{"correlation": 0.015716351326870708, "p_value": 6.791487796770505e-07}