{"correlation": -0.032073793363562336, "p_value": 3.706152347821344e-24}