{"correlation": -0.09356104059039665, "p_value": 5.511705191814482e-193}