{"correlation": -0.06449301773634501, "p_value": 1.5620259045420337e-92}