{"correlation": -0.016387365307744328, "p_value": 2.2267401532595903e-07}