{"correlation": -0.0031642100766235354, "p_value": 0.3173078312675451}