{"correlation": 0.07107317312497756, "p_value": 5.188671814743236e-112}