{"correlation": 0.07997277053677049, "p_value": 2.195383098317317e-141}