{"correlation": 0.08080925574158372, "p_value": 2.518329821006383e-144}