{"correlation": 0.06818151364247467, "p_value": 3.228704865329918e-103}