{"correlation": 0.06755140116982661, "p_value": 2.379987529355069e-101}