{"correlation": 0.07840879858181304, "p_value": 5.705452622174255e-136}