{"correlation": 0.055009707657823044, "p_value": 8.513700692894746e-68}