{"correlation": 0.0271694263368465, "p_value": 8.842609929521901e-18}