{"correlation": 0.08163390564762599, "p_value": 2.9652742590086593e-147}