{"correlation": 0.08800608894999674, "p_value": 6.678174490529667e-171}