{"correlation": 0.05654003798342557, "p_value": 1.6007760614723875e-71}