{"correlation": 0.07338140598866258, "p_value": 2.7015376533698373e-119}