{"correlation": 0.025249856566547803, "p_value": 1.450044782149335e-15}