{"correlation": 0.028021073241191283, "p_value": 8.1905358148694385e-19}