{"correlation": 0.06019770736569165, "p_value": 7.671242461578134e-81}