{"correlation": -0.05975538380344173, "p_value": 1.1039589725871354e-79}