{"correlation": 0.06653444176772771, "p_value": 2.2590253436649755e-98}