{"correlation": 0.030126933260696608, "p_value": 1.6769268889482962e-21}