{"correlation": 0.06873255230345336, "p_value": 7.270411779891482e-105}