{"correlation": 0.09227450584694442, "p_value": 9.501784555647763e-188}