{"correlation": 0.08741683751777073, "p_value": 1.221365201345037e-168}