{"correlation": 0.06296925360012362, "p_value": 2.713856009893161e-88}