{"correlation": 0.08525138483736282, "p_value": 1.8536794698152882e-160}