{"correlation": 0.039090660807996676, "p_value": 4.3682245826930774e-35}