{"correlation": -0.02704097752974771, "p_value": 1.2581120418979973e-17}