{"correlation": -0.011894712712207538, "p_value": 0.00017039920724270136}