{"correlation": 0.0512473691488097, "p_value": 4.526337914653271e-59}