{"correlation": 0.11088564161974643, "p_value": 1.0737611739367312e-270}