{"correlation": 0.11302158160529738, "p_value": 3.299241361704863e-281}