{"correlation": 0.09634534997097788, "p_value": 1.4330929024799657e-204}