{"correlation": -0.014746442210405483, "p_value": 3.152060769562271e-06}