{"correlation": 0.0946785933416506, "p_value": 1.357722266381062e-197}