{"correlation": 0.09653646033387708, "p_value": 2.230676499827775e-205}