{"correlation": 0.017208583388994673, "p_value": 5.36022110198474e-08}