{"correlation": 0.0633936234154605, "p_value": 1.832266481094134e-89}