{"correlation": 0.02103171688639001, "p_value": 2.980999305312933e-11}