{"correlation": 0.03416008160571244, "p_value": 3.481496726323086e-27}