{"correlation": 0.03497132306870074, "p_value": 2.0603663978429535e-28}