{"correlation": 0.021793281992255543, "p_value": 5.6474575830580685e-12}