{"correlation": 0.09512736829679201, "p_value": 1.847335932748047e-199}