{"correlation": 0.044155463988298234, "p_value": 2.677103157721543e-44}