{"correlation": -0.10862745001892785, "p_value": 8.355171890747082e-260}