{"correlation": 0.04630684051829738, "p_value": 1.5051192234024458e-48}