{"correlation": 0.0954375199059202, "p_value": 9.365190140895459e-201}