{"correlation": -0.0044109484088715855, "p_value": 0.16331050699220565}