{"correlation": -0.06478478851197057, "p_value": 2.3454575471072e-93}