{"correlation": -0.03229323681861228, "p_value": 1.8169850539878048e-24}