{"correlation": 0.09979682247624176, "p_value": 2.0689753867496015e-219}