{"correlation": 0.0015592348098877398, "p_value": 0.6221722788185764}