{"correlation": -0.007002370261827127, "p_value": 0.026895893837682337}