{"correlation": 0.10087504042040447, "p_value": 3.721230338618394e-224}