{"correlation": 0.044104743633304265, "p_value": 3.353041861798911e-44}