{"correlation": -0.007708963101940535, "p_value": 0.014836609683064592}