{"correlation": 0.043717567485895566, "p_value": 1.8540446340986557e-43}