{"correlation": 0.03402073818097259, "p_value": 5.6208724232963234e-27}