{"correlation": 0.050890841974791164, "p_value": 2.822326144588144e-58}