{"correlation": 0.06647605714888516, "p_value": 3.337923403403202e-98}