{"correlation": 0.115493825837564, "p_value": 1.2420442305332887e-293}