{"correlation": 0.11942060541337289, "p_value": 6.208885438e-314}