{"correlation": 0.009313511282871917, "p_value": 0.0032456057072952136}