{"correlation": 0.05131070319503696, "p_value": 3.2656349786184643e-59}