{"correlation": -0.03702688596864367, "p_value": 1.1899218308711478e-31}