{"correlation": -0.076886251256017, "p_value": 8.394442318939965e-131}