{"correlation": 0.03861249798256237, "p_value": 2.8354945121587065e-34}