{"correlation": 0.07646373653493733, "p_value": 2.1874544566770333e-129}