{"correlation": -0.10744918587610691, "p_value": 3.263450612619965e-254}