{"correlation": 0.05744956477418815, "p_value": 8.740349456009902e-74}