{"correlation": 0.09936103792867787, "p_value": 1.6551717570379613e-217}