{"correlation": 0.01664447035651102, "p_value": 1.4357863711588562e-07}