{"correlation": 0.0682450406121387, "p_value": 2.0882293224315257e-103}