{"correlation": 0.11535604227652324, "p_value": 6.220438808443101e-293}