{"correlation": 0.04437062491897767, "p_value": 1.0272035007678487e-44}