{"correlation": 0.10916021006806233, "p_value": 2.3613273532794008e-262}