{"correlation": 0.11750182575635328, "p_value": 6.309409569153741e-304}