{"correlation": 0.0920059570499917, "p_value": 1.1523456867233523e-186}