{"correlation": 0.09426050555547916, "p_value": 7.301207938162509e-196}