{"correlation": 0.11584972696126167, "p_value": 1.9180412971875323e-295}