{"correlation": 0.07276705886636915, "p_value": 2.471836485191819e-117}