{"correlation": 0.032930882356705396, "p_value": 2.228600487817453e-25}