{"correlation": 0.054939627862126236, "p_value": 1.2539765177044284e-67}