{"correlation": 0.10205084270954987, "p_value": 2.1724704434828545e-229}