{"correlation": 0.06849066077867441, "p_value": 3.8583026137121277e-104}