{"correlation": 0.0853237777049184, "p_value": 9.951451843523363e-161}