{"correlation": 0.009176910130184415, "p_value": 0.0037281594486857214}