{"correlation": 0.11812118207866153, "p_value": 3.873155591558064e-307}