{"correlation": 0.012307685522121144, "p_value": 0.00010032105069209498}