{"correlation": 0.06208784899073715, "p_value": 6.913386584929343e-86}