{"correlation": 0.02034998390069199, "p_value": 1.259478871892414e-10}