{"correlation": 0.01676346381159208, "p_value": 1.1693473022431928e-07}