{"correlation": 0.023739137159607633, "p_value": 6.215033020632828e-14}