{"correlation": 0.081713953499838, "p_value": 1.5351315122656356e-147}