{"correlation": -0.008739880023335884, "p_value": 0.005741928204929316}