{"correlation": 0.02528349667363456, "p_value": 1.330231651513173e-15}