{"correlation": 0.09331552621086514, "p_value": 5.575374986627413e-192}