{"correlation": 0.05378588089403774, "p_value": 6.857202551770933e-65}