{"correlation": -0.04755515982110789, "p_value": 4.161794085494305e-51}