{"correlation": -0.0386586815084948, "p_value": 2.3692020667144207e-34}