{"correlation": -0.08051614303571818, "p_value": 2.7225376056677044e-143}