{"correlation": -0.04275240415285422, "p_value": 1.233592161871463e-41}