{"correlation": 0.008125475890622935, "p_value": 0.010229245874194067}