{"correlation": -0.020986760282159546, "p_value": 3.282773379856522e-11}