{"correlation": 0.08246302843002204, "p_value": 3.139310813928265e-150}