{"correlation": 0.10777633914995546, "p_value": 9.27567648902474e-256}