{"correlation": 0.11946942725115936, "p_value": 3.437334163e-314}