{"correlation": 0.04555593133354566, "p_value": 4.828927123891736e-47}