{"correlation": 0.04916043438067347, "p_value": 1.697644020635081e-54}