{"correlation": 0.09262653565739132, "p_value": 3.566722467582457e-189}