{"correlation": -0.03468950592597879, "p_value": 5.542416232346981e-28}