{"correlation": 0.10271048012277749, "p_value": 2.3643371392033487e-232}