{"correlation": -0.010763908652009112, "p_value": 0.0006692478514268151}