{"correlation": 0.07293335488318647, "p_value": 7.306850351696158e-118}