{"correlation": 0.1024564803187013, "p_value": 3.288815798737874e-231}