{"correlation": -0.0065410794631518224, "p_value": 0.03871191396400047}