{"correlation": -0.009370235591842298, "p_value": 0.003062508592949703}