{"correlation": 0.06587929752927177, "p_value": 1.7699379212376217e-96}