{"correlation": 0.024475335494866454, "p_value": 1.0240321252136644e-14}