{"correlation": 0.03854493924136694, "p_value": 3.686399929387006e-34}