{"correlation": 0.057095524698952814, "p_value": 6.708656206068806e-73}