{"correlation": 0.03933508550561074, "p_value": 1.6643389323017803e-35}