{"correlation": 0.10206513114930518, "p_value": 1.8748782582157742e-229}