{"correlation": 0.10271609471041364, "p_value": 2.2305082919729916e-232}