{"correlation": 0.04606649222866774, "p_value": 4.5958048834057636e-48}