{"correlation": -0.1053395774159855, "p_value": 2.3427253701264376e-244}