{"correlation": 0.003117575523330025, "p_value": 0.32449281857366985}