{"correlation": 0.11681154819782004, "p_value": 2.2870734803620254e-300}