{"correlation": 0.04288371122886781, "p_value": 7.006924808353481e-42}