{"correlation": 0.019544632315641033, "p_value": 6.517012290936186e-10}