{"correlation": 0.02810173751703809, "p_value": 6.513741530684386e-19}