{"correlation": 0.11307050698840543, "p_value": 1.8845643274406403e-281}