{"correlation": -0.06275578804843518, "p_value": 1.045772799015787e-87}