{"correlation": -0.07775304071571622, "p_value": 9.87509203958088e-134}