{"correlation": 0.0758117742175177, "p_value": 3.2313474132405495e-127}