{"correlation": 0.11887489837160954, "p_value": 4.528672368774e-311}