{"correlation": 0.06555268082347758, "p_value": 1.531736381693659e-95}