{"correlation": 0.10258983226606103, "p_value": 8.263077282970619e-232}