{"correlation": 0.08192327842140865, "p_value": 2.7360813238478403e-148}