{"correlation": 0.017488409938757717, "p_value": 3.250432554835663e-08}