{"correlation": 0.08044246613166771, "p_value": 4.945939901194442e-143}