{"correlation": 0.11710230965791393, "p_value": 7.288613885388305e-302}