{"correlation": 0.0630858698691788, "p_value": 1.2962649773727423e-88}