{"correlation": 0.10149768965287821, "p_value": 6.409836879376283e-227}