{"correlation": 0.10141110243355432, "p_value": 1.5567931341156068e-226}