{"correlation": -0.1052070636562368, "p_value": 9.59761272249043e-244}