{"correlation": 0.0379829951277768, "p_value": 3.213387558434213e-33}