{"correlation": 0.05860353762792465, "p_value": 1.0436745604926778e-76}