{"correlation": -0.08873989872952748, "p_value": 9.682150985023531e-174}