{"correlation": 0.045456676853245906, "p_value": 7.605296444886837e-47}