{"correlation": 0.11443594071555303, "p_value": 2.7814497841151978e-288}