{"correlation": -0.009439794153328483, "p_value": 0.0028508616308024577}