{"correlation": 0.08731120482795345, "p_value": 3.0956485384454557e-168}