{"correlation": 0.061618947617788015, "p_value": 1.276040023702865e-84}