{"correlation": 0.0580574963465106, "p_value": 2.5639878373857643e-75}