{"correlation": -0.03485466973119117, "p_value": 3.1063478761216865e-28}