{"correlation": 0.057312242606376254, "p_value": 1.9296860837805265e-73}