{"correlation": -0.025468343426586597, "p_value": 8.265287857074009e-16}