{"correlation": -0.0063726736462313294, "p_value": 0.044008254442897514}