{"correlation": 0.007592775310680409, "p_value": 0.016412015144701125}