{"correlation": 0.061076303230580796, "p_value": 3.6237267245100804e-83}