{"correlation": 0.05778374653768637, "p_value": 1.2619590647560478e-74}