{"correlation": 0.11007198850717893, "p_value": 9.582819761689542e-267}