{"correlation": 0.03488574095431168, "p_value": 2.7849338869645956e-28}