{"correlation": -0.03688813243860797, "p_value": 1.9946476556475463e-31}