{"correlation": 0.029135734298397678, "p_value": 3.2647669666814514e-20}