{"correlation": 0.11022144734273108, "p_value": 1.8115369481581707e-267}