{"correlation": 0.0888061084467277, "p_value": 5.353896878100928e-174}