{"correlation": 0.09766808537458169, "p_value": 3.4010689909544884e-210}