{"correlation": 0.11708588293168307, "p_value": 8.857270993921898e-302}