{"correlation": 0.08044330297055659, "p_value": 4.9125307010131555e-143}