{"correlation": -0.0664496546231117, "p_value": 3.982016655509031e-98}