{"correlation": 0.0035852355354906986, "p_value": 0.25718666321095424}