{"correlation": 0.11355454238283466, "p_value": 7.299776751841363e-284}