{"correlation": 0.10107272434430514, "p_value": 4.95537607160059e-225}