{"correlation": 0.06569055658149768, "p_value": 6.167657921874918e-96}