{"correlation": 0.08698113592625463, "p_value": 5.6188051776361695e-167}