{"correlation": 0.01655944471828308, "p_value": 1.6612049687380134e-07}