{"correlation": 0.021880800617366573, "p_value": 4.64771629016701e-12}