{"correlation": 0.07931500024652138, "p_value": 4.285430744373455e-139}