{"correlation": 0.05767217502061694, "p_value": 2.410990974842356e-74}