{"correlation": 0.04422740444484229, "p_value": 1.9444357251644176e-44}