{"correlation": 0.04907171754133711, "p_value": 2.630832928625176e-54}