{"correlation": 0.0392268548639817, "p_value": 2.553413018823952e-35}