{"correlation": 0.03862704605411555, "p_value": 2.6795379938399497e-34}