{"correlation": 0.08554833212167759, "p_value": 1.4402613959710633e-161}