{"correlation": 0.08297410384345552, "p_value": 4.443733978142176e-152}