{"correlation": 0.09540546352649885, "p_value": 1.2751626745018572e-200}