{"correlation": 0.07382510953372615, "p_value": 1.0108399692874727e-120}