{"correlation": 0.030021870784794433, "p_value": 2.3077093654948317e-21}