{"correlation": 0.010901839675001341, "p_value": 0.0005700634192838854}