{"correlation": 0.08465219802809046, "p_value": 3.126874958676486e-158}