{"correlation": 0.02504858246982188, "p_value": 2.4236106301926338e-15}