{"correlation": -0.012783182833561103, "p_value": 5.34270709020212e-05}