{"correlation": 0.00044463565097063945, "p_value": 0.8882485974405991}