{"correlation": 0.05319666962012808, "p_value": 1.6291441628878994e-63}