{"correlation": 0.04403088908550177, "p_value": 4.651671359545247e-44}