{"correlation": 0.0806054816450724, "p_value": 1.3190539256164275e-143}