{"correlation": -0.05164203024419518, "p_value": 5.880472015125994e-60}