{"correlation": 0.09882819508450048, "p_value": 3.421909796747318e-215}