{"correlation": 0.03962697306817496, "p_value": 5.216920722708992e-36}