{"correlation": 0.10566679836738611, "p_value": 7.145396649609908e-246}