{"correlation": 0.04864154122467957, "p_value": 2.176295470739713e-53}