{"correlation": 0.033257089049657164, "p_value": 7.499605433904737e-26}