{"correlation": 0.11857968819958897, "p_value": 1.58170482726973e-309}