{"correlation": -0.10613907003592384, "p_value": 4.549791415249476e-248}