{"correlation": 0.10056629171577015, "p_value": 8.604930943641983e-223}