{"correlation": 0.10353798146147102, "p_value": 4.254569402657785e-236}