{"correlation": 0.10562410678909807, "p_value": 1.1273192095369014e-245}