{"correlation": 0.06745666475029653, "p_value": 4.5274175928072807e-101}