{"correlation": 0.04161316471587704, "p_value": 1.5524666950170928e-39}