{"correlation": 0.05287679613812841, "p_value": 8.964526542354259e-63}