{"correlation": -0.00956670681066917, "p_value": 0.002498780297318878}