{"correlation": -0.07039855291648842, "p_value": 6.30274774838937e-110}