{"correlation": 0.03654511917081824, "p_value": 7.094210111588399e-31}