{"correlation": -0.015269144435486324, "p_value": 1.3939025675973569e-06}