{"correlation": 0.06819819355729431, "p_value": 2.8797524810771044e-103}