{"correlation": 0.11331640399671883, "p_value": 1.1252501125244082e-282}