{"correlation": 0.022443566466132898, "p_value": 1.3042261165234951e-12}