{"correlation": 0.031893605283452024, "p_value": 6.63078361600822e-24}