{"correlation": 0.1040241935467992, "p_value": 2.595444997603616e-238}