{"correlation": 0.03085318507395017, "p_value": 1.7904914651401224e-22}