{"correlation": 0.11861663802032914, "p_value": 1.014362339547375e-309}