{"correlation": 0.035635782399760826, "p_value": 1.9368731755349787e-29}