{"correlation": -0.1032238250919317, "p_value": 1.1328620726982221e-234}