{"correlation": 0.11911035872279557, "p_value": 2.644364892684e-312}