{"correlation": 0.06136408905704813, "p_value": 6.166265051011087e-84}