{"correlation": 0.02056394066449929, "p_value": 8.052072434578815e-11}