{"correlation": 0.10835403333584295, "p_value": 1.6790741208087423e-258}