{"correlation": 0.1155488281976977, "p_value": 6.525116427759276e-294}