{"correlation": 0.06179250435969185, "p_value": 4.3484157912436305e-85}