{"correlation": -0.06568733691560844, "p_value": 6.300213770780934e-96}