{"correlation": 0.050838264989160074, "p_value": 3.692807418598176e-58}