{"correlation": 0.09116484397677739, "p_value": 2.7246426594843984e-183}