{"correlation": 0.11745083753353747, "p_value": 1.1578080368120734e-303}