{"correlation": 0.05592265854436842, "p_value": 5.2447128401324666e-70}