{"correlation": 0.04838055162544057, "p_value": 7.771771457669701e-53}