{"correlation": 0.06844934763225194, "p_value": 5.1278568618948693e-104}