{"correlation": 0.06754877098672721, "p_value": 2.4228893418816192e-101}