{"correlation": 0.09992147966933528, "p_value": 5.885901157784151e-220}