{"correlation": 0.10632519518956317, "p_value": 6.162740859188925e-249}