{"correlation": 0.017440888038138144, "p_value": 3.540523185517516e-08}