{"correlation": 0.10870952208298149, "p_value": 3.3895472965782945e-260}