{"correlation": 0.05779465720518274, "p_value": 1.1844648151413543e-74}