{"correlation": 0.05269609336780866, "p_value": 2.3383905290514113e-62}