{"correlation": 0.08715017444325204, "p_value": 1.2750564266778844e-167}