{"correlation": 0.09284027506221551, "p_value": 4.831131733346026e-190}