{"correlation": 0.11894405449661231, "p_value": 1.967436432141e-311}