{"correlation": 0.061492077260356034, "p_value": 2.797680481673146e-84}