{"correlation": 0.1165974521792012, "p_value": 2.876436730373267e-299}