{"correlation": 0.020537077070656676, "p_value": 8.51937991878668e-11}