{"correlation": -0.11607406991973407, "p_value": 1.374603160966152e-296}