{"correlation": -0.03877334701241008, "p_value": 1.5152223976406144e-34}