{"correlation": 0.07467883650116972, "p_value": 1.7169638553922864e-123}