{"correlation": 0.006791505317527304, "p_value": 0.031842497994488274}