{"correlation": 0.0977963533107723, "p_value": 9.594752977912622e-211}