{"correlation": 0.014869336313595861, "p_value": 2.60800000026944e-06}