{"correlation": 0.061008487656312, "p_value": 5.49377730839739e-83}