{"correlation": 0.06602945691960281, "p_value": 6.538926313503109e-97}