{"correlation": 0.09176611580644416, "p_value": 1.0636439088008311e-185}