{"correlation": 0.04760927704681061, "p_value": 3.2124855382392666e-51}