{"correlation": -0.00634223208107524, "p_value": 0.045028163451177126}