{"correlation": 0.08657641996373519, "p_value": 1.934875194830929e-165}