{"correlation": -0.02266072664704981, "p_value": 7.92096386192695e-13}