{"correlation": 0.08118528313691682, "p_value": 1.1728413860103842e-145}