{"correlation": 0.02771990750467742, "p_value": 1.915421760089921e-18}