{"correlation": 0.056684310296227905, "p_value": 7.043810841868612e-72}