{"correlation": 0.04528757887816474, "p_value": 1.645159382651124e-46}