{"correlation": 0.07727494501826707, "p_value": 4.1156377648510455e-132}