{"correlation": 0.053767292893016794, "p_value": 7.58195744252148e-65}