{"correlation": 0.11332836551855291, "p_value": 9.809359544286283e-283}