{"correlation": 0.06373417510243244, "p_value": 2.079185697378221e-90}