{"correlation": 0.053613735597417306, "p_value": 1.736491817218299e-64}