{"correlation": 0.06581032645915885, "p_value": 2.794215796547697e-96}