{"correlation": 0.08752655030997042, "p_value": 4.6431719165454016e-169}