{"correlation": 0.11094730242411989, "p_value": 5.374131260016511e-271}