{"correlation": 0.05482369560120871, "p_value": 2.376963455737055e-67}