{"correlation": 0.05453518028895052, "p_value": 1.160536354499087e-66}