{"correlation": -0.0034234710340691225, "p_value": 0.27927834968431714}