{"correlation": 0.0566805577047695, "p_value": 7.196022737748549e-72}