{"correlation": 0.11724291422604705, "p_value": 1.372593234608739e-302}