{"correlation": 0.08536903671490917, "p_value": 6.7433497414067815e-161}