{"correlation": -0.011308063400227615, "p_value": 0.0003517505401529969}