{"correlation": 0.08148609085293744, "p_value": 9.983748593976025e-147}