{"correlation": 0.0856302942962331, "p_value": 7.103760649230299e-162}