{"correlation": 0.11223890328128439, "p_value": 2.479550729205352e-277}