{"correlation": 0.04986640538523229, "p_value": 5.055174786614391e-56}