{"correlation": 0.07315226467120932, "p_value": 1.4626008533913596e-118}