{"correlation": 0.04324735313717796, "p_value": 1.44989198640815e-42}