{"correlation": 0.05989312253828434, "p_value": 4.822186460877451e-80}