{"correlation": -0.04646630045169684, "p_value": 7.154008480713926e-49}