{"correlation": 0.05119626380310896, "p_value": 5.888759439697082e-59}