{"correlation": 0.06556941759729554, "p_value": 1.3717392997569305e-95}