{"correlation": 0.060282649026422566, "p_value": 4.586622500146758e-81}