{"correlation": 0.031772775122349835, "p_value": 9.776801727987695e-24}