{"correlation": 0.06733536397525289, "p_value": 1.0300569120357627e-100}