{"correlation": -0.07850605885563623, "p_value": 2.64669138457348e-136}