{"correlation": -0.005013465892411956, "p_value": 0.11309279445313951}