{"correlation": 0.10865440370884806, "p_value": 6.213142116190367e-260}