{"correlation": 0.10964616679382051, "p_value": 1.089309539405464e-264}