{"correlation": 0.07837463357780765, "p_value": 7.470874225141994e-136}