{"correlation": -0.07065106606844337, "p_value": 1.0511019543926916e-110}