{"correlation": 0.07964125996095467, "p_value": 3.1497921527907965e-140}