{"correlation": 0.06512044872321167, "p_value": 2.6198926626139155e-94}