{"correlation": 0.01888988733172949, "p_value": 2.3665879925072954e-09}