{"correlation": 0.08086162174650142, "p_value": 1.6444048563823738e-144}