{"correlation": -0.033398932677517555, "p_value": 4.6551692410990414e-26}