{"correlation": 0.11139200112968198, "p_value": 3.6084114812090603e-273}