{"correlation": 0.09787926823783405, "p_value": 4.230414548037525e-211}