{"correlation": 0.05061051264748189, "p_value": 1.1795064656204734e-57}