{"correlation": 0.08416807618017424, "p_value": 1.9182396996710422e-156}