{"correlation": 0.1101424716079234, "p_value": 4.369677671188596e-267}