{"correlation": -0.03491668322156552, "p_value": 2.497670351442373e-28}