{"correlation": 0.03328447983628822, "p_value": 6.840901417114176e-26}