{"correlation": -0.015424007893134107, "p_value": 1.0890466289202647e-06}