{"correlation": -0.10442363967831379, "p_value": 3.8624104257243617e-240}