{"correlation": 0.07251924107506577, "p_value": 1.5118920118116793e-116}