{"correlation": -0.06503609491170691, "p_value": 4.549654411987056e-94}