{"correlation": 0.04494793631159166, "p_value": 7.682552155269345e-46}