{"correlation": 0.0549741772911164, "p_value": 1.036114264300794e-67}