{"correlation": 0.05430428553949048, "p_value": 4.1034469336384836e-66}