{"correlation": 0.09160908973468249, "p_value": 4.54302324857861e-185}