{"correlation": 0.003391754719768272, "p_value": 0.2837567216457939}