{"correlation": 0.02888976699686815, "p_value": 6.718275389720704e-20}