{"correlation": 0.029520171338734143, "p_value": 1.0442390443309026e-20}