{"correlation": 0.06503099535450257, "p_value": 4.7039101631036056e-94}