{"correlation": 0.055584941537922074, "p_value": 3.4803776445149345e-69}