{"correlation": 0.06220439525390917, "p_value": 3.3380127961098914e-86}