{"correlation": 0.04683057785278495, "p_value": 1.2956228552853924e-49}