{"correlation": 0.053362637828509085, "p_value": 6.69813589828858e-64}