{"correlation": -0.04658470701947911, "p_value": 4.111267197510134e-49}