{"correlation": 0.015481258003646617, "p_value": 9.934986825730879e-07}