{"correlation": 0.10626855182827817, "p_value": 1.1328241091070065e-248}