{"correlation": 0.04584842532956766, "p_value": 1.2590353969662536e-47}