{"correlation": -0.032484767866164214, "p_value": 9.715358803428749e-25}