{"correlation": 0.049161323048009284, "p_value": 1.6902043486831974e-54}