{"correlation": 0.11816763432354213, "p_value": 2.220593199422678e-307}