{"correlation": 0.060875291775940026, "p_value": 1.2423017116981237e-82}