{"correlation": 0.10569086039486233, "p_value": 5.525620679689605e-246}