{"correlation": -0.014410611797654951, "p_value": 5.25096246245199e-06}