{"correlation": 0.08135593612821206, "p_value": 2.9022365785475167e-146}