{"correlation": 0.06465626984335579, "p_value": 5.412572978839395e-93}