{"correlation": 0.11568516920313586, "p_value": 1.3214424807062003e-294}