{"correlation": 0.06909568881071776, "p_value": 5.869257423533472e-106}