{"correlation": 0.0395191621076776, "p_value": 8.015611576753256e-36}