{"correlation": 0.02763748683623913, "p_value": 2.4129999129286146e-18}