{"correlation": 0.0002891402055098648, "p_value": 0.9271917653017789}