{"correlation": 0.08047730595341082, "p_value": 3.729705829037315e-143}