{"correlation": 0.09514580917607268, "p_value": 1.5476269141684724e-199}