{"correlation": 0.11226286781673163, "p_value": 1.888451298248844e-277}