{"correlation": 0.06689929400117564, "p_value": 1.9541777174538814e-99}