{"correlation": 0.061182885835965206, "p_value": 1.8824629660633087e-83}