{"correlation": 0.07111620428983977, "p_value": 3.8143261971103696e-112}