{"correlation": -0.024423605806215283, "p_value": 1.164389568089185e-14}