{"correlation": 0.034208536506772566, "p_value": 2.9459616034944052e-27}