{"correlation": 0.00927400731957284, "p_value": 0.0033789509614575684}