{"correlation": 0.09706054228525476, "p_value": 1.33275745862454e-207}