{"correlation": 0.0768354768195462, "p_value": 1.243268767778146e-130}