{"correlation": 0.1042217978951715, "p_value": 3.2442970697435897e-239}