{"correlation": 0.04878200956592149, "p_value": 1.093868490775205e-53}