{"correlation": 0.038810411531958924, "p_value": 1.3110080916351555e-34}