{"correlation": 0.07055871046761529, "p_value": 2.0252468508589095e-110}