{"correlation": 0.1102649857079825, "p_value": 1.1145860434828719e-267}