{"correlation": 0.006278686379805134, "p_value": 0.047221518334539095}