{"correlation": -0.09182452768985483, "p_value": 6.193837879627015e-186}