{"correlation": 0.009992576541327056, "p_value": 0.0015880720087848924}