{"correlation": 0.10393190681206156, "p_value": 6.845129802840958e-238}