{"correlation": 0.10697501206981705, "p_value": 5.576929331562737e-252}