{"correlation": 0.11655420400521267, "p_value": 4.794260443186744e-299}