{"correlation": 0.10703960643341552, "p_value": 2.7722755719083214e-252}