{"correlation": 0.025188776450346954, "p_value": 1.6953631089393334e-15}