{"correlation": 0.10410026564095061, "p_value": 1.1661493751766625e-238}