{"correlation": 0.11229367320936245, "p_value": 1.3305779969298737e-277}