{"correlation": 0.02538980300442167, "p_value": 1.012160868071913e-15}