{"correlation": 0.11978181204636723, "p_value": 7.7731123e-316}