{"correlation": 0.03739410662887271, "p_value": 3.004335557106413e-32}