{"correlation": -0.06988127452707699, "p_value": 2.4226763583147625e-108}