{"correlation": 0.10761790138070346, "p_value": 5.209806575709296e-255}