{"correlation": -0.07811502408788301, "p_value": 5.772376698813801e-135}