{"correlation": -0.10982776872836937, "p_value": 1.4503173529401594e-265}