{"correlation": 0.09682270480861858, "p_value": 1.365888627319181e-206}