{"correlation": -0.11929411946641125, "p_value": 2.86945651113e-313}