{"correlation": 0.028614711910702122, "p_value": 1.495014067193835e-19}