{"correlation": 0.11664220006684055, "p_value": 1.6951395954913488e-299}