{"correlation": 0.09975694177771066, "p_value": 3.0922052985841834e-219}