{"correlation": -0.011377715504622434, "p_value": 0.00032329741645752575}