{"correlation": 0.11386757049857557, "p_value": 1.985637720225719e-285}