{"correlation": 0.11125846786087616, "p_value": 1.6246227971283215e-272}