{"correlation": 0.008984316650793196, "p_value": 0.004519545679418626}