{"correlation": 0.10143619902923823, "p_value": 1.2038296163398116e-226}