{"correlation": 0.1130539727695948, "p_value": 2.2772617628402785e-281}