{"correlation": 0.11997058692678543, "p_value": 7.8342576e-317}