{"correlation": -0.0288114434008579, "p_value": 8.443251588350471e-20}