{"correlation": 0.020938283691614653, "p_value": 3.641686558155446e-11}