{"correlation": 0.06204153647667152, "p_value": 9.229469151680829e-86}