{"correlation": 0.06213502215559006, "p_value": 5.149635319147024e-86}