{"correlation": 0.005848710112866753, "p_value": 0.06454212615351734}