{"correlation": 0.11018033720553161, "p_value": 2.8650905575943107e-267}