{"correlation": 0.07891293108865549, "p_value": 1.0535941607593424e-137}