{"correlation": -0.00801770291407221, "p_value": 0.011279439302067337}