{"correlation": -0.03303904309978199, "p_value": 1.5549264098769897e-25}