{"correlation": 0.023725420147907583, "p_value": 6.4241390744773e-14}