{"correlation": -0.03151462935558505, "p_value": 2.2302816189111862e-23}