{"correlation": -0.08572244848845977, "p_value": 3.20634575487237e-162}