{"correlation": 0.11107450263560922, "p_value": 1.2872437308743883e-271}