{"correlation": 0.023210936632088428, "p_value": 2.1930003917493404e-13}