{"correlation": 0.06182413960812003, "p_value": 3.5724723888261325e-85}