{"correlation": 0.10286502015023816, "p_value": 4.749695524192241e-233}