{"correlation": 0.05965903856886827, "p_value": 1.9681962918341163e-79}