{"correlation": -0.01412300637500201, "p_value": 8.05956993162772e-06}