{"correlation": 0.0965932399369767, "p_value": 1.2826594780923488e-205}