{"correlation": 0.11837661469061712, "p_value": 1.812864515038545e-308}