{"correlation": 0.11816561287000396, "p_value": 2.2750163395614888e-307}