{"correlation": 0.001164096483695908, "p_value": 0.7129507423136393}