{"correlation": 0.05577333363913781, "p_value": 1.212687466077341e-69}