{"correlation": -0.05818285738891372, "p_value": 1.2327333527471374e-75}