{"correlation": 0.11797017102840666, "p_value": 2.3593498325286762e-306}