{"correlation": 0.11721640035907264, "p_value": 1.8808025159492135e-302}