{"correlation": 0.011332745861136239, "p_value": 0.000341409923452306}