{"correlation": 0.0601326180720038, "p_value": 1.1371525614303102e-80}