{"correlation": 0.025045822743744936, "p_value": 2.4406725876422172e-15}