{"correlation": 0.06339890416651492, "p_value": 1.7716271471652062e-89}