{"correlation": 0.0813551424183762, "p_value": 2.9211688519109788e-146}