{"correlation": -0.06843049478513726, "p_value": 5.838309010715161e-104}