{"correlation": 0.03195683269527124, "p_value": 5.408453992021631e-24}