{"correlation": 0.007883482380522465, "p_value": 0.012720504215380497}