{"correlation": 0.015926334929811103, "p_value": 4.813333898506083e-07}