{"correlation": 0.09458894099037324, "p_value": 3.1956756514120934e-197}