{"correlation": 0.09906219544392877, "p_value": 3.3036912168465587e-216}