{"correlation": -0.0696903721921188, "p_value": 9.250937042486493e-108}