{"correlation": 0.06944779057677344, "p_value": 5.049988870284438e-107}