{"correlation": 0.08296093003337816, "p_value": 4.9608524312229416e-152}