{"correlation": 0.01089765739712592, "p_value": 0.0005728579060430095}