{"correlation": 0.06784469753714294, "p_value": 3.231929168064547e-102}