{"correlation": 0.06708066878520243, "p_value": 5.759376922125092e-100}