{"correlation": 0.10884862975526706, "p_value": 7.334119436250079e-261}