{"correlation": 0.10390927792580147, "p_value": 8.68150750128531e-238}