{"correlation": 0.08461597387510919, "p_value": 4.258337957296355e-158}