{"correlation": 0.1040076314541833, "p_value": 3.0890467803714664e-238}