{"correlation": 0.03409913110393719, "p_value": 4.294052590343696e-27}