{"correlation": 0.08501229243723396, "p_value": 1.4408084515321857e-159}