{"correlation": 0.07590101764078001, "p_value": 1.6350350820662031e-127}