{"correlation": 0.0211805763259831, "p_value": 2.1631108212276366e-11}