{"correlation": 0.08043539340784585, "p_value": 5.237520159403919e-143}