{"correlation": -0.004568167067961502, "p_value": 0.14882030031576962}