{"correlation": -0.032153307779203034, "p_value": 2.864118875158854e-24}