{"correlation": 0.07835960332844256, "p_value": 8.411294431294501e-136}