{"correlation": 0.06266159761769981, "p_value": 1.893677734414138e-87}