{"correlation": 0.020739332508275744, "p_value": 5.561491247246135e-11}