{"correlation": 0.05461339084019955, "p_value": 7.556878482997576e-67}