{"correlation": -0.07169051118103965, "p_value": 6.1666191002933236e-114}