{"correlation": 0.04864904941318359, "p_value": 2.0978329847254435e-53}