{"correlation": -0.011999278941112438, "p_value": 0.00014923691093695024}