{"correlation": 0.11456632628739909, "p_value": 6.131798898002137e-289}