{"correlation": 0.0925607536369134, "p_value": 6.5928091477067254e-189}