{"correlation": 0.09611950542785033, "p_value": 1.2848078168969738e-203}