{"correlation": 0.07480038340664233, "p_value": 6.883227374046376e-124}