{"correlation": 0.061380645185868755, "p_value": 5.567551281719673e-84}