{"correlation": -0.04214257289772025, "p_value": 1.6680783001990412e-40}