{"correlation": 0.05823063959040018, "p_value": 9.321004773895004e-76}