{"correlation": 0.06781553219773578, "p_value": 3.9432691196083645e-102}