{"correlation": 0.025556934328996157, "p_value": 6.571875365533784e-16}