{"correlation": -0.004398033721610923, "p_value": 0.1645465074010297}