{"correlation": 0.06301544530393836, "p_value": 2.0255935424320062e-88}