{"correlation": 0.06362385764571604, "p_value": 4.213095810012136e-90}