{"correlation": 0.004060369096578949, "p_value": 0.19941274499213596}