{"correlation": 0.031473885861739624, "p_value": 2.5387891340884527e-23}