{"correlation": 0.04797173224359699, "p_value": 5.6296911963841684e-52}