{"correlation": 0.10714519237949115, "p_value": 8.835604086466729e-253}