{"correlation": 0.11352520777658949, "p_value": 1.022778384423388e-283}