{"correlation": 0.11132413892695443, "p_value": 7.753461607040803e-273}