{"correlation": 0.02616612004629094, "p_value": 1.3301689685006217e-16}