{"correlation": 0.06469636635902476, "p_value": 4.1703660782752996e-93}