{"correlation": -0.028286257279985173, "p_value": 3.8478165464833427e-19}