{"correlation": 0.08771379387965263, "p_value": 8.88644820916857e-170}