{"correlation": 0.11851711287383818, "p_value": 3.355210099611986e-309}