{"correlation": -0.024370208418686867, "p_value": 1.3291113127455235e-14}