{"correlation": 0.026142025733893643, "p_value": 1.4179119236870708e-16}