{"correlation": 0.00013592139279387745, "p_value": 0.965736609145808}