{"correlation": 0.013215521424748555, "p_value": 2.9569382575081062e-05}