{"correlation": 0.0795346332667206, "p_value": 7.401392961199679e-140}