{"correlation": 0.10366187636734815, "p_value": 1.1628730835513216e-236}