{"correlation": 0.04072026651034607, "p_value": 6.273005647852989e-38}