{"correlation": 0.061687003925422174, "p_value": 8.369296220729974e-85}