{"correlation": 0.11810214599639599, "p_value": 4.8645484589572665e-307}