{"correlation": -0.01626995809608134, "p_value": 2.715018259758455e-07}