{"correlation": -0.021580240520159045, "p_value": 9.046025967608357e-12}