{"correlation": 0.10114334863397184, "p_value": 2.408984628088751e-225}