{"correlation": 0.08675901201089879, "p_value": 3.927471952550993e-166}