{"correlation": 0.0059885706409347084, "p_value": 0.058408624363842206}