{"correlation": 0.04779408740110981, "p_value": 1.3240379405628523e-51}