{"correlation": 0.10514652914061853, "p_value": 1.8267333550093847e-243}