{"correlation": 0.08045982954027385, "p_value": 4.297018219794163e-143}