{"correlation": 0.10445605613688667, "p_value": 2.743145373958206e-240}