{"correlation": 0.08896332649936783, "p_value": 1.3089276148375696e-174}