{"correlation": -0.006626395553923993, "p_value": 0.03624217857837666}