{"correlation": 0.03582225772074998, "p_value": 9.896856765054819e-30}