{"correlation": 0.043369535010158146, "p_value": 8.51456935574272e-43}