{"correlation": 0.04488717997482828, "p_value": 1.0108885471595831e-45}