{"correlation": 0.043841238431449166, "p_value": 1.0754789556725819e-43}