{"correlation": 0.0912477692103699, "p_value": 1.2708402346973056e-183}