{"correlation": 0.05200750604376028, "p_value": 8.761339888949364e-61}