{"correlation": 0.1069792574829083, "p_value": 5.326595663606212e-252}