{"correlation": 0.017780763673744704, "p_value": 1.911802704560074e-08}