{"correlation": -0.005101323094190582, "p_value": 0.10691620859485097}