{"correlation": -0.05244942914061021, "p_value": 8.609997118066541e-62}