{"correlation": 0.10743016671618386, "p_value": 4.012599296001572e-254}