{"correlation": 0.08907155904123906, "p_value": 4.9560132294227066e-175}