{"correlation": -0.004976722787194316, "p_value": 0.1157578843121363}