{"correlation": 0.07303021129615475, "p_value": 3.5883390279634334e-118}