{"correlation": 0.11875055062239724, "p_value": 2.0251413252097e-310}