{"correlation": 0.10589902090865971, "p_value": 5.962863766100247e-247}