{"correlation": -0.11354563549222964, "p_value": 8.086993235319423e-284}