{"correlation": 0.10826000305095256, "p_value": 4.703770944697432e-258}