{"correlation": 0.047304223505894534, "p_value": 1.3771678263188193e-50}