{"correlation": 0.1159842598648285, "p_value": 3.950882106356701e-296}