{"correlation": 0.058136470744141806, "p_value": 1.6167179483876645e-75}