{"correlation": 0.09197780448980374, "p_value": 1.496276803190861e-186}