{"correlation": 0.031943488320913024, "p_value": 5.646300452885904e-24}