{"correlation": 0.07863598088856759, "p_value": 9.471983535238523e-137}