{"correlation": 0.06512521184001548, "p_value": 2.5394496054654634e-94}