{"correlation": 0.033829428254171595, "p_value": 1.0815865855012132e-26}