{"correlation": 0.04888226719241683, "p_value": 6.68665338996281e-54}