{"correlation": 0.11856581168820646, "p_value": 1.86881047560554e-309}