{"correlation": -0.04478810689169369, "p_value": 1.5802679889951986e-45}