{"correlation": 0.0008165075582777075, "p_value": 0.796371793217498}