{"correlation": 0.09018165860064174, "p_value": 2.183007641921668e-179}