{"correlation": 0.11844812794043981, "p_value": 7.683550533126454e-309}