{"correlation": 0.01689236012454159, "p_value": 9.347710980744184e-08}