{"correlation": -0.012491657668856081, "p_value": 7.881913509559415e-05}