{"correlation": 0.09471777079912232, "p_value": 9.337823548368856e-198}