{"correlation": 0.04735265493124755, "p_value": 1.0936926660975083e-50}