{"correlation": 0.08712624049666902, "p_value": 1.573278902084974e-167}