{"correlation": 0.11746459952561192, "p_value": 9.828521270812086e-304}