{"correlation": 0.11713220189702822, "p_value": 5.111687344669115e-302}