{"correlation": -0.06424256333251716, "p_value": 7.898904636815334e-92}