{"correlation": 0.11064273412964286, "p_value": 1.6346694432929727e-269}