{"correlation": 0.027617174976212022, "p_value": 2.554046556795395e-18}