{"correlation": 0.08706817494541284, "p_value": 2.6190476347432218e-167}