{"correlation": 0.11988365389079972, "p_value": 2.25498063e-316}