{"correlation": 0.08068948109314453, "p_value": 6.66864871598497e-144}