{"correlation": -0.00878581961129194, "p_value": 0.005491631339980315}