{"correlation": 0.07046718043351358, "p_value": 3.876101600937645e-110}