{"correlation": -0.0942152538876595, "p_value": 1.1226325271102864e-195}