{"correlation": 0.041453096394786074, "p_value": 3.030756951739784e-39}