{"correlation": 0.11227956203842462, "p_value": 1.5620789353780593e-277}