{"correlation": -0.1049259178858514, "p_value": 1.9007967435677797e-242}