{"correlation": 0.1029021773080031, "p_value": 3.2278346935391634e-233}