{"correlation": 0.01937903458737264, "p_value": 9.066086608925986e-10}