{"correlation": 0.0998791777252093, "p_value": 9.018913221897745e-220}