{"correlation": -0.014546653403187448, "p_value": 4.2758333562604695e-06}