{"correlation": -0.07109983586301728, "p_value": 4.288066458772654e-112}