{"correlation": -0.045258868348172596, "p_value": 1.8749023354852743e-46}