{"correlation": 0.025830631448112405, "p_value": 3.2207149362511957e-16}