{"correlation": 0.09122693265185014, "p_value": 1.5393760615672195e-183}