{"correlation": 0.06762081743003079, "p_value": 1.4848778644805504e-101}