{"correlation": -0.030761340741139547, "p_value": 2.3828206639200735e-22}