{"correlation": -0.00034497305382090817, "p_value": 0.9131836377268586}