{"correlation": -0.08457500929329083, "p_value": 6.037434990156713e-158}