{"correlation": 0.09037725997443159, "p_value": 3.679924058712116e-180}