{"correlation": 0.033084952174252134, "p_value": 1.3341537317988363e-25}