{"correlation": -0.09047523416504576, "p_value": 1.506281859307855e-180}