{"correlation": 0.08101994416887055, "p_value": 4.52514408379578e-145}