{"correlation": -0.0557777188607642, "p_value": 1.1832387417451093e-69}