{"correlation": 0.014984099334995555, "p_value": 2.1821995553377635e-06}