{"correlation": 0.10115242338704845, "p_value": 2.1956760859451108e-225}