{"correlation": 0.07418157595926378, "p_value": 7.112577643776402e-122}