{"correlation": 0.11101830591188942, "p_value": 2.4207557498253e-271}