{"correlation": 0.11328580283768229, "p_value": 1.5985120543816284e-282}