{"correlation": -0.03720699774346973, "p_value": 6.068164525734791e-32}