{"correlation": 0.06946571260630822, "p_value": 4.4557544200083414e-107}