{"correlation": 0.1176233676842168, "p_value": 1.4826917740353064e-304}