{"correlation": 0.10368189978649078, "p_value": 9.42813249455493e-237}