{"correlation": 0.03373698293256532, "p_value": 1.482022744390567e-26}