{"correlation": 0.10018946072768854, "p_value": 3.9248880723950665e-221}