{"correlation": 0.06411633978754051, "p_value": 1.783465522875289e-91}