{"correlation": 0.052560378670448514, "p_value": 4.794085398576995e-62}