{"correlation": 0.04238441114590617, "p_value": 5.965033687131672e-41}