{"correlation": 0.10630527505916841, "p_value": 7.634305151085371e-249}