{"correlation": -0.008047545345385945, "p_value": 0.010979456054944943}