{"correlation": 0.1009021924805045, "p_value": 2.821786884641394e-224}