{"correlation": -0.07558938735572078, "p_value": 1.7583525293050757e-126}