{"correlation": 0.09030513198993982, "p_value": 7.0983927421186314e-180}