{"correlation": 0.05040588491774095, "p_value": 3.333569674847407e-57}