{"correlation": 0.01158424449328524, "p_value": 0.00025107934178931216}