{"correlation": 0.06655447050788948, "p_value": 1.9757001307286525e-98}