{"correlation": 0.09934122944922381, "p_value": 2.019045049073592e-217}