{"correlation": 0.0548452820930452, "p_value": 2.1103440140099723e-67}