{"correlation": 0.07574880360572263, "p_value": 5.223124863208501e-127}