{"correlation": 0.08264976064674587, "p_value": 6.64615465563236e-151}