{"correlation": 0.05381686060081482, "p_value": 5.79949592567501e-65}