{"correlation": 0.11614079241288242, "p_value": 6.270414503998429e-297}