{"correlation": 0.03395233618797349, "p_value": 7.10591791764989e-27}