{"correlation": 0.11519542542640605, "p_value": 4.058583091258186e-292}