{"correlation": -0.05767401083403661, "p_value": 2.385469664357669e-74}