{"correlation": 0.11239933641725909, "p_value": 4.000624073369533e-278}