{"correlation": -0.04543105825934444, "p_value": 8.549936618366344e-47}