{"correlation": 0.036254883943054005, "p_value": 2.0567542445055196e-30}