{"correlation": -0.03570864966782787, "p_value": 1.490502340550584e-29}