{"correlation": 0.014129206444378274, "p_value": 7.986141153125874e-06}