{"correlation": 0.02061690965117758, "p_value": 7.202920612185181e-11}