{"correlation": 0.04505054666733959, "p_value": 4.8287019209879394e-46}