{"correlation": -0.022950512336807862, "p_value": 4.0423886953139357e-13}