{"correlation": -0.004659652170426867, "p_value": 0.14085246057438489}