{"correlation": 0.10750312027913081, "p_value": 1.8158496376399965e-254}