{"correlation": 0.08835944286453276, "p_value": 2.888796117430674e-172}