{"correlation": 0.09304409074145457, "p_value": 7.149028955598737e-191}