{"correlation": 0.10772921897235446, "p_value": 1.5501051991253712e-255}