{"correlation": 0.029765229795314575, "p_value": 5.0108538025880386e-21}