{"correlation": 0.10399807271397248, "p_value": 3.415532432563145e-238}