{"correlation": 0.039576575618744274, "p_value": 6.377770885891606e-36}