{"correlation": 0.02269963714697244, "p_value": 7.240353704648222e-13}