{"correlation": 0.06860671498582846, "p_value": 1.733628196753949e-104}