{"correlation": 0.0732279866206645, "p_value": 8.374991958873095e-119}