{"correlation": 0.0622615931070142, "p_value": 2.3339224481018087e-86}