{"correlation": 0.10768408623011788, "p_value": 2.53441055180728e-255}