{"correlation": 0.013727392750455253, "p_value": 1.434263814444652e-05}