{"correlation": -0.016345009260457923, "p_value": 2.392209225654466e-07}