{"correlation": 0.09700618676618207, "p_value": 2.2696097477477733e-207}