{"correlation": 0.033926267982537436, "p_value": 7.769079929732675e-27}