{"correlation": 0.03603781620401882, "p_value": 4.534624201140698e-30}