{"correlation": 0.09217216922758117, "p_value": 2.461394724291989e-187}