{"correlation": 0.012156911164460037, "p_value": 0.00012195695035249841}