{"correlation": 0.10999878827840016, "p_value": 2.164951225311838e-266}