{"correlation": 0.07314164503967702, "p_value": 1.5814839762652779e-118}