{"correlation": 0.10373212177082027, "p_value": 5.569759995703893e-237}