{"correlation": 0.07469776297486917, "p_value": 1.4893286460469953e-123}