{"correlation": 0.004782002045058754, "p_value": 0.13071419304945095}