{"correlation": -0.07009407856696942, "p_value": 5.417006658974277e-109}