{"correlation": 0.06892404504658309, "p_value": 1.9316203383834233e-105}