{"correlation": 0.0581049878840802, "p_value": 1.9431597425511063e-75}