{"correlation": 0.08912327521525651, "p_value": 3.1146594108868404e-175}