{"correlation": -0.07918257254632631, "p_value": 1.2326052714233445e-138}