{"correlation": 0.11796530321878344, "p_value": 2.5007525197791813e-306}