{"correlation": 0.07155138356566117, "p_value": 1.6801307418066804e-113}