{"correlation": 0.1197424614904566, "p_value": 1.253529997e-315}