{"correlation": 0.11360904178409398, "p_value": 3.900166919588763e-284}