{"correlation": 0.09417359590965922, "p_value": 1.6678681710815466e-195}