{"correlation": 0.04776216812557531, "p_value": 1.5434447142298116e-51}