{"correlation": 0.07111958115937497, "p_value": 3.723292185003514e-112}