{"correlation": -0.04400258716350163, "p_value": 5.272632262764998e-44}