{"correlation": 0.05807684273368417, "p_value": 2.290224626135234e-75}