{"correlation": 0.10693049244257091, "p_value": 9.02619010223865e-252}