{"correlation": 0.0752840921887767, "p_value": 1.7847007012617215e-125}