{"correlation": -0.0015888038103899665, "p_value": 0.6155838994106724}