{"correlation": 0.11755025340893477, "p_value": 3.5438244795668146e-304}