{"correlation": 0.07096606193517244, "p_value": 1.1151909442300432e-111}