{"correlation": 0.0748974252209599, "p_value": 3.314278741948419e-124}