{"correlation": 0.08685727680227157, "p_value": 1.6626482617474114e-166}