{"correlation": -0.10995171910180286, "p_value": 3.655280732527279e-266}