{"correlation": 0.04066101740330315, "p_value": 7.995594116969806e-38}