{"correlation": -0.0044669308025912565, "p_value": 0.15803354278620052}