{"correlation": 0.003983169376386089, "p_value": 0.208092351078006}