{"correlation": 0.0784064261362233, "p_value": 5.81329000577698e-136}