{"correlation": 0.011438897958429426, "p_value": 0.000300095868695277}