{"correlation": 0.04104131113515917, "p_value": 1.6743610401784792e-38}