{"correlation": 0.11690175448457066, "p_value": 7.859053696209722e-301}