{"correlation": 0.045919594140178426, "p_value": 9.066173457672069e-48}