{"correlation": -0.014027725176575167, "p_value": 9.2724694852715e-06}