{"correlation": -0.01297330662277918, "p_value": 4.127945502998438e-05}