{"correlation": -0.05656230709726278, "p_value": 1.41045391184023e-71}