{"correlation": 0.11826624371512291, "p_value": 6.812129176532253e-308}