{"correlation": 0.0678179751138899, "p_value": 3.878121033221654e-102}