{"correlation": 0.030513666091708493, "p_value": 5.12849529432523e-22}