{"correlation": 0.08711214786880206, "p_value": 1.7804859778990075e-167}