{"correlation": 0.08546145598006022, "p_value": 3.0441962090940287e-161}