{"correlation": 0.07763501037700705, "p_value": 2.4853728813184355e-133}