{"correlation": 0.06726954352489109, "p_value": 1.6080990760810117e-100}