{"correlation": 0.04375513687110262, "p_value": 1.5715915168611816e-43}