{"correlation": 0.02405715541396949, "p_value": 2.8707548822296287e-14}