{"correlation": 0.022210567942297928, "p_value": 2.2155713084698605e-12}