{"correlation": 0.10577110459226956, "p_value": 2.34352112039721e-246}