{"correlation": 0.089581979995423, "p_value": 5.000480093283564e-177}