{"correlation": -0.03685068595049752, "p_value": 2.292292186845172e-31}