{"correlation": 0.05388980968625587, "p_value": 3.907526357196206e-65}