{"correlation": 0.014023932941995191, "p_value": 9.324182701521263e-06}