{"correlation": 0.1070861203956601, "p_value": 1.6754439081886637e-252}