{"correlation": 0.07136066802442653, "p_value": 6.617014562091071e-113}