{"correlation": -0.0034859732739346717, "p_value": 0.27059429159379106}