{"correlation": 0.0405865757648445, "p_value": 1.084002277315912e-37}