{"correlation": 0.08392841959182458, "p_value": 1.459090885294864e-155}