{"correlation": -0.0349115559005641, "p_value": 2.543153192167643e-28}