{"correlation": 0.11172159916528429, "p_value": 8.730019197128562e-275}