{"correlation": 0.06702245868753434, "p_value": 8.527444506176372e-100}