{"correlation": -0.03475253359857038, "p_value": 4.445119392269785e-28}