{"correlation": 0.01760420999235101, "p_value": 2.6367782125561754e-08}