{"correlation": 0.038045090149642635, "p_value": 2.533521568401516e-33}