{"correlation": 0.06932641014731292, "p_value": 1.1779989762757864e-106}