{"correlation": 0.0018854425832518654, "p_value": 0.5512637420451492}