{"correlation": 0.08890901012361248, "p_value": 2.13005672667341e-174}