{"correlation": 0.040083862817446705, "p_value": 8.343854304214192e-37}