{"correlation": 0.07379301493841789, "p_value": 1.2828850145581306e-120}