{"correlation": 0.10632003016955126, "p_value": 6.514605425260427e-249}