{"correlation": -0.06066914825187162, "p_value": 4.3764692397788e-82}