{"correlation": 0.08502278136743377, "p_value": 1.3170132572815927e-159}