{"correlation": 0.10744374634993409, "p_value": 3.462159429993509e-254}