{"correlation": 0.09828535408539799, "p_value": 7.587723723865835e-213}