{"correlation": 0.10765966884064686, "p_value": 3.306386589412571e-255}