{"correlation": 0.039937960823765675, "p_value": 1.5016105031720402e-36}