{"correlation": 0.057518140983136054, "p_value": 5.88103935012816e-74}