{"correlation": 0.08723650851492737, "p_value": 5.9712914823707e-168}