{"correlation": -0.05425562450719025, "p_value": 5.351140213459071e-66}