{"correlation": -0.02762788215441525, "p_value": 2.4787098964177605e-18}