{"correlation": -0.0497166593572953, "p_value": 1.069689139163562e-55}