{"correlation": 0.04126005248773269, "p_value": 6.767899202057077e-39}