{"correlation": 0.06959631320612371, "p_value": 1.7877166658212577e-107}