{"correlation": 0.01914888859424412, "p_value": 1.428052122749114e-09}