{"correlation": -0.009358437878573498, "p_value": 0.003099795213765264}