{"correlation": 0.09304680878169391, "p_value": 6.968968850103562e-191}