{"correlation": 0.004374326238036504, "p_value": 0.16683374851583294}