{"correlation": 0.12008840673539388, "p_value": 1.8671344e-317}