{"correlation": 0.036647582196771236, "p_value": 4.862213099236586e-31}