{"correlation": 0.022193744733958822, "p_value": 2.3015074666518106e-12}