{"correlation": 0.11840345294386956, "p_value": 1.3136595549388873e-308}