{"correlation": 0.08079536586240552, "p_value": 2.819618568691719e-144}