{"correlation": 0.066564432201156, "p_value": 1.8482789152082946e-98}