{"correlation": -0.0098051164124632, "p_value": 0.001942796962091881}