{"correlation": 0.10760479688458521, "p_value": 6.008427566534906e-255}