{"correlation": 0.08663382837497517, "p_value": 1.172389870927711e-165}