{"correlation": 0.04741304435605717, "p_value": 8.202527076981257e-51}