{"correlation": 0.08640620932475902, "p_value": 8.529075390671775e-165}