{"correlation": 0.04317286471413467, "p_value": 2.0042543604879562e-42}