{"correlation": 0.0638179150966808, "p_value": 1.2154044051511458e-90}