{"correlation": 0.10630209269988679, "p_value": 7.899952289328455e-249}