{"correlation": 0.01504767460730262, "p_value": 1.975934997343166e-06}