{"correlation": 0.10618969032253708, "p_value": 2.6425116994614597e-248}