{"correlation": 0.06839243377342204, "p_value": 7.585844610030328e-104}