{"correlation": 0.05575420342918959, "p_value": 1.3499402911049984e-69}