{"correlation": -0.011779510484998016, "p_value": 0.00019696798388093683}