{"correlation": -0.0324844136296491, "p_value": 9.726647332113226e-25}