{"correlation": -0.08555518466073173, "p_value": 1.3576554526736799e-161}