{"correlation": 0.03188563037879309, "p_value": 6.803213822934616e-24}