{"correlation": 0.06747571409011967, "p_value": 3.978562266061547e-101}