{"correlation": -0.10371337269904796, "p_value": 6.779341629043601e-237}