{"correlation": 0.05351810730114355, "p_value": 2.905873616794013e-64}