{"correlation": 0.06330695732465932, "p_value": 3.181944545577469e-89}