{"correlation": 0.11416765222733105, "p_value": 6.209943563556639e-287}