{"correlation": 0.03166862502402972, "p_value": 1.3647242082440566e-23}