{"correlation": 0.10910828040395117, "p_value": 4.189438345641979e-262}