{"correlation": -0.06577535124598895, "p_value": 3.5215924369110256e-96}