{"correlation": 0.028727618052627996, "p_value": 1.0775595766881107e-19}