{"correlation": 0.10023991390353201, "p_value": 2.355396460126734e-221}