{"correlation": 0.01216301785437792, "p_value": 0.00012100118096146728}