{"correlation": 0.09850878207756916, "p_value": 8.244755532480449e-214}