{"correlation": -0.013009060878264908, "p_value": 3.93096342982802e-05}