{"correlation": 0.09265473793110154, "p_value": 2.7404794961321514e-189}