{"correlation": 0.05700868143626951, "p_value": 1.1038478197490429e-72}