{"correlation": -0.0844036180323367, "p_value": 2.5964279047512424e-157}