{"correlation": 0.08098752760565243, "p_value": 5.894673842501837e-145}