{"correlation": 0.03156619609768088, "p_value": 1.892532145863497e-23}