{"correlation": -0.09233886653739488, "p_value": 5.219028920789627e-188}