{"correlation": 0.10329882252870574, "p_value": 5.179841182934528e-235}