{"correlation": 0.09855485375936375, "p_value": 5.213556639487555e-214}