{"correlation": 0.09776504223044327, "p_value": 1.3069474528321948e-210}