{"correlation": 0.10757313974987052, "p_value": 8.479270423073665e-255}