{"correlation": 0.09844064680365927, "p_value": 1.6231898308998605e-213}