{"correlation": 0.07884270223149785, "p_value": 1.8401339102087472e-137}