{"correlation": 0.03567475680336736, "p_value": 1.6837535859440293e-29}