{"correlation": 0.11393136211688742, "p_value": 9.513612710735875e-286}