{"correlation": 0.09768263770102152, "p_value": 2.946462323718801e-210}