{"correlation": 0.08615934092801511, "p_value": 7.294920705115464e-164}