{"correlation": -0.05820240501109606, "p_value": 1.0995475968444774e-75}