{"correlation": -0.11662695322702069, "p_value": 2.0298478943388382e-299}