{"correlation": 0.06324335514763277, "p_value": 4.768659886322446e-89}