{"correlation": 0.09665960136856212, "p_value": 6.715031398523351e-206}