{"correlation": 0.09030944228433901, "p_value": 6.825209921920866e-180}