{"correlation": 0.028562697227726523, "p_value": 1.7376919392248233e-19}