{"correlation": 0.08957134907453893, "p_value": 5.504327973469502e-177}