{"correlation": 0.11053187315343121, "p_value": 5.6525124540022334e-269}