{"correlation": -0.012147668487431946, "p_value": 0.00012341708720652188}