{"correlation": 0.06897884717146903, "p_value": 1.3209530315707556e-105}