{"correlation": 0.11413996899067898, "p_value": 8.552243117455726e-287}