{"correlation": 0.06252097732893729, "p_value": 4.587380606121755e-87}