{"correlation": -0.02911673957306637, "p_value": 3.4526099184574346e-20}