{"correlation": 0.07765515177063027, "p_value": 2.1233987126796376e-133}