{"correlation": 0.05453452632794732, "p_value": 1.1647038652560207e-66}