{"correlation": 0.10931231745125153, "p_value": 4.3965636114712184e-263}