{"correlation": 0.11324351795775603, "p_value": 2.5961284551617405e-282}