{"correlation": 0.1101586569616397, "p_value": 3.6483997261153712e-267}