{"correlation": 0.05972301890040992, "p_value": 1.3407706939865625e-79}