{"correlation": 0.11908300762841008, "p_value": 3.67917929669e-312}