{"correlation": 0.10795435322156312, "p_value": 1.3302141473988797e-256}