{"correlation": 0.09272093145571338, "p_value": 1.4759756111036056e-189}