{"correlation": 0.009525639295621204, "p_value": 0.0026080986063397697}