{"correlation": 0.04770968299147659, "p_value": 1.9855933681305721e-51}