{"correlation": 0.09908691097677927, "p_value": 2.5800150490924156e-216}