{"correlation": -0.05444371757638415, "p_value": 1.915165923353728e-66}