{"correlation": 0.0894168852432576, "p_value": 2.217779629801763e-176}