{"correlation": 0.016752664297290897, "p_value": 1.1914032924277547e-07}