{"correlation": 0.032459343307040235, "p_value": 1.0559465762986251e-24}