{"correlation": -0.058280590046988094, "p_value": 6.957296208915807e-76}