{"correlation": 0.011680329232639985, "p_value": 0.0002229128125304652}