{"correlation": -0.06659866951857045, "p_value": 1.469684276476304e-98}