{"correlation": 0.06874422007426913, "p_value": 6.707043752621635e-105}