{"correlation": 0.09983836657369778, "p_value": 1.3610935599916715e-219}