{"correlation": 0.1078970639539793, "p_value": 2.4860576148512226e-256}