{"correlation": 0.05506293009812744, "p_value": 6.342447955574681e-68}