{"correlation": 0.027252410913382312, "p_value": 7.03506720593366e-18}