{"correlation": -0.08085102529730173, "p_value": 1.7925651810390633e-144}