{"correlation": 0.023303806980994712, "p_value": 1.7604435739535206e-13}