{"correlation": 0.06900779214606086, "p_value": 1.0806063836293836e-105}