{"correlation": 0.09356593607013013, "p_value": 5.262832744603525e-193}