{"correlation": 0.09200437003468717, "p_value": 1.169439995552337e-186}