{"correlation": 0.09524338470030223, "p_value": 6.062114280043998e-200}