{"correlation": 0.02416591429330502, "p_value": 2.1992984172942818e-14}