{"correlation": 0.11434073355554196, "p_value": 8.380988891327408e-288}