{"correlation": -0.03536217084309313, "p_value": 5.155203003075306e-29}