{"correlation": -0.024665543609097305, "p_value": 6.3710429865598925e-15}