{"correlation": 0.014691218815453532, "p_value": 3.4305614252057824e-06}