{"correlation": 0.11306482239592876, "p_value": 2.011286947659562e-281}