{"correlation": 0.09957563752972057, "p_value": 1.9175115795397204e-218}