{"correlation": 0.07694731193105024, "p_value": 5.232536485298013e-131}