{"correlation": -0.10785111685148076, "p_value": 4.104165622288715e-256}