{"correlation": 0.018128991711832923, "p_value": 1.0050312753330365e-08}