{"correlation": 0.11518391180762595, "p_value": 4.642158732895592e-292}