{"correlation": -0.08799273185382443, "p_value": 7.51808705123892e-171}