{"correlation": 0.032163480756136974, "p_value": 2.7710917098931963e-24}