{"correlation": -0.10084699610851997, "p_value": 4.951798947324012e-224}