{"correlation": 0.057465803509120034, "p_value": 7.957934244794729e-74}