{"correlation": 0.08238896356189009, "p_value": 5.805574532921715e-150}