{"correlation": 0.06862450024205939, "p_value": 1.5334112065478772e-104}