{"correlation": 0.050008330568563096, "p_value": 2.4792190635937334e-56}