{"correlation": 0.046947424674038736, "p_value": 7.468401255606572e-50}