{"correlation": 0.08683098682545148, "p_value": 2.0927589352330354e-166}