{"correlation": 0.00087658311508598, "p_value": 0.7817559009543268}