{"correlation": 0.07183855165952735, "p_value": 2.118021801872512e-114}