{"correlation": 0.030668623476121912, "p_value": 3.177032486037431e-22}