{"correlation": -0.011433429939172037, "p_value": 0.0003021042023561061}