{"correlation": 0.1062961780626478, "p_value": 8.418451835701128e-249}