{"correlation": -0.0012091195568609753, "p_value": 0.702368676206733}