{"correlation": 0.10312988373868114, "p_value": 3.016680798895566e-234}