{"correlation": 0.09368558642559108, "p_value": 1.6999854472753188e-193}