{"correlation": 0.0795221628529747, "p_value": 8.178511959025883e-140}