{"correlation": 0.08774208021340679, "p_value": 6.920123668617011e-170}