{"correlation": 0.008639104625670873, "p_value": 0.006327372902750571}