{"correlation": 0.08967339585882478, "p_value": 2.189211707631707e-177}