{"correlation": 0.11071447719990138, "p_value": 7.318910674024627e-270}