{"correlation": 0.08200007595390803, "p_value": 1.4515860566504204e-148}