{"correlation": -0.0018694435003951267, "p_value": 0.554646921001556}