{"correlation": 0.012336378268539273, "p_value": 9.663743452306554e-05}