{"correlation": 0.003081402361742795, "p_value": 0.3301383954962062}