{"correlation": -0.06326394810438939, "p_value": 4.183375188640621e-89}