{"correlation": 0.06350964420020341, "p_value": 8.741370134823248e-90}