{"correlation": 0.0219459570711273, "p_value": 4.018223130473399e-12}