{"correlation": 0.04416051831156965, "p_value": 2.6176751123244413e-44}