{"correlation": -0.11749008819870145, "p_value": 7.2558987954069914e-304}