{"correlation": 0.027220868732922857, "p_value": 7.674522182339395e-18}