{"correlation": 0.09682085505655806, "p_value": 1.3908033429739335e-206}