{"correlation": -0.03458688715833993, "p_value": 7.931125195098865e-28}