{"correlation": 0.06511938936488489, "p_value": 2.638126665664149e-94}