{"correlation": 0.10432793830915175, "p_value": 1.0600247700085873e-239}