{"correlation": 0.03611439101807852, "p_value": 3.432791202830296e-30}