{"correlation": 0.00706222777844246, "p_value": 0.025618716016255018}