{"correlation": 0.02549178533709033, "p_value": 7.779362030233501e-16}