{"correlation": 0.03973940210630132, "p_value": 3.329399098764115e-36}