{"correlation": 0.08768760000744995, "p_value": 1.120150218647938e-169}