{"correlation": 0.0979825590947177, "p_value": 1.523714970962694e-211}