{"correlation": 0.0009306128123678337, "p_value": 0.7686762631941921}