{"correlation": 0.09898807369197092, "p_value": 6.932017474873651e-216}