{"correlation": 0.083519558968732, "p_value": 4.587044090062743e-154}