{"correlation": -0.027079456396958402, "p_value": 1.1321877738857902e-17}