{"correlation": -0.02459775271565934, "p_value": 7.548211064658685e-15}