{"correlation": 0.06260751006451572, "p_value": 2.662000056715549e-87}