{"correlation": 0.04612842928938881, "p_value": 3.448835885932818e-48}