{"correlation": -0.051527444830170015, "p_value": 1.0652426713734133e-59}