{"correlation": 0.08130045503461762, "p_value": 4.5714675312696235e-146}