{"correlation": 0.04772370831596467, "p_value": 1.8563842035164977e-51}