{"correlation": 0.09450820887524924, "p_value": 6.902711638813557e-197}