{"correlation": 0.10797980180392595, "p_value": 1.0074672224089448e-256}