{"correlation": 0.045771962745154916, "p_value": 1.7906665273003392e-47}