{"correlation": -0.10011091249990585, "p_value": 8.68668377244713e-221}