{"correlation": 0.037259637948670384, "p_value": 4.980999367895563e-32}