{"correlation": 0.03567370371521464, "p_value": 1.690140560639149e-29}