{"correlation": -0.003374395470819744, "p_value": 0.286228343633938}