{"correlation": 0.08031880252451047, "p_value": 1.3455261935875177e-142}