{"correlation": -0.04552364211717262, "p_value": 5.59849804903982e-47}