{"correlation": 0.11120485895386793, "p_value": 2.970698818475807e-272}