{"correlation": 0.12007419591834655, "p_value": 2.2198854e-317}