{"correlation": 0.07858774688269782, "p_value": 1.3874083574081506e-136}