{"correlation": 0.04270658031854661, "p_value": 1.5021764909249811e-41}