{"correlation": -0.009076310970017645, "p_value": 0.004124278212995703}