{"correlation": 0.08734897996511362, "p_value": 2.220078050298569e-168}