{"correlation": 0.09135959314449663, "p_value": 4.539018193991715e-184}