{"correlation": 0.06656788969855307, "p_value": 1.8059982486579497e-98}