{"correlation": -0.10351688446709205, "p_value": 5.305308223300998e-236}