{"correlation": 0.07848754583665614, "p_value": 3.0636001521683617e-136}