{"correlation": 0.053251444931208085, "p_value": 1.2153376607122705e-63}