{"correlation": 0.019417976124856226, "p_value": 8.390921590522612e-10}