{"correlation": 0.05380055592694851, "p_value": 6.33413709991287e-65}