{"correlation": 0.03401185861749568, "p_value": 5.79471897278326e-27}