{"correlation": 0.0909361995439994, "p_value": 2.2231826026966545e-182}