{"correlation": 0.051218876184233326, "p_value": 5.2417248709593606e-59}