{"correlation": 0.0010162346394006372, "p_value": 0.7480842886516594}