{"correlation": 0.030957126911670737, "p_value": 1.294393241660408e-22}