{"correlation": -0.011088378623122074, "p_value": 0.0004575856652743043}