{"correlation": 0.06371216165649045, "p_value": 2.39407816742736e-90}