{"correlation": 0.02639072808515639, "p_value": 7.312956504026346e-17}