{"correlation": 0.09012622166908806, "p_value": 3.613180767242825e-179}