{"correlation": 0.11154688110675853, "p_value": 6.286601918341964e-274}