{"correlation": 0.037303047799540155, "p_value": 4.231749305360722e-32}