{"correlation": -0.11326610526206639, "p_value": 2.003708613574032e-282}