{"correlation": -0.004577570784034143, "p_value": 0.14798575465753178}