{"correlation": 0.0458424318266545, "p_value": 1.2943095835192113e-47}