{"correlation": 0.06055693006864833, "p_value": 8.670741920968816e-82}