{"correlation": 0.09640223029798277, "p_value": 8.24151529279905e-205}