{"correlation": -0.005034068421893847, "p_value": 0.11161972365403439}