{"correlation": 0.04096504578752209, "p_value": 2.2936165993565696e-38}