{"correlation": 0.08105964627211076, "p_value": 3.2729143699196434e-145}