{"correlation": 0.04967505510120687, "p_value": 1.3168145668351424e-55}