{"correlation": 0.05604134846893674, "p_value": 2.6895698965736522e-70}