{"correlation": 0.02651772709014529, "p_value": 5.202716243534255e-17}