{"correlation": 0.06712186254008122, "p_value": 4.3618162718415287e-100}