{"correlation": 0.09820595217861013, "p_value": 1.6677779315111857e-212}