{"correlation": 0.033445199534646974, "p_value": 3.9828542642580565e-26}