{"correlation": -0.03389318964138414, "p_value": 8.699555563146119e-27}