{"correlation": 0.1010557461308674, "p_value": 5.89315007270327e-225}