{"correlation": 0.08920656184835533, "p_value": 1.4733191723981207e-175}