{"correlation": 0.077128761331727, "p_value": 1.2815292070124565e-131}