{"correlation": 0.08614505845852155, "p_value": 8.257817871068813e-164}