{"correlation": 0.08403552739354211, "p_value": 5.896277766213204e-156}