{"correlation": -0.03527160163755004, "p_value": 7.116425293964298e-29}