{"correlation": 0.06407415884651649, "p_value": 2.3404890550826893e-91}