{"correlation": -0.05081826944229154, "p_value": 4.0900256699274146e-58}