{"correlation": -0.05191156089364021, "p_value": 1.4460968224137043e-60}