{"correlation": 0.04726296678231778, "p_value": 1.6755997321582208e-50}