{"correlation": 0.09337216513045121, "p_value": 3.270893099171533e-192}