{"correlation": -0.034168748708540315, "p_value": 3.3790797271596735e-27}