{"correlation": 0.0902185625141368, "p_value": 1.5606420741281185e-179}