{"correlation": 0.06661840688166769, "p_value": 1.2877014615018079e-98}