{"correlation": -0.09426791398403161, "p_value": 6.8045096907970795e-196}