{"correlation": 0.08697747690508036, "p_value": 5.801930559404892e-167}