{"correlation": -0.11666350378834035, "p_value": 1.3177756439571215e-299}