{"correlation": 0.04969467594058394, "p_value": 1.1938877193785398e-55}