{"correlation": 0.07774222525461308, "p_value": 1.0747261140220936e-133}