{"correlation": 0.08940454761642681, "p_value": 2.478640425101971e-176}