{"correlation": 0.10310471364716074, "p_value": 3.921287396941618e-234}