{"correlation": 0.10164087294396039, "p_value": 1.475125458003246e-227}