{"correlation": -0.04215792784893259, "p_value": 1.5629166237499094e-40}