{"correlation": 0.10108097588894188, "p_value": 4.555014147928979e-225}