{"correlation": 0.0852411915988537, "p_value": 2.0232710813160034e-160}