{"correlation": -0.0035516344776337157, "p_value": 0.2616726554892604}