{"correlation": 0.004699422275986115, "p_value": 0.13749272294382772}