{"correlation": 0.07618610577611845, "p_value": 1.8452794769995328e-128}