{"correlation": 0.10535797853699469, "p_value": 1.9258137694527602e-244}