{"correlation": 0.10521556009701243, "p_value": 8.768365315883985e-244}