{"correlation": 0.09162060377893042, "p_value": 4.084573989058896e-185}