{"correlation": 0.07638172967482248, "p_value": 4.1100936260160795e-129}