{"correlation": 0.09406001440685897, "p_value": 4.903709127460093e-195}