{"correlation": 0.07410877519470117, "p_value": 1.2242979885038477e-121}