{"correlation": 0.027098783631879488, "p_value": 1.0737162973846908e-17}