{"correlation": 0.06879500143474064, "p_value": 4.720745192905967e-105}