{"correlation": -0.023486031446495546, "p_value": 1.1411181752188702e-13}