{"correlation": -0.0028433112882589357, "p_value": 0.3688714052499781}