{"correlation": 0.10503245189158737, "p_value": 6.137181592989612e-243}