{"correlation": 0.08001971045267335, "p_value": 1.5042715338746808e-141}