{"correlation": 0.03700690419767884, "p_value": 1.2819700346810954e-31}