{"correlation": 0.060422527150571566, "p_value": 1.9632026524783672e-81}