{"correlation": 0.09052140164558084, "p_value": 9.884542403686012e-181}