{"correlation": 0.0306046031194233, "p_value": 3.8731893321361526e-22}