{"correlation": -0.07817660110997836, "p_value": 3.556329769572247e-135}