{"correlation": 0.09382740410431573, "p_value": 4.44550894450504e-194}