{"correlation": 0.09884978348553156, "p_value": 2.75869824901295e-215}