{"correlation": 0.11153048762711092, "p_value": 7.564737056208605e-274}