{"correlation": 0.07737301555154869, "p_value": 1.9185527620108623e-132}