{"correlation": 0.02901251624990945, "p_value": 4.6900651585868724e-20}