{"correlation": 0.08438780067740426, "p_value": 2.970143155438865e-157}