{"correlation": 0.04714481490853179, "p_value": 2.935694700603988e-50}