{"correlation": 0.06522950918977939, "p_value": 1.282098213499175e-94}