{"correlation": 0.002391228053745773, "p_value": 0.44982052572627684}