{"correlation": 0.08408022591973732, "p_value": 4.038401215892372e-156}