{"correlation": 0.10906776368765704, "p_value": 6.551592606233405e-262}