{"correlation": -0.03175130543391585, "p_value": 1.0473559574101437e-23}