{"correlation": -0.09777951508038252, "p_value": 1.1329776752502347e-210}