{"correlation": 0.07081715886471011, "p_value": 3.2244543559211632e-111}