{"correlation": 0.05931627066346839, "p_value": 1.5281740595218168e-78}