{"correlation": 0.10602106139721697, "p_value": 1.6131010534396726e-247}