{"correlation": -0.06298286444309739, "p_value": 2.4898004310032762e-88}