{"correlation": 0.08193299698223241, "p_value": 2.5252625362506426e-148}