{"correlation": -0.008831770522162712, "p_value": 0.0052511663006334355}