{"correlation": 0.05756893267202749, "p_value": 4.384022033794919e-74}