{"correlation": 0.11946524819995523, "p_value": 3.615820355e-314}