{"correlation": 0.04265936039994299, "p_value": 1.8398456540475453e-41}