{"correlation": 0.01533618098016196, "p_value": 1.2530190600898287e-06}