{"correlation": 0.03725657584414408, "p_value": 5.038570675649904e-32}