{"correlation": -0.07991090315684733, "p_value": 3.6120880309720986e-141}