{"correlation": 0.11568040754050356, "p_value": 1.397281939327047e-294}