{"correlation": 0.06410069916513551, "p_value": 1.9726205318025692e-91}