{"correlation": 0.02566964835916795, "p_value": 4.903680328336265e-16}