{"correlation": 0.11247794084648491, "p_value": 1.635095652374332e-278}