{"correlation": 0.05726971285439307, "p_value": 2.4651654229855576e-73}