{"correlation": 0.03271930489852283, "p_value": 4.491190064178345e-25}