{"correlation": 0.11546173541542078, "p_value": 1.8078948732298015e-293}