{"correlation": 0.0757029985329891, "p_value": 7.40488623815075e-127}