{"correlation": 0.10377236393455197, "p_value": 3.6524957827093103e-237}