{"correlation": -0.05723214741340333, "p_value": 3.0600244620524924e-73}