{"correlation": -0.001269398727321376, "p_value": 0.6882910284833452}