{"correlation": -0.047347884537854455, "p_value": 1.118815917907698e-50}