{"correlation": 0.10058992882768117, "p_value": 6.768126629475378e-223}