{"correlation": 0.01993514423164266, "p_value": 2.960343218600851e-10}