{"correlation": -0.07147744821910407, "p_value": 2.85971155307625e-113}