{"correlation": 0.07658926386782199, "p_value": 8.319336464938827e-130}