{"correlation": 0.05422919543481536, "p_value": 6.180507337663405e-66}