{"correlation": 0.11115896243280304, "p_value": 4.9791404982933746e-272}