{"correlation": 0.014790926977555387, "p_value": 2.9436188229562887e-06}