{"correlation": 0.09461735606077062, "p_value": 2.436552125962783e-197}