{"correlation": 0.037897323456330456, "p_value": 4.457855285016006e-33}