{"correlation": 0.07132123214635394, "p_value": 8.781359808836851e-113}