{"correlation": -0.048207937785393846, "p_value": 1.7968237115255502e-52}