{"correlation": 0.03709088451490125, "p_value": 9.370437622158409e-32}