{"correlation": 0.11228404127812677, "p_value": 1.4845378599684922e-277}