{"correlation": 0.048003344434676624, "p_value": 4.833332349494543e-52}