{"correlation": 0.08319657340496683, "p_value": 6.906188634498156e-153}