{"correlation": -0.04303949840526751, "p_value": 3.573687830033381e-42}