{"correlation": 0.06990561250855383, "p_value": 2.0417173664074348e-108}