{"correlation": 0.053998861368149485, "p_value": 2.1632714078335265e-65}