{"correlation": 0.03128747243908103, "p_value": 4.583022256146328e-23}