{"correlation": 0.06338899483798888, "p_value": 1.8871169964411462e-89}