{"correlation": 0.11469129835210673, "p_value": 1.4369779114432464e-289}