{"correlation": 0.039978392334882595, "p_value": 1.2762411447283976e-36}