{"correlation": 0.08080876958855149, "p_value": 2.528311029246777e-144}