{"correlation": -0.05343210322681402, "p_value": 4.613560179018861e-64}