{"correlation": 0.012857300928712258, "p_value": 4.8335537286541955e-05}