{"correlation": 0.03163776391649927, "p_value": 1.5061755329178492e-23}