{"correlation": 0.05659757066838201, "p_value": 1.1541596605367152e-71}