{"correlation": 0.08430072891976242, "p_value": 6.223963214794643e-157}