{"correlation": -0.07719621816735288, "p_value": 7.589532349172157e-132}