{"correlation": 0.10943255325249762, "p_value": 1.1622601053627874e-263}