{"correlation": -0.05685413303932184, "p_value": 2.6728865108691087e-72}