{"correlation": 0.07675811123921775, "p_value": 2.26074091732493e-130}