{"correlation": 0.0568299595657931, "p_value": 3.068740539637108e-72}