{"correlation": 0.09439369478414901, "p_value": 2.0555648625158324e-196}