{"correlation": 0.1058915190321712, "p_value": 6.461533231924383e-247}