{"correlation": -0.0006641442911522759, "p_value": 0.8337509810947541}