{"correlation": 0.09124218081976238, "p_value": 1.3378937131649087e-183}