{"correlation": 0.043755272472379814, "p_value": 1.570653851286034e-43}