{"correlation": -0.02529330791090691, "p_value": 1.2971629497436541e-15}