{"correlation": 0.07328574592689081, "p_value": 5.471592797401177e-119}