{"correlation": 0.11001746170128544, "p_value": 1.7586398753670875e-266}