{"correlation": 0.07909925270063413, "p_value": 2.393923151299594e-138}