{"correlation": 0.09168952148812741, "p_value": 2.160243680074984e-185}