{"correlation": 0.1105456433459185, "p_value": 4.845572183621295e-269}