{"correlation": 0.064391400380071, "p_value": 3.0172107240355563e-92}