{"correlation": 0.08279847707850772, "p_value": 1.9251892576223988e-151}