{"correlation": 0.05161090625087469, "p_value": 6.911260966387817e-60}