{"correlation": 0.08593357992836453, "p_value": 5.165105683133312e-163}