{"correlation": 0.10848251448390557, "p_value": 4.103380824216314e-259}