{"correlation": 0.10289746523695234, "p_value": 3.389912023076588e-233}