{"correlation": 0.07504166751495661, "p_value": 1.116443923281737e-124}