{"correlation": 0.10336632429554035, "p_value": 2.5598129150173358e-235}