{"correlation": 0.07927360179588827, "p_value": 5.963663503028162e-139}