{"correlation": -0.04638795179016238, "p_value": 1.0313358984233299e-48}