{"correlation": 0.11695715661539716, "p_value": 4.07631621698032e-301}