{"correlation": -0.02607656874438458, "p_value": 1.6861314930534173e-16}