{"correlation": 0.09475547410459217, "p_value": 6.5122760929138505e-198}