{"correlation": 0.009285236129181808, "p_value": 0.003340549635730564}