{"correlation": 0.0166777600890952, "p_value": 1.3558456225645077e-07}