{"correlation": 0.024490862748073435, "p_value": 9.852508497097377e-15}