{"correlation": 0.02744311841066364, "p_value": 4.148753453254691e-18}