{"correlation": 0.1026507740921501, "p_value": 4.392621688301663e-232}