{"correlation": 0.04405006844033577, "p_value": 4.27278969031062e-44}