{"correlation": 0.03186122387678363, "p_value": 7.3589939146242e-24}