{"correlation": 0.10106387353630542, "p_value": 5.42396935054816e-225}