{"correlation": 0.07287474470988646, "p_value": 1.1230896014043096e-117}