{"correlation": 0.05426788228074653, "p_value": 5.005096770487877e-66}