{"correlation": -0.04471424498694, "p_value": 2.203467128698765e-45}