{"correlation": 0.05552319079890176, "p_value": 4.913278111202444e-69}