{"correlation": -0.01580366105663219, "p_value": 5.888719352792626e-07}