{"correlation": 0.02542301831097892, "p_value": 9.291151332257712e-16}