{"correlation": -0.004356145692880876, "p_value": 0.16860389115544688}