{"correlation": 0.06288713627499232, "p_value": 4.562383205373418e-88}