{"correlation": 0.05054618035564292, "p_value": 1.635878809991283e-57}