{"correlation": 0.06543905372715407, "p_value": 3.2369813100784385e-95}