{"correlation": -0.03630614628071578, "p_value": 1.7052891983257068e-30}