{"correlation": 0.06148527297174405, "p_value": 2.917851021677516e-84}