{"correlation": 0.030198850595157256, "p_value": 1.346852099072138e-21}