{"correlation": 0.024969521972729097, "p_value": 2.9622020100700397e-15}