{"correlation": 0.09386242234973857, "p_value": 3.191129422105456e-194}