{"correlation": 0.0508985288856914, "p_value": 2.7134885590651222e-58}