{"correlation": 0.053458724016067036, "p_value": 3.998800119998273e-64}