{"correlation": -0.06799519122720638, "p_value": 1.156300921919492e-102}