{"correlation": 0.11705839439459349, "p_value": 1.227254408494687e-301}