{"correlation": -0.09923944091010045, "p_value": 5.602076707524719e-217}