{"correlation": 0.08916011905542792, "p_value": 2.2367975119191325e-175}