{"correlation": -0.028759377564541812, "p_value": 9.825208769403529e-20}