{"correlation": 0.044234410243782385, "p_value": 1.8847676512577446e-44}