{"correlation": 0.07443759678645111, "p_value": 1.0488587595899734e-122}