{"correlation": 0.10140894895877381, "p_value": 1.5915172876282715e-226}