{"correlation": 0.005783670825573059, "p_value": 0.06757039126883947}