{"correlation": 0.0692307258834796, "p_value": 2.2943979227049036e-106}