{"correlation": 0.10031226744323869, "p_value": 1.1319855304077382e-221}