{"correlation": -0.08237516329332818, "p_value": 6.509830528532964e-150}