{"correlation": 0.10190194842343452, "p_value": 1.0072326749363284e-228}