{"correlation": 0.0738419760522924, "p_value": 8.918043274724024e-121}