{"correlation": 0.059953110842710086, "p_value": 3.3598769446140824e-80}