{"correlation": -0.0204711943388036, "p_value": 9.780585901800446e-11}