{"correlation": -0.04765608430818062, "p_value": 2.5673612308351805e-51}