{"correlation": 0.04525555063575656, "p_value": 1.9034286845738375e-46}