{"correlation": 0.10243371758071361, "p_value": 4.162561332642006e-231}