{"correlation": 0.05926461206657732, "p_value": 2.079099099855524e-78}