{"correlation": 0.07700714377255329, "p_value": 3.291580354975247e-131}