{"correlation": 0.09772757335044222, "p_value": 1.8915692486557398e-210}