{"correlation": 0.01630035882371243, "p_value": 2.579486922387808e-07}