{"correlation": 0.024666338229652782, "p_value": 6.358376839081219e-15}