{"correlation": 0.03987812537515983, "p_value": 1.9096163070448973e-36}