{"correlation": 0.0931608750747042, "p_value": 2.3875169939528414e-191}