{"correlation": 0.1089523690718965, "p_value": 2.3389095169566723e-261}