{"correlation": -0.0496568488372474, "p_value": 1.442122994806036e-55}