{"correlation": -0.014202088441727462, "p_value": 7.169550048362454e-06}