{"correlation": 0.06398511786521156, "p_value": 4.1517267435243736e-91}