{"correlation": 0.08111397561523073, "p_value": 2.100329752910671e-145}