{"correlation": -0.07789372951580281, "p_value": 3.2804716428265574e-134}