{"correlation": 0.07352823105138333, "p_value": 9.128260891631285e-120}