{"correlation": 0.11287497906571463, "p_value": 1.76406636637704e-280}