{"correlation": 0.08131917483662962, "p_value": 3.9218629107435856e-146}