{"correlation": 0.09055251019983043, "p_value": 7.440945317462041e-181}