{"correlation": 0.11583723576274818, "p_value": 2.220884132419997e-295}