{"correlation": 0.04536501529113514, "p_value": 1.1558748558714596e-46}