{"correlation": 0.048659047737800526, "p_value": 1.9977045166795894e-53}