{"correlation": 0.02404082535804252, "p_value": 2.987627721659851e-14}