{"correlation": 0.11627383445384293, "p_value": 1.3091603376801707e-297}