{"correlation": 0.1082446324510582, "p_value": 5.565939678217518e-258}