{"correlation": 0.10877429626879055, "p_value": 1.662244270305567e-260}