{"correlation": -0.000615245951944626, "p_value": 0.8458316527293284}