{"correlation": 0.052782744988927266, "p_value": 1.477151729480345e-62}