{"correlation": 0.0327233619961068, "p_value": 4.4314304363177975e-25}