{"correlation": -0.07027316522124832, "p_value": 1.5302230959500418e-109}