{"correlation": 0.08039518596035436, "p_value": 7.252792961583916e-143}