{"correlation": 0.0798202743859451, "p_value": 7.485698260472835e-141}