{"correlation": -0.01737306892538124, "p_value": 3.9983954191432326e-08}