{"correlation": 0.11725445762964062, "p_value": 1.1966645169179894e-302}