{"correlation": 0.06690838981433565, "p_value": 1.838187462795989e-99}