{"correlation": 0.053825802882088734, "p_value": 5.525623111414664e-65}