{"correlation": 0.07593421397872416, "p_value": 1.2687797360410885e-127}