{"correlation": 0.03350047856961636, "p_value": 3.304739001472285e-26}