{"correlation": 0.039537447720053555, "p_value": 7.453090623540071e-36}