{"correlation": -0.04047269585439593, "p_value": 1.7249321149989417e-37}