{"correlation": 0.03528483767084065, "p_value": 6.789247881834007e-29}