{"correlation": 0.09329376530096166, "p_value": 6.842594462450482e-192}