{"correlation": 0.02867724632023922, "p_value": 1.2472445616989168e-19}