{"correlation": 0.017715335304385186, "p_value": 2.154476687273626e-08}