{"correlation": 0.03920566172269795, "p_value": 2.776256307126811e-35}