{"correlation": 0.006897886431890785, "p_value": 0.029257194394094032}