{"correlation": 0.08489335433205838, "p_value": 3.987350652498554e-159}