{"correlation": -0.08845484913287235, "p_value": 1.234527366583618e-172}