{"correlation": 0.09450538932947956, "p_value": 7.090801104970203e-197}