{"correlation": 0.05592510779127494, "p_value": 5.173003589230435e-70}