{"correlation": 0.09666286806474009, "p_value": 6.504402461156779e-206}