{"correlation": -0.0272778076066018, "p_value": 6.558666437715039e-18}