{"correlation": 0.05232249083656604, "p_value": 1.679920098041871e-61}