{"correlation": 0.03233279700665009, "p_value": 1.5970641435201834e-24}