{"correlation": 0.014689712220309646, "p_value": 3.4384806361959317e-06}