{"correlation": 0.08564326838172431, "p_value": 6.351442351276216e-162}