{"correlation": -0.013424594028618788, "p_value": 2.2070801893901996e-05}