{"correlation": 0.11107293369389208, "p_value": 1.310148576719369e-271}