{"correlation": -0.015795167064541153, "p_value": 5.971194050000614e-07}