{"correlation": 0.061705270852598734, "p_value": 7.47288874724948e-85}