{"correlation": 0.08426552855873357, "p_value": 8.39187555882083e-157}