{"correlation": 0.02213761504458373, "p_value": 2.6125542823373047e-12}