{"correlation": 0.09237539016809213, "p_value": 3.7139821902560544e-188}