{"correlation": -0.07308819830164706, "p_value": 2.3431406174263912e-118}