{"correlation": -0.02424548034107635, "p_value": 1.8084682506226728e-14}