{"correlation": 0.0724964174413241, "p_value": 1.785749105205999e-116}