{"correlation": 0.06619804999555129, "p_value": 2.1320064205432196e-97}