{"correlation": 0.10900008859709631, "p_value": 1.3821013491596505e-261}