{"correlation": -0.10112150612502001, "p_value": 3.011180193413857e-225}