{"correlation": 0.06173580632449862, "p_value": 6.183170165671814e-85}