{"correlation": 0.11581848912788795, "p_value": 2.767354193575559e-295}