{"correlation": 0.007855151848201174, "p_value": 0.01304472542993833}