{"correlation": 0.0940382514436858, "p_value": 6.028379663715063e-195}