{"correlation": 0.08622647667667438, "p_value": 4.071914104514285e-164}