{"correlation": 0.03420729831226112, "p_value": 2.958570826636067e-27}