{"correlation": 0.051930722361635186, "p_value": 1.3084784493917095e-60}