{"correlation": -0.016417157479467582, "p_value": 2.117037425811911e-07}