{"correlation": 0.04421410741937634, "p_value": 2.0629023201801555e-44}