{"correlation": 0.07781666533628012, "p_value": 6.000765414074737e-134}