{"correlation": -0.08800309862504176, "p_value": 6.857672574827253e-171}