{"correlation": 0.10977605942155708, "p_value": 2.576067918855729e-265}