{"correlation": -0.031637328458346034, "p_value": 1.5082719238343055e-23}