{"correlation": 0.11066663215532387, "p_value": 1.2508558401939289e-269}