{"correlation": 0.0786009698702743, "p_value": 1.249602096996966e-136}