{"correlation": -0.012320709860925419, "p_value": 9.863283579773591e-05}