{"correlation": 0.042917878483262624, "p_value": 6.046249176581426e-42}