{"correlation": 0.00010680962795022985, "p_value": 0.97307200603572}