{"correlation": 0.025177010345636318, "p_value": 1.747111484132937e-15}