{"correlation": 0.056378968924547995, "p_value": 3.992892359267127e-71}