{"correlation": 0.07910895402224997, "p_value": 2.2159474005486594e-138}