{"correlation": 0.05733165195064561, "p_value": 1.72552424895382e-73}