{"correlation": 0.03723626036655183, "p_value": 5.437620670927462e-32}