{"correlation": 0.08628562189341026, "p_value": 2.4352851517202657e-164}