{"correlation": -0.0923383786933128, "p_value": 5.2427939437400904e-188}