{"correlation": 0.0932133052774226, "p_value": 1.4585272556411963e-191}