{"correlation": 0.020915442943129556, "p_value": 3.823839310368288e-11}