{"correlation": 0.1123656771789997, "p_value": 5.86730493357622e-278}