{"correlation": 0.09209868360439998, "p_value": 4.872256996779276e-187}