{"correlation": -0.03323135212680736, "p_value": 8.175669194222153e-26}