{"correlation": 0.11283608304078617, "p_value": 2.751245651155719e-280}