{"correlation": 0.05329996506280384, "p_value": 9.372558328780136e-64}