{"correlation": 0.06335785060511635, "p_value": 2.3012835785365746e-89}