{"correlation": 0.04430941431722715, "p_value": 1.349616335285604e-44}