{"correlation": 0.003029092444688437, "p_value": 0.3384142195161519}