{"correlation": 0.10257814618508239, "p_value": 9.327057931185335e-232}