{"correlation": 0.07950893251232233, "p_value": 9.092220467242953e-140}