{"correlation": 0.090995408291975, "p_value": 1.2915673689158352e-182}