{"correlation": 0.014667712203901059, "p_value": 3.556136674128317e-06}