{"correlation": -0.08902400142608385, "p_value": 7.595019905733908e-175}