{"correlation": 0.02891964569447315, "p_value": 6.15638693894001e-20}