{"correlation": 0.1118544184131132, "p_value": 1.942258562031094e-275}