{"correlation": 0.10776265211165963, "p_value": 1.0768008459204702e-255}