{"correlation": 0.10247226749381677, "p_value": 2.7929347702758225e-231}