{"correlation": 0.05959989870550577, "p_value": 2.80550014467602e-79}