{"correlation": 0.043266276193139615, "p_value": 1.3352877766052887e-42}