{"correlation": 0.03940213016853012, "p_value": 1.2759754913854664e-35}