{"correlation": -0.02464213232573455, "p_value": 6.755566488230443e-15}