{"correlation": -0.06395937277190762, "p_value": 4.8993309296036536e-91}