{"correlation": 0.02191411732812732, "p_value": 4.314625132647808e-12}