{"correlation": 0.08782996675096323, "p_value": 3.1799424232509122e-170}