{"correlation": -0.09608959578252799, "p_value": 1.7171974399499053e-203}