{"correlation": -0.04582306266461891, "p_value": 1.4151697739629636e-47}