{"correlation": 0.05568606389909792, "p_value": 1.9771797952968148e-69}