{"correlation": 0.09809625634148841, "p_value": 4.945321551743293e-212}