{"correlation": 0.09880079784498201, "p_value": 4.4975762781771596e-215}