{"correlation": 0.023134926715504135, "p_value": 2.623363211465399e-13}