{"correlation": -0.015248895940533488, "p_value": 1.4393709881866388e-06}