{"correlation": 0.11108203892053135, "p_value": 1.1826770898224855e-271}