{"correlation": 0.09737007324756677, "p_value": 6.392299025210573e-209}