{"correlation": 0.08702387969226869, "p_value": 3.862692807486714e-167}