{"correlation": 0.0343671161818307, "p_value": 1.702621966627098e-27}