{"correlation": 0.012056959698481529, "p_value": 0.00013864844225268343}