{"correlation": -0.07920668741519937, "p_value": 1.0170201216481841e-138}