{"correlation": 0.06866079202916539, "p_value": 1.1936017286021886e-104}