{"correlation": -0.020215341460811474, "p_value": 1.66515681817236e-10}