{"correlation": 0.05812348775102253, "p_value": 1.7441276997848304e-75}