{"correlation": 0.07941566571000987, "p_value": 1.9173239732150287e-139}