{"correlation": 0.0551992638545505, "p_value": 2.9796496809938665e-68}