{"correlation": 0.11898352107929179, "p_value": 1.2222909023615e-311}