{"correlation": -0.0311372852371136, "p_value": 7.357613495678768e-23}