{"correlation": 0.04798303840230858, "p_value": 5.330886711575507e-52}