{"correlation": 0.08407049021074492, "p_value": 4.385486797060473e-156}