{"correlation": 0.04267561113517301, "p_value": 1.715877623304622e-41}