{"correlation": 0.06162539496869531, "p_value": 1.2260827208361295e-84}