{"correlation": 0.055109931793208014, "p_value": 4.8891952275716676e-68}