{"correlation": 0.10389962340697337, "p_value": 9.607795575054346e-238}