{"correlation": 0.09802101753510835, "p_value": 1.0415038714364872e-211}