{"correlation": -0.032751840499636274, "p_value": 4.0335592863778826e-25}