{"correlation": 0.09648397408975523, "p_value": 3.7193064754696503e-205}