{"correlation": 0.09578023963240888, "p_value": 3.431767525313161e-202}