{"correlation": 0.0009491330607373464, "p_value": 0.7642077406866424}