{"correlation": 0.009893522483834948, "p_value": 0.0017673102760360734}