{"correlation": 0.022662690088950315, "p_value": 7.88516346811632e-13}