{"correlation": 0.08620728717601159, "p_value": 4.810583524862961e-164}