{"correlation": 0.11523315773412993, "p_value": 2.612902100683122e-292}