{"correlation": 0.0864968964502946, "p_value": 3.870882792418096e-165}