{"correlation": 0.03192331477744101, "p_value": 6.025672924888228e-24}