{"correlation": 0.01738828212068175, "p_value": 3.890938985768856e-08}