{"correlation": 0.08761558451377495, "p_value": 2.116210512926413e-169}