{"correlation": 0.07129976648555011, "p_value": 1.0243056184758316e-112}