{"correlation": 0.028695421652277255, "p_value": 1.1831727120591947e-19}