{"correlation": 0.0413361428434972, "p_value": 4.9331346088355655e-39}