{"correlation": 0.004170507342449786, "p_value": 0.18749209292583147}