{"correlation": 0.1181904402199226, "p_value": 1.6897439923519976e-307}