{"correlation": 0.08291042546182964, "p_value": 7.564290622656951e-152}