{"correlation": 0.023452563499984116, "p_value": 1.236002160789343e-13}