{"correlation": 0.06434103467143315, "p_value": 4.179749692100354e-92}