{"correlation": 0.09876091150602793, "p_value": 6.694881250834186e-215}