{"correlation": 0.07897115392066482, "p_value": 6.633361413137665e-138}