{"correlation": 0.11530426130642862, "p_value": 1.1390702697570405e-292}