{"correlation": 0.10588274530871712, "p_value": 7.097847294599253e-247}