{"correlation": 0.08370181912955854, "p_value": 9.883693108860003e-155}