{"correlation": 0.08092304591171857, "p_value": 9.970837855770222e-145}