{"correlation": -0.033123000333809605, "p_value": 1.1749525744979225e-25}