{"correlation": 0.09447225725045476, "p_value": 9.724488777491348e-197}