{"correlation": 0.06398500381700263, "p_value": 4.154773672562599e-91}