{"correlation": -0.08465094953586465, "p_value": 3.1603439957956233e-158}