{"correlation": 0.020714185854250066, "p_value": 5.865623594069736e-11}