{"correlation": 0.05046603507720056, "p_value": 2.4573450950734642e-57}