{"correlation": -0.07014959057158551, "p_value": 3.66212807440421e-109}