{"correlation": 0.046005634968017295, "p_value": 6.09136271054071e-48}