{"correlation": 0.08593256850570472, "p_value": 5.2105365360863653e-163}