{"correlation": 0.01926171305547108, "p_value": 1.143643105844788e-09}