{"correlation": 0.0746667765196655, "p_value": 1.8798070060131565e-123}