{"correlation": -0.07911833731670062, "p_value": 2.0563857902331304e-138}