{"correlation": 0.08393966098115099, "p_value": 1.3268026603624376e-155}