{"correlation": 0.03198422050257437, "p_value": 4.950946879826868e-24}