{"correlation": -0.006944156462831705, "p_value": 0.028190357478551212}