{"correlation": 0.10233135940967902, "p_value": 1.2000127652490513e-230}