{"correlation": 0.08036908789926432, "p_value": 8.95848285085376e-143}