{"correlation": -0.035369668948420446, "p_value": 5.0192420006672886e-29}