{"correlation": -0.03340705101671719, "p_value": 4.529557621685926e-26}