{"correlation": -0.005627154404763695, "p_value": 0.07533897167354127}