{"correlation": 0.09155971154705542, "p_value": 7.168032145593208e-185}