{"correlation": 0.10030835488088473, "p_value": 1.1777550327090388e-221}