{"correlation": 0.09665475082860517, "p_value": 7.040417102635027e-206}