{"correlation": 0.108272527749787, "p_value": 4.100900207162107e-258}