{"correlation": 0.11134348517616578, "p_value": 6.234742848702515e-273}