{"correlation": 0.07335223027109727, "p_value": 3.350696659438418e-119}