{"correlation": 0.044924814472460564, "p_value": 8.528783941230696e-46}