{"correlation": 0.11861031189320159, "p_value": 1.094533781699743e-309}