{"correlation": 0.10483356530863136, "p_value": 5.059821897463271e-242}