{"correlation": 0.05400923633805654, "p_value": 2.044812035451578e-65}