{"correlation": -0.0520533864746056, "p_value": 6.89224698125443e-61}