{"correlation": 0.09198048309958441, "p_value": 1.4595571438868408e-186}