{"correlation": 0.03042820383439031, "p_value": 6.671853189900072e-22}