{"correlation": 0.06053097649820556, "p_value": 1.0154339692423581e-81}