{"correlation": 0.05218068579309157, "p_value": 3.537866830454428e-61}