{"correlation": 0.08350859182926303, "p_value": 5.0303497750393724e-154}