{"correlation": 0.017439819903310467, "p_value": 3.5473237214343754e-08}