{"correlation": 0.03395267508573657, "p_value": 7.097677048702869e-27}