{"correlation": -0.013555464081127486, "p_value": 1.833929101240825e-05}