{"correlation": -0.019892332171485554, "p_value": 3.2301985075969957e-10}