{"correlation": 0.09326661748610643, "p_value": 8.833986273162538e-192}