{"correlation": 0.11494030090991564, "p_value": 7.940035391473532e-291}