{"correlation": -0.059093275498377874, "p_value": 5.760922387597465e-78}