{"correlation": 0.10377745687676587, "p_value": 3.462528275045238e-237}