{"correlation": 0.10782654099637662, "p_value": 5.365807798355515e-256}