{"correlation": -0.006021887284630598, "p_value": 0.057021234792110624}