{"correlation": 0.07674743317175531, "p_value": 2.455116697509933e-130}