{"correlation": 0.0966511881413806, "p_value": 7.289400321407209e-206}