{"correlation": 0.09983690054323414, "p_value": 1.3813607876559415e-219}