{"correlation": 0.04492945516441278, "p_value": 8.351810204413169e-46}