{"correlation": 0.11435741913272768, "p_value": 6.908332108237303e-288}