{"correlation": 0.1120502600320904, "p_value": 2.110776470019195e-276}