{"correlation": 0.10655879966488553, "p_value": 4.987482909459492e-250}