{"correlation": -0.04206836814404692, "p_value": 2.2842414918522394e-40}