{"correlation": 0.055324714414528624, "p_value": 1.484389101933515e-68}