{"correlation": 0.026611961105412803, "p_value": 4.0370847756981016e-17}