{"correlation": 0.1153506719424471, "p_value": 6.623308410597253e-293}