{"correlation": 0.1175347313285463, "p_value": 4.263630413800775e-304}