{"correlation": 0.06732814096649506, "p_value": 1.0816817639372439e-100}