{"correlation": 0.02964176312690786, "p_value": 7.259365719018983e-21}