{"correlation": 0.05102655461705089, "p_value": 1.4082993670820504e-58}