{"correlation": 0.09843383022804131, "p_value": 1.736961653142396e-213}