{"correlation": 0.027931417580419917, "p_value": 1.0557351532589774e-18}