{"correlation": 0.11377536606486306, "p_value": 5.747251249286764e-285}