{"correlation": 0.06304660733540501, "p_value": 1.6626429968651016e-88}