{"correlation": 0.03527721347046308, "p_value": 6.975840473863021e-29}