{"correlation": 0.09189017133273346, "p_value": 3.371849935709718e-186}