{"correlation": -0.038609839420823897, "p_value": 2.8649537790604736e-34}