{"correlation": 0.03753774905350101, "p_value": 1.7471768498248567e-32}