{"correlation": 0.034740938804704, "p_value": 4.629380795518509e-28}