{"correlation": 0.1065273729545209, "p_value": 6.997061797565668e-250}