{"correlation": 0.10278021279633326, "p_value": 1.1463483031832355e-232}