{"correlation": -0.018368552054021478, "p_value": 6.413357162281972e-09}