{"correlation": -0.010461501941212677, "p_value": 0.0009453765512954112}