{"correlation": 0.1132406949527719, "p_value": 2.6815381553910184e-282}