{"correlation": 0.04938934137301202, "p_value": 5.462489842930218e-55}