{"correlation": 0.06855931498573327, "p_value": 2.403988512643243e-104}