{"correlation": -0.010156391651169988, "p_value": 0.00132797741325895}