{"correlation": 0.09417267896286032, "p_value": 1.6824614707676173e-195}