{"correlation": 0.11683950237107829, "p_value": 1.642697633023723e-300}