{"correlation": 0.1144942464390703, "p_value": 1.4148513291371187e-288}