{"correlation": -0.10286306199863976, "p_value": 4.847352247731725e-233}