{"correlation": -0.04242293768818787, "p_value": 5.06094408876896e-41}