{"correlation": 0.03471430340494286, "p_value": 5.081852714904551e-28}