{"correlation": 0.07105155112671332, "p_value": 6.055850594304785e-112}