{"correlation": 0.04687564674546188, "p_value": 1.0477740112912875e-49}