{"correlation": 0.1022085653250469, "p_value": 4.267734907938125e-230}