{"correlation": 0.05870206373620974, "p_value": 5.838571688330246e-77}