{"correlation": 0.09148647418441218, "p_value": 1.4091399718129675e-184}