{"correlation": -0.07960606514604872, "p_value": 4.176434348657874e-140}