{"correlation": 0.09653573010606686, "p_value": 2.2466034260417627e-205}