{"correlation": 0.04107180395588935, "p_value": 1.4761610321850123e-38}