{"correlation": 0.07543045282903336, "p_value": 5.8826636703423514e-126}