{"correlation": 0.07983389616133511, "p_value": 6.709474160717951e-141}