{"correlation": 0.034932297174971025, "p_value": 2.3640752937865752e-28}