{"correlation": 0.11537244715314192, "p_value": 5.135227760912528e-293}