{"correlation": -0.09290341048166598, "p_value": 2.6742434422531415e-190}