{"correlation": -0.018474184446726376, "p_value": 5.251563435383204e-09}