{"correlation": -0.02031027044929492, "p_value": 1.3678500671850733e-10}