{"correlation": 0.11205287312970552, "p_value": 2.049131407622013e-276}