{"correlation": -0.09703771621220016, "p_value": 1.6666998167167813e-207}