{"correlation": -0.04287676535667203, "p_value": 7.220050946605648e-42}