{"correlation": 0.09205968096613965, "p_value": 6.998848763064707e-187}