{"correlation": 0.10313840034066687, "p_value": 2.7604745206007995e-234}