{"correlation": -0.010661875811665774, "p_value": 0.0007526970265098431}