{"correlation": 0.020288519748213142, "p_value": 1.4310127293387653e-10}