{"correlation": 0.02114821953715745, "p_value": 2.3197129299457355e-11}