{"correlation": 0.05399840699367706, "p_value": 2.1686128685567055e-65}