{"correlation": 0.10584849750251081, "p_value": 1.0240463178248041e-246}