{"correlation": 0.02571289341706324, "p_value": 4.381141992284502e-16}