{"correlation": 0.11191899220324558, "p_value": 9.34733715763344e-276}