{"correlation": 0.025772868645859634, "p_value": 3.746178597702956e-16}