{"correlation": 0.05981335327849337, "p_value": 7.792287514815599e-80}