{"correlation": -0.0964433600881591, "p_value": 5.523083019840823e-205}