{"correlation": -0.0973328658656376, "p_value": 9.213943585200658e-209}