{"correlation": 0.05815545164657272, "p_value": 1.4469630503165677e-75}