{"correlation": -0.01311834600891459, "p_value": 3.3827073258078674e-05}