{"correlation": 0.07769593002969744, "p_value": 1.5437434566371334e-133}