{"correlation": -0.027060642073045257, "p_value": 1.1921223440265623e-17}