{"correlation": 0.11704396752011574, "p_value": 1.4563152733214595e-301}