{"correlation": -0.07103115692232718, "p_value": 7.005900342351888e-112}