{"correlation": 0.05467137665425585, "p_value": 5.495839586335534e-67}