{"correlation": 0.010441237466248131, "p_value": 0.0009672180799021258}