{"correlation": 0.11664350265007829, "p_value": 1.6692414628233255e-299}