{"correlation": 0.004924153027709136, "p_value": 0.11965647966031656}