{"correlation": 0.05020121892091073, "p_value": 9.383814344109404e-57}