{"correlation": 0.0812167162505191, "p_value": 9.07029910387799e-146}