{"correlation": -0.05216551843283292, "p_value": 3.830768242977783e-61}