{"correlation": 0.07570595980438555, "p_value": 7.239709003475898e-127}