{"correlation": 0.10604194560229561, "p_value": 1.289528420418877e-247}