{"correlation": 0.08215695250722606, "p_value": 3.969150074736636e-149}