{"correlation": 0.042248710326425305, "p_value": 1.062978390274774e-40}