{"correlation": 0.11975347539891279, "p_value": 1.09661215e-315}