{"correlation": -0.018559653342398223, "p_value": 4.463897433287515e-09}