{"correlation": -0.0062067009722331645, "p_value": 0.04981404156463763}