{"correlation": -0.04414817205637483, "p_value": 2.765213524770705e-44}