{"correlation": 0.05268028064984516, "p_value": 2.54264800075978e-62}