{"correlation": 0.0645997433640367, "p_value": 7.814670593256575e-93}