{"correlation": -0.1046473286322115, "p_value": 3.6343234448418214e-241}