{"correlation": 0.01980593524469781, "p_value": 3.8499081638098645e-10}