{"correlation": 0.11832939543823556, "p_value": 3.1944474891568117e-308}