{"correlation": -0.015339661993900112, "p_value": 1.2460905999210436e-06}