{"correlation": 0.05435100908738009, "p_value": 3.179397243513471e-66}