{"correlation": 0.0932346417493937, "p_value": 1.1933813735528593e-191}