{"correlation": 0.036557673372921484, "p_value": 6.773699013897511e-31}