{"correlation": -0.009689584362756692, "p_value": 0.0021962450013494335}