{"correlation": 0.08297534730241758, "p_value": 4.397796164122411e-152}