{"correlation": -0.07632416536753604, "p_value": 6.39655784784943e-129}