{"correlation": 0.08050344287271975, "p_value": 3.0177543305438056e-143}