{"correlation": 0.08932983799588526, "p_value": 4.858665518537347e-176}