{"correlation": -0.07531096639394602, "p_value": 1.4559103096046573e-125}