{"correlation": 0.0879295893527636, "p_value": 1.3158790371150831e-170}