{"correlation": -0.03619650515122374, "p_value": 2.5452270248740387e-30}