{"correlation": 0.07641654025337508, "p_value": 3.1449694613394484e-129}