{"correlation": 0.047544398767139416, "p_value": 4.381508515475189e-51}