{"correlation": 0.05769994037788749, "p_value": 2.0524858640888008e-74}