{"correlation": -0.004758565510544014, "p_value": 0.132611078726019}