{"correlation": -0.05024504370612531, "p_value": 7.521225881735239e-57}