{"correlation": 0.09133908410573857, "p_value": 5.482884583464342e-184}