{"correlation": 0.1029142790148981, "p_value": 2.846177804262566e-233}