{"correlation": 0.11860625325457906, "p_value": 1.14927267469845e-309}