{"correlation": 0.11905089516085518, "p_value": 5.42133255969e-312}