{"correlation": -0.11011361079388188, "p_value": 6.027318373422633e-267}