{"correlation": 0.10319922764263317, "p_value": 1.464160717783536e-234}