{"correlation": 0.10488888710860934, "p_value": 2.814975273723677e-242}