{"correlation": 0.08883580450415299, "p_value": 4.103959512795596e-174}