{"correlation": 0.05415770699971119, "p_value": 9.12303170573896e-66}