{"correlation": 0.08184010547608549, "p_value": 5.432182068525177e-148}