{"correlation": 0.051287284718073554, "p_value": 3.684787977069791e-59}