{"correlation": 0.1090376706713469, "p_value": 9.131263427655562e-262}