{"correlation": 0.07601098035804216, "p_value": 7.055049678088049e-128}