{"correlation": 0.07941527110878885, "p_value": 1.923382241988503e-139}