{"correlation": 0.1007502021780488, "p_value": 1.3265952750579333e-223}