{"correlation": -0.11178372576810444, "p_value": 4.3232248102656105e-275}