{"correlation": 0.10149713411970776, "p_value": 6.446450059524268e-227}