{"correlation": 0.015636436916099554, "p_value": 7.733600368125355e-07}