{"correlation": 0.056872808977542474, "p_value": 2.402281945838539e-72}