{"correlation": 0.06958496893713093, "p_value": 1.9354410543035512e-107}