{"correlation": -0.005136032775487528, "p_value": 0.1045509531938216}