{"correlation": 0.10653128864182605, "p_value": 6.708076869360852e-250}