{"correlation": 0.10603949852539729, "p_value": 1.3238073644091753e-247}