{"correlation": 0.006643289306421085, "p_value": 0.03576940639385357}