{"correlation": 0.040751992074261535, "p_value": 5.50793666406717e-38}