{"correlation": 0.07816096379040904, "p_value": 4.0219471295078537e-135}