{"correlation": 0.11989701765421838, "p_value": 1.91682777e-316}