{"correlation": 0.11750860619468882, "p_value": 5.819958055417543e-304}