{"correlation": 0.01602620173706134, "p_value": 4.080242102376937e-07}