{"correlation": 0.02189076797107886, "p_value": 4.545507939916522e-12}