{"correlation": 0.038505151918309034, "p_value": 4.3016237349372185e-34}