{"correlation": 0.015593670045312103, "p_value": 8.288263802757522e-07}