{"correlation": 0.11836080054481526, "p_value": 2.1916658319837705e-308}