{"correlation": 0.08079184321077483, "p_value": 2.901588060636778e-144}