{"correlation": 0.11740946954711534, "p_value": 1.8943235476413807e-303}