{"correlation": 0.06707918583610384, "p_value": 5.81727413307835e-100}