{"correlation": 0.10025024464850608, "p_value": 2.121494734519971e-221}