{"correlation": 0.10575849757670247, "p_value": 2.6817153308518675e-246}