{"correlation": 0.016711470371826194, "p_value": 1.2792893841482332e-07}