{"correlation": 0.07327901801733708, "p_value": 5.749835125764851e-119}