{"correlation": 0.008983702907030993, "p_value": 0.004522294206881854}