{"correlation": 0.0140580323792454, "p_value": 8.868915505786172e-06}