{"correlation": 0.06252054174593252, "p_value": 4.599956263556267e-87}