{"correlation": 0.020186355498557816, "p_value": 1.7679103687877072e-10}