{"correlation": 0.018932775207303566, "p_value": 2.1776711451752957e-09}