{"correlation": 0.10598322581279275, "p_value": 2.4197083400744766e-247}