{"correlation": -0.011138654949772713, "p_value": 0.00043102532112765867}