{"correlation": 0.059580867512779495, "p_value": 3.144243937988396e-79}