{"correlation": 0.0780565067098227, "p_value": 9.143243724648348e-135}