{"correlation": 0.09204979185764485, "p_value": 7.671818681970433e-187}