{"correlation": -0.07226978463361108, "p_value": 9.300241598921294e-116}