{"correlation": -0.023945154517867797, "p_value": 3.7724943039512265e-14}