{"correlation": 0.03371677012681754, "p_value": 1.5875049992827358e-26}