{"correlation": 0.07127593523373464, "p_value": 1.2151857678681796e-112}