{"correlation": 0.040593147233961964, "p_value": 1.0552891688756982e-37}