{"correlation": 0.11532415345553856, "p_value": 9.028899248594746e-293}