{"correlation": 0.025355128646255477, "p_value": 1.1066552132510394e-15}