{"correlation": 0.0025599988443321346, "p_value": 0.41848518201364693}