{"correlation": 0.06567454076593127, "p_value": 6.8557369647027985e-96}