{"correlation": 0.088759187894646, "p_value": 8.147625484569772e-174}