{"correlation": 0.04637890415109987, "p_value": 1.0757885012588423e-48}