{"correlation": 0.10134416901524532, "p_value": 3.089653010860459e-226}