{"correlation": 0.07461664587729148, "p_value": 2.739192407926397e-123}