{"correlation": 0.10292801003433268, "p_value": 2.4674430393530363e-233}