{"correlation": 0.05840890694195563, "p_value": 3.2781997969817883e-76}