{"correlation": 0.02627042088567686, "p_value": 1.0081533554060666e-16}