{"correlation": 0.00583013081474204, "p_value": 0.06539553727304809}