{"correlation": 0.07802262080613466, "p_value": 1.1931602701324928e-134}