{"correlation": 0.03649941101646339, "p_value": 8.393600828446531e-31}