{"correlation": 0.11257758008018516, "p_value": 5.254994291301944e-279}