{"correlation": -0.016153697733169565, "p_value": 3.2996177219715835e-07}