{"correlation": -0.029331669344338264, "p_value": 1.829508999473961e-20}