{"correlation": -0.01897741560741316, "p_value": 1.9966537217330325e-09}