{"correlation": 0.03480521980026572, "p_value": 3.6953649766724887e-28}