{"correlation": 0.03860862788323376, "p_value": 2.878479367057095e-34}