{"correlation": -0.04912637763376305, "p_value": 2.0087194470112309e-54}