{"correlation": 0.035834132858279306, "p_value": 9.481486697421905e-30}