{"correlation": 0.04560517817067318, "p_value": 3.853142631406028e-47}