{"correlation": 0.06877134173311691, "p_value": 5.560143298730507e-105}