{"correlation": 0.08884291881414594, "p_value": 3.85065620950964e-174}