{"correlation": 0.09822270482117432, "p_value": 1.412534263755366e-212}