{"correlation": 0.04018548709574436, "p_value": 5.534461346232557e-37}