{"correlation": 0.11010294298284153, "p_value": 6.78801148626533e-267}