{"correlation": 0.10442002134915798, "p_value": 4.012761268264929e-240}