{"correlation": 0.11860238209979675, "p_value": 1.20402989699602e-309}