{"correlation": 0.07967634720143922, "p_value": 2.377268330132825e-140}