{"correlation": 0.015144316706854424, "p_value": 1.697845433862801e-06}