{"correlation": 0.0615672372903067, "p_value": 1.757553293276209e-84}