{"correlation": 0.055635578072757666, "p_value": 2.622461085345165e-69}