{"correlation": 0.059398196607235554, "p_value": 9.373321967510973e-79}