{"correlation": -0.0019729215658239045, "p_value": 0.5329467683211248}