{"correlation": 0.06354587136134349, "p_value": 6.935849087966782e-90}