{"correlation": 0.024073955315015615, "p_value": 2.7552132302554427e-14}