{"correlation": 0.11246099772737754, "p_value": 1.983013927466894e-278}