{"correlation": 0.1165308018773325, "p_value": 6.320352598867528e-299}