{"correlation": 0.04131738358133418, "p_value": 5.3333949510699866e-39}