{"correlation": 0.0755584361033409, "p_value": 2.224996033809755e-126}