{"correlation": -0.09509338277227365, "p_value": 2.559711896182445e-199}