{"correlation": 0.10202422965597631, "p_value": 2.8582323096639404e-229}