{"correlation": 0.10092567498385796, "p_value": 2.2211354777787293e-224}