{"correlation": 0.10524857905840064, "p_value": 6.171279053264943e-244}