{"correlation": 0.06831815077383847, "p_value": 1.264037483509815e-103}