{"correlation": 0.11858677016964018, "p_value": 1.4526197326829e-309}