{"correlation": 0.09552744984919102, "p_value": 3.937454642437553e-201}