{"correlation": 0.09537945143007746, "p_value": 1.6379694380473457e-200}