{"correlation": 0.10335138823903543, "p_value": 2.991975889058821e-235}