{"correlation": -0.11364125864281485, "p_value": 2.692129424662857e-284}