{"correlation": 0.025221201132159306, "p_value": 1.5604415184785359e-15}