{"correlation": 0.11542446320379147, "p_value": 2.7956137006937424e-293}