{"correlation": 0.06737930434452029, "p_value": 7.649114196641434e-101}