{"correlation": 0.05556500242180476, "p_value": 3.890422217225296e-69}