{"correlation": -0.05267952843740795, "p_value": 2.552795678399852e-62}