{"correlation": 0.11691552951235139, "p_value": 6.6756899912096566e-301}