{"correlation": -0.015771944580562903, "p_value": 6.202402057961143e-07}