{"correlation": 0.09500071873365533, "p_value": 6.22495094983597e-199}