{"correlation": -0.025382381289972552, "p_value": 1.0316934655248384e-15}