{"correlation": 0.028253578268491363, "p_value": 4.22483342769559e-19}