{"correlation": 0.02447253621993425, "p_value": 1.0311817520208996e-14}