{"correlation": -0.04338402052172917, "p_value": 7.99305067250392e-43}