{"correlation": 0.09970501107792717, "p_value": 5.2167999878539884e-219}