{"correlation": 0.10152119893710466, "p_value": 5.036787083278646e-227}