{"correlation": 0.0363507939717152, "p_value": 1.4481800561825363e-30}