{"correlation": 0.10362152314154038, "p_value": 1.7745373236493608e-236}