{"correlation": 0.08004826154666729, "p_value": 1.195127044106469e-141}