{"correlation": 0.1059199206189636, "p_value": 4.76723293831805e-247}