{"correlation": -0.039908035194332205, "p_value": 1.6934987690026852e-36}