{"correlation": 0.11444869111907516, "p_value": 2.3993189424874483e-288}