{"correlation": 0.020607110327023538, "p_value": 7.353117461968844e-11}