{"correlation": 0.07449110874596249, "p_value": 7.024200384950266e-123}