{"correlation": 0.10331810350263071, "p_value": 4.235469342987345e-235}