{"correlation": 0.08807991624994824, "p_value": 3.4685108285004335e-171}