{"correlation": 0.037719412816049326, "p_value": 8.776771163688617e-33}