{"correlation": 0.09190165641736613, "p_value": 3.03139685901964e-186}