{"correlation": -0.020947503519305473, "p_value": 3.570589533953362e-11}