{"correlation": 0.0055268554103001695, "p_value": 0.08069001510552912}