{"correlation": -0.0824964685267612, "p_value": 2.377935799425255e-150}