{"correlation": 0.09433719562199572, "p_value": 3.5199414162673617e-196}