{"correlation": 0.08068530338683903, "p_value": 6.898869324838371e-144}