{"correlation": 0.09840564940033712, "p_value": 2.2982595232530692e-213}