{"correlation": 0.09748298162480142, "p_value": 2.1058364437915854e-209}