{"correlation": 0.06008703531073983, "p_value": 1.4977134931617113e-80}