{"correlation": 0.046106508607974536, "p_value": 3.817872059014353e-48}