{"correlation": -0.034534855881358364, "p_value": 9.507662002758852e-28}