{"correlation": 0.05078082295461107, "p_value": 4.951896488896473e-58}