{"correlation": 0.05943708759523664, "p_value": 7.430532288490943e-79}