{"correlation": 0.10527606871641183, "p_value": 4.606161447119182e-244}