{"correlation": 0.028033931945021396, "p_value": 7.897190922000055e-19}