{"correlation": 0.06764201738260357, "p_value": 1.2855126535427149e-101}