{"correlation": 0.030980898632377386, "p_value": 1.2016426744726789e-22}