{"correlation": 0.01649625294456318, "p_value": 1.8505293747320273e-07}