{"correlation": 0.01911712322423496, "p_value": 1.5198575080574489e-09}