{"correlation": -0.09726364841081324, "p_value": 1.8183518398894637e-208}