{"correlation": 0.005643404256448607, "p_value": 0.07449993127376192}