{"correlation": 0.005799797059757879, "p_value": 0.066808853917324}