{"correlation": 0.07278000170599296, "p_value": 2.2483748946755165e-117}