{"correlation": 0.08392773830295594, "p_value": 1.4675189360669967e-155}