{"correlation": 0.09327187472697142, "p_value": 8.407681800536432e-192}