{"correlation": 0.05755815730929716, "p_value": 4.666038247107646e-74}