{"correlation": 0.049453730968672976, "p_value": 3.966943363701963e-55}