{"correlation": -0.04680794556526067, "p_value": 1.441288658685418e-49}