{"correlation": 0.03361827571382807, "p_value": 2.2180323245204922e-26}