{"correlation": 0.0961715717046572, "p_value": 7.7523852542364e-204}