{"correlation": 0.06657362320847758, "p_value": 1.738001380340888e-98}