{"correlation": -0.009116355046931673, "p_value": 0.00396223763206168}