{"correlation": 0.09781017205897437, "p_value": 8.371083750656944e-211}