{"correlation": 0.11792815903727938, "p_value": 3.898737135567063e-306}