{"correlation": 0.06266524665613434, "p_value": 1.8506453228483728e-87}