{"correlation": 0.09211339999646008, "p_value": 4.249735204403194e-187}