{"correlation": 0.08829226259761605, "p_value": 5.25361232045083e-172}