{"correlation": 0.01871069174705942, "p_value": 3.3438030657802835e-09}