{"correlation": 0.11664135532329711, "p_value": 1.7121491317456214e-299}