{"correlation": 0.08072267613159761, "p_value": 5.0920114016925794e-144}