{"correlation": 0.11021435177255895, "p_value": 1.960719931520322e-267}