{"correlation": 0.07572026343218201, "p_value": 6.492209607060309e-127}