{"correlation": -0.0424022203663756, "p_value": 5.528715778273176e-41}