{"correlation": 0.026846245418127156, "p_value": 2.1405809700308105e-17}