{"correlation": -0.007761092187998874, "p_value": 0.014174189272325687}