{"correlation": 0.06596117099409957, "p_value": 1.0287008389279304e-96}