{"correlation": -0.0001422476230558134, "p_value": 0.9641429279491792}