{"correlation": 0.1044843553095271, "p_value": 2.0345856931730112e-240}