{"correlation": 0.08235221523620785, "p_value": 7.874743225214459e-150}