{"correlation": 0.10968735645512066, "p_value": 6.897057833244841e-265}