{"correlation": -0.015898229280500158, "p_value": 5.041571923997745e-07}