{"correlation": -0.10681257386314492, "p_value": 3.2280493454090455e-251}