{"correlation": 0.08219234015728934, "p_value": 2.9615213352668686e-149}