{"correlation": -0.0616526690750261, "p_value": 1.0354459513528301e-84}