{"correlation": 0.08224173330258831, "p_value": 1.9674519400377752e-149}