{"correlation": 0.07772308739220161, "p_value": 1.2483194193401994e-133}