{"correlation": 0.11149822596885128, "p_value": 1.0887764122576925e-273}