{"correlation": 0.031149224559628864, "p_value": 7.086459097821082e-23}