{"correlation": 0.11662672607191264, "p_value": 2.0353042697214355e-299}