{"correlation": 0.0651683094879197, "p_value": 1.9149014949616943e-94}