{"correlation": 0.011904511610627085, "p_value": 0.00016830220671441523}