{"correlation": 0.0619710581993542, "p_value": 1.4320583266813448e-85}