{"correlation": 0.1139456411225201, "p_value": 8.068481528722188e-286}