{"correlation": 0.08725722274870851, "p_value": 4.977040090021763e-168}