{"correlation": 0.0883863448430007, "p_value": 2.273258481179697e-172}