{"correlation": 0.08851850332111763, "p_value": 6.997429643134537e-173}