{"correlation": 0.07823614221689439, "p_value": 2.225590223588506e-135}