{"correlation": -0.016147143422869385, "p_value": 3.3359631836194306e-07}