{"correlation": 0.05104325616630751, "p_value": 1.2926607477603469e-58}