{"correlation": 0.017107795401924277, "p_value": 6.406481224000275e-08}