{"correlation": 0.0672226250280754, "p_value": 2.2084826200901428e-100}