{"correlation": 0.1025008282936872, "p_value": 2.0778959759996764e-231}