{"correlation": -0.07279250188299055, "p_value": 2.0517202320747554e-117}