{"correlation": 0.0513466871720127, "p_value": 2.7122906032535035e-59}