{"correlation": 0.007533296640369383, "p_value": 0.01727397705422309}