{"correlation": 0.0875370448602996, "p_value": 4.2326159206740545e-169}