{"correlation": 0.0611154324290875, "p_value": 2.849653287536032e-83}