{"correlation": 0.02062697896971596, "p_value": 7.051711723927847e-11}