{"correlation": 0.10394944834739253, "p_value": 5.6932016187909284e-238}