{"correlation": 0.09166211042556527, "p_value": 2.783295661464443e-185}