{"correlation": 0.02737100742709955, "p_value": 5.067853840143804e-18}