{"correlation": 0.05696289655747401, "p_value": 1.4348247331173173e-72}