{"correlation": 0.09026161969207863, "p_value": 1.0548060937388152e-179}