{"correlation": 0.11478087340296689, "p_value": 5.0740978384325025e-290}