{"correlation": 0.0754293943345384, "p_value": 5.930116363075267e-126}