{"correlation": 0.08261082308366662, "p_value": 9.189581647506476e-151}