{"correlation": 0.0848340598996744, "p_value": 6.619734463798581e-159}