{"correlation": 0.11444617150304737, "p_value": 2.470426050770464e-288}