{"correlation": 0.015053337946618098, "p_value": 1.9584979362776774e-06}