{"correlation": 0.09326384809306111, "p_value": 9.0671673677853e-192}