{"correlation": 0.0906255751151728, "p_value": 3.8176539868510853e-181}