{"correlation": 0.07170446746917762, "p_value": 5.576149088204266e-114}