{"correlation": 0.11400556446089445, "p_value": 4.0402589872383986e-286}