{"correlation": 0.057263563148112887, "p_value": 2.553988044411699e-73}