{"correlation": 0.052799561103689434, "p_value": 1.3510537535823765e-62}