{"correlation": -0.05630464766769978, "p_value": 6.082351514042064e-71}