{"correlation": 0.05280297230228027, "p_value": 1.3268140742700268e-62}