{"correlation": 0.07512133819161473, "p_value": 6.115543010256092e-125}