{"correlation": 0.09042805365107258, "p_value": 2.316181174044176e-180}