{"correlation": 0.019019358806612614, "p_value": 1.8399815801208142e-09}