{"correlation": 0.011027181751171561, "p_value": 0.0004919753194085248}