{"correlation": -0.04596031561321013, "p_value": 7.511453733045433e-48}