{"correlation": 0.07247546291252974, "p_value": 2.080554369749323e-116}