{"correlation": 0.07434835723988602, "p_value": 2.0455450890728576e-122}