{"correlation": 0.1165396758808535, "p_value": 5.691584411276604e-299}