{"correlation": 0.04961430223733661, "p_value": 1.7832090684474055e-55}