{"correlation": 0.07295538482899194, "p_value": 6.216153086873363e-118}