{"correlation": 0.08058297973726951, "p_value": 1.5832984370937093e-143}