{"correlation": 0.11731628195269106, "p_value": 5.7388795506956794e-303}