{"correlation": 0.10408458690108097, "p_value": 1.375269104451585e-238}