{"correlation": 0.058100467057164214, "p_value": 1.9951456538247919e-75}