{"correlation": 0.0009881704813651374, "p_value": 0.7548147236502308}