{"correlation": 0.08206557348427942, "p_value": 8.449991541578302e-149}