{"correlation": 0.022913862303505186, "p_value": 4.40335710563226e-13}