{"correlation": 0.019789516415106442, "p_value": 3.9801510983990066e-10}