{"correlation": 0.11698195309330806, "p_value": 3.0382179687507763e-301}