{"correlation": 0.06472664999964373, "p_value": 3.4245910976303165e-93}