{"correlation": 0.09128345765997266, "p_value": 9.15062411511022e-184}