{"correlation": 0.06914221290771022, "p_value": 4.247520712501231e-106}