{"correlation": 0.03771965854642228, "p_value": 8.768581808592623e-33}