{"correlation": -0.017106933838230032, "p_value": 6.416226144838287e-08}