{"correlation": 0.012579592569554246, "p_value": 7.015591956113838e-05}