{"correlation": 0.023344535643197484, "p_value": 1.5983082534079226e-13}