{"correlation": 0.09975668103586924, "p_value": 3.100338121200783e-219}