{"correlation": 0.05275865619083137, "p_value": 1.6784789481178905e-62}