{"correlation": -0.08293561411472439, "p_value": 6.1292479822560954e-152}