{"correlation": 0.07697273151978763, "p_value": 4.297400418198907e-131}