{"correlation": 0.06124782207242847, "p_value": 1.2623864604200285e-83}