{"correlation": 0.07638828366092672, "p_value": 3.9081526299686636e-129}