{"correlation": 0.09151656371151455, "p_value": 1.06752096106172e-184}