{"correlation": -0.009161369524685973, "p_value": 0.00378700198450438}