{"correlation": 0.04862522986489944, "p_value": 2.3569684564054375e-53}