{"correlation": 0.05902816143991519, "p_value": 8.479413952761064e-78}