{"correlation": -0.03512368285280325, "p_value": 1.2027515994001824e-28}