{"correlation": -0.03314053696749976, "p_value": 1.108061718963346e-25}