{"correlation": 0.037356280240871675, "p_value": 3.464117141809473e-32}