{"correlation": 0.06066421458258281, "p_value": 4.510140596859724e-82}