{"correlation": 0.0653288354312472, "p_value": 6.680468526417778e-95}