{"correlation": 0.025875170724993284, "p_value": 2.8657902777079425e-16}