{"correlation": -0.11819166408457915, "p_value": 1.6651488737631625e-307}