{"correlation": 0.07209631530296469, "p_value": 3.277363263641657e-115}