{"correlation": -0.0031511998642220164, "p_value": 0.31930174329678634}