{"correlation": 0.06927895750777449, "p_value": 1.639753430387221e-106}