{"correlation": 0.08132244295243352, "p_value": 3.818301051769066e-146}