{"correlation": 0.08419205448739643, "p_value": 1.5653035377946978e-156}