{"correlation": 0.050808209376447415, "p_value": 4.3056860642753395e-58}