{"correlation": -0.006612244819696403, "p_value": 0.03664227659451856}