{"correlation": 0.01914836733204695, "p_value": 1.4295140662401695e-09}