{"correlation": 0.10789390042120803, "p_value": 2.5733814644487975e-256}