{"correlation": 0.03489580426502396, "p_value": 2.6880831167606407e-28}