{"correlation": 0.053450941623713236, "p_value": 4.169550806583362e-64}