{"correlation": 0.05165465748545207, "p_value": 5.507338238322457e-60}