{"correlation": 0.08868115102309115, "p_value": 1.6372397271007203e-173}