{"correlation": 0.0660622271239497, "p_value": 5.260153901494935e-97}