{"correlation": -0.013008326054443726, "p_value": 3.934920469547075e-05}