{"correlation": 0.03688090972853501, "p_value": 2.048904158054254e-31}