{"correlation": 0.008675095795629367, "p_value": 0.0061123871438149196}