{"correlation": 0.05436876696973138, "p_value": 2.885408663399394e-66}