{"correlation": 0.08299921782171421, "p_value": 3.6023608377227488e-152}