{"correlation": 0.04962478402160569, "p_value": 1.6923694906608408e-55}