{"correlation": -0.04717492144879318, "p_value": 2.5451383363894303e-50}