{"correlation": 0.11487825626034383, "p_value": 1.6347469387468884e-290}