{"correlation": 0.08813829157792218, "p_value": 2.065407977983287e-171}