{"correlation": -0.0246529040767195, "p_value": 6.575886877713733e-15}