{"correlation": 0.10339272253611298, "p_value": 1.9428601825131992e-235}