{"correlation": 0.0262298229882801, "p_value": 1.1231523267602523e-16}