{"correlation": 0.04978118438735791, "p_value": 7.7466021617502305e-56}