{"correlation": 0.016516573205186177, "p_value": 1.7874820126908412e-07}