{"correlation": 0.0391586566590441, "p_value": 3.341847657644222e-35}