{"correlation": 0.11045277184359865, "p_value": 1.3688488768901716e-268}