{"correlation": -0.027114138744058443, "p_value": 1.0293950836881285e-17}