{"correlation": 0.0982434611067892, "p_value": 1.1497466311849628e-212}