{"correlation": 0.08558458300269245, "p_value": 1.05369859642843e-161}