{"correlation": -0.01493437586614107, "p_value": 2.357778352104444e-06}