{"correlation": 0.11317800788440247, "p_value": 5.501184106878998e-282}