{"correlation": 0.06282517227701696, "p_value": 6.748900600597991e-88}