{"correlation": -0.06654599872631571, "p_value": 2.0909358850937406e-98}