{"correlation": 0.03608260692681028, "p_value": 3.8535223683621874e-30}