{"correlation": 0.08798474279850428, "p_value": 8.070050378000502e-171}