{"correlation": 0.016649899025521515, "p_value": 1.4224460828604744e-07}