{"correlation": 0.049772942443382595, "p_value": 8.072770231366541e-56}