{"correlation": -0.008565455285240478, "p_value": 0.0067886394940905965}