{"correlation": 0.07819385509001346, "p_value": 3.104780352208715e-135}