{"correlation": 0.019594024612300125, "p_value": 5.902830889838665e-10}