{"correlation": 0.0831545606752789, "p_value": 9.819531487832753e-153}