{"correlation": -0.025206234975971444, "p_value": 1.6213490732756214e-15}