{"correlation": 0.049817150642199916, "p_value": 6.470159928072884e-56}