{"correlation": -0.025932437280485467, "p_value": 2.4655940854433525e-16}