{"correlation": 0.07262749637647845, "p_value": 6.859342216250865e-117}