{"correlation": -0.006825049883811242, "p_value": 0.03100692288431893}