{"correlation": 0.1008651637133968, "p_value": 4.1151728052547024e-224}