{"correlation": 0.06032405942449631, "p_value": 3.568460251332245e-81}