{"correlation": 0.02645083260818481, "p_value": 6.22587672716249e-17}