{"correlation": -0.10373713658017983, "p_value": 5.284513288883451e-237}