{"correlation": 0.1083455308703196, "p_value": 1.8430585554736064e-258}