{"correlation": -0.04461770541792742, "p_value": 3.3997941286902e-45}