{"correlation": 0.06422478998223831, "p_value": 8.85957248245985e-92}