{"correlation": 0.08928338582345395, "p_value": 7.38137967410131e-176}