{"correlation": 0.01877570672019872, "p_value": 2.9507522896844075e-09}