{"correlation": -0.012761757439668323, "p_value": 5.4991057684487784e-05}