{"correlation": 0.07702733248849462, "p_value": 2.8147686971812406e-131}