{"correlation": -0.011538148156975523, "p_value": 0.00026574659350665574}