{"correlation": -0.04974459368254431, "p_value": 9.302664484006062e-56}