{"correlation": 0.09840577672537083, "p_value": 2.2953541474649035e-213}