{"correlation": 0.02862501086819995, "p_value": 1.45109743828178e-19}