{"correlation": 0.059204166914505446, "p_value": 2.979687643742415e-78}