{"correlation": 0.07468750418663248, "p_value": 1.6086970233449802e-123}