{"correlation": 0.10480169343239319, "p_value": 7.092307063971633e-242}