{"correlation": 0.020486728070718385, "p_value": 9.467710186793918e-11}