{"correlation": 0.08856362523266534, "p_value": 4.6779072596786525e-173}