{"correlation": 0.04155394905898928, "p_value": 1.9889779163046955e-39}