{"correlation": 0.03225563908920621, "p_value": 2.0537065232077172e-24}