{"correlation": -0.009508607521902248, "p_value": 0.0026547049896097825}