{"correlation": 0.11393334461738326, "p_value": 9.298469916984849e-286}