{"correlation": 0.012435018906318254, "p_value": 8.49244605158598e-05}