{"correlation": 0.006843987292826823, "p_value": 0.030543567528615846}