{"correlation": -0.012252092934319166, "p_value": 0.00010783842110383754}