{"correlation": 0.04837721725686156, "p_value": 7.898841099572064e-53}