{"correlation": 0.02796146183958484, "p_value": 9.69728904697309e-19}