{"correlation": 0.10631034657494089, "p_value": 7.229282880655974e-249}