{"correlation": 0.10071887372706853, "p_value": 1.824600856669392e-223}