{"correlation": 0.08069290429026688, "p_value": 6.485736502863679e-144}