{"correlation": 0.09216080886450845, "p_value": 2.73552909330608e-187}