{"correlation": 0.09877254777046153, "p_value": 5.961406086135374e-215}