{"correlation": -0.10868420145672043, "p_value": 4.477701568477609e-260}