{"correlation": 0.07659012947779018, "p_value": 8.26401466091624e-130}