{"correlation": 0.06444852430267764, "p_value": 2.0841723337495903e-92}