{"correlation": 0.07175232559923546, "p_value": 3.9479533348235416e-114}