{"correlation": 0.08664651677087692, "p_value": 1.0494522072358097e-165}