{"correlation": 0.07096305882378039, "p_value": 1.1393537208629705e-111}