{"correlation": 0.052603066996534865, "p_value": 3.825787524535247e-62}