{"correlation": -0.11271914013642462, "p_value": 1.0457476562409995e-279}