{"correlation": -0.008948583466685124, "p_value": 0.004682114650249738}