{"correlation": 0.09299960349020982, "p_value": 1.0852433590068058e-190}