{"correlation": 0.11401203364300723, "p_value": 3.7494790303856664e-286}