{"correlation": 0.05410986087862864, "p_value": 1.1835886769931444e-65}