{"correlation": 0.109854643882503, "p_value": 1.075832346006168e-265}