{"correlation": -0.08087414665467628, "p_value": 1.484969845814832e-144}