{"correlation": 0.04113524999718118, "p_value": 1.1354262867977583e-38}