{"correlation": -0.004781562017173523, "p_value": 0.13074961272756996}