{"correlation": 0.06869206943116295, "p_value": 9.61715207000167e-105}