{"correlation": -0.0886856318995348, "p_value": 1.5729563241847273e-173}