{"correlation": 0.07539040250139867, "p_value": 7.97187676181036e-126}