{"correlation": 0.11356799375466074, "p_value": 6.253626697863683e-284}