{"correlation": -0.003583191082070087, "p_value": 0.2574580786636698}