{"correlation": 0.010267353026019364, "p_value": 0.0011747760580140389}