{"correlation": -0.06300741378399558, "p_value": 2.1313116818946396e-88}