{"correlation": -0.050023042746521085, "p_value": 2.3024471350464973e-56}