{"correlation": 0.09562354605378838, "p_value": 1.558527545400356e-201}