{"correlation": 0.10575309388516964, "p_value": 2.8412135373568755e-246}