{"correlation": -0.05254094222170232, "p_value": 5.312427643158354e-62}