{"correlation": 0.0474188340540736, "p_value": 7.97921696833712e-51}