{"correlation": 0.04747607006831296, "p_value": 6.072623747395209e-51}