{"correlation": 0.025433975275376754, "p_value": 9.03221646525396e-16}