{"correlation": 0.10539344596005637, "p_value": 1.3198694329926885e-244}