{"correlation": 0.08684005798470291, "p_value": 1.9330648581061456e-166}