{"correlation": 0.019110471054237552, "p_value": 1.5397988771510698e-09}