{"correlation": 0.10847472337159926, "p_value": 4.4696171549424446e-259}