{"correlation": 0.10301749037755116, "p_value": 9.725473713271147e-234}