{"correlation": -0.05131886815059358, "p_value": 3.130955454544463e-59}