{"correlation": 0.09884881042362445, "p_value": 2.785620227626678e-215}