{"correlation": 0.11496970958526671, "p_value": 5.637733468125728e-291}