{"correlation": 0.0589509634782377, "p_value": 1.3401507721348616e-77}