{"correlation": 0.08124606220114525, "p_value": 7.134704059049425e-146}