{"correlation": 0.08568031473565195, "p_value": 4.613311239374129e-162}