{"correlation": -0.025386812024497597, "p_value": 1.0199883638083439e-15}