{"correlation": -0.03181906055487622, "p_value": 8.427032931471896e-24}