{"correlation": 0.014631980193108617, "p_value": 3.755498902802198e-06}