{"correlation": -0.08741916712710583, "p_value": 1.1965539259830212e-168}