{"correlation": 0.032079835366908574, "p_value": 3.634356495972003e-24}