{"correlation": 0.06797136713768968, "p_value": 1.3608290410971948e-102}