{"correlation": 0.08363905171164929, "p_value": 1.6774747162604513e-154}