{"correlation": 0.06421374553907495, "p_value": 9.51437502506991e-92}