{"correlation": 0.0975075443489558, "p_value": 1.6536431564098122e-209}