{"correlation": -0.09505151551442145, "p_value": 3.8248566634597447e-199}