{"correlation": 0.053571566588234594, "p_value": 2.1793353732486104e-64}