{"correlation": 0.05211907707297548, "p_value": 4.886478394115097e-61}