{"correlation": 0.11174702003033936, "p_value": 6.548652140214653e-275}