{"correlation": 0.09837707217906609, "p_value": 3.0526870469414e-213}