{"correlation": -0.013972393559177567, "p_value": 1.0054905114405037e-05}