{"correlation": 0.09059094854986313, "p_value": 5.238194962203602e-181}