{"correlation": 0.05167981296645128, "p_value": 4.832850802787948e-60}