{"correlation": 0.08603469948701445, "p_value": 2.1508619612711984e-163}