{"correlation": 0.11057913214525719, "p_value": 3.331338733459117e-269}