{"correlation": 0.08548657074536005, "p_value": 2.4521365233410047e-161}