{"correlation": 0.01782007818800754, "p_value": 1.778980698616982e-08}