{"correlation": 0.09419912549231542, "p_value": 1.3086071813346661e-195}