{"correlation": -0.020632037842963823, "p_value": 6.976919720981443e-11}