{"correlation": 0.10230054424248289, "p_value": 1.6501581141039564e-230}