{"correlation": -0.04384670898094786, "p_value": 1.0498427766163318e-43}