{"correlation": 0.06044978600089835, "p_value": 1.6635979110507906e-81}