{"correlation": 0.0570132596090001, "p_value": 1.0752661855257094e-72}