{"correlation": 0.0993334025064629, "p_value": 2.183947239800731e-217}