{"correlation": 0.026717367645324893, "p_value": 3.036639144165638e-17}