{"correlation": 0.06806728624677134, "p_value": 7.061095759284713e-103}