{"correlation": -0.06298631348756704, "p_value": 2.4360168700668783e-88}