{"correlation": 0.04211030050436869, "p_value": 1.912591087287478e-40}