{"correlation": 0.0845123758805115, "p_value": 1.0292451870634066e-157}