{"correlation": -0.007759541856318723, "p_value": 0.014193506929525155}