{"correlation": -0.11780864935503411, "p_value": 1.6255383835308029e-305}