{"correlation": 0.011593724074553419, "p_value": 0.00024815873977176}