{"correlation": 0.11420364794215705, "p_value": 4.0955119562117537e-287}