{"correlation": 0.05581950073870757, "p_value": 9.36064483898032e-70}