{"correlation": -0.028605475158672202, "p_value": 1.5355169380644363e-19}