{"correlation": 0.024539282965556287, "p_value": 8.733635356013182e-15}