{"correlation": -0.041050024253597606, "p_value": 1.6151716129113222e-38}