{"correlation": 0.06343227151048775, "p_value": 1.4321496046527201e-89}