{"correlation": 0.03704204913337241, "p_value": 1.1244779636076672e-31}