{"correlation": 0.09722390682717443, "p_value": 2.685905263820409e-208}