{"correlation": 0.03177915916515379, "p_value": 9.57861926550304e-24}