{"correlation": -0.01986280290674878, "p_value": 3.4301743626874283e-10}