{"correlation": 0.10261787754585008, "p_value": 6.1783989518738885e-232}