{"correlation": -0.06894231542710183, "p_value": 1.7018289522699257e-105}