{"correlation": 0.05523838302021527, "p_value": 2.3981364582676507e-68}