{"correlation": 0.08365237367534974, "p_value": 1.4993757119015574e-154}