{"correlation": 0.11827716419892464, "p_value": 5.976172275902034e-308}