{"correlation": 0.11875971899577481, "p_value": 1.8135013367519e-310}