{"correlation": -0.013364721449934372, "p_value": 2.400931662157092e-05}