{"correlation": 0.07303657820756983, "p_value": 3.424344520221509e-118}