{"correlation": 0.047052754925656894, "p_value": 4.539927175273238e-50}