{"correlation": 0.0529632196147923, "p_value": 5.660833189502897e-63}