{"correlation": 0.09447529019011039, "p_value": 9.447393687369819e-197}