{"correlation": 0.07427891747421521, "p_value": 3.437915301202599e-122}