{"correlation": 0.05135019414540207, "p_value": 2.6636362753572658e-59}