{"correlation": 0.10818272797934901, "p_value": 1.0959923662697785e-257}