{"correlation": 0.08528936461145266, "p_value": 1.3376256643485111e-160}