{"correlation": 0.039304964952056834, "p_value": 1.8750932351735993e-35}