{"correlation": 0.10523136290225123, "p_value": 7.411698714851599e-244}