{"correlation": 0.06991204460828512, "p_value": 1.9514397767793558e-108}