{"correlation": 0.01416964768131875, "p_value": 7.522646190082238e-06}