{"correlation": 0.08979098439312057, "p_value": 7.556393055464925e-178}