{"correlation": 0.019004751728766874, "p_value": 1.8931341146710103e-09}