{"correlation": 0.06157239995333375, "p_value": 1.702283327516116e-84}