{"correlation": 0.013060639487162913, "p_value": 3.662455617290501e-05}