{"correlation": 0.03230207442905317, "p_value": 1.765389434214483e-24}