{"correlation": -0.03257847005557061, "p_value": 7.142748571369764e-25}