{"correlation": 0.07957623702097041, "p_value": 5.304000401855011e-140}