{"correlation": 0.11450467887404503, "p_value": 1.2536286925534115e-288}