{"correlation": 0.05696688806807731, "p_value": 1.4024055918688377e-72}