{"correlation": -0.10122875903188536, "p_value": 1.0062647652039159e-225}