{"correlation": 0.08711539157831613, "p_value": 1.730500042780704e-167}