{"correlation": 0.00857044886949948, "p_value": 0.006756434932558059}