{"correlation": 0.0894921618848304, "p_value": 1.1248761165948669e-176}