{"correlation": 0.08813572635139623, "p_value": 2.113014031671835e-171}