{"correlation": 0.08365399917915121, "p_value": 1.478979523577497e-154}