{"correlation": -0.09646791145670305, "p_value": 4.3489557770221956e-205}