{"correlation": 0.10147570816807748, "p_value": 8.0299769379824755e-227}