{"correlation": 0.08779953194684874, "p_value": 4.162943255410597e-170}