{"correlation": 0.09649379943277801, "p_value": 3.3799361931881544e-205}