{"correlation": -0.022300179359192512, "p_value": 1.8082169414856197e-12}