{"correlation": 0.11887295374533885, "p_value": 4.636059051931e-311}