{"correlation": 0.1033367116207102, "p_value": 3.487557833040113e-235}