{"correlation": 0.06368222336422756, "p_value": 2.8999969541828704e-90}