{"correlation": 0.08470296771072358, "p_value": 2.027796872838144e-158}