{"correlation": -0.004699712315363463, "p_value": 0.13746844970609828}