{"correlation": 0.026718106471984165, "p_value": 3.030572164635019e-17}