{"correlation": 0.07864204458789063, "p_value": 9.028068843075928e-137}