{"correlation": 0.09943153742537192, "p_value": 8.15725279032525e-218}