{"correlation": 0.08277168780411784, "p_value": 2.4070029040289342e-151}