{"correlation": -0.10161345378885965, "p_value": 1.954692154640896e-227}