{"correlation": -0.04196091341652183, "p_value": 3.5976528306982866e-40}