{"correlation": 0.10430310524514547, "p_value": 1.377279669015129e-239}