{"correlation": 0.08788303240781387, "p_value": 1.987716039733307e-170}