{"correlation": 0.10812238357240736, "p_value": 2.12077722851266e-257}