{"correlation": 0.07051049057546054, "p_value": 2.851304406893523e-110}