{"correlation": 0.06258518157003408, "p_value": 3.0635699524286662e-87}