{"correlation": 0.06707052692205222, "p_value": 6.167118713990298e-100}