{"correlation": 0.021972268554106132, "p_value": 3.7884283187203595e-12}