{"correlation": 0.06001792217454885, "p_value": 2.273052998635973e-80}