{"correlation": 0.1000150594619862, "p_value": 2.2883352004490544e-220}