{"correlation": 0.012178195659555469, "p_value": 0.0001186561720959543}