{"correlation": 0.09447681356011074, "p_value": 9.311205525816863e-197}