{"correlation": 0.09134183250656282, "p_value": 5.345829551667842e-184}