{"correlation": 0.10180798957362998, "p_value": 2.648536949973496e-228}