{"correlation": 0.0793650173768312, "p_value": 2.8740611391449553e-139}