{"correlation": 0.05905362198205361, "p_value": 7.29032357845526e-78}