{"correlation": 0.09689307420965766, "p_value": 6.865163826651603e-207}