{"correlation": 0.09637729555765616, "p_value": 1.0503916281694858e-204}