{"correlation": 0.05148435406141014, "p_value": 1.331487870800137e-59}