{"correlation": 0.1197340062925108, "p_value": 1.389054753e-315}