{"correlation": 0.11912196754308298, "p_value": 2.298446060715e-312}