{"correlation": 0.10328811055922935, "p_value": 5.7926131821525026e-235}