{"correlation": -0.012107331956945406, "p_value": 0.0001299844062088049}