{"correlation": 0.09760748548115199, "p_value": 6.180289780020972e-210}