{"correlation": 0.11080566132197237, "p_value": 2.6336666043969996e-270}