{"correlation": 0.1058697395759284, "p_value": 8.15806126440572e-247}