{"correlation": 0.05238942398964307, "p_value": 1.1811682678635697e-61}