{"correlation": 0.11631735553907775, "p_value": 7.83928826140404e-298}