{"correlation": 0.06371975842876307, "p_value": 2.2803696279672386e-90}