{"correlation": 0.05004682514082493, "p_value": 2.042861626031772e-56}