{"correlation": 0.0484805733798216, "p_value": 4.775448018886889e-53}