{"correlation": 0.11050628701376833, "p_value": 7.525198548871311e-269}