{"correlation": 0.10857110188109438, "p_value": 1.5516272799471123e-259}