{"correlation": 0.024292713286566365, "p_value": 1.6096814300152965e-14}