{"correlation": 0.033193946619851304, "p_value": 9.267276517936342e-26}