{"correlation": -0.11744593470561654, "p_value": 1.2273875493149811e-303}