{"correlation": 0.07973434636222843, "p_value": 1.4926449031306157e-140}