{"correlation": 0.04372823639061265, "p_value": 1.7690588441142746e-43}