{"correlation": 0.03150796672073668, "p_value": 2.2780629596650762e-23}