{"correlation": 0.045731781807800236, "p_value": 2.1542787101631033e-47}