{"correlation": -0.017701976212581256, "p_value": 2.207578676138873e-08}