{"correlation": -0.052968697683462185, "p_value": 5.498123491283106e-63}