{"correlation": 0.06551999813634446, "p_value": 1.8998071426845935e-95}