{"correlation": -0.013128058400887835, "p_value": 3.337666396008238e-05}