{"correlation": 0.07070191436266532, "p_value": 7.322578794451558e-111}