{"correlation": 0.0280077915886243, "p_value": 8.504827910614816e-19}