{"correlation": 0.1000889911594314, "p_value": 1.084164883599948e-220}