{"correlation": 0.10773788606263353, "p_value": 1.4104188049873063e-255}