{"correlation": 0.01733343402584946, "p_value": 4.292042151254095e-08}