{"correlation": 0.05510274968796378, "p_value": 5.087607457633764e-68}