{"correlation": 0.05168691566929072, "p_value": 4.6577717392131564e-60}