{"correlation": 0.07940262114459903, "p_value": 2.1280608852153595e-139}