{"correlation": -0.0553097603578161, "p_value": 1.6130827753182668e-68}