{"correlation": 0.05172704983176258, "p_value": 3.7808184182943316e-60}