{"correlation": -0.024182680507757202, "p_value": 2.1105762843859184e-14}