{"correlation": -0.019537209502350467, "p_value": 6.61454505018626e-10}