{"correlation": 0.11594624503473565, "p_value": 6.17540611416675e-296}