{"correlation": 0.08058326063552017, "p_value": 1.57969408384528e-143}