{"correlation": 0.010305608023271082, "p_value": 0.0011258632271101024}