{"correlation": -0.09565599488441381, "p_value": 1.139485887317511e-201}