{"correlation": 0.0951524165616259, "p_value": 1.452501367445768e-199}