{"correlation": 0.02732693805228845, "p_value": 5.725659689653158e-18}