{"correlation": 0.020815539883171624, "p_value": 4.7309951910443515e-11}