{"correlation": 0.11576969375726003, "p_value": 4.905318315178685e-295}