{"correlation": 0.03517727476652091, "p_value": 9.947419623478288e-29}