{"correlation": 0.009699772807974145, "p_value": 0.002172732285959098}