{"correlation": 0.10635387050113443, "p_value": 4.527663697889841e-249}