{"correlation": 0.09033920853084668, "p_value": 5.204633011963377e-180}