{"correlation": 0.10305372148154857, "p_value": 6.669461317393064e-234}