{"correlation": -0.02483411410865151, "p_value": 4.171179584442016e-15}