{"correlation": 0.007624972993956121, "p_value": 0.015961357838243116}