{"correlation": 0.1006300078292479, "p_value": 4.503980329622098e-223}