{"correlation": 0.05568557539083138, "p_value": 1.982593148007252e-69}