{"correlation": -0.022272373032308168, "p_value": 1.9260452041784927e-12}