{"correlation": 0.09489752451470135, "p_value": 1.6729731163331343e-198}