{"correlation": 0.019636598985603396, "p_value": 5.41904777268969e-10}