{"correlation": 0.044039002465416394, "p_value": 4.487478088311081e-44}