{"correlation": 0.07214016587980691, "p_value": 2.3843394275373327e-115}