{"correlation": -0.01467483172717519, "p_value": 3.5176453274113224e-06}