{"correlation": 0.028008858515176118, "p_value": 8.479146567974302e-19}