{"correlation": 0.04275739281034041, "p_value": 1.2074042104899506e-41}