{"correlation": 0.02265507504581533, "p_value": 8.024905156235427e-13}