{"correlation": 0.03588741396910409, "p_value": 7.820847395788555e-30}