{"correlation": 0.10576056675823864, "p_value": 2.623036934698703e-246}