{"correlation": 0.0412501172866378, "p_value": 7.052885015010593e-39}