{"correlation": -0.029884527890413664, "p_value": 3.497333174139859e-21}