{"correlation": 0.0018305336754288835, "p_value": 0.5629169512970462}