{"correlation": 0.0636042062150587, "p_value": 4.777282493577132e-90}