{"correlation": 0.07405369621832569, "p_value": 1.8457680597232637e-121}