{"correlation": 0.007658603861506026, "p_value": 0.015502293523268155}