{"correlation": 0.052396625441906694, "p_value": 1.1372111174161579e-61}