{"correlation": 0.04935329141522851, "p_value": 6.532772308394861e-55}