{"correlation": 0.07793175845304826, "p_value": 2.434540226238863e-134}