{"correlation": 0.054618999562930114, "p_value": 7.327753648071212e-67}