{"correlation": -0.11845798851192031, "p_value": 6.825586699712254e-309}