{"correlation": 0.08206690740507505, "p_value": 8.35734971364764e-149}