{"correlation": 0.06632910971384672, "p_value": 8.90360687893153e-98}