{"correlation": 0.02714347070133819, "p_value": 9.496909827595044e-18}