{"correlation": 0.10747318773931973, "p_value": 2.514157334716861e-254}