{"correlation": 0.11592756841084582, "p_value": 7.690232798746642e-296}