{"correlation": 0.0895669977805378, "p_value": 5.724899483587747e-177}