{"correlation": 0.04066756537863446, "p_value": 7.784174904285083e-38}