{"correlation": 0.11632039822124178, "p_value": 7.563150044943733e-298}