{"correlation": 0.11314091514724993, "p_value": 8.414531009732262e-282}