{"correlation": 0.04393549615829376, "p_value": 7.093980961275213e-44}