{"correlation": 0.0612194960024196, "p_value": 1.502840728034855e-83}