{"correlation": 0.10751036290605065, "p_value": 1.6783446462143371e-254}