{"correlation": 0.11721133184171562, "p_value": 1.9975201962442173e-302}