{"correlation": 0.04943926259203355, "p_value": 4.2627553326138386e-55}