{"correlation": 0.039160181924829326, "p_value": 3.321812608601528e-35}