{"correlation": 0.008460841265173893, "p_value": 0.007495806261043661}