{"correlation": -0.11352505442061352, "p_value": 1.0245830521798532e-283}