{"correlation": -0.08052469197270679, "p_value": 2.5402354286275713e-143}