{"correlation": 0.008934825372261843, "p_value": 0.004746106133588925}