{"correlation": 0.08493008919304197, "p_value": 2.9121406490262677e-159}