{"correlation": 0.1022085297403419, "p_value": 4.2693033687776115e-230}