{"correlation": 0.022686493155342456, "p_value": 7.463583575959231e-13}