{"correlation": 0.030752978539077363, "p_value": 2.44553596348844e-22}