{"correlation": 0.10693602689957821, "p_value": 8.501858848898198e-252}