{"correlation": 0.07252034239788938, "p_value": 1.4997935190527122e-116}