{"correlation": 0.10015167701427649, "p_value": 5.752125927515557e-221}