{"correlation": -0.11222244835402156, "p_value": 2.9892664117375675e-277}