{"correlation": 0.051782313292718374, "p_value": 2.836143208446743e-60}