{"correlation": 0.08464089212433884, "p_value": 3.4433397840028664e-158}