{"correlation": 0.08964994048982454, "p_value": 2.706226113700343e-177}