{"correlation": 0.08739291563358714, "p_value": 1.5078516239127416e-168}