{"correlation": 0.00011623169252330525, "p_value": 0.9706976149452844}