{"correlation": 0.0754542351000387, "p_value": 4.910952043196373e-126}