{"correlation": -0.1014788657694599, "p_value": 7.774225954182748e-227}