{"correlation": 0.07382463719325683, "p_value": 1.0143925159272464e-120}