{"correlation": 0.03993724248979786, "p_value": 1.5059530117649857e-36}