{"correlation": 0.0588408789418785, "p_value": 2.571432650452623e-77}