{"correlation": 0.08470024702797889, "p_value": 2.075423047015642e-158}