{"correlation": -0.014621832352744618, "p_value": 3.8140432007412057e-06}