{"correlation": 0.07106917942758141, "p_value": 5.338939191162095e-112}