{"correlation": -0.033230386655822515, "p_value": 8.202173052336701e-26}