{"correlation": 0.07131167070216347, "p_value": 9.404791559777878e-113}