{"correlation": 0.07731631137974114, "p_value": 2.9831623011896125e-132}