{"correlation": 0.06159290762842622, "p_value": 1.499332670797762e-84}