{"correlation": 0.025663619589941046, "p_value": 4.981243374192142e-16}