{"correlation": 0.1102946207570094, "p_value": 8.007366452715962e-268}