{"correlation": 0.054177065756757466, "p_value": 8.210423718823618e-66}