{"correlation": 0.07271223586569796, "p_value": 3.6918545854625064e-117}