{"correlation": 0.11459625100863559, "p_value": 4.332760886719942e-289}