{"correlation": -0.09926600118548334, "p_value": 4.29285380560256e-217}