{"correlation": 0.02724075647134284, "p_value": 7.264966365459706e-18}