{"correlation": -0.11291338170365069, "p_value": 1.1373181462879444e-280}