{"correlation": 0.11740761865717693, "p_value": 1.936506663562546e-303}