{"correlation": 0.11912197544661575, "p_value": 2.29822667454e-312}