{"correlation": 0.021942329378760183, "p_value": 4.050959305445826e-12}