{"correlation": -0.02808157315220017, "p_value": 6.89802995747675e-19}