{"correlation": 0.11706289493281825, "p_value": 1.1634505181280072e-301}