{"correlation": 0.1070830827773186, "p_value": 1.7314724922065735e-252}