{"correlation": 0.06057090364462242, "p_value": 7.963643692562791e-82}