{"correlation": 0.11494973018608079, "p_value": 7.114483977447236e-291}