{"correlation": 0.11736052913952527, "p_value": 3.390871098619003e-303}