{"correlation": -0.01796259028572404, "p_value": 1.3685657939377984e-08}