{"correlation": 0.06954151225045671, "p_value": 2.6231045784442274e-107}