{"correlation": -0.023672972622074667, "p_value": 7.289382226885845e-14}