{"correlation": 0.0343730263669759, "p_value": 1.668103700607538e-27}