{"correlation": 0.08858650691961634, "p_value": 3.8135594158413164e-173}