{"correlation": 0.043949532859115605, "p_value": 6.66723427041159e-44}