{"correlation": 0.11684200157208353, "p_value": 1.5948014394832356e-300}