{"correlation": 0.07301463350074, "p_value": 4.023395646361758e-118}