{"correlation": -0.008812272540496716, "p_value": 0.0053520145759081}