{"correlation": 0.09504234891785232, "p_value": 4.1763213117182155e-199}