{"correlation": 0.0391096337963434, "p_value": 4.053858797780393e-35}