{"correlation": -0.03459653180133184, "p_value": 7.668787841301068e-28}