{"correlation": 0.0014135263061604041, "p_value": 0.655073732597742}