{"correlation": 0.003087583117422495, "p_value": 0.3291692816142148}