{"correlation": 0.06472000942969416, "p_value": 3.575813677012468e-93}