{"correlation": 0.09601248861297769, "p_value": 3.6259233417712653e-203}