{"correlation": 0.052298538111119626, "p_value": 1.9053973184022977e-61}