{"correlation": 0.026244613179610965, "p_value": 1.0798323795324523e-16}