{"correlation": 0.08128463637457055, "p_value": 5.203445614719573e-146}