{"correlation": 0.06231823528356299, "p_value": 1.637017937899012e-86}