{"correlation": 0.0904897499454152, "p_value": 1.3194538273285592e-180}