{"correlation": 0.09609278284654918, "p_value": 1.664937498992211e-203}