{"correlation": 0.11787969520733758, "p_value": 6.957532533440846e-306}