{"correlation": 0.08544335396540742, "p_value": 3.557590613091159e-161}