{"correlation": 0.04078829180500177, "p_value": 4.745745796842084e-38}