{"correlation": 0.09119960714523324, "p_value": 1.9792300108328473e-183}