{"correlation": 0.11928717911547786, "p_value": 3.1207275745e-313}