{"correlation": 0.038516420230849197, "p_value": 4.117708260067862e-34}