{"correlation": 0.06370140159079093, "p_value": 2.564879018357612e-90}