{"correlation": 0.06721015607519498, "p_value": 2.402670160868156e-100}