{"correlation": 0.08643739965979365, "p_value": 6.500432798916729e-165}