{"correlation": 0.01434272105189906, "p_value": 5.813981281936296e-06}