{"correlation": 0.09557697481449026, "p_value": 2.442477155209378e-201}