{"correlation": 0.05390217187700083, "p_value": 3.654415683783488e-65}