{"correlation": 0.07153407783572044, "p_value": 1.9029567683861162e-113}