{"correlation": 0.011684193248499217, "p_value": 0.00022184465198631572}