{"correlation": 0.07847111228400956, "p_value": 3.4882881466937766e-136}