{"correlation": 0.09411397751428316, "p_value": 2.9381557978708682e-195}