{"correlation": 0.08178347537968521, "p_value": 8.661513573937867e-148}