{"correlation": -0.04491783026825443, "p_value": 8.802186241325697e-46}