{"correlation": 0.05032051688783312, "p_value": 5.13581270079829e-57}