{"correlation": -0.0053556301452987, "p_value": 0.09053507500543766}