{"correlation": 0.09409383342815554, "p_value": 3.557370578926085e-195}