{"correlation": 0.06943841188177434, "p_value": 5.39183360533525e-107}