{"correlation": 0.034066554740341246, "p_value": 4.802780739086176e-27}