{"correlation": 0.11548484535956673, "p_value": 1.379644723216949e-293}