{"correlation": 0.06763823530712353, "p_value": 1.3190103938200725e-101}