{"correlation": 0.05127083169464376, "p_value": 4.010921752066367e-59}