{"correlation": 0.11035374346841237, "p_value": 4.138455120526034e-268}