{"correlation": 0.07376892327436585, "p_value": 1.5341002920901033e-120}