{"correlation": 0.036809269756476984, "p_value": 2.673046668163164e-31}