{"correlation": 0.10005791796131297, "p_value": 1.4841551968651292e-220}