{"correlation": 0.11167758012637814, "p_value": 1.436021671771083e-274}