{"correlation": -0.05679882031218325, "p_value": 3.6659440530949897e-72}