{"correlation": -0.062381632637479006, "p_value": 1.100230871616664e-86}