{"correlation": 0.06280166064789042, "p_value": 7.829058193793545e-88}