{"correlation": 0.07062288735658434, "p_value": 1.2840747451840123e-110}