{"correlation": -0.07285290176854071, "p_value": 1.3181035826227037e-117}