{"correlation": 0.11007180523507958, "p_value": 9.60240060617471e-267}