{"correlation": -0.09080729625095721, "p_value": 7.243074591876389e-182}