{"correlation": -0.08197091438807846, "p_value": 1.846737598174149e-148}