{"correlation": 0.10694261726764547, "p_value": 7.917039399673951e-252}