{"correlation": 0.1032808304866859, "p_value": 6.249894120399233e-235}