{"correlation": 0.007604348424760188, "p_value": 0.01624876047805281}