{"correlation": 0.07333800554677239, "p_value": 3.7215129063360746e-119}