{"correlation": 0.1016304152572164, "p_value": 1.6423243878181868e-227}