{"correlation": 6.897086120251025e-05, "p_value": 0.9826096898606168}