{"correlation": 0.06324606532102518, "p_value": 4.6871946780823545e-89}