{"correlation": 0.06688131136668253, "p_value": 2.2054199656652713e-99}