{"correlation": 0.07930875398062191, "p_value": 4.5045732640494236e-139}