{"correlation": 0.004131366488342206, "p_value": 0.19166669063495947}