{"correlation": 0.1072775162615942, "p_value": 2.104621318328849e-253}