{"correlation": -0.030781208285906476, "p_value": 2.2401288907013365e-22}