{"correlation": 0.0677188864326233, "p_value": 7.618633084728878e-102}