{"correlation": 0.014307580420968146, "p_value": 6.127653533263088e-06}