{"correlation": 0.04671250849918827, "p_value": 2.2575111757311344e-49}