{"correlation": -0.06422416503658139, "p_value": 8.895394075502263e-92}