{"correlation": 0.10689852789921236, "p_value": 1.2752272019938395e-251}