{"correlation": -0.07312329862586603, "p_value": 1.8100304397351302e-118}