{"correlation": 0.03648260125189118, "p_value": 8.928706848895432e-31}