{"correlation": -0.004941588025319408, "p_value": 0.11835225242349559}