{"correlation": 0.09512686312467578, "p_value": 1.856315178427934e-199}