{"correlation": 0.03985462329922849, "p_value": 2.0984825868729987e-36}