{"correlation": 0.09117929895037896, "p_value": 2.385589523848283e-183}