{"correlation": -0.022169593700897508, "p_value": 2.430617349082415e-12}