{"correlation": 0.07499809054347265, "p_value": 1.5513007564709982e-124}