{"correlation": 0.11540514413120577, "p_value": 3.5040738433131126e-293}