{"correlation": 0.10074600950482604, "p_value": 1.3844170490026472e-223}