{"correlation": 0.1169665680173839, "p_value": 3.6460490169944964e-301}