{"correlation": 0.040386520490448316, "p_value": 2.449406179670654e-37}