{"correlation": 0.0653348299466756, "p_value": 6.422537199746325e-95}