{"correlation": -0.05243426538624961, "p_value": 9.32645896776454e-62}