{"correlation": 0.1000378629882661, "p_value": 1.8175237522699364e-220}