{"correlation": 0.04558782838031734, "p_value": 4.1722016914296657e-47}