{"correlation": 0.09003945811182516, "p_value": 7.94530360568089e-179}