{"correlation": 0.0033829195110586826, "p_value": 0.2850128732171139}