{"correlation": -0.11725195067291033, "p_value": 1.2328493534634764e-302}