{"correlation": 0.020210020089791305, "p_value": 1.6835729816071427e-10}