{"correlation": 0.06644500311396816, "p_value": 4.107709690885898e-98}