{"correlation": 0.06210320466092695, "p_value": 6.281497999514751e-86}