{"correlation": -0.06940467625286618, "p_value": 6.823802101509812e-107}