{"correlation": 0.0795297936955063, "p_value": 7.693818435617843e-140}