{"correlation": 0.01176164314044772, "p_value": 0.00020142185058423835}