{"correlation": 0.022785255860190933, "p_value": 5.938495235116608e-13}