{"correlation": 0.053461488953587356, "p_value": 3.9398283956321934e-64}