{"correlation": -0.09159829881254042, "p_value": 5.019221901445877e-185}