{"correlation": -0.05461588620164277, "p_value": 7.454070499036635e-67}