{"correlation": 0.09510725507156556, "p_value": 2.240681820610878e-199}