{"correlation": -0.07988824743044133, "p_value": 4.334167561743722e-141}