{"correlation": 0.03193742795809855, "p_value": 5.7577117369590746e-24}