{"correlation": 0.09736837106169811, "p_value": 6.500141052973729e-209}