{"correlation": 0.0186663830719806, "p_value": 3.640405626087934e-09}