{"correlation": 0.10779704159061572, "p_value": 7.401696744545872e-256}