{"correlation": 0.10078283175337356, "p_value": 9.517287447037676e-224}