{"correlation": -0.09379483471225962, "p_value": 6.050359229990636e-194}