{"correlation": 0.0849973251391443, "p_value": 1.6378430485584684e-159}