{"correlation": 0.03026379804348839, "p_value": 1.10448578146719e-21}