{"correlation": 0.10226895147115427, "p_value": 2.2872418706477126e-230}