{"correlation": 0.07416530648897525, "p_value": 8.030769082610599e-122}