{"correlation": 0.07401200309648201, "p_value": 2.517957891949861e-121}