{"correlation": -0.06817084810317323, "p_value": 3.4736349789109023e-103}