{"correlation": 0.0489007672876067, "p_value": 6.10544764873531e-54}