{"correlation": 0.008811963115248006, "p_value": 0.005353629000997613}