{"correlation": 0.07093770523028119, "p_value": 1.365325949860954e-111}