{"correlation": 0.06661340255143798, "p_value": 1.3315963449671294e-98}