{"correlation": 0.09579858993175115, "p_value": 2.8739710420157553e-202}