{"correlation": 0.10409246782348133, "p_value": 1.2658506380502005e-238}