{"correlation": 0.031546340327574175, "p_value": 2.0161239184192058e-23}