{"correlation": -0.03397187289253807, "p_value": 6.646000687850075e-27}