{"correlation": 0.038555521600356045, "p_value": 3.5380400153124036e-34}