{"correlation": 0.03612201378408561, "p_value": 3.338865561382472e-30}