{"correlation": 0.028815654027458573, "p_value": 8.340281687827918e-20}