{"correlation": 0.09592230671826323, "p_value": 8.684037572041404e-203}