{"correlation": 0.03720263671226007, "p_value": 6.168154726765498e-32}