{"correlation": 0.10640848871650264, "p_value": 2.516121977042227e-249}