{"correlation": 0.08065726415054068, "p_value": 8.66339231289366e-144}