{"correlation": 0.07092268972360828, "p_value": 1.5197082275089811e-111}