{"correlation": -0.01617742965786231, "p_value": 3.171188560395158e-07}