{"correlation": 0.10295211821617144, "p_value": 1.9201905765661008e-233}