{"correlation": 0.09288089728213761, "p_value": 3.302247520810688e-190}