{"correlation": 0.07870050610948925, "p_value": 5.682374600672928e-137}