{"correlation": 0.0029119290786710954, "p_value": 0.35742896428940857}