{"correlation": 0.10203648807761462, "p_value": 2.5189635507590332e-229}