{"correlation": 0.020116258528156336, "p_value": 2.0426831610719255e-10}