{"correlation": -0.07045114300883482, "p_value": 4.3426350956761636e-110}