{"correlation": 0.08101775915239551, "p_value": 4.606528176671502e-145}