{"correlation": 0.09300761792145192, "p_value": 1.0066437792356372e-190}