{"correlation": -0.08607565948087395, "p_value": 1.5078909064204076e-163}