{"correlation": 0.10317170463988631, "p_value": 1.9508297701554968e-234}