{"correlation": 0.08938137465258138, "p_value": 3.0542521912376506e-176}