{"correlation": -0.08671608056181472, "p_value": 5.715805548256606e-166}