{"correlation": 0.05985030454194846, "p_value": 6.2395514448734004e-80}