{"correlation": -0.10367120748357754, "p_value": 1.0545761206483411e-236}