{"correlation": -0.0011216233642158207, "p_value": 0.7229844173622325}