{"correlation": 0.041877037355123964, "p_value": 5.124602509497145e-40}