{"correlation": 0.009172534567284849, "p_value": 0.003744642334674829}