{"correlation": 0.054908319578063754, "p_value": 1.4905648856624556e-67}