{"correlation": 0.11600747725705085, "p_value": 3.0074247241136004e-296}