{"correlation": 0.0386733819564213, "p_value": 2.237414439659989e-34}