{"correlation": 0.009162464981581188, "p_value": 0.0037828266891450284}