{"correlation": 0.09970915088764025, "p_value": 5.003821328778913e-219}