{"correlation": -0.10849685922631275, "p_value": 3.5057012915161424e-259}