{"correlation": -0.055242907871232795, "p_value": 2.3386383008195073e-68}