{"correlation": 0.08890034319717378, "p_value": 2.3020931782865013e-174}