{"correlation": -0.07600720926754496, "p_value": 7.26151486713482e-128}