{"correlation": 0.07550520686510527, "p_value": 3.3345080146753e-126}