{"correlation": 0.08990651886012799, "p_value": 2.6534654410170527e-178}