{"correlation": 0.06274443269254897, "p_value": 1.1234297587474258e-87}