{"correlation": 0.05109964390646839, "p_value": 9.677541634971055e-59}