{"correlation": -0.06361901487950752, "p_value": 4.345633858773195e-90}