{"correlation": -0.11595661036865319, "p_value": 5.467422825341252e-296}