{"correlation": 0.11008365588645351, "p_value": 8.415002235607344e-267}