{"correlation": 0.11904508496950428, "p_value": 5.815164250444e-312}