{"correlation": 0.1158958105265637, "p_value": 1.116626602398043e-295}