{"correlation": 0.0480898390927811, "p_value": 3.1826567652834933e-52}