{"correlation": 0.07630782349635885, "p_value": 7.251924264035782e-129}