{"correlation": -0.07911593463726664, "p_value": 2.0961160818627684e-138}