{"correlation": 0.035869287168908436, "p_value": 8.350584786604324e-30}