{"correlation": 0.1020688316719463, "p_value": 1.8046848684974896e-229}