{"correlation": 0.062199232550289925, "p_value": 3.447526126033649e-86}