{"correlation": -0.05532013907925335, "p_value": 1.5226379580446894e-68}