{"correlation": 0.10653869108862658, "p_value": 6.193944773350395e-250}