{"correlation": 0.11410771376110355, "p_value": 1.2416064951086037e-286}