{"correlation": 0.05052107390726287, "p_value": 1.8584002947290558e-57}