{"correlation": 0.10537845608922056, "p_value": 1.5484088586882433e-244}