{"correlation": -0.07739916382643124, "p_value": 1.5650383076884035e-132}