{"correlation": -0.004352746368201201, "p_value": 0.16893642361255284}