{"correlation": 0.08665411211687209, "p_value": 9.821112731811362e-166}