{"correlation": 0.06569530064029529, "p_value": 5.977395715034292e-96}