{"correlation": 0.05308475640370319, "p_value": 2.961877892495996e-63}