{"correlation": 0.04228698358092981, "p_value": 9.033121591767679e-41}