{"correlation": 0.03081959281346686, "p_value": 1.9879763860120726e-22}