{"correlation": 0.044919359521324684, "p_value": 8.741586218376216e-46}