{"correlation": 0.04656296796679905, "p_value": 4.551870667425677e-49}