{"correlation": -0.012115572800183258, "p_value": 0.00012861648796395108}