{"correlation": 0.08785652468827006, "p_value": 2.5136560382046497e-170}