{"correlation": 0.09273067975708348, "p_value": 1.3473622492145447e-189}