{"correlation": 0.09939987018390127, "p_value": 1.1209989574387342e-217}