{"correlation": -0.004953142079547309, "p_value": 0.11749411007081477}