{"correlation": 0.05334393551743504, "p_value": 7.404768035565575e-64}