{"correlation": 0.10767304200317204, "p_value": 2.8583244204767075e-255}