{"correlation": 0.024722186068394388, "p_value": 5.527585364482397e-15}