{"correlation": 0.0672147647443986, "p_value": 2.3289872111257495e-100}