{"correlation": 0.06603087113372523, "p_value": 6.477820017109814e-97}