{"correlation": 0.11411671601557567, "p_value": 1.118928172500291e-286}