{"correlation": 0.011407637437723023, "p_value": 0.0003117483154805714}