{"correlation": 0.10754085429973015, "p_value": 1.2047001476636281e-254}