{"correlation": 0.0319921853286434, "p_value": 4.825243599550549e-24}