{"correlation": 0.005517028610334455, "p_value": 0.08123048423948051}