{"correlation": 0.05343888905886177, "p_value": 4.448439916326152e-64}