{"correlation": 0.04472152230829886, "p_value": 2.1325160957536827e-45}