{"correlation": -0.09205846766931743, "p_value": 7.078132901845066e-187}