{"correlation": 0.007842528005765771, "p_value": 0.01319153461754181}