{"correlation": 0.07998635014653427, "p_value": 1.967987068565869e-141}