{"correlation": 0.11923060091250787, "p_value": 6.18540335003e-313}