{"correlation": 0.08501096501555104, "p_value": 1.457281879092223e-159}