{"correlation": 0.07597321789598213, "p_value": 9.417044257784028e-128}