{"correlation": 0.05019622914925539, "p_value": 9.623094275178778e-57}