{"correlation": 0.09538682219433181, "p_value": 1.5257954927307706e-200}