{"correlation": -0.09088070240804388, "p_value": 3.697486746605601e-182}