{"correlation": -0.053223578307414976, "p_value": 1.4107738335676673e-63}