{"correlation": 0.050924844737545716, "p_value": 2.371583900051647e-58}