{"correlation": 0.07560973677627415, "p_value": 1.506171889030892e-126}