{"correlation": 0.09865286674168287, "p_value": 1.9650478688562575e-214}