{"correlation": -0.04968905414256984, "p_value": 1.2278912115200626e-55}