{"correlation": 0.0653685444592486, "p_value": 5.1463741762954614e-95}