{"correlation": 0.030166755603281352, "p_value": 1.4853552244482382e-21}