{"correlation": 0.07514504207156862, "p_value": 5.112201007440193e-125}