{"correlation": 0.04540351738385328, "p_value": 9.696011223820612e-47}