{"correlation": 0.04805017967426218, "p_value": 3.855063725007349e-52}