{"correlation": 0.04254607524574144, "p_value": 2.989871155581306e-41}