{"correlation": 0.0072675993744613955, "p_value": 0.021627302283655805}