{"correlation": 0.12022576864686847, "p_value": 3.50151e-318}