{"correlation": 0.09155625749934357, "p_value": 7.40031167052635e-185}