{"correlation": 0.08918542379431538, "p_value": 1.7817201180901655e-175}