{"correlation": 0.04790263586045725, "p_value": 7.854396919973807e-52}