{"correlation": -0.10864770968436115, "p_value": 6.68749478050496e-260}