{"correlation": 0.09733369560715288, "p_value": 9.139136560973074e-209}