{"correlation": 0.10734507897645582, "p_value": 1.0109837314733712e-253}