{"correlation": -0.007076501901087617, "p_value": 0.02532201338976184}