{"correlation": -0.0001495703282829294, "p_value": 0.962298397635989}