{"correlation": 0.09174112141756055, "p_value": 1.3404055541114101e-185}