{"correlation": 0.08695718343685416, "p_value": 6.93124982388369e-167}