{"correlation": -0.10337125323596265, "p_value": 2.4313550900168183e-235}