{"correlation": 0.06731940020760836, "p_value": 1.147618325407182e-100}