{"correlation": 0.09732173803736242, "p_value": 1.0278348751184864e-208}