{"correlation": 0.10741524098986335, "p_value": 4.718965851607319e-254}