{"correlation": 0.023909813973880915, "p_value": 4.1110268388594696e-14}