{"correlation": 0.02160401319229643, "p_value": 8.58464703521611e-12}