{"correlation": -0.03561205869066581, "p_value": 2.1090737944165933e-29}