{"correlation": 0.010101672695435819, "p_value": 0.0014101294129115934}