{"correlation": 0.11758560449929124, "p_value": 2.3255940295986465e-304}