{"correlation": 0.010521759890593417, "p_value": 0.000883099057774212}