{"correlation": -0.06575895527662025, "p_value": 3.924859123981316e-96}