{"correlation": 0.11004842205725132, "p_value": 1.2458724897120363e-266}