{"correlation": 0.09021799762547075, "p_value": 1.5686815680213454e-179}