{"correlation": -0.0986556597812705, "p_value": 1.911133802921171e-214}