{"correlation": 0.019330645945780652, "p_value": 9.979164214141556e-10}