{"correlation": 0.07177392254542865, "p_value": 3.378045475925016e-114}