{"correlation": -0.005452381528322828, "p_value": 0.08485969072464271}