{"correlation": 0.11017162107938389, "p_value": 3.157473252865806e-267}