{"correlation": 0.09872193789100349, "p_value": 9.873821192794907e-215}