{"correlation": 0.045076445781171856, "p_value": 4.293928475438584e-46}