{"correlation": -0.03167758121119719, "p_value": 1.3261948463169072e-23}