{"correlation": 0.05531335410655075, "p_value": 1.5811747815953658e-68}