{"correlation": 0.08194729344127094, "p_value": 2.244261541872826e-148}