{"correlation": 0.11076386668682855, "p_value": 4.2078874186079464e-270}