{"correlation": 0.1195994839324701, "p_value": 7.106021077e-315}