{"correlation": -0.06388366486483375, "p_value": 7.969416182829572e-91}