{"correlation": 0.028257591361993715, "p_value": 4.176637949678535e-19}