{"correlation": 0.04335298851876072, "p_value": 9.151815038794465e-43}