{"correlation": 0.10317877675484009, "p_value": 1.812167811694476e-234}