{"correlation": -0.01730650768631693, "p_value": 4.5033494170463934e-08}