{"correlation": 0.11147400417021286, "p_value": 1.431007281243613e-273}