{"correlation": -0.11550901015902969, "p_value": 1.0398640903767244e-293}