{"correlation": 0.01474584323509837, "p_value": 3.154961724407431e-06}