{"correlation": 0.10313760861528472, "p_value": 2.783345890339243e-234}