{"correlation": 0.08385555320014239, "p_value": 2.700827169219826e-155}