{"correlation": 0.08046003660419544, "p_value": 4.289816325880075e-143}