{"correlation": 0.0850567704036641, "p_value": 9.842972740827877e-160}