{"correlation": 0.08456978061043184, "p_value": 6.31246215143174e-158}