{"correlation": 0.06964786800924189, "p_value": 1.2460200652810247e-107}