{"correlation": 0.07007670655045241, "p_value": 6.122653998980237e-109}