{"correlation": -0.04631588196130859, "p_value": 1.443062059545265e-48}