{"correlation": 0.07801777827962617, "p_value": 1.2394084685297444e-134}