{"correlation": 0.0448540875318932, "p_value": 1.1737074071839122e-45}