{"correlation": 0.09930757503179272, "p_value": 2.8296565415742013e-217}