{"correlation": 0.08295043164279027, "p_value": 5.4156410442485355e-152}