{"correlation": 0.08528678136100357, "p_value": 1.3676486939213984e-160}