{"correlation": -0.07354408806422312, "p_value": 8.117821600254167e-120}