{"correlation": 0.029567132352556483, "p_value": 9.075925438021146e-21}