{"correlation": 0.10736713099696182, "p_value": 7.957313463614136e-254}