{"correlation": 0.029420947401792182, "p_value": 1.403403517699056e-20}