{"correlation": 0.08450530445330229, "p_value": 1.0931090660542059e-157}