{"correlation": 0.005676823084019711, "p_value": 0.07279838365787161}