{"correlation": 0.07444047211103966, "p_value": 1.0265127017779382e-122}