{"correlation": -0.012775961125645805, "p_value": 5.394946305117825e-05}