{"correlation": -0.01135600605443391, "p_value": 0.00033192606238722095}