{"correlation": 0.032176841824402586, "p_value": 2.6534441380551887e-24}