{"correlation": 0.11291565690052871, "p_value": 1.1081171424112669e-280}