{"correlation": -0.10485073598337971, "p_value": 4.218021770491626e-242}