{"correlation": 0.0199528142238904, "p_value": 2.8554992927253307e-10}