{"correlation": 0.08921607106392807, "p_value": 1.352563126654495e-175}