{"correlation": 0.010763434694650858, "p_value": 0.0006696147698296124}