{"correlation": 0.07051120081903112, "p_value": 2.8369786294246956e-110}