{"correlation": 0.011464592950018544, "p_value": 0.00029082474167469786}