{"correlation": 0.10956949605077561, "p_value": 2.549260829989236e-264}