{"correlation": 0.057195039884506305, "p_value": 3.78790311277418e-73}