{"correlation": -0.0834358803874162, "p_value": 9.270300747395527e-154}