{"correlation": 0.05355001825302221, "p_value": 2.4473996591397134e-64}