{"correlation": -0.11965013698631963, "p_value": 3.844064852e-315}