{"correlation": 0.049162980163640575, "p_value": 1.6764180619746848e-54}