{"correlation": 0.04180585330216463, "p_value": 6.915332266488034e-40}