{"correlation": 0.05640597729907098, "p_value": 3.4261321838850876e-71}