{"correlation": 0.09092743964913333, "p_value": 2.4091118133694838e-182}