{"correlation": -0.10931010124677686, "p_value": 4.5056509761162886e-263}