{"correlation": 0.09738868304568694, "p_value": 5.323700685520439e-209}