{"correlation": 0.048624141994933805, "p_value": 2.3695363009406724e-53}