{"correlation": -0.04045591809459065, "p_value": 1.8469146832164026e-37}