{"correlation": -0.0018182749702772838, "p_value": 0.5655347296228485}