{"correlation": 0.10640116000561091, "p_value": 2.722542442747594e-249}