{"correlation": 0.1091369872801007, "p_value": 3.051567904078495e-262}