{"correlation": 0.08244361037095371, "p_value": 3.688601340954692e-150}