{"correlation": 0.09131778810131708, "p_value": 6.670905587538474e-184}