{"correlation": 0.0802935090241027, "p_value": 1.6508538047422967e-142}