{"correlation": -0.019043020552298846, "p_value": 1.7569513376504658e-09}