{"correlation": 0.11781840751093815, "p_value": 1.4467432346144015e-305}