{"correlation": 0.03390744489251398, "p_value": 8.285737374849706e-27}