{"correlation": -0.06745402419047372, "p_value": 4.6092374871789206e-101}