{"correlation": 0.0663848676740322, "p_value": 6.137639540825123e-98}