{"correlation": 0.07509771327865315, "p_value": 7.311024390777195e-125}