{"correlation": 0.012078872178678673, "p_value": 0.0001348146898299418}