{"correlation": -0.08960145388962039, "p_value": 4.193971816470219e-177}