{"correlation": 0.08250899461713282, "p_value": 2.1428900372104715e-150}