{"correlation": -0.039395889488479476, "p_value": 1.3079532153007613e-35}