{"correlation": 0.08343161157232401, "p_value": 9.608896957296818e-154}