{"correlation": 0.033709756812097987, "p_value": 1.6258171496888242e-26}