{"correlation": 0.03420151331476591, "p_value": 3.018195455406852e-27}