{"correlation": 0.056401053546263354, "p_value": 3.5231143439203927e-71}