{"correlation": 0.06252005849373793, "p_value": 4.613948412495478e-87}