{"correlation": 0.08374214898343592, "p_value": 7.034202888232799e-155}