{"correlation": 0.11871472488736698, "p_value": 3.11699530103657e-310}