{"correlation": 0.10704723859021195, "p_value": 2.5524485985130144e-252}