{"correlation": 0.019393883519545636, "p_value": 8.802609381690175e-10}