{"correlation": 0.04644441193033724, "p_value": 7.924191109257997e-49}