{"correlation": -0.07017984293536322, "p_value": 2.95813228006425e-109}