{"correlation": 0.05861870559828916, "p_value": 9.54460259262776e-77}