{"correlation": 0.09721948603591736, "p_value": 2.804991493653454e-208}