{"correlation": -0.0012118988870464449, "p_value": 0.7017172937996667}