{"correlation": 0.015080552518385134, "p_value": 1.8767475485393875e-06}