{"correlation": -0.040449784632434045, "p_value": 1.8936165671381483e-37}