{"correlation": 0.10654418333910336, "p_value": 5.838099168359324e-250}