{"correlation": -0.03464746053947153, "p_value": 6.419804827959057e-28}