{"correlation": -0.04435530204666687, "p_value": 1.0998903215394047e-44}