{"correlation": 0.08499921533805378, "p_value": 1.6115465106288651e-159}