{"correlation": 0.09445983362793989, "p_value": 1.0946864245669906e-196}