{"correlation": 0.033799478570596515, "p_value": 1.1978955688244757e-26}