{"correlation": 0.10762549054623315, "p_value": 4.796753536717636e-255}