{"correlation": -0.022671342084188095, "p_value": 7.72929012959412e-13}