{"correlation": 0.07631222803221907, "p_value": 7.010733553571473e-129}