{"correlation": -0.059987011780477065, "p_value": 2.7388855582272138e-80}