{"correlation": 0.10858694045246729, "p_value": 1.3038792661197005e-259}