{"correlation": -0.018630335535850768, "p_value": 3.900461568860959e-09}