{"correlation": 0.09204322441585433, "p_value": 8.154082108309052e-187}