{"correlation": -0.093320754459823, "p_value": 5.3076309387913104e-192}