{"correlation": 0.11072352917036145, "p_value": 6.612992621044718e-270}