{"correlation": 0.10087606833882952, "p_value": 3.682460235564989e-224}