{"correlation": 0.08814723090828593, "p_value": 1.9077261270517176e-171}