{"correlation": 0.05812273124704378, "p_value": 1.7518530044587426e-75}