{"correlation": 0.07426804896267758, "p_value": 3.728794038953299e-122}