{"correlation": 0.08302712479437124, "p_value": 2.8526954536811405e-152}