{"correlation": 0.027309769524056948, "p_value": 6.0041459962724236e-18}