{"correlation": -0.061091984973443, "p_value": 3.2910761594614157e-83}