{"correlation": 0.0015386169081148071, "p_value": 0.6267842504035206}