{"correlation": 0.08286958444514272, "p_value": 1.0637555025147007e-151}