{"correlation": 0.11807753931930728, "p_value": 6.530704116320688e-307}