{"correlation": 0.07023289451395431, "p_value": 2.0339050212817765e-109}