{"correlation": 0.07125717005593227, "p_value": 1.3901508117058814e-112}