{"correlation": 0.03010064384950013, "p_value": 1.816589697452275e-21}