{"correlation": 0.08548609385748694, "p_value": 2.462229007678726e-161}