{"correlation": 0.08412285226431483, "p_value": 2.8143532647621165e-156}