{"correlation": 0.10157254793500765, "p_value": 2.9743789885721437e-227}