{"correlation": 0.04064000137487009, "p_value": 8.713474784509897e-38}