{"correlation": 0.05915311149769173, "p_value": 4.037034253996262e-78}