{"correlation": -0.017180815497124406, "p_value": 5.630668164715285e-08}