{"correlation": 0.10983049983685249, "p_value": 1.4069616814883802e-265}