{"correlation": 0.060950546080471964, "p_value": 7.836370177051855e-83}