{"correlation": 0.10048175440978559, "p_value": 2.0299859268460883e-222}