{"correlation": 0.01882674940016194, "p_value": 2.6740566156792457e-09}