{"correlation": 0.001667089337775611, "p_value": 0.5982908519743816}