{"correlation": -0.012185204989942454, "p_value": 0.0001175877384477838}