{"correlation": 0.09285629578937898, "p_value": 4.158053096457407e-190}