{"correlation": -0.09392458745520445, "p_value": 1.7710017164856978e-194}