{"correlation": -0.044967278773877434, "p_value": 7.039210091636428e-46}