{"correlation": 0.1109889405230479, "p_value": 3.3668501028223363e-271}