{"correlation": 0.016670407397692617, "p_value": 1.3731228795037336e-07}