{"correlation": 0.033059201605199, "p_value": 1.4538492997781399e-25}