{"correlation": -0.03918737973849878, "p_value": 2.9839452575783367e-35}