{"correlation": 0.055302894735233366, "p_value": 1.6758359362686993e-68}