{"correlation": 0.11962076381713482, "p_value": 5.489592323e-315}