{"correlation": 0.07720263939307019, "p_value": 7.22017157004683e-132}