{"correlation": 0.049274339632033565, "p_value": 9.662358173024817e-55}