{"correlation": 0.0861783408993976, "p_value": 6.185530092786937e-164}