{"correlation": 0.10607063780019789, "p_value": 9.480182144234762e-248}