{"correlation": 0.10099501984762072, "p_value": 1.0951277761714456e-224}