{"correlation": 0.07869983199833286, "p_value": 5.712801980185116e-137}