{"correlation": 0.07816702138388758, "p_value": 3.834760242530182e-135}