{"correlation": 0.03878091130403242, "p_value": 1.4711271733649787e-34}