{"correlation": -0.05912856212279446, "p_value": 4.671328201041145e-78}