{"correlation": 0.030968662382375077, "p_value": 1.2485323233201464e-22}