{"correlation": 0.1154796317584334, "p_value": 1.4664124212990846e-293}