{"correlation": -0.007612074183319507, "p_value": 0.01614057393311951}