{"correlation": 0.0920859982745795, "p_value": 5.481471311877445e-187}