{"correlation": 0.11928864708337915, "p_value": 3.0658091204e-313}