{"correlation": 0.04472873441448476, "p_value": 2.0644443031124708e-45}