{"correlation": -0.006927124740071458, "p_value": 0.028579089722656607}