{"correlation": 0.10419660368443025, "p_value": 4.23019529521228e-239}