{"correlation": 0.11952701496439776, "p_value": 1.710742668e-314}