{"correlation": 0.11386442788019202, "p_value": 2.0589118341142374e-285}