{"correlation": -0.05644078085783615, "p_value": 2.812452094407466e-71}