{"correlation": -0.008171236898292352, "p_value": 0.009810303818368442}