{"correlation": 0.08596527508810531, "p_value": 3.925306253820306e-163}