{"correlation": -0.11950165637194676, "p_value": 2.3261875355e-314}