{"correlation": 0.04897686316931684, "p_value": 4.1987743301721105e-54}