{"correlation": 0.10956542890846557, "p_value": 2.6668288007040896e-264}