{"correlation": 0.032609142241349864, "p_value": 6.457330627488986e-25}