{"correlation": 0.073814493787185, "p_value": 1.093763159245051e-120}