{"correlation": 0.07837706904217949, "p_value": 7.328700031995348e-136}