{"correlation": 0.057274754681822075, "p_value": 2.3946468483742566e-73}