{"correlation": 0.10968767905045687, "p_value": 6.872409400408055e-265}