{"correlation": 0.0670055664447734, "p_value": 9.555486188692454e-100}