{"correlation": -0.06488227819628858, "p_value": 1.2423737047134443e-93}