{"correlation": 0.04501321709894195, "p_value": 5.7181108660286345e-46}