{"correlation": 0.11166116189003449, "p_value": 1.7288479588584524e-274}