{"correlation": 0.08043655684263146, "p_value": 5.188403137892544e-143}