{"correlation": 0.11818032189951795, "p_value": 1.907500060324852e-307}