{"correlation": 0.050852014776604074, "p_value": 3.442201500888909e-58}