{"correlation": 0.06024438122937026, "p_value": 5.78316539681267e-81}