{"correlation": 0.009141686941935926, "p_value": 0.003862738586867376}