{"correlation": -0.01198698844876261, "p_value": 0.00015158937742716096}