{"correlation": 0.07212308622845018, "p_value": 2.6989175923075164e-115}