{"correlation": -0.04926194959136264, "p_value": 1.0273883657288593e-54}