{"correlation": 0.09920065796391268, "p_value": 8.262173732508967e-217}