{"correlation": 0.09098017347290965, "p_value": 1.4853193885004087e-182}