{"correlation": 0.09711901283048227, "p_value": 7.514513025609275e-208}