{"correlation": -0.07018693269926346, "p_value": 2.813736467747804e-109}