{"correlation": -0.020756703889446934, "p_value": 5.360461228478658e-11}