{"correlation": -0.052008108409751654, "p_value": 8.733794111275263e-61}