{"correlation": 0.10307696863548835, "p_value": 5.235367011388576e-234}