{"correlation": 0.09208544873684801, "p_value": 5.509517587598021e-187}