{"correlation": 0.07758495235560564, "p_value": 3.6746102898184455e-133}