{"correlation": -0.06885805200286713, "p_value": 3.0512806071301367e-105}