{"correlation": 0.02707530247094451, "p_value": 1.1451592382263394e-17}