{"correlation": -0.01620818072597506, "p_value": 3.011936296082572e-07}