{"correlation": 0.02084955406215925, "p_value": 4.4007083683233526e-11}