{"correlation": -0.02569040849354811, "p_value": 4.645587053509369e-16}