{"correlation": 0.06914962557743991, "p_value": 4.0341240275858902e-106}