{"correlation": 0.054407000592487605, "p_value": 2.3411893824584183e-66}