{"correlation": 0.039013730287995214, "p_value": 5.911070284484398e-35}