{"correlation": 0.023454674987528203, "p_value": 1.2297933657097047e-13}