{"correlation": -0.086357716575866, "p_value": 1.3008061053318457e-164}