{"correlation": -0.006613473517463043, "p_value": 0.03660738783405894}