{"correlation": -0.033050197119223815, "p_value": 1.4981678406264038e-25}