{"correlation": 0.09497321458783932, "p_value": 8.102459450907175e-199}