{"correlation": 0.11393114667993719, "p_value": 9.537289716851701e-286}