{"correlation": 0.10690064778457092, "p_value": 1.2463370089043265e-251}