{"correlation": 0.04607740138866687, "p_value": 4.369299560260883e-48}