{"correlation": -0.002267460525522989, "p_value": 0.47362145857738847}