{"correlation": -0.06583548051300361, "p_value": 2.3657155507015265e-96}