{"correlation": -0.04424079845913803, "p_value": 1.8319491343087312e-44}