{"correlation": 0.08474985047508532, "p_value": 1.3590545870740504e-158}