{"correlation": 0.02523568102898131, "p_value": 1.503659913089934e-15}