{"correlation": 0.10268149715035021, "p_value": 3.1938639410172728e-232}