{"correlation": 0.08633726076613717, "p_value": 1.5542027383207232e-164}