{"correlation": -0.033616914670899924, "p_value": 2.228292048014047e-26}