{"correlation": 0.09154977139047969, "p_value": 7.856997711408672e-185}