{"correlation": 0.0790531522841874, "p_value": 3.45529974735612e-138}