{"correlation": -0.028890933646378424, "p_value": 6.69541384592349e-20}