{"correlation": 0.060284330594569634, "p_value": 4.540124475645875e-81}