{"correlation": -0.11630204001940776, "p_value": 9.38993356622276e-298}