{"correlation": 0.07922664341475227, "p_value": 8.673915484170945e-139}