{"correlation": -0.003162758316372202, "p_value": 0.31752991881247505}