{"correlation": 0.10977488474667486, "p_value": 2.6098986828845716e-265}