{"correlation": -0.007303372221329407, "p_value": 0.020990439412962407}