{"correlation": 0.007595650914592505, "p_value": 0.01637131683653744}