{"correlation": -0.07290701920106085, "p_value": 8.864064470876779e-118}