{"correlation": 0.04355460646212151, "p_value": 3.7911085814128375e-43}