{"correlation": 0.12020096883243724, "p_value": 4.737615e-318}