{"correlation": 0.029152375589058043, "p_value": 3.108524426265619e-20}