{"correlation": 0.03774595030464675, "p_value": 7.934817499492268e-33}