{"correlation": 0.11136881931758247, "p_value": 4.686108190790723e-273}