{"correlation": 0.08606756039998693, "p_value": 1.6176122977809678e-163}