{"correlation": 0.009511301940215555, "p_value": 0.0026472815543958643}