{"correlation": -0.029861392871470785, "p_value": 3.750345161662753e-21}