{"correlation": 0.08655521406306232, "p_value": 2.3280242732615826e-165}