{"correlation": 0.08815835721027301, "p_value": 1.7281580421860613e-171}