{"correlation": 0.04344438329689258, "p_value": 6.14082537291734e-43}