{"correlation": 0.1099606341192235, "p_value": 3.31012587837276e-266}