{"correlation": 0.11194671894932484, "p_value": 6.827327822599619e-276}