{"correlation": 0.08487625791695025, "p_value": 4.615069097194643e-159}