{"correlation": -0.06594532609103838, "p_value": 1.142670048505742e-96}