{"correlation": -0.005078400290743235, "p_value": 0.10850136931545445}