{"correlation": -0.07370390898073226, "p_value": 2.4849490909311213e-120}