{"correlation": -0.04132150416010821, "p_value": 5.242795848409782e-39}