{"correlation": 0.03546208854737119, "p_value": 3.608827105532075e-29}