{"correlation": -0.039715285054520606, "p_value": 3.666499571709484e-36}