{"correlation": 0.04191109649288405, "p_value": 4.439241395023427e-40}