{"correlation": 0.08447997470988353, "p_value": 1.3561104863119963e-157}