{"correlation": 0.00782886606284718, "p_value": 0.01335206063451732}