{"correlation": -0.05390444690335827, "p_value": 3.6096481223047905e-65}