{"correlation": 0.04368356925435982, "p_value": 2.1529046654810256e-43}