{"correlation": 0.09230044502649976, "p_value": 7.463682027793337e-188}