{"correlation": 0.11352896697187978, "p_value": 9.795204269896431e-284}