{"correlation": 0.03548881493271611, "p_value": 3.279934043409841e-29}