{"correlation": 0.07359805582149946, "p_value": 5.444504002959649e-120}