{"correlation": 0.007966218360388397, "p_value": 0.011814114348264137}