{"correlation": 0.0859882628524607, "p_value": 3.216537379189725e-163}