{"correlation": 0.04087914508069516, "p_value": 3.267064614300337e-38}