{"correlation": 0.104903013618252, "p_value": 2.4233972445177304e-242}