{"correlation": -0.11268410003800966, "p_value": 1.5597828667067795e-279}