{"correlation": 0.06463471555059855, "p_value": 6.226476772766303e-93}