{"correlation": 0.08523236440282415, "p_value": 2.1826024252808473e-160}