{"correlation": 0.04820209597856879, "p_value": 1.848422442050423e-52}