{"correlation": 0.05349993221169174, "p_value": 3.204274715108711e-64}