{"correlation": 0.06452526846646453, "p_value": 1.2672165150535112e-92}