{"correlation": 0.05629092643514329, "p_value": 6.573411416865691e-71}