{"correlation": 0.02662078947632989, "p_value": 3.942100870474375e-17}