{"correlation": 0.07018543569415554, "p_value": 2.8436279745813407e-109}