{"correlation": 0.07720528134036536, "p_value": 7.073463555353668e-132}