{"correlation": 0.05434143602064735, "p_value": 3.3500778554981093e-66}