{"correlation": 0.06147027805720977, "p_value": 3.2011598453398023e-84}