{"correlation": -0.031268265931479564, "p_value": 4.869643264562405e-23}