{"correlation": 0.10906119136427025, "p_value": 7.044337907460279e-262}