{"correlation": 0.09742336304008432, "p_value": 3.785531323134864e-209}