{"correlation": 0.07629370680477257, "p_value": 8.082185529883494e-129}