{"correlation": 0.08914845556962314, "p_value": 2.4839920132719892e-175}