{"correlation": 0.041456872717293536, "p_value": 2.9833881899644135e-39}