{"correlation": 0.1202501706594065, "p_value": 2.600347e-318}