{"correlation": 0.1077043472184164, "p_value": 2.0325291190430032e-255}