{"correlation": 0.008029657017774139, "p_value": 0.01115841090603861}