{"correlation": 0.10726652717816101, "p_value": 2.371085660876902e-253}