{"correlation": 0.11472982594777908, "p_value": 9.184237228450926e-290}