{"correlation": 0.053795828163003004, "p_value": 6.498155402383462e-65}