{"correlation": 0.06654558354956128, "p_value": 2.096752515389869e-98}