{"correlation": 0.10845334460775713, "p_value": 5.651148242219378e-259}