{"correlation": 0.10606052756125846, "p_value": 1.0565800290505775e-247}