{"correlation": 0.07212866160437269, "p_value": 2.591921607161782e-115}