{"correlation": -0.046752811283101124, "p_value": 1.868019556333155e-49}