{"correlation": 0.10290099865869781, "p_value": 3.2676348223369208e-233}