{"correlation": 0.012650177919468713, "p_value": 6.386200671590013e-05}