{"correlation": 0.10736225828678776, "p_value": 8.38964739882803e-254}