{"correlation": -0.028482274985190167, "p_value": 2.1915413340366576e-19}