{"correlation": 0.10717487670830593, "p_value": 6.405197152345936e-253}