{"correlation": 0.07646257507024036, "p_value": 2.2070924209769326e-129}