{"correlation": 0.08466005618106427, "p_value": 2.924192346894133e-158}