{"correlation": 0.09681386076899486, "p_value": 1.489184272247001e-206}