{"correlation": 0.07802239632989823, "p_value": 1.195265526584973e-134}