{"correlation": 0.12010606857145346, "p_value": 1.505764e-317}