{"correlation": -0.007067068200781442, "p_value": 0.025517767511305352}