{"correlation": 0.10376315375066662, "p_value": 4.022866521316931e-237}