{"correlation": 0.11773864953090435, "p_value": 3.748780031800037e-305}