{"correlation": -0.004048760096113896, "p_value": 0.2007007813666568}