{"correlation": 0.048420928492821064, "p_value": 6.385450195939811e-53}