{"correlation": 0.048220951821667225, "p_value": 1.6869738500888925e-52}