{"correlation": 0.05569259054984148, "p_value": 1.9062531159464318e-69}