{"correlation": 0.06993304660567234, "p_value": 1.6834984648208387e-108}