{"correlation": -0.10033918582791422, "p_value": 8.61766435150897e-222}