{"correlation": 0.06195770774563452, "p_value": 1.5562370770252342e-85}