{"correlation": 0.09480357194826071, "p_value": 4.1112945230766164e-198}