{"correlation": -0.09704409198777485, "p_value": 1.5657990185208696e-207}