{"correlation": -0.002506083159392147, "p_value": 0.4283532497404568}