{"correlation": 0.013040938947607897, "p_value": 3.76288964394348e-05}