{"correlation": -0.002388820294013547, "p_value": 0.45027698521092624}