{"correlation": 0.06247879272087059, "p_value": 5.979564267048819e-87}