{"correlation": 0.02268247001111744, "p_value": 7.533250752214787e-13}