{"correlation": 0.09472736414754013, "p_value": 8.519773278973435e-198}