{"correlation": 0.009245314787613389, "p_value": 0.0034789089198835866}