{"correlation": -0.007525218189325905, "p_value": 0.017394060302411325}