{"correlation": 0.08361801436558, "p_value": 2.0027020822224368e-154}