{"correlation": 0.005284677354306466, "p_value": 0.09488813978954534}