{"correlation": 0.015661351871441454, "p_value": 7.427136177200172e-07}