{"correlation": 0.11338394755342829, "p_value": 5.1828844845845925e-283}