{"correlation": 0.09414624853374669, "p_value": 2.162635957180128e-195}