{"correlation": 0.020317285226493384, "p_value": 1.3480668715007825e-10}