{"correlation": 0.10749981507495174, "p_value": 1.882287000595736e-254}