{"correlation": 0.016044245588330387, "p_value": 3.959822215568943e-07}