{"correlation": 0.03128152860828208, "p_value": 4.6698905066694505e-23}