{"correlation": 0.058759647924197946, "p_value": 4.156005986186013e-77}