{"correlation": 0.07206179558822574, "p_value": 4.209432955493755e-115}