{"correlation": 0.10215653511166138, "p_value": 7.302444039643733e-230}