{"correlation": 0.05296298580691591, "p_value": 5.667883521584892e-63}