{"correlation": 0.07744341860514414, "p_value": 1.108563847695237e-132}