{"correlation": 0.0567454550459579, "p_value": 4.970885619588926e-72}