{"correlation": 0.1102512051010461, "p_value": 1.2998306163337842e-267}