{"correlation": 0.0540205571125016, "p_value": 1.9229182016650414e-65}