{"correlation": 0.047571129244751716, "p_value": 3.8557968910852393e-51}