{"correlation": 0.10391155486698944, "p_value": 8.476386297598771e-238}