{"correlation": 0.09813204582909003, "p_value": 3.4692843983303104e-212}