{"correlation": -0.015301308022928319, "p_value": 1.3245052321931232e-06}