{"correlation": 0.045577800290496545, "p_value": 4.3684681596225613e-47}