{"correlation": 0.04116076551408426, "p_value": 1.0215827251330743e-38}