{"correlation": 0.10813211768579123, "p_value": 1.906605094453859e-257}