{"correlation": 0.0669243518346257, "p_value": 1.6509978659677798e-99}