{"correlation": 0.021211704492671797, "p_value": 2.0222454029103423e-11}