{"correlation": 0.043484907369255775, "p_value": 5.143738481991927e-43}