{"correlation": -0.019233067106235856, "p_value": 1.2101272595085189e-09}