{"correlation": 0.09634282587107545, "p_value": 1.4686997280323229e-204}