{"correlation": 0.05204222118521849, "p_value": 7.306835954701027e-61}