{"correlation": 0.031876169082753876, "p_value": 7.013549567901601e-24}