{"correlation": 0.07706174587739822, "p_value": 2.155533091140563e-131}