{"correlation": 0.04771889841776829, "p_value": 1.8997238983228828e-51}