{"correlation": 0.11766898580167703, "p_value": 8.606378806963545e-305}