{"correlation": 0.06967141171783639, "p_value": 1.0565543521452108e-107}