{"correlation": 0.06892891845778025, "p_value": 1.8674588036229067e-105}