{"correlation": 0.10391186523464908, "p_value": 8.448803989226167e-238}