{"correlation": 0.052679688757436754, "p_value": 2.5506295121122045e-62}