{"correlation": -0.03316727429604287, "p_value": 1.0132723467998356e-25}