{"correlation": 0.08702334671928033, "p_value": 3.8807891757399645e-167}