{"correlation": 0.03728396936115663, "p_value": 4.546160312639761e-32}