{"correlation": 0.09362847520207895, "p_value": 2.9159488495989277e-193}