{"correlation": 0.08563451026208994, "p_value": 6.850010604510599e-162}