{"correlation": 0.10498165416691811, "p_value": 1.0522912682475212e-242}