{"correlation": 0.036459327856329556, "p_value": 9.725885838944688e-31}