{"correlation": 0.02731120767408969, "p_value": 5.98031393634609e-18}