{"correlation": 0.010499107978351307, "p_value": 0.0009060499603380481}