{"correlation": 0.07435549403470892, "p_value": 1.9391986146481675e-122}