{"correlation": 0.031243665158242204, "p_value": 5.262817593199832e-23}