{"correlation": -0.11351658285663595, "p_value": 1.1293788412260382e-283}