{"correlation": 0.06604682375688449, "p_value": 5.826758609098987e-97}