{"correlation": 0.11877057746900961, "p_value": 1.5912510603238e-310}