{"correlation": 0.023575127449386793, "p_value": 9.220441525812171e-14}