{"correlation": -0.02257974246880916, "p_value": 9.545072971201537e-13}