{"correlation": 0.11331029288417227, "p_value": 1.2069808249330508e-282}