{"correlation": 0.021035509881759323, "p_value": 2.956818043578158e-11}