{"correlation": 0.10306541562667026, "p_value": 5.904767441602069e-234}