{"correlation": 0.07572342437841928, "p_value": 6.3377078547942005e-127}