{"correlation": 0.09686809064313263, "p_value": 8.764917741509347e-207}