{"correlation": 0.004071269558901791, "p_value": 0.1982088293934219}