{"correlation": 0.018107269321285133, "p_value": 1.0465257161402317e-08}