{"correlation": -0.015818886019127017, "p_value": 5.743628690515607e-07}