{"correlation": -0.01819943308484918, "p_value": 8.81181198057833e-09}