{"correlation": 0.03503417287342481, "p_value": 1.65057142018931e-28}