{"correlation": 0.11842102392368188, "p_value": 1.063859390652839e-308}