{"correlation": 0.07037066701389584, "p_value": 7.678257556701652e-110}