{"correlation": -0.07002591995014282, "p_value": 8.756588187685006e-109}