{"correlation": -0.023269095705486798, "p_value": 1.911297081176557e-13}