{"correlation": 0.026743995750225357, "p_value": 2.825365933247876e-17}