{"correlation": 0.0359994020121987, "p_value": 5.2130627310689215e-30}