{"correlation": -0.06944530929577118, "p_value": 5.1382667734026555e-107}