{"correlation": 0.05749093452264663, "p_value": 6.882503200739175e-74}