{"correlation": 0.08604193752920977, "p_value": 2.0200481690355396e-163}