{"correlation": -0.08138787526448098, "p_value": 2.2339688106130415e-146}