{"correlation": -0.07121018952145722, "p_value": 1.946491698551896e-112}