{"correlation": 0.06472594447859668, "p_value": 3.4403498453523032e-93}