{"correlation": 0.11449764332570474, "p_value": 1.3602015845620465e-288}