{"correlation": -0.023777867762809296, "p_value": 5.660065479830014e-14}