{"correlation": 0.04356751980059703, "p_value": 3.5825486444310628e-43}