{"correlation": -0.041187425235528166, "p_value": 9.147455922804814e-39}