{"correlation": -0.00024769912475566336, "p_value": 0.9376039402440542}