{"correlation": 0.11087712654971, "p_value": 1.1814235946610336e-270}