{"correlation": -0.004905298247636087, "p_value": 0.12107955650253564}