{"correlation": 0.0436428462499158, "p_value": 2.5745501707766086e-43}