{"correlation": 0.12023482724153302, "p_value": 3.13536e-318}