{"correlation": -0.09374215506623858, "p_value": 9.958495971154258e-194}