{"correlation": 0.06370257929878934, "p_value": 2.545607248801453e-90}