{"correlation": 0.017542185202069883, "p_value": 2.9499487726516833e-08}