{"correlation": 0.10542763645740659, "p_value": 9.168573022739489e-245}