{"correlation": 0.11264588340479059, "p_value": 2.4120111750417634e-279}