{"correlation": -0.0935312083062443, "p_value": 7.30372644483373e-193}