{"correlation": 0.05381350496228202, "p_value": 5.905723124120568e-65}