{"correlation": 0.04767688331015403, "p_value": 2.3237888201544464e-51}