{"correlation": 0.1163631425603716, "p_value": 4.5695386015214365e-298}