{"correlation": 0.08302627466716773, "p_value": 2.8730473181317685e-152}