{"correlation": 0.06262902648715978, "p_value": 2.3248070491758835e-87}