{"correlation": 0.0370604382186811, "p_value": 1.049889178733433e-31}