{"correlation": 0.06557349758718337, "p_value": 1.3353340146971562e-95}