{"correlation": 0.11036278699208216, "p_value": 3.7409132255220387e-268}