{"correlation": 0.0793974319484153, "p_value": 2.218186109282659e-139}