{"correlation": 0.07307035606805551, "p_value": 2.671570886415394e-118}