{"correlation": 0.055739801710324346, "p_value": 1.4633892731693088e-69}