{"correlation": 0.08074406735241409, "p_value": 4.2792918982082917e-144}