{"correlation": 0.05419976657451601, "p_value": 7.255525308228126e-66}