{"correlation": 0.07333941510984636, "p_value": 3.6830096302414627e-119}