{"correlation": 0.026260770810037477, "p_value": 1.034389132827357e-16}