{"correlation": 0.09084655731921439, "p_value": 5.0555527617450095e-182}