{"correlation": 0.045489905098799965, "p_value": 6.53316455005528e-47}