{"correlation": 0.058291465192441924, "p_value": 6.527861528768544e-76}