{"correlation": 0.036367297512568966, "p_value": 1.363218339914924e-30}