{"correlation": 0.11132864702083499, "p_value": 7.369454428297745e-273}