{"correlation": -0.10506080005712508, "p_value": 4.541920652383222e-243}