{"correlation": 0.029425429367910563, "p_value": 1.3848177587188818e-20}