{"correlation": 0.04614384478740965, "p_value": 3.2107966081683344e-48}