{"correlation": 0.07716024604887606, "p_value": 1.0036080087345639e-131}