{"correlation": 0.08822025028429001, "p_value": 9.96917389861661e-172}