{"correlation": 0.0733876835007901, "p_value": 2.5791896542045695e-119}