{"correlation": 0.05690392897332959, "p_value": 2.0106919608369845e-72}