{"correlation": 0.04323464275111592, "p_value": 1.5323112946080143e-42}