{"correlation": 0.10906719128811897, "p_value": 6.593101907877763e-262}