{"correlation": -0.031768172502892496, "p_value": 9.922196736326156e-24}