{"correlation": 0.04855789348251475, "p_value": 3.2750267377407916e-53}