{"correlation": 0.05905309432622517, "p_value": 7.313192595745965e-78}