{"correlation": 0.11574501843369708, "p_value": 6.551519246106816e-295}