{"correlation": 0.06798698936222877, "p_value": 1.222994962192368e-102}