{"correlation": 0.10778897531072272, "p_value": 8.082074170062454e-256}