{"correlation": 0.0933508304211356, "p_value": 3.998756346190941e-192}