{"correlation": 0.10719937877556567, "p_value": 4.9112079113655044e-253}