{"correlation": 0.1124000283998417, "p_value": 3.9692468626266613e-278}