{"correlation": 0.11056604783124845, "p_value": 3.856586870655328e-269}