{"correlation": 0.00489522663775432, "p_value": 0.12184512480676159}