{"correlation": -0.00462436505326305, "p_value": 0.1438860106373496}