{"correlation": -0.022215723573643178, "p_value": 2.1898711687854576e-12}