{"correlation": -0.008308781687110077, "p_value": 0.008641610955378878}