{"correlation": 0.08379950081612417, "p_value": 4.335559862731423e-155}