{"correlation": 0.09648715721990009, "p_value": 3.605788947465263e-205}