{"correlation": -0.07504261036736366, "p_value": 1.1085237994424152e-124}