{"correlation": 0.001611504211917043, "p_value": 0.6105468427698377}