{"correlation": 0.08226098354188113, "p_value": 1.6774662909725736e-149}