{"correlation": 0.10914307081035543, "p_value": 2.853325366558408e-262}