{"correlation": 0.09996027132002387, "p_value": 3.97906875288156e-220}