{"correlation": 0.08540580812402986, "p_value": 4.914659114787992e-161}