{"correlation": 0.015706601822632366, "p_value": 6.900206563115844e-07}