{"correlation": 0.08163077352132173, "p_value": 3.0426122579873313e-147}