{"correlation": 0.013352276959165207, "p_value": 2.4432079742833003e-05}