{"correlation": 0.0412097761820583, "p_value": 8.337903277398093e-39}