{"correlation": -0.05716912190936732, "p_value": 4.3963460965651237e-73}