{"correlation": 0.05836233767582338, "p_value": 4.3084788229343096e-76}