{"correlation": 0.0942297949747158, "p_value": 9.77704930311258e-196}