{"correlation": 0.04218950160573357, "p_value": 1.3669461098244022e-40}