{"correlation": 0.0962894502793429, "p_value": 2.467509779204576e-204}