{"correlation": 0.10066134763030805, "p_value": 3.275226370281328e-223}