{"correlation": 0.08340860695805326, "p_value": 1.16578542196333e-153}