{"correlation": -0.042605354576468454, "p_value": 2.319413991923727e-41}