{"correlation": 0.08549132914168649, "p_value": 2.353668684332831e-161}