{"correlation": 0.11668450012230469, "p_value": 1.0281001546227153e-299}