{"correlation": 0.07207399033121044, "p_value": 3.853271383675419e-115}