{"correlation": 0.09575440906966318, "p_value": 4.404843018554389e-202}