{"correlation": 0.11775669741998462, "p_value": 3.02236819909147e-305}