{"correlation": 0.04529470184461243, "p_value": 1.592640886803319e-46}