{"correlation": 0.1020313838980843, "p_value": 2.6550450798410967e-229}