{"correlation": 0.11805175488978373, "p_value": 8.891410168853285e-307}