{"correlation": 0.08409036916832396, "p_value": 3.70593426446711e-156}