{"correlation": 0.0979262048348385, "p_value": 2.6602330167568068e-211}