{"correlation": 0.11524125093043448, "p_value": 2.3773510319824654e-292}