{"correlation": 0.03708565020086091, "p_value": 9.555484944811679e-32}