{"correlation": 0.046037837625575236, "p_value": 5.247970766890494e-48}