{"correlation": 0.11680741707682193, "p_value": 2.4016886627801906e-300}