{"correlation": 0.11686729215823242, "p_value": 1.1820758145182042e-300}