{"correlation": 0.10065983993772847, "p_value": 3.325816668178307e-223}