{"correlation": 0.0219709121442885, "p_value": 3.799953106986208e-12}