{"correlation": -0.00893079899163318, "p_value": 0.004764982743364643}