{"correlation": 0.10136673872127747, "p_value": 2.452199907492697e-226}