{"correlation": -0.032896125196907385, "p_value": 2.5012600517898324e-25}