{"correlation": 0.11283846375149592, "p_value": 2.677426038864401e-280}