{"correlation": 0.08455355832955017, "p_value": 7.247932251626128e-158}