{"correlation": 0.05415870078560542, "p_value": 9.073812149500764e-66}