{"correlation": 0.09401435539203465, "p_value": 7.562088665687424e-195}