{"correlation": -0.019448024446674622, "p_value": 7.903713098574092e-10}