{"correlation": 0.06919196777202331, "p_value": 3.0048969353897317e-106}