{"correlation": 0.08085373460692401, "p_value": 1.7534606949232758e-144}