{"correlation": -0.043726530725636696, "p_value": 1.7823807317233877e-43}