{"correlation": -0.0284179185147244, "p_value": 2.637511276213715e-19}