{"correlation": -0.0553281839867358, "p_value": 1.4560240232904551e-68}