{"correlation": 0.10421061907843678, "p_value": 3.6496959701087105e-239}