{"correlation": 0.1151199619673321, "p_value": 9.787652034918064e-292}