{"correlation": 0.09819342829793239, "p_value": 1.8882506115303178e-212}