{"correlation": 0.08465475119252956, "p_value": 3.059528827429141e-158}