{"correlation": 0.08274739868562869, "p_value": 2.9471305794103197e-151}