{"correlation": 0.07927215363710848, "p_value": 6.03298416978634e-139}