{"correlation": -0.040438219631480005, "p_value": 1.9848920271223383e-37}