{"correlation": -0.02929254553042274, "p_value": 2.0544184189407934e-20}