{"correlation": 0.039708897824685986, "p_value": 3.761322485076424e-36}