{"correlation": 0.03960978689360999, "p_value": 5.5870371460666456e-36}