{"correlation": -0.01387213534304048, "p_value": 1.1635957292260208e-05}