{"correlation": 0.07267237433862184, "p_value": 4.9412813162163246e-117}