{"correlation": -0.025090005855379308, "p_value": 2.1811884251781774e-15}