{"correlation": -0.06772707677116388, "p_value": 7.205329741716456e-102}