{"correlation": 0.06407284897667052, "p_value": 2.360320573434883e-91}