{"correlation": -0.016182178971389596, "p_value": 3.14607290681387e-07}