{"correlation": 0.025310013137375523, "p_value": 1.242711387200314e-15}