{"correlation": 0.0701382538080696, "p_value": 3.967048585956696e-109}