{"correlation": 0.015049635720228327, "p_value": 1.9698800430788987e-06}