{"correlation": 0.07745577475911536, "p_value": 1.0067702287587899e-132}