{"correlation": 0.05036969988217735, "p_value": 4.004135108578752e-57}