{"correlation": 0.07095663222765952, "p_value": 1.1928313359162386e-111}