{"correlation": -0.004532946810829673, "p_value": 0.15197792333395446}