{"correlation": 0.053975260743801365, "p_value": 2.4588320842725213e-65}