{"correlation": 0.05625051422038144, "p_value": 8.261410931769905e-71}