{"correlation": 0.05531622035221363, "p_value": 1.556177706688054e-68}