{"correlation": -0.105244460416601, "p_value": 6.447709449362757e-244}