{"correlation": 0.022060215956965088, "p_value": 3.109991896047107e-12}