{"correlation": 0.024318759924010884, "p_value": 1.509425626818715e-14}