{"correlation": 0.04732108614953258, "p_value": 1.2710100747193706e-50}