{"correlation": -0.06710616051529482, "p_value": 4.849389386487694e-100}