{"correlation": -0.011726771204842182, "p_value": 0.00021038837259277848}