{"correlation": -0.06756392007667741, "p_value": 2.185950994142634e-101}