{"correlation": 0.020055914019908937, "p_value": 2.3123072485426627e-10}