{"correlation": -0.024208289034674847, "p_value": 1.981816255984348e-14}