{"correlation": 0.11732509140077563, "p_value": 5.168178699990878e-303}