{"correlation": 0.016948938122425594, "p_value": 8.468416917095464e-08}