{"correlation": 0.11331883881662978, "p_value": 1.0942486902021023e-282}