{"correlation": -0.035613705718122494, "p_value": 2.0966429371694753e-29}