{"correlation": 0.07636310396699862, "p_value": 4.7426655477488104e-129}