{"correlation": -0.11942323467474793, "p_value": 6.014327464e-314}