{"correlation": 0.09429181902895857, "p_value": 5.420619101934887e-196}