{"correlation": 0.004484916086074133, "p_value": 0.15636593364965465}