{"correlation": 0.0828132899510232, "p_value": 1.70146423413433e-151}