{"correlation": 0.020825234136647566, "p_value": 4.634467058846284e-11}