{"correlation": 0.05452763914763819, "p_value": 1.2095099736872257e-66}