{"correlation": 0.10118240342627069, "p_value": 1.6162819218565653e-225}