{"correlation": 0.11104440865963539, "p_value": 1.8053604498366127e-271}