{"correlation": 0.10797789863816655, "p_value": 1.0286265972961748e-256}