{"correlation": 0.0856469807136978, "p_value": 6.151206280066823e-162}