{"correlation": 0.07180382192259648, "p_value": 2.7220554391360597e-114}