{"correlation": 0.045931522931775715, "p_value": 8.580223377199406e-48}