{"correlation": 0.08012064022055136, "p_value": 6.66760236600648e-142}