{"correlation": 0.058692975389170725, "p_value": 6.1601809057589296e-77}