{"correlation": 0.05541842011409527, "p_value": 8.811677650929249e-69}