{"correlation": 0.11510514549783393, "p_value": 1.1633484164705792e-291}