{"correlation": 0.10541279874586912, "p_value": 1.073928089946028e-244}