{"correlation": 0.07247148502702135, "p_value": 2.1417758787293353e-116}