{"correlation": 0.05166404023120228, "p_value": 5.245442437635025e-60}