{"correlation": 0.07588932931571318, "p_value": 1.7877046031701478e-127}