{"correlation": -0.11639999868350152, "p_value": 2.9588338576555478e-298}