{"correlation": 0.11674583621897006, "p_value": 4.977257579064549e-300}