{"correlation": 0.07660191091531578, "p_value": 7.546571563517043e-130}