{"correlation": 0.02609329920242834, "p_value": 1.6131598924091486e-16}