{"correlation": 0.11420944965497878, "p_value": 3.8297029034475825e-287}