{"correlation": 0.10930055383992895, "p_value": 5.007375561831435e-263}