{"correlation": 0.040543167193571227, "p_value": 1.2941842688093861e-37}