{"correlation": 0.11663626100844963, "p_value": 1.8184038592337462e-299}