{"correlation": -0.0639654671633296, "p_value": 4.7110454849958425e-91}