{"correlation": -0.010940251697655848, "p_value": 0.0005449847181931896}