{"correlation": 0.014069138605666108, "p_value": 8.725277065092046e-06}