{"correlation": 0.056895331287108976, "p_value": 2.112029075609442e-72}