{"correlation": -0.11326226902858198, "p_value": 2.093831790100427e-282}