{"correlation": 0.05166721090980395, "p_value": 5.159776144813541e-60}