{"correlation": 0.019333042976764695, "p_value": 9.931894209442e-10}