{"correlation": 0.06369124390991748, "p_value": 2.7372551922986488e-90}