{"correlation": -0.018029958530187917, "p_value": 1.2081516885843138e-08}