{"correlation": 0.08804441480494322, "p_value": 4.753223528076718e-171}