{"correlation": 0.06342185869889717, "p_value": 1.5304653535783266e-89}