{"correlation": 0.04414226982842496, "p_value": 2.838639873571051e-44}