{"correlation": -0.051350441844256384, "p_value": 2.6602328622542762e-59}