{"correlation": 0.024815515475490012, "p_value": 4.371336618065046e-15}