{"correlation": -0.06433953885787025, "p_value": 4.220387379244038e-92}