{"correlation": 0.027851912755793257, "p_value": 1.3213779567364969e-18}