{"correlation": 0.06956036846097303, "p_value": 2.2989760416826192e-107}