{"correlation": 0.033788806004469804, "p_value": 1.2422712960864619e-26}