{"correlation": 0.07228242014203226, "p_value": 8.483925052719122e-116}