{"correlation": 0.005464371044113522, "p_value": 0.0841768826275417}