{"correlation": 0.03252033079610792, "p_value": 8.645706681553467e-25}