{"correlation": -0.011970937658163086, "p_value": 0.00015471417313937726}