{"correlation": 0.10329862321433439, "p_value": 5.1906290939391486e-235}