{"correlation": 0.07681146721115593, "p_value": 1.4968698927753096e-130}