{"correlation": 0.08083327344658495, "p_value": 2.0712362139481121e-144}