{"correlation": 0.0073202691107582445, "p_value": 0.020695349904561938}