{"correlation": 0.02489153869481898, "p_value": 3.6084178358401865e-15}