{"correlation": 0.09630468230750082, "p_value": 2.127990030168541e-204}