{"correlation": -0.029939621692435137, "p_value": 2.960780650029719e-21}