{"correlation": 0.0005357694895603704, "p_value": 0.8655431805185977}