{"correlation": 0.10365934000654757, "p_value": 1.1941846649877452e-236}