{"correlation": 0.06345830569283582, "p_value": 1.2130364679494668e-89}