{"correlation": -0.04735149805246698, "p_value": 1.0997332871886733e-50}