{"correlation": 0.08812446546875186, "p_value": 2.3353012808758454e-171}