{"correlation": 0.008336809117954883, "p_value": 0.008419325892595936}