{"correlation": 0.008609508689737547, "p_value": 0.006509231033168148}