{"correlation": 0.09903978708454385, "p_value": 4.133610243286066e-216}