{"correlation": 0.08240669043612663, "p_value": 5.011413211116678e-150}