{"correlation": 0.11438815888550365, "p_value": 4.83872757312082e-288}