{"correlation": 0.08038922287068671, "p_value": 7.611441874953127e-143}