{"correlation": 0.05026942192532651, "p_value": 6.64967541329209e-57}