{"correlation": 0.02676260543586297, "p_value": 2.6863894647858838e-17}