{"correlation": -0.04453921372803089, "p_value": 4.833808593219913e-45}