{"correlation": 0.05916037101567187, "p_value": 3.8664806141707925e-78}