{"correlation": 0.03507833603488083, "p_value": 1.4120733178369005e-28}