{"correlation": 0.10972195559238807, "p_value": 4.69760350642652e-265}