{"correlation": 0.09375304255039846, "p_value": 8.984152946630923e-194}