{"correlation": 0.06548607511889, "p_value": 2.3753895058625345e-95}