{"correlation": -0.02320364689956004, "p_value": 2.2310675015469114e-13}