{"correlation": -0.008637255996050652, "p_value": 0.006338596856868725}