{"correlation": -0.11916544226077756, "p_value": 1.35943902987e-312}