{"correlation": 0.0327066387492396, "p_value": 4.682943728535415e-25}