{"correlation": 0.1063379526864676, "p_value": 5.372880224360946e-249}