{"correlation": 0.04780568624861314, "p_value": 1.2522519031397121e-51}