{"correlation": 0.10220639475974194, "p_value": 4.36446793097989e-230}