{"correlation": 0.11523400721808634, "p_value": 2.587120602574878e-292}