{"correlation": 0.08178545444218713, "p_value": 8.521483352191076e-148}