{"correlation": 0.036131256758105926, "p_value": 3.228391723102404e-30}