{"correlation": 0.06634023335478055, "p_value": 8.266942853376677e-98}