{"correlation": 0.03018410662137662, "p_value": 1.4088153809761742e-21}