{"correlation": -0.023408536459979264, "p_value": 1.3727111026118083e-13}