{"correlation": 0.06921238037310268, "p_value": 2.6069524355928335e-106}