{"correlation": 0.012453096111983832, "p_value": 8.292888727724192e-05}