{"correlation": 0.005650608628473235, "p_value": 0.07413039321891293}