{"correlation": -0.050299927170587386, "p_value": 5.699444422776171e-57}