{"correlation": 0.04087270985180394, "p_value": 3.3547063761997895e-38}