{"correlation": 0.11209831822508308, "p_value": 1.2236370870352238e-276}