{"correlation": 0.0868192379324225, "p_value": 2.319330575907866e-166}