{"correlation": 0.017532138825246565, "p_value": 3.0039584431275966e-08}