{"correlation": 0.10353739969896184, "p_value": 4.28054571902727e-236}