{"correlation": 0.06987640637752904, "p_value": 2.5069976275611563e-108}