{"correlation": 0.11043659802589344, "p_value": 1.640062936595623e-268}