{"correlation": 0.0945790047973662, "p_value": 3.513516625379002e-197}