{"correlation": 0.10893268931844109, "p_value": 2.905408317661486e-261}