{"correlation": 0.07335920089118364, "p_value": 3.1826866243091136e-119}