{"correlation": -0.04963498384489671, "p_value": 1.608401029399508e-55}