{"correlation": 0.05655806286636929, "p_value": 1.4448991147871988e-71}