{"correlation": 0.08171773475319119, "p_value": 1.4881013003846487e-147}