{"correlation": -0.10340790516164375, "p_value": 1.6578494132576878e-235}