{"correlation": 0.10114182764425864, "p_value": 2.4467099076242035e-225}