{"correlation": -0.108335608639306, "p_value": 2.0547640836893458e-258}