{"correlation": -0.029506862979980716, "p_value": 1.0865351407927314e-20}