{"correlation": 0.028412302205348284, "p_value": 2.6804405851750997e-19}