{"correlation": 0.11348078358955188, "p_value": 1.7042141242073745e-283}