{"correlation": 0.05495306234732562, "p_value": 1.1643060867112747e-67}