{"correlation": 0.035663918432298714, "p_value": 1.7506497315145612e-29}