{"correlation": 0.018352686225601468, "p_value": 6.608172737332496e-09}