{"correlation": 0.021983657420235756, "p_value": 3.693004619443414e-12}