{"correlation": 0.042481859286568315, "p_value": 3.9349390489025255e-41}