{"correlation": 0.11375877186262909, "p_value": 6.958046678834774e-285}