{"correlation": 0.09009627155173001, "p_value": 4.743069288100706e-179}