{"correlation": -0.012929827895280736, "p_value": 4.380111674741579e-05}