{"correlation": -0.014512570377778405, "p_value": 4.502414829235756e-06}