{"correlation": -0.054831616121416495, "p_value": 2.2754451669985204e-67}