{"correlation": 0.03990579717189988, "p_value": 1.708792093857057e-36}