{"correlation": 0.03012256567104478, "p_value": 1.6993708663381084e-21}