{"correlation": 0.08082592121150882, "p_value": 2.1989557242590195e-144}