{"correlation": -0.04296642380144225, "p_value": 4.902391402185171e-42}