{"correlation": 0.08126946952594691, "p_value": 5.891132992551882e-146}