{"correlation": 0.08739135877377043, "p_value": 1.5286691088061377e-168}