{"correlation": 0.08780489524107299, "p_value": 3.969984015538984e-170}