{"correlation": 0.06582246610257592, "p_value": 2.5785278061141284e-96}