{"correlation": 0.02874987671909951, "p_value": 1.0100481650345232e-19}