{"correlation": 0.007027903326207109, "p_value": 0.026344523198287506}