{"correlation": 0.09752838368012355, "p_value": 1.3469513583214347e-209}