{"correlation": 0.10434936097531441, "p_value": 8.45674628155926e-240}