{"correlation": 0.10085545776336236, "p_value": 4.542864728897031e-224}