{"correlation": 0.002107186566350845, "p_value": 0.5054451638580534}