{"correlation": 0.08235232241828273, "p_value": 7.867746333658331e-150}