{"correlation": -0.058466329709913376, "p_value": 2.339670374455124e-76}