{"correlation": 0.07713233590349852, "p_value": 1.2464575352853187e-131}