{"correlation": 0.0786068294951844, "p_value": 1.1929886925124356e-136}