{"correlation": 0.07491411943702633, "p_value": 2.9224292295109254e-124}