{"correlation": 0.10988497366044021, "p_value": 7.679142247438788e-266}