{"correlation": 0.04677893300759896, "p_value": 1.6520965291031096e-49}