{"correlation": 0.042503956654357425, "p_value": 3.5802291543120015e-41}