{"correlation": 0.09408761898195357, "p_value": 3.773529020953812e-195}