{"correlation": 0.07145920616329914, "p_value": 3.260428757361552e-113}