{"correlation": 0.08616291176724918, "p_value": 7.072242535858688e-164}