{"correlation": 0.07766781030193486, "p_value": 1.92335418622229e-133}