{"correlation": 0.08406591508442542, "p_value": 4.558729935493688e-156}