{"correlation": 0.0788144372137139, "p_value": 2.3028022505483734e-137}