{"correlation": -0.04429195184867191, "p_value": 1.4588214354135143e-44}