{"correlation": 0.0728447860081063, "p_value": 1.3988785826480003e-117}