{"correlation": 0.07238100179457085, "p_value": 4.140740280620416e-116}