{"correlation": -0.014629539711503574, "p_value": 3.7694991950965277e-06}