{"correlation": 0.08993914431566702, "p_value": 1.974062298598302e-178}