{"correlation": 0.03196007582544939, "p_value": 5.352164813312108e-24}