{"correlation": 0.11326439284216949, "p_value": 2.043448701520054e-282}