{"correlation": -0.016177619819429286, "p_value": 3.170179225005415e-07}