{"correlation": 0.06232636082292616, "p_value": 1.5557696398199075e-86}