{"correlation": 0.06956152916786693, "p_value": 2.2803838377472103e-107}