{"correlation": -0.023115578324628135, "p_value": 2.7455420196495445e-13}