{"correlation": 0.10351507860090296, "p_value": 5.406481451862397e-236}