{"correlation": -0.03328748583500306, "p_value": 6.77220018020647e-26}