{"correlation": 0.08304421375860851, "p_value": 2.4727909833229125e-152}