{"correlation": -0.029041014845738494, "p_value": 4.313695428048028e-20}