{"correlation": 0.07729224629431714, "p_value": 3.597429438517301e-132}