{"correlation": 0.10042642648305954, "p_value": 3.5585619738398936e-222}