{"correlation": 0.09287885389480738, "p_value": 3.366071019944851e-190}