{"correlation": 0.09322378590798627, "p_value": 1.3216473443113711e-191}