{"correlation": 0.0660269680005949, "p_value": 6.647869181680733e-97}