{"correlation": 0.03612091861931132, "p_value": 3.3522013138075044e-30}