{"correlation": 0.11481471012941766, "p_value": 3.423642937370367e-290}