{"correlation": -0.10098577156593846, "p_value": 1.2034704502281166e-224}