{"correlation": 0.10713135158089991, "p_value": 1.0265068835839387e-252}