{"correlation": 0.04741954097391638, "p_value": 7.952368895898094e-51}