{"correlation": 0.08507865751373554, "p_value": 8.159495165648732e-160}