{"correlation": 0.047611145761692536, "p_value": 3.183876957887889e-51}