{"correlation": 0.09191180815483559, "p_value": 2.7591731877203934e-186}