{"correlation": 0.09889098473218716, "p_value": 1.8284363141404415e-215}