{"correlation": 0.053060705592539475, "p_value": 3.367340897615176e-63}