{"correlation": 0.07336370962944429, "p_value": 3.0785199880133567e-119}