{"correlation": 0.05720900963986794, "p_value": 3.4955638810249896e-73}