{"correlation": 0.11951728926043027, "p_value": 1.924746994e-314}