{"correlation": 0.11627184352414999, "p_value": 1.3402297126710507e-297}