{"correlation": 0.11511264462506306, "p_value": 1.0659457834626369e-291}