{"correlation": 0.09948401915776106, "p_value": 4.815463123147046e-218}