{"correlation": 0.09679853377224577, "p_value": 1.7297618271753743e-206}