{"correlation": 0.03456001327759742, "p_value": 8.709989797904467e-28}