{"correlation": 0.06044357211694966, "p_value": 1.7276082017526165e-81}