{"correlation": 0.07699588191833344, "p_value": 3.5917632223419116e-131}