{"correlation": 0.07469399295577282, "p_value": 1.532131591554601e-123}