{"correlation": 0.07658381159636478, "p_value": 8.676394446909695e-130}