{"correlation": -0.07242926004202675, "p_value": 2.913571618800948e-116}