{"correlation": -0.00019801384794810748, "p_value": 0.9501014132047069}