{"correlation": 0.11388910826060673, "p_value": 1.5489247968744814e-285}