{"correlation": 0.04776612182682927, "p_value": 1.514415999989573e-51}