{"correlation": 0.05435768611695391, "p_value": 3.0655087857001597e-66}