{"correlation": 0.11079356974886012, "p_value": 3.0160897260968987e-270}