{"correlation": 0.03875999939769919, "p_value": 1.5962570227535579e-34}