{"correlation": 0.00817030787113415, "p_value": 0.009818654679728676}