{"correlation": 0.11225606821424006, "p_value": 2.040164029928015e-277}