{"correlation": 0.06076715295124207, "p_value": 2.406302135720379e-82}