{"correlation": -0.005164129930697652, "p_value": 0.10266689379393434}