{"correlation": 0.06012614716181416, "p_value": 1.1825079140366122e-80}