{"correlation": 0.07536479577884514, "p_value": 9.680793388886174e-126}