{"correlation": 0.020730639350841892, "p_value": 5.6648427722011955e-11}