{"correlation": -0.003398784750677785, "p_value": 0.2827599043911757}