{"correlation": 0.06722531029745972, "p_value": 2.1687575840815755e-100}