{"correlation": 0.08921498074145211, "p_value": 1.365891249279368e-175}