{"correlation": 0.08474514607023086, "p_value": 1.4147504234890923e-158}