{"correlation": 0.11905491769652433, "p_value": 5.164398832344e-312}