{"correlation": 0.07619919322412581, "p_value": 1.6690956015419782e-128}