{"correlation": 0.04666947471657978, "p_value": 2.7629547981153956e-49}