{"correlation": -0.011105741911984313, "p_value": 0.0004482448529156469}