{"correlation": 0.04652611407790778, "p_value": 5.408771959914086e-49}