{"correlation": 0.08932261285310931, "p_value": 5.1852827104302636e-176}