{"correlation": 0.04790004738990952, "p_value": 7.952924061736435e-52}