{"correlation": 0.0974432718097898, "p_value": 3.112363594057679e-209}