{"correlation": 0.044440762092284536, "p_value": 7.509542948317315e-45}