{"correlation": 0.0997847144478603, "p_value": 2.3374700970522208e-219}