{"correlation": 0.07608729423512206, "p_value": 3.934223126944368e-128}