{"correlation": 0.051195295834460766, "p_value": 5.918166695912527e-59}