{"correlation": 0.08552474145394678, "p_value": 1.7649588240930428e-161}