{"correlation": 0.06646381464188417, "p_value": 3.622521507029169e-98}