{"correlation": -0.11796396804937231, "p_value": 2.54099621717534e-306}