{"correlation": -0.019476852228053825, "p_value": 7.462286045280409e-10}