{"correlation": 0.09651255384669415, "p_value": 2.815659639938251e-205}