{"correlation": 0.06190403257990396, "p_value": 2.1736854057143715e-85}