{"correlation": 0.0568203794778531, "p_value": 3.241331087594755e-72}