{"correlation": 0.018739457974564225, "p_value": 3.163981489199435e-09}