{"correlation": -0.032025184570872126, "p_value": 4.337260281662491e-24}