{"correlation": 0.07999493082353731, "p_value": 1.8365861339903067e-141}