{"correlation": 0.11376207190425323, "p_value": 6.698490615316527e-285}