{"correlation": 0.11747603060019704, "p_value": 8.577958710835835e-304}