{"correlation": 0.05660367503247436, "p_value": 1.1147666964385044e-71}