{"correlation": 0.045676726335903556, "p_value": 2.7745756734018855e-47}