{"correlation": 0.07667049550378267, "p_value": 4.446555565348881e-130}