{"correlation": -0.03175544102863665, "p_value": 1.03356275761132e-23}