{"correlation": 0.07048156055723952, "p_value": 3.500483310035588e-110}