{"correlation": -0.011563787583283809, "p_value": 0.0002574921914455532}