{"correlation": 0.03892213586708957, "p_value": 8.467050379992494e-35}