{"correlation": -0.0531410590151874, "p_value": 2.192951117431995e-63}