{"correlation": -0.04377045327751514, "p_value": 1.4691237835546134e-43}