{"correlation": 0.018613096912078717, "p_value": 4.0311316154139e-09}