{"correlation": 0.031280546803870525, "p_value": 4.6843954813022654e-23}