{"correlation": 0.09558100705902561, "p_value": 2.3493122195376913e-201}