{"correlation": -0.06526723035682816, "p_value": 1.0010453825533636e-94}