{"correlation": -0.007305891645628353, "p_value": 0.02094620858246044}