{"correlation": 0.0330381653494108, "p_value": 1.5594823534880188e-25}