{"correlation": 0.07262487990127502, "p_value": 6.991726697502761e-117}