{"correlation": 0.0014884466382657127, "p_value": 0.638067559928602}