{"correlation": 0.01570519690603049, "p_value": 6.916010660147889e-07}