{"correlation": 0.04793435792620398, "p_value": 6.741242697158979e-52}