{"correlation": 0.05246874373220313, "p_value": 7.776288613329879e-62}