{"correlation": 0.02650121940789651, "p_value": 5.4386220967709124e-17}