{"correlation": 0.10073128390300254, "p_value": 1.6081883353755169e-223}