{"correlation": -0.02145454376715267, "p_value": 1.1919821796233538e-11}