{"correlation": 0.07384796404394836, "p_value": 8.529995279760187e-121}