{"correlation": 0.07032751060741943, "p_value": 1.0420195948277324e-109}