{"correlation": 0.09157395337170435, "p_value": 6.284740782462528e-185}