{"correlation": 0.004664604870311507, "p_value": 0.1404306529676781}