{"correlation": -0.06513524783602195, "p_value": 2.3779298433032361e-94}