{"correlation": 0.06536518365180911, "p_value": 5.261308281466225e-95}