{"correlation": 0.044322388669662156, "p_value": 1.2737815230339612e-44}