{"correlation": -0.06083986254489123, "p_value": 1.542953315850336e-82}