{"correlation": 0.03645899415088212, "p_value": 9.737815405318775e-31}