{"correlation": -0.05579100003812958, "p_value": 1.098328256917905e-69}