{"correlation": 0.014462420904690743, "p_value": 4.856829379132057e-06}