{"correlation": 0.06991318297892983, "p_value": 1.9358822580412556e-108}