{"correlation": 0.042753536464514644, "p_value": 1.2275989672392794e-41}