{"correlation": 0.09067765053378132, "p_value": 2.3718148062351676e-181}