{"correlation": 0.10036885600006079, "p_value": 6.379576474290881e-222}