{"correlation": 0.030229861344682193, "p_value": 1.2251900590509807e-21}