{"correlation": 0.06303215264151375, "p_value": 1.8221388684859894e-88}