{"correlation": 0.10855733999792996, "p_value": 1.804772560189495e-259}