{"correlation": 0.08528695964444698, "p_value": 1.3655552020503486e-160}