{"correlation": 0.10133549288170154, "p_value": 3.376612078460195e-226}