{"correlation": 0.008595176131651472, "p_value": 0.006598978719223495}