{"correlation": 0.05393180427621533, "p_value": 3.1122609179951346e-65}