{"correlation": 0.08017086737442909, "p_value": 4.445863286712692e-142}