{"correlation": 0.08093894096403623, "p_value": 8.759485135432555e-145}