{"correlation": 0.07948408573735262, "p_value": 1.1092504532146275e-139}