{"correlation": -0.0454688402190793, "p_value": 7.193906826736109e-47}