{"correlation": 0.09804074295762023, "p_value": 8.568047348220025e-212}