{"correlation": 0.10776101680791511, "p_value": 1.0961646659284117e-255}