{"correlation": 0.04805153235770767, "p_value": 3.8299536701336916e-52}