{"correlation": -0.0310508062145649, "p_value": 9.653251753318987e-23}