{"correlation": -0.062038898262965096, "p_value": 9.382579593223801e-86}