{"correlation": 0.060680942493501276, "p_value": 4.072714861826528e-82}