{"correlation": -0.08780754991699409, "p_value": 3.87780595362732e-170}