{"correlation": -0.008696512493358252, "p_value": 0.0059876030714974176}