{"correlation": 0.05276541388970651, "p_value": 1.6193900330157427e-62}