{"correlation": 0.11696624348690332, "p_value": 3.6601012214089858e-301}