{"correlation": 0.06720339894205449, "p_value": 2.5149279400265524e-100}