{"correlation": 0.11588036523993728, "p_value": 1.3386408434194865e-295}