{"correlation": 0.10270452944473323, "p_value": 2.5149434455816728e-232}