{"correlation": 0.08250186034132034, "p_value": 2.2737603056721585e-150}