{"correlation": 0.1188849505285648, "p_value": 4.01195257862e-311}