{"correlation": 0.04333306324277658, "p_value": 9.982436396879939e-43}