{"correlation": 0.09167746809940489, "p_value": 2.4149143486791133e-185}