{"correlation": 0.1083819119550686, "p_value": 1.2369523554453212e-258}