{"correlation": 0.05452982983608878, "p_value": 1.19507472411209e-66}