{"correlation": 0.10410499046242068, "p_value": 1.1095966017987246e-238}