{"correlation": 0.056418057571740926, "p_value": 3.1993161142640864e-71}