{"correlation": 0.0511273754083517, "p_value": 8.392384342121514e-59}