{"correlation": 0.04432029247266551, "p_value": 1.285740127404305e-44}