{"correlation": -0.03220206261362737, "p_value": 2.4446921550367117e-24}