{"correlation": 0.08562922928126188, "p_value": 7.169333271409438e-162}