{"correlation": 0.05737956768601464, "p_value": 1.3090523274778457e-73}