{"correlation": 0.06860429143098841, "p_value": 1.762859043650218e-104}