{"correlation": -0.021719855687327583, "p_value": 6.646453619187667e-12}