{"correlation": 0.1011564288614439, "p_value": 2.1076298249750778e-225}