{"correlation": 0.11439544693736596, "p_value": 4.4469374965727924e-288}