{"correlation": 0.07964175264654362, "p_value": 3.137374205009129e-140}