{"correlation": -0.0434086366685205, "p_value": 7.178669366651109e-43}