{"correlation": -0.00806090973002874, "p_value": 0.010847427755338269}