{"correlation": 0.11886846548879902, "p_value": 4.8937251114883e-311}