{"correlation": -0.011761986850738438, "p_value": 0.00020133528710039215}