{"correlation": 0.09648657468987541, "p_value": 3.626301370035151e-205}