{"correlation": 0.11927238043915715, "p_value": 3.73235488477e-313}