{"correlation": 0.08029695961107838, "p_value": 1.6054388584871892e-142}