{"correlation": 0.019991218330751064, "p_value": 2.6399805671566755e-10}