{"correlation": 0.035301827658941624, "p_value": 6.391063903816731e-29}