{"correlation": 0.009210688046267845, "p_value": 0.0036031200438548373}