{"correlation": 0.027529605604559044, "p_value": 3.261300411282614e-18}