{"correlation": -0.013659816353671295, "p_value": 1.580283765984408e-05}