{"correlation": 0.05674881994630359, "p_value": 4.876392616608883e-72}