{"correlation": 0.07324988767596566, "p_value": 7.126935205132643e-119}