{"correlation": 0.05659343770163128, "p_value": 1.1816155258381254e-71}