{"correlation": 0.08506694131349103, "p_value": 9.021384219995702e-160}