{"correlation": 0.11768896215729485, "p_value": 6.78179420864862e-305}