{"correlation": 0.11275609819152235, "p_value": 6.858442844850012e-280}