{"correlation": 0.001782253713371468, "p_value": 0.5732605289070754}