{"correlation": 0.05210628861616965, "p_value": 5.225028242275397e-61}