{"correlation": 0.11113718982439108, "p_value": 6.360975513631486e-272}