{"correlation": 0.09957331873042939, "p_value": 1.9627447249217167e-218}