{"correlation": -0.006639460414454988, "p_value": 0.035876094558291945}