{"correlation": -0.03593723415760719, "p_value": 6.530583095871991e-30}