{"correlation": 0.07538096355319715, "p_value": 8.563602643670454e-126}