{"correlation": -0.013121827147151767, "p_value": 3.366497676518318e-05}