{"correlation": 0.02708138616144908, "p_value": 1.1262111311717737e-17}