{"correlation": 0.034176809737302895, "p_value": 3.286508590486848e-27}