{"correlation": 0.11236952393364281, "p_value": 5.616093839922387e-278}