{"correlation": -0.09583439392345972, "p_value": 2.032976044496529e-202}