{"correlation": 0.08143123776832326, "p_value": 1.5656659501691043e-146}