{"correlation": -0.019413427803491548, "p_value": 8.467176428728346e-10}