{"correlation": 0.02286326563334002, "p_value": 4.954168858597082e-13}