{"correlation": 0.0862063505005577, "p_value": 4.849883206397056e-164}