{"correlation": 0.10820033093235555, "p_value": 9.039567554368641e-258}