{"correlation": 0.043085338705622256, "p_value": 2.930045352350263e-42}