{"correlation": 0.08281524933693908, "p_value": 1.6738842237378287e-151}