{"correlation": 0.0448894087850318, "p_value": 1.0007679992440355e-45}