{"correlation": 0.08141558022861317, "p_value": 1.780132110412311e-146}