{"correlation": -0.043309443002863865, "p_value": 1.1064712008592731e-42}