{"correlation": 0.037266226388765186, "p_value": 4.859333806200968e-32}