{"correlation": 0.08879314606604893, "p_value": 6.012557660416698e-174}