{"correlation": 0.04918448786912221, "p_value": 1.507324288072501e-54}