{"correlation": -0.06777058267206014, "p_value": 5.357156883843504e-102}