{"correlation": 0.11892220309724294, "p_value": 2.5605197524255e-311}