{"correlation": 0.03593043970866143, "p_value": 6.693249892528987e-30}