{"correlation": 0.05637917766537218, "p_value": 3.988172098650138e-71}