{"correlation": 0.06437579993357567, "p_value": 3.337797938039675e-92}