{"correlation": 0.11804240274551078, "p_value": 9.944193370741646e-307}