{"correlation": 0.04661551386034895, "p_value": 3.558637012531179e-49}