{"correlation": -9.614409430181185e-05, "p_value": 0.9757600422671604}