{"correlation": 0.02614888099650282, "p_value": 1.3923825361662518e-16}