{"correlation": -0.012843786059265014, "p_value": 4.922825693630325e-05}