{"correlation": 0.08485584266423676, "p_value": 5.495165172910998e-159}