{"correlation": 0.041225300334506006, "p_value": 7.817942273556088e-39}