{"correlation": 0.10263931234644591, "p_value": 4.947071151690998e-232}