{"correlation": 0.07597030821639848, "p_value": 9.628873168846504e-128}