{"correlation": 0.00911989073436931, "p_value": 0.003948211756219245}