{"correlation": -0.003444250912973187, "p_value": 0.2763704084518233}