{"correlation": 0.09918610106430827, "p_value": 9.559040833546715e-217}