{"correlation": 0.03077732004923377, "p_value": 2.2673726818164005e-22}