{"correlation": 0.10172914160074997, "p_value": 5.957325575166681e-228}