{"correlation": 0.11534359841839595, "p_value": 7.194000812316414e-293}