{"correlation": -0.03337609936059445, "p_value": 5.027274003616147e-26}