{"correlation": 0.09743495138088124, "p_value": 3.377781893258326e-209}