{"correlation": 0.06678282183811785, "p_value": 4.274914598622259e-99}