{"correlation": 0.04289379411898402, "p_value": 6.708630210197532e-42}