{"correlation": 0.05424999007824566, "p_value": 5.518104004315486e-66}