{"correlation": 0.05568165962518664, "p_value": 2.0265225324342235e-69}