{"correlation": 0.02096222768082769, "p_value": 3.45985427198316e-11}