{"correlation": 0.11727020019397598, "p_value": 9.924842156470408e-303}