{"correlation": 0.10187737107757908, "p_value": 1.297171257606626e-228}