{"correlation": 0.07399254489685031, "p_value": 2.9104945549581547e-121}