{"correlation": 0.10504291014681774, "p_value": 5.492173300789822e-243}