{"correlation": -0.051506569919574544, "p_value": 1.1868489240539245e-59}