{"correlation": -0.041205967526241005, "p_value": 8.470635022386253e-39}