{"correlation": -0.06182148851437824, "p_value": 3.631817985265573e-85}