{"correlation": 0.10773591166631764, "p_value": 1.4410907264834648e-255}