{"correlation": -0.04677036495373862, "p_value": 1.7200316465375165e-49}