{"correlation": -0.11109635868127685, "p_value": 1.0068050882461151e-271}