{"correlation": 0.06445104176039765, "p_value": 2.0504515092122318e-92}