{"correlation": 0.04193366031427286, "p_value": 4.036211303794307e-40}