{"correlation": 0.05138951409726819, "p_value": 2.174191974947182e-59}