{"correlation": 0.07908896553300745, "p_value": 2.598259339360446e-138}