{"correlation": 0.047589421134310424, "p_value": 3.5327314088261273e-51}