{"correlation": 0.059228594084436106, "p_value": 2.576485001985788e-78}