{"correlation": 0.10839306421881377, "p_value": 1.0945927235181843e-258}