{"correlation": 0.07857756809990624, "p_value": 1.5037377376054561e-136}