{"correlation": 0.029823291308277003, "p_value": 4.207064177855297e-21}