{"correlation": -0.023630713013163017, "p_value": 8.06903059304625e-14}