{"correlation": -0.05825558408174408, "p_value": 8.054589337674774e-76}