{"correlation": -0.08733140247482073, "p_value": 2.5915551630664786e-168}