{"correlation": -0.03960239062259136, "p_value": 5.7542448246101994e-36}