{"correlation": 0.07011285184909918, "p_value": 4.7454179622165405e-109}