{"correlation": -0.10160232979664378, "p_value": 2.191116936571833e-227}