{"correlation": 0.10014902281241259, "p_value": 5.908634274737137e-221}