{"correlation": 0.031637091697303055, "p_value": 1.509412955697305e-23}