{"correlation": -0.008982945322112528, "p_value": 0.004525688986117329}