{"correlation": 0.0803039112613098, "p_value": 1.5176976626900769e-142}