{"correlation": 0.1124084465487279, "p_value": 3.6066636736718864e-278}