{"correlation": -0.02236195019644131, "p_value": 1.5711907004580463e-12}