{"correlation": 0.022017050752642747, "p_value": 3.4265931492396942e-12}