{"correlation": 0.05678339443227866, "p_value": 4.003376974377569e-72}