{"correlation": 0.08753085421928178, "p_value": 4.4701958687710566e-169}