{"correlation": 0.0024484385879574057, "p_value": 0.43905207940934765}