{"correlation": 0.07626688332658878, "p_value": 9.930109966835902e-129}