{"correlation": 0.050596217604528385, "p_value": 1.2684708394735387e-57}