{"correlation": 0.10153965121492621, "p_value": 4.168340224932072e-227}