{"correlation": 0.09314368578615598, "p_value": 2.806017766725443e-191}