{"correlation": 0.07871319450323669, "p_value": 5.138911315101932e-137}