{"correlation": 0.04046377564310016, "p_value": 1.7887543610596308e-37}