{"correlation": 0.018833257339929833, "p_value": 2.6406478648553173e-09}