{"correlation": -0.06393093255231296, "p_value": 5.882185652415056e-91}