{"correlation": 0.06343008378403263, "p_value": 1.4522688580965548e-89}