{"correlation": 0.02358941104166167, "p_value": 8.910010218103482e-14}