{"correlation": 0.09647782153975971, "p_value": 3.948937115739184e-205}