{"correlation": 0.04844673272395356, "p_value": 5.63147619856286e-53}