{"correlation": 0.10127805722793592, "p_value": 6.0776800524280055e-226}