{"correlation": 0.05871448380590882, "p_value": 5.425966884364478e-77}