{"correlation": -0.08254652939795086, "p_value": 1.568608506391852e-150}