{"correlation": -0.021748480911134647, "p_value": 6.237930161226675e-12}