{"correlation": 0.09528392854898524, "p_value": 4.105521656200531e-200}