{"correlation": 0.022813017724330205, "p_value": 5.567967550725932e-13}