{"correlation": 0.08975206461697831, "p_value": 1.0747010063938722e-177}