{"correlation": -0.10965323624020316, "p_value": 1.0071403946525691e-264}