{"correlation": 0.10917067377799419, "p_value": 2.103626708821208e-262}