{"correlation": 0.03637637471363809, "p_value": 1.318616691758395e-30}