{"correlation": -0.0975231063059939, "p_value": 1.4187796797949771e-209}