{"correlation": 0.05281042264274121, "p_value": 1.2753689107539473e-62}