{"correlation": 0.10145956454981139, "p_value": 9.474933141391496e-227}