{"correlation": 0.018190805359035042, "p_value": 8.955130537904028e-09}