{"correlation": 0.028160854942641703, "p_value": 5.504837943130653e-19}