{"correlation": 0.0009576382770442248, "p_value": 0.7621582398058429}