{"correlation": 0.01030012379113715, "p_value": 0.001132757812042199}