{"correlation": 0.1073456309260075, "p_value": 1.0049441594639354e-253}