{"correlation": 0.05427998173758831, "p_value": 4.6854055708062643e-66}