{"correlation": 0.03269258607150067, "p_value": 4.905191856804278e-25}