{"correlation": 0.0644392241774276, "p_value": 2.213613330035604e-92}