{"correlation": 0.10430322020910343, "p_value": 1.3756115100197519e-239}