{"correlation": 0.049366084300549576, "p_value": 6.130960351396581e-55}