{"correlation": -0.03556285934655263, "p_value": 2.5160952697996345e-29}