{"correlation": -0.06355679654952104, "p_value": 6.468240880871875e-90}