{"correlation": 0.07804115915799244, "p_value": 1.031485819355418e-134}