{"correlation": 0.04726757294849628, "p_value": 1.639319208468175e-50}