{"correlation": -0.07501783126218099, "p_value": 1.3365648895044989e-124}