{"correlation": 0.10046813551803911, "p_value": 2.3308385415903747e-222}