{"correlation": 0.0678466709039179, "p_value": 3.188709164334102e-102}