{"correlation": 0.10621405151236153, "p_value": 2.0342877587446513e-248}