{"correlation": 0.024731907201690263, "p_value": 5.394321235789735e-15}