{"correlation": -0.07394707102528372, "p_value": 4.0826498067639365e-121}