{"correlation": 0.07764743164896937, "p_value": 2.2554634895636123e-133}