{"correlation": 0.08562214611954565, "p_value": 7.621088796928265e-162}