{"correlation": -0.1082363854905907, "p_value": 6.091877635958972e-258}