{"correlation": 0.09990440234816293, "p_value": 6.992700987579881e-220}