{"correlation": -0.0068701675524693116, "p_value": 0.029912797911632046}