{"correlation": -0.023244564826256135, "p_value": 2.025494542345749e-13}