{"correlation": 0.10298215759336572, "p_value": 1.4047932923243915e-233}