{"correlation": 0.07884752917907638, "p_value": 1.770970081920347e-137}