{"correlation": 0.042063004353260054, "p_value": 2.3366912320182838e-40}