{"correlation": 0.08313795380175318, "p_value": 1.1284673741545547e-152}