{"correlation": 0.07911392023856971, "p_value": 2.130015813826477e-138}