{"correlation": 0.04503495477538975, "p_value": 5.182089200972201e-46}