{"correlation": 0.08888262944759856, "p_value": 2.6980783006200603e-174}