{"correlation": -0.0914654939634159, "p_value": 1.7100324211736032e-184}