{"correlation": 0.1017807873759402, "p_value": 3.5034142513462976e-228}