{"correlation": 0.02690665810509086, "p_value": 1.815932731314353e-17}