{"correlation": 0.04955249545417754, "p_value": 2.42660644772849e-55}