{"correlation": 0.030417585904469652, "p_value": 6.893184152177522e-22}