{"correlation": 0.07889604710371263, "p_value": 1.2048020328080695e-137}