{"correlation": 0.014099097854816113, "p_value": 8.348812269637535e-06}