{"correlation": 0.10198239314757769, "p_value": 4.398765841443476e-229}