{"correlation": 0.09281141423921234, "p_value": 6.329969912472379e-190}