{"correlation": 0.09312169546862639, "p_value": 3.449901176866979e-191}