{"correlation": 0.015239237703735883, "p_value": 1.4615579041904449e-06}