{"correlation": 0.10842429014913577, "p_value": 7.772193956239768e-259}