{"correlation": 0.07882506699821942, "p_value": 2.1165488682518143e-137}