{"correlation": 0.028678276202353217, "p_value": 1.2435240878849603e-19}