{"correlation": 0.027137112520032116, "p_value": 9.664340505223444e-18}