{"correlation": 0.08623661501591444, "p_value": 3.728563690466706e-164}