{"correlation": 0.11191133226034992, "p_value": 1.0194705477280032e-275}