{"correlation": 0.068627446911423, "p_value": 1.5025431953955446e-104}