{"correlation": 0.0554846511648445, "p_value": 6.091794801726166e-69}