{"correlation": 0.10103204681706399, "p_value": 7.505749023571901e-225}