{"correlation": -0.08140620143473176, "p_value": 1.9223962570855474e-146}