{"correlation": 0.06834458759466126, "p_value": 1.054062203240016e-103}