{"correlation": 0.10061078495072415, "p_value": 5.4756743673642265e-223}