{"correlation": 0.05670887068217291, "p_value": 6.123842533343798e-72}