{"correlation": 0.034845523017915006, "p_value": 3.2077910310726484e-28}