{"correlation": 0.06398815724604894, "p_value": 4.071342344874865e-91}