{"correlation": 0.08660044594271586, "p_value": 1.5689568544289385e-165}