{"correlation": 0.10046659357617793, "p_value": 2.3675932140427395e-222}