{"correlation": -0.03155529363674365, "p_value": 1.959434923220851e-23}