{"correlation": 0.08730130316973417, "p_value": 3.3774358829306533e-168}