{"correlation": 0.09045191043108415, "p_value": 1.8633572670196305e-180}