{"correlation": 0.11797659768060163, "p_value": 2.1848282764418444e-306}