{"correlation": -0.00947583084877545, "p_value": 0.0027465445978198176}