{"correlation": 0.11417684402308668, "p_value": 5.58379822280265e-287}