{"correlation": 0.04265728014189311, "p_value": 1.8563447752485558e-41}