{"correlation": -0.11801695519668683, "p_value": 1.3483079298713991e-306}