{"correlation": 0.010823776539448613, "p_value": 0.000624374829226889}