{"correlation": 0.01075686596532468, "p_value": 0.00067471930726103}