{"correlation": 0.06867966417353628, "p_value": 1.0477550446198206e-104}