{"correlation": -0.008341863510268232, "p_value": 0.00837978831758434}