{"correlation": -0.0031791906134300482, "p_value": 0.3150220862072288}