{"correlation": 0.0037664600840800616, "p_value": 0.23391290638393217}