{"correlation": 0.11928657235957227, "p_value": 3.1437131853e-313}