{"correlation": 0.06276068059847416, "p_value": 1.0139865826867328e-87}