{"correlation": -0.09161394022306252, "p_value": 4.343940796560199e-185}