{"correlation": 0.0215596246627612, "p_value": 9.465741707292571e-12}