{"correlation": 0.10939651401649411, "p_value": 1.7320606987638227e-263}