{"correlation": 0.09928248713464156, "p_value": 3.638945637507515e-217}