{"correlation": 0.02969608452928615, "p_value": 6.1680851357948875e-21}