{"correlation": 0.037498149870261635, "p_value": 2.0291959594775003e-32}