{"correlation": -0.05272578367964871, "p_value": 1.9980206992826663e-62}