{"correlation": -0.09222258161687691, "p_value": 1.5402983282274306e-187}