{"correlation": 0.10611742478599875, "p_value": 5.739303880382853e-248}