{"correlation": 0.06020377470400026, "p_value": 7.394703725813759e-81}