{"correlation": 0.030470056200891216, "p_value": 5.86586891498575e-22}