{"correlation": -0.018835998362747464, "p_value": 2.6266986986500876e-09}