{"correlation": 0.09540857698389604, "p_value": 1.2375084331145205e-200}