{"correlation": 0.10860369284400404, "p_value": 1.0847163065943886e-259}