{"correlation": 0.11437132452324435, "p_value": 5.880643260754263e-288}