{"correlation": 0.10081182532739644, "p_value": 7.084666669974533e-224}