{"correlation": 0.10931399312002249, "p_value": 4.31583827646596e-263}