{"correlation": 0.11219022155317353, "p_value": 4.310644887668779e-277}