{"correlation": 0.11262215381831898, "p_value": 3.161523123372857e-279}