{"correlation": 0.0878926815834836, "p_value": 1.824882271832799e-170}