{"correlation": -0.11825423955590117, "p_value": 7.866450271321081e-308}