{"correlation": -0.033632581790659255, "p_value": 2.1129841846050845e-26}