{"correlation": 0.10538451397339597, "p_value": 1.4516383274258309e-244}