{"correlation": 0.10985213100200032, "p_value": 1.1063050802027586e-265}