{"correlation": 0.07813962494572091, "p_value": 4.757031051026459e-135}