{"correlation": 0.04167053988927407, "p_value": 1.2207146370120877e-39}