{"correlation": 0.08136727553668316, "p_value": 2.644761924582273e-146}