{"correlation": 0.10510126578717975, "p_value": 2.955063304331107e-243}