{"correlation": 0.1136097880872467, "p_value": 3.866824446363051e-284}