{"correlation": -0.09463634334895082, "p_value": 2.0325863726056857e-197}