{"correlation": 0.07485458206917175, "p_value": 4.5768952518341045e-124}