{"correlation": 0.06128951801579378, "p_value": 9.76489942389076e-84}