{"correlation": 0.04587537054092833, "p_value": 1.1119078541370756e-47}