{"correlation": -0.07911027744166187, "p_value": 2.1927153244308854e-138}