{"correlation": 0.10762424615950802, "p_value": 4.862166559168029e-255}