{"correlation": 0.007371451870548281, "p_value": 0.01982344816311847}