{"correlation": 0.09066661274243448, "p_value": 2.623649753092939e-181}