{"correlation": 0.08183687772208757, "p_value": 5.578621015467599e-148}