{"correlation": -0.047495384078812444, "p_value": 5.537690465062284e-51}