{"correlation": 0.1148624756636968, "p_value": 1.964227644198241e-290}