{"correlation": 0.08806414920701816, "p_value": 3.9895708368005545e-171}