{"correlation": -0.0020478104315272473, "p_value": 0.5175143695924853}