{"correlation": 0.08720477608700167, "p_value": 7.892260385101509e-168}