{"correlation": 0.08540331078428441, "p_value": 5.021409599221827e-161}