{"correlation": 0.07883106192996119, "p_value": 2.0182205960019817e-137}