{"correlation": 0.06675957020353265, "p_value": 4.997167922264751e-99}