{"correlation": 0.005926959113294161, "p_value": 0.06104815415690747}