{"correlation": -0.0060009480775351206, "p_value": 0.05788995778584158}