{"correlation": 0.07584939881269512, "p_value": 2.424905038257823e-127}