{"correlation": -0.043339890926788915, "p_value": 9.689692518868795e-43}