{"correlation": 0.0246164463848463, "p_value": 7.20375412381777e-15}