{"correlation": 0.10228740247335757, "p_value": 1.8902118530547793e-230}