{"correlation": -0.023647582117370183, "p_value": 7.748444711316845e-14}