{"correlation": 0.05695341597061796, "p_value": 1.5148524190948788e-72}