{"correlation": 0.09911158970136448, "p_value": 2.015476511527292e-216}