{"correlation": 0.07580809339076468, "p_value": 3.3233697488348303e-127}