{"correlation": 0.06138655539432949, "p_value": 5.368171859874808e-84}