{"correlation": 0.07985816248927487, "p_value": 5.520416826836827e-141}