{"correlation": 0.055020864757246296, "p_value": 8.004327091698665e-68}