{"correlation": 0.0894035039118242, "p_value": 2.502065979230701e-176}