{"correlation": 0.011270639310726742, "p_value": 0.0003679893867873814}