{"correlation": 0.03877322045451521, "p_value": 1.5159712125643201e-34}