{"correlation": 0.08236832595969527, "p_value": 6.889735068199126e-150}