{"correlation": -0.021061682737879412, "p_value": 2.795114490351417e-11}