{"correlation": 0.07993525002730266, "p_value": 2.9694615891216143e-141}