{"correlation": -0.06516640927397055, "p_value": 1.9388910069873684e-94}