{"correlation": -0.041695890920222675, "p_value": 1.0975802694157036e-39}