{"correlation": -0.03234384973944007, "p_value": 1.540480980013868e-24}