{"correlation": 0.09428510350389958, "p_value": 5.778195447090789e-196}