{"correlation": -0.0072924187678407365, "p_value": 0.021183684863547225}