{"correlation": 0.08978325276511608, "p_value": 8.104175627282274e-178}