{"correlation": 0.1203700274134383, "p_value": 6.02444e-319}