{"correlation": -0.11155029164824445, "p_value": 6.049123092539703e-274}