{"correlation": 0.03257510106138452, "p_value": 7.222294309674027e-25}