{"correlation": 0.08384498544047, "p_value": 2.952978004438286e-155}