{"correlation": -0.07066232878474676, "p_value": 9.702506749943767e-111}