{"correlation": -0.028665224222491067, "p_value": 1.291496843295908e-19}