{"correlation": 0.07219686367423897, "p_value": 1.5798269724724562e-115}