{"correlation": -0.0832083715336248, "p_value": 6.256046841214163e-153}