{"correlation": 0.10421121926407904, "p_value": 3.626697704098452e-239}