{"correlation": 0.03888233817386359, "p_value": 9.89531175631018e-35}