{"correlation": 0.08207176929545443, "p_value": 8.028190126964313e-149}