{"correlation": 0.016582987914644572, "p_value": 1.5955740942663457e-07}