{"correlation": 0.08515745092437466, "p_value": 4.151658325899354e-160}