{"correlation": 0.11558755857024729, "p_value": 4.1462905985610126e-294}