{"correlation": 0.015013389507819327, "p_value": 2.0847239476623385e-06}