{"correlation": -0.07110374421711858, "p_value": 4.169869195597802e-112}