{"correlation": 0.0264350124348823, "p_value": 6.495491405363575e-17}