{"correlation": 0.05663033642178709, "p_value": 9.578406444910328e-72}