{"correlation": 0.09177198347608723, "p_value": 1.0074256428459343e-185}