{"correlation": 0.0943060329444811, "p_value": 4.735015515029072e-196}