{"correlation": 0.11092408320035244, "p_value": 6.974662379489116e-271}