{"correlation": 0.10748538367147918, "p_value": 2.2020130207481023e-254}