{"correlation": 0.03300693918184485, "p_value": 1.730460164072717e-25}