{"correlation": 0.060328912595757136, "p_value": 3.4649746927317543e-81}