{"correlation": -0.06166561096704635, "p_value": 9.556315897531993e-85}