{"correlation": 0.08532790164716736, "p_value": 9.604840562649259e-161}