{"correlation": 0.05783199758508412, "p_value": 9.534292444972096e-75}