{"correlation": 0.08629496500243254, "p_value": 2.2452735800702998e-164}