{"correlation": 0.08200664062512619, "p_value": 1.3749888104996182e-148}