{"correlation": 0.05255644358476693, "p_value": 4.894791437473765e-62}