{"correlation": 0.03668365146014515, "p_value": 4.255686682407924e-31}