{"correlation": 0.01809450012772678, "p_value": 1.0716896962062613e-08}