{"correlation": 0.034229260181664924, "p_value": 2.7426599801821712e-27}