{"correlation": 0.03194583579870785, "p_value": 5.6037214301342775e-24}