{"correlation": -0.035609555018767905, "p_value": 2.1281103481254184e-29}