{"correlation": 0.05470251439604955, "p_value": 4.6313055800054364e-67}