{"correlation": 0.06435294258390359, "p_value": 3.8698582395202694e-92}