{"correlation": 0.053754374103753874, "p_value": 8.1301517638724e-65}