{"correlation": 0.04745551478372173, "p_value": 6.698538232343779e-51}