{"correlation": 0.07377295204029473, "p_value": 1.488907475772039e-120}