{"correlation": 0.003172005642668365, "p_value": 0.31611702247492923}