{"correlation": 0.05217089351641833, "p_value": 3.724303046749129e-61}