{"correlation": 0.10820490433277578, "p_value": 8.598244972492333e-258}