{"correlation": 0.11851548122635604, "p_value": 3.42163182009633e-309}