{"correlation": 0.06700082676219274, "p_value": 9.865540126589362e-100}