{"correlation": 0.01026176250712841, "p_value": 0.0011820863415270616}