{"correlation": 0.09236485584553399, "p_value": 4.096949777657823e-188}