{"correlation": 0.07300044106456074, "p_value": 4.4654258402036e-118}