{"correlation": 0.07992528526735326, "p_value": 3.217384192636713e-141}