{"correlation": 0.00951633192505122, "p_value": 0.0026334741133421146}