{"correlation": 0.08574072521859417, "p_value": 2.7380905486599606e-162}