{"correlation": -0.11374441844106638, "p_value": 8.209051853700833e-285}