{"correlation": 0.03078634788746562, "p_value": 2.204613744504963e-22}