{"correlation": 0.10654057143574909, "p_value": 6.069740881632327e-250}