{"correlation": 0.008316297741214604, "p_value": 0.008581492271194313}