{"correlation": 0.061656982563584, "p_value": 1.0081315728313368e-84}