{"correlation": 0.03846653249448176, "p_value": 4.996078841706552e-34}