{"correlation": 0.08398304840297133, "p_value": 9.192728579316939e-156}