{"correlation": 0.09383483881383789, "p_value": 4.1434140736533587e-194}