{"correlation": 0.022917983498548955, "p_value": 4.3612383559890475e-13}