{"correlation": 0.026356880371306887, "p_value": 8.005428136412662e-17}