{"correlation": -0.05544421603222473, "p_value": 7.632062565015968e-69}