{"correlation": -0.015519092187308917, "p_value": 9.34840232258604e-07}