{"correlation": 0.09110336487002174, "p_value": 4.793703821090865e-183}