{"correlation": 0.0076831540036317965, "p_value": 0.015174558129343893}