{"correlation": 0.11910839158728405, "p_value": 2.70793478937e-312}