{"correlation": 0.01510438853675398, "p_value": 1.8078481375327917e-06}