{"correlation": 0.05531247007341763, "p_value": 1.588965060893124e-68}