{"correlation": 0.0704349822408669, "p_value": 4.8694476706214696e-110}