{"correlation": 0.09069776982595792, "p_value": 1.973258857347253e-181}