{"correlation": 0.08902318407051087, "p_value": 7.650932692342408e-175}