{"correlation": 0.05598285285363717, "p_value": 3.738553515246969e-70}