{"correlation": -0.03155884614583313, "p_value": 1.937381726703132e-23}