{"correlation": 0.07263262220815114, "p_value": 6.607201248284665e-117}