{"correlation": -0.09032760953896844, "p_value": 5.784541717087187e-180}