{"correlation": 0.08794060929718112, "p_value": 1.1934388558373708e-170}