{"correlation": 0.08638889116967913, "p_value": 9.916979230853773e-165}