{"correlation": -0.021730064235388362, "p_value": 6.497841002200871e-12}