{"correlation": 0.054565890657387456, "p_value": 9.806885310986852e-67}