{"correlation": 0.10238208073317957, "p_value": 7.102123748728e-231}