{"correlation": 0.024961223498853578, "p_value": 3.025150036737115e-15}