{"correlation": -0.025765354692167484, "p_value": 3.8204640159854973e-16}