{"correlation": 0.06500027529105692, "p_value": 5.749989290676755e-94}