{"correlation": 0.08860400711624838, "p_value": 3.261819004797438e-173}