{"correlation": -0.04757717768050663, "p_value": 3.745841784081266e-51}