{"correlation": 0.08556400905035298, "p_value": 1.2582106010091595e-161}