{"correlation": 0.06526972305134542, "p_value": 9.848041909480944e-95}