{"correlation": 0.09999154759082952, "p_value": 2.9016324263187816e-220}