{"correlation": -0.06673617839759032, "p_value": 5.846624764777627e-99}