{"correlation": 0.09145719605005093, "p_value": 1.8460427362694777e-184}