{"correlation": 0.055121831891999595, "p_value": 4.577278078776605e-68}