{"correlation": -0.10179580768222977, "p_value": 3.0020273940157595e-228}