{"correlation": 0.04868287439275202, "p_value": 1.777862783641179e-53}