{"correlation": -0.07915854610503296, "p_value": 1.49274905187563e-138}