{"correlation": 0.03697315880806722, "p_value": 1.4537427890785122e-31}