{"correlation": 0.07383530755503347, "p_value": 9.370962805774521e-121}