{"correlation": 0.00791282071865383, "p_value": 0.012392286638509496}