{"correlation": 0.057136544945955714, "p_value": 5.301082434227756e-73}