{"correlation": -0.10945338432070409, "p_value": 9.228490979581619e-264}