{"correlation": 0.08315635049135404, "p_value": 9.673431959165413e-153}