{"correlation": 0.057258838572013866, "p_value": 2.6243880183331832e-73}