{"correlation": 0.04262167255779992, "p_value": 2.1626987942493168e-41}