{"correlation": -0.12013400800183238, "p_value": 1.071391e-317}