{"correlation": 0.07561191121178075, "p_value": 1.4814583712522378e-126}