{"correlation": -0.041563880341460364, "p_value": 1.908065513156999e-39}