{"correlation": 0.007722571513688865, "p_value": 0.014661103379161404}