{"correlation": 0.02485495931081057, "p_value": 3.9575567960679805e-15}