{"correlation": 0.08091809463851769, "p_value": 1.0381308109135802e-144}