{"correlation": 0.11208363734663339, "p_value": 1.4454346261744348e-276}