{"correlation": -0.020906298095961822, "p_value": 3.899241826251769e-11}