{"correlation": 0.016130382268020826, "p_value": 3.4306749186784255e-07}