{"correlation": -0.047292941617866784, "p_value": 1.4530752775049192e-50}