{"correlation": 0.11830045705559589, "p_value": 4.519870578519951e-308}