{"correlation": -0.0045252787580990295, "p_value": 0.1526721054705034}