{"correlation": 0.10479335523431865, "p_value": 7.747233283946575e-242}