{"correlation": 0.03579031870876284, "p_value": 1.1105781042586349e-29}