{"correlation": 0.046424816097500494, "p_value": 8.68343509222285e-49}