{"correlation": 0.023518386462210727, "p_value": 1.0562094039340284e-13}