{"correlation": 0.0507918164008433, "p_value": 4.6816354487328004e-58}