{"correlation": -0.03497606795198035, "p_value": 2.0261865231634646e-28}