{"correlation": 0.11919516752400193, "p_value": 9.4922143852e-313}