{"correlation": 0.060607014958545626, "p_value": 6.391434359822377e-82}