{"correlation": 0.03247231981161264, "p_value": 1.0119937843932098e-24}