{"correlation": 0.06375672310991282, "p_value": 1.7994466983296583e-90}