{"correlation": -0.11990389764467294, "p_value": 1.76300725e-316}