{"correlation": 0.06675569507547162, "p_value": 5.128857510852958e-99}