{"correlation": 0.00850372368917599, "p_value": 0.007198306712805877}