{"correlation": 0.1077069639839568, "p_value": 1.9754106620470351e-255}