{"correlation": 0.04168430006659243, "p_value": 1.1522664770421654e-39}