{"correlation": 0.08971462004068545, "p_value": 1.5079921440754852e-177}