{"correlation": -0.09293959476775575, "p_value": 1.9050916808626172e-190}