{"correlation": 0.04374876634165677, "p_value": 1.6162762747027547e-43}