{"correlation": 0.06977179866975364, "p_value": 5.226188601105982e-108}