{"correlation": 0.03131814991104521, "p_value": 4.15948273569229e-23}