{"correlation": 0.0486890733775152, "p_value": 1.7247294956793886e-53}