{"correlation": 0.02498047691090947, "p_value": 2.8810748568903774e-15}