{"correlation": 0.0877604867220868, "p_value": 5.880539480197925e-170}