{"correlation": 0.09347196151046462, "p_value": 1.2771209844697325e-192}