{"correlation": 0.02667547243051174, "p_value": 3.400998153031216e-17}