{"correlation": 0.0918096814472512, "p_value": 7.106591449446465e-186}