{"correlation": 0.08177096294510137, "p_value": 9.601597560929614e-148}