{"correlation": 0.09956328718823362, "p_value": 2.171036797762198e-218}