{"correlation": -0.0020103011273621234, "p_value": 0.5252149307565799}