{"correlation": -0.003418964494262096, "p_value": 0.27991173124640634}