{"correlation": 0.10910374286653851, "p_value": 4.404608033646932e-262}