{"correlation": 0.029255982224271244, "p_value": 2.289223662587529e-20}