{"correlation": 0.09543579627511373, "p_value": 9.52193927479312e-201}