{"correlation": -0.018419768511771097, "p_value": 5.821842948952889e-09}