{"correlation": 0.12020761088998794, "p_value": 4.36914e-318}