{"correlation": 0.11465158537891612, "p_value": 2.279126073651188e-289}