{"correlation": 0.07849253401104575, "p_value": 2.9452101283878077e-136}