{"correlation": -0.002877452790915216, "p_value": 0.36314989206426956}