{"correlation": 0.11313821821188273, "p_value": 8.678555971579233e-282}