{"correlation": 0.04192548535405475, "p_value": 4.177844082595798e-40}