{"correlation": 0.11049994608946219, "p_value": 8.078159238943365e-269}