{"correlation": -0.1027276665502396, "p_value": 1.978079958698551e-232}