{"correlation": 0.07090990824092991, "p_value": 1.6647706215525416e-111}