{"correlation": -0.051726655018668966, "p_value": 3.788587736217492e-60}