{"correlation": 0.0455628734615124, "p_value": 4.677753717474724e-47}