{"correlation": -0.004751868476397393, "p_value": 0.13315701483441286}