{"correlation": 0.038279893509171034, "p_value": 1.0276247916340977e-33}