{"correlation": 0.07027730906517361, "p_value": 1.4860546599272881e-109}