{"correlation": -0.06365571828845491, "p_value": 3.4361817152352827e-90}