{"correlation": 0.05102993345830797, "p_value": 1.3841017997328474e-58}