{"correlation": 0.08191855504690848, "p_value": 2.844800163525811e-148}