{"correlation": -0.02732732835866921, "p_value": 5.719479176964744e-18}