{"correlation": -0.027057280621360445, "p_value": 1.2031554313122056e-17}