{"correlation": -0.1088688210167334, "p_value": 5.871944999557343e-261}