{"correlation": 0.035251965745762455, "p_value": 7.630823274196661e-29}