{"correlation": -0.07790489484265291, "p_value": 3.0054943848163106e-134}