{"correlation": -0.009588275617466266, "p_value": 0.0024430601527246337}