{"correlation": 0.06292467456907978, "p_value": 3.5983019095604486e-88}