{"correlation": 0.06722454810503473, "p_value": 2.1799601914518632e-100}