{"correlation": 0.09809696208325393, "p_value": 4.910878823464529e-212}