{"correlation": -0.06537085846147193, "p_value": 5.0686985611389764e-95}