{"correlation": 0.09503273036128249, "p_value": 4.579847621856735e-199}