{"correlation": 0.04754179232354011, "p_value": 4.4364402413100106e-51}