{"correlation": 0.05324017468716075, "p_value": 1.2908995099453857e-63}