{"correlation": -0.03940379299683853, "p_value": 1.2675869073881316e-35}