{"correlation": -0.03600735287218275, "p_value": 5.064835889724492e-30}