{"correlation": 0.002170973202783406, "p_value": 0.49264650372890656}