{"correlation": 0.07568890655801859, "p_value": 8.243962122109843e-127}