{"correlation": -0.056539816426358046, "p_value": 1.6027928251246493e-71}