{"correlation": 0.05596931844669771, "p_value": 4.034351320606061e-70}