{"correlation": 0.08658086740322693, "p_value": 1.8612390057572312e-165}