{"correlation": 0.08869172881703559, "p_value": 1.4895183094622171e-173}