{"correlation": 0.0857800829633566, "p_value": 1.948734216555066e-162}