{"correlation": 0.09125584169892438, "p_value": 1.179863156727529e-183}