{"correlation": -0.030275585677591327, "p_value": 1.0653764549932757e-21}