{"correlation": 0.006839677382944286, "p_value": 0.03064849521794166}