{"correlation": -0.016969840363381315, "p_value": 8.164281119222509e-08}