{"correlation": 0.11650336946910071, "p_value": 8.737740119169144e-299}