{"correlation": 0.11249428209978078, "p_value": 1.3574520730122303e-278}