{"correlation": 0.08475404398012035, "p_value": 1.3112558864450903e-158}