{"correlation": 0.04429581910719211, "p_value": 1.4339027711866984e-44}