{"correlation": 0.09775597309544869, "p_value": 1.4293135988580947e-210}