{"correlation": -0.012704527021057194, "p_value": 5.938411489057677e-05}