{"correlation": 0.03515333802145435, "p_value": 1.0828264653983998e-28}