{"correlation": 0.08250781425877876, "p_value": 2.1640111294277547e-150}