{"correlation": -0.006384362619868823, "p_value": 0.04362184506530406}