{"correlation": -0.045028312251388404, "p_value": 5.340350383828169e-46}