{"correlation": 0.11965504695756125, "p_value": 3.62175644e-315}