{"correlation": 0.036298381555841634, "p_value": 1.7544163286201324e-30}