{"correlation": 0.07564169461043592, "p_value": 1.1810107732979452e-126}