{"correlation": -0.03549276936825148, "p_value": 3.2338659009955744e-29}