{"correlation": 0.056612817847871345, "p_value": 1.0582590924836795e-71}