{"correlation": 0.0891261314064486, "p_value": 3.035752549003983e-175}