{"correlation": -0.07342858390328028, "p_value": 1.9067810220805437e-119}