{"correlation": 0.1202804225107031, "p_value": 1.798004e-318}