{"correlation": 0.10097468475842741, "p_value": 1.3475529814902031e-224}