{"correlation": 0.12013136330375668, "p_value": 1.106474e-317}