{"correlation": -0.08797906801606359, "p_value": 8.486532445761844e-171}