{"correlation": 0.07719458729145902, "p_value": 7.68630975028876e-132}