{"correlation": 0.052707073796873324, "p_value": 2.2062548724866656e-62}