{"correlation": 0.07191501864164873, "p_value": 1.2184955459180397e-114}