{"correlation": -0.06467167301943384, "p_value": 4.896826002367489e-93}