{"correlation": 0.061886608732403404, "p_value": 2.4225806089472992e-85}