{"correlation": 0.05357972000903376, "p_value": 2.085718918189614e-64}