{"correlation": 0.07834003037741757, "p_value": 9.815262765676266e-136}