{"correlation": 0.09207575348922782, "p_value": 6.028577047897455e-187}