{"correlation": -0.0036420442199523967, "p_value": 0.2497242361686967}