{"correlation": 0.11246403637129673, "p_value": 1.9155823324559678e-278}