{"correlation": 0.11293564284992927, "p_value": 8.817509165089556e-281}