{"correlation": 0.07807904474476342, "p_value": 7.659244303271531e-135}