{"correlation": 0.029092059643915053, "p_value": 3.71271282145843e-20}