{"correlation": 0.11835723656353805, "p_value": 2.2874152629722664e-308}