{"correlation": 0.07022356348736271, "p_value": 2.1724709225009467e-109}