{"correlation": -0.0509384299678269, "p_value": 2.2122398633587906e-58}