{"correlation": 0.08766407243635248, "p_value": 1.3789975691159988e-169}