{"correlation": 0.07961609943893627, "p_value": 3.853708245870984e-140}