{"correlation": 0.0837495401114677, "p_value": 6.6090306461400334e-155}