{"correlation": -0.011384695759684333, "p_value": 0.0003205679489632564}