{"correlation": -0.012566279118658742, "p_value": 7.140700475072351e-05}