{"correlation": -0.05328784013096795, "p_value": 1.0001510829482332e-63}