{"correlation": 0.06465388707555018, "p_value": 5.497057841816782e-93}