{"correlation": 0.011591959967854438, "p_value": 0.00024869982580333415}