{"correlation": 0.05043574082728965, "p_value": 2.86543209610133e-57}