{"correlation": 0.04907844289076047, "p_value": 2.544973455854396e-54}