{"correlation": 0.010587665569297739, "p_value": 0.0008193525455813148}