{"correlation": 0.1154794772179228, "p_value": 1.469065939197728e-293}