{"correlation": 0.039603669811241346, "p_value": 5.724974636784643e-36}