{"correlation": 0.06582182195040293, "p_value": 2.589543498047821e-96}