{"correlation": -0.04703664980210353, "p_value": 4.899300942120399e-50}