{"correlation": 0.04298656052408072, "p_value": 4.4936429762060905e-42}