{"correlation": 0.05311888871619804, "p_value": 2.4685817727881576e-63}