{"correlation": 0.11396976941130886, "p_value": 6.107471260646207e-286}