{"correlation": 0.10580263221167141, "p_value": 1.6727512740960373e-246}