{"correlation": 0.06794833166949114, "p_value": 1.5928364849915877e-102}