{"correlation": -0.01982059642502777, "p_value": 3.737130845671251e-10}