{"correlation": 0.013250566548336326, "p_value": 2.8162867103532364e-05}