{"correlation": 0.03219170852781854, "p_value": 2.528347704397547e-24}