{"correlation": 0.07683877061536198, "p_value": 1.2120016014052325e-130}