{"correlation": 0.10954997525673112, "p_value": 3.1651075525602057e-264}