{"correlation": 0.10932042352600804, "p_value": 4.019563545297603e-263}