{"correlation": 0.07593490152371628, "p_value": 1.2621313135417572e-127}