{"correlation": 0.07002216506966613, "p_value": 8.991237919777725e-109}