{"correlation": 0.04496737864110012, "p_value": 7.03603161316103e-46}