{"correlation": 0.08671354182246693, "p_value": 5.844020625077055e-166}