{"correlation": 0.048701455738667306, "p_value": 1.6232845968315897e-53}