{"correlation": 0.10939937980213166, "p_value": 1.677984277862221e-263}