{"correlation": -0.06278303191701691, "p_value": 8.80599305548749e-88}