{"correlation": -0.003913361978874497, "p_value": 0.21617380713811382}