{"correlation": -0.037735865894247024, "p_value": 8.244873190594782e-33}