{"correlation": -0.062498736447762264, "p_value": 5.275466491065752e-87}