{"correlation": 0.04477089048949859, "p_value": 1.7076715642152882e-45}