{"correlation": 0.06527704448459763, "p_value": 9.38605537045266e-95}