{"correlation": 0.03182055835984167, "p_value": 8.386585931902569e-24}