{"correlation": 0.11443446296738942, "p_value": 2.8294985028720067e-288}