{"correlation": 0.06388418049101606, "p_value": 7.943068705123833e-91}