{"correlation": 0.06303946301236919, "p_value": 1.7396540139619308e-88}