{"correlation": 0.10206249553555008, "p_value": 1.9265288454289045e-229}