{"correlation": 0.09200998140020857, "p_value": 1.1101085281832893e-186}