{"correlation": 0.021266850808308653, "p_value": 1.7944137978773262e-11}