{"correlation": 0.10447485853946378, "p_value": 2.2492087616414764e-240}