{"correlation": 0.06816703512822592, "p_value": 3.5656261847017437e-103}