{"correlation": 0.09464248247873981, "p_value": 1.916862663240028e-197}