{"correlation": 0.11342663148204608, "p_value": 3.174704320449951e-283}