{"correlation": 0.035850711928836605, "p_value": 8.930368593821323e-30}