{"correlation": -0.07887091497575172, "p_value": 1.4709137352554692e-137}