{"correlation": 0.0009217526031871318, "p_value": 0.7708167650739688}