{"correlation": 0.11402955997778469, "p_value": 3.0625242825478893e-286}