{"correlation": 0.09866990693675959, "p_value": 1.6582720994305246e-214}