{"correlation": 0.10098200796380764, "p_value": 1.2505682524747803e-224}