{"correlation": 0.05908534267996793, "p_value": 6.038845720006074e-78}