{"correlation": 0.08336029867058674, "p_value": 1.74912960832921e-153}