{"correlation": -0.03535884996965967, "p_value": 5.21658105329185e-29}