{"correlation": 0.0987406804494521, "p_value": 8.19114985399304e-215}