{"correlation": 0.04002992456380035, "p_value": 1.037086848139088e-36}