{"correlation": 0.10481178147169767, "p_value": 6.373445584295426e-242}