{"correlation": 0.0543563793797911, "p_value": 3.087472819916242e-66}