{"correlation": 0.03179059260859994, "p_value": 9.233579170615363e-24}