{"correlation": 0.11925241752425973, "p_value": 4.7513654059e-313}