{"correlation": -0.028282837588422732, "p_value": 3.885658164997202e-19}