{"correlation": 0.040989862757014724, "p_value": 2.0704994340150158e-38}