{"correlation": 0.036993122718245994, "p_value": 1.3495413699518517e-31}