{"correlation": 0.09613122888619144, "p_value": 1.1466927274877424e-203}