{"correlation": -0.0029895687697921243, "p_value": 0.3447547271413915}