{"correlation": 0.07920044500506473, "p_value": 1.068920753269314e-138}