{"correlation": -0.02544950055164266, "p_value": 8.677455748278271e-16}