{"correlation": 0.007064810267818191, "p_value": 0.025564814497433794}