{"correlation": -0.06935881114117573, "p_value": 9.39753707953008e-107}