{"correlation": 0.11297700901032118, "p_value": 5.493967522103326e-281}