{"correlation": 0.016368781410208054, "p_value": 2.297931551476204e-07}