{"correlation": 0.01951508212203583, "p_value": 6.913816052248627e-10}