{"correlation": -0.08074782599465934, "p_value": 4.1505025409891616e-144}