{"correlation": 0.09237901682599363, "p_value": 3.590588019643232e-188}