{"correlation": 0.1152798562387393, "p_value": 1.5147345124803521e-292}