{"correlation": 0.10501911181699546, "p_value": 7.070907378196298e-243}