{"correlation": 0.05148749779081292, "p_value": 1.3100001414906254e-59}