{"correlation": 0.09961361301252822, "p_value": 1.3087931443721413e-218}