{"correlation": -0.11730692606351702, "p_value": 6.414082347528548e-303}