{"correlation": 0.06749831185552915, "p_value": 3.412923200688034e-101}