{"correlation": -0.0518699205281146, "p_value": 1.7968962163442035e-60}