{"correlation": 0.10720107314593004, "p_value": 4.821820370644678e-253}