{"correlation": 0.10227387280507032, "p_value": 2.173843951774795e-230}