{"correlation": 0.0015513836844426939, "p_value": 0.6239267442335901}