{"correlation": 0.030670325799236644, "p_value": 3.1603212083474574e-22}