{"correlation": -0.06269024022744457, "p_value": 1.580997594730012e-87}