{"correlation": 0.06512921011882478, "p_value": 2.4738293884161076e-94}