{"correlation": 0.06171164278441262, "p_value": 7.183280444965469e-85}