{"correlation": 0.0037974805054110925, "p_value": 0.2300836705319956}