{"correlation": -0.020930167302674406, "p_value": 3.7054198112238106e-11}