{"correlation": -0.03728947840189148, "p_value": 4.453063025375815e-32}