{"correlation": 0.09669326902120991, "p_value": 4.834805392840113e-206}