{"correlation": -0.0755781916645238, "p_value": 1.914639633455497e-126}