{"correlation": 0.08546491495432094, "p_value": 2.9548667734736284e-161}