{"correlation": 0.0033940853122472717, "p_value": 0.28342599394048296}