{"correlation": -0.005911774223593886, "p_value": 0.061713658985250525}