{"correlation": -0.03692816604553145, "p_value": 1.7187872808728941e-31}