{"correlation": 0.11277612799688166, "p_value": 5.456471813611581e-280}