{"correlation": 0.06590466132363793, "p_value": 1.4961700663057297e-96}