{"correlation": 0.08784085073403816, "p_value": 2.887851697584044e-170}