{"correlation": 0.08271585283577598, "p_value": 3.8331112358914286e-151}