{"correlation": 0.05500651141288893, "p_value": 8.665489400331595e-68}