{"correlation": 0.10384198755591234, "p_value": 1.7594637497552302e-237}