{"correlation": 0.0875582338735132, "p_value": 3.510882423281537e-169}