{"correlation": 0.048339608825824346, "p_value": 9.483575082908132e-53}