{"correlation": 0.056740369577335706, "p_value": 5.117170774190114e-72}