{"correlation": 0.04291142455092914, "p_value": 6.217085697695961e-42}