{"correlation": 0.10587243234291761, "p_value": 7.926283519380631e-247}