{"correlation": 0.10063268479320267, "p_value": 4.38308872917584e-223}