{"correlation": 0.07381736889637476, "p_value": 1.0706565340772046e-120}