{"correlation": -0.029683714937811786, "p_value": 6.401351981975001e-21}