{"correlation": -0.11683073815754913, "p_value": 1.8223064479566036e-300}