{"correlation": 0.05575313229579771, "p_value": 1.35806757317075e-69}