{"correlation": 0.09083087037462129, "p_value": 5.8367225432234044e-182}