{"correlation": 0.0923225129274311, "p_value": 6.077516126405432e-188}