{"correlation": 0.10350689232512336, "p_value": 5.889838017945227e-236}