{"correlation": 0.08692708298571288, "p_value": 9.022841989084187e-167}