{"correlation": 0.1110934905057165, "p_value": 1.0398026478984841e-271}