{"correlation": 0.10055428734049487, "p_value": 9.720689281474773e-223}