{"correlation": 0.1003403726511286, "p_value": 8.514641140034971e-222}