{"correlation": -0.0361335968112393, "p_value": 3.201003325542039e-30}