{"correlation": 0.0568390602115177, "p_value": 2.913281708060385e-72}