{"correlation": 0.08269418983227216, "p_value": 4.591090394846132e-151}