{"correlation": 0.10500444663006783, "p_value": 8.261934141452241e-243}