{"correlation": 0.03126197045790917, "p_value": 4.9673992041403445e-23}