{"correlation": 0.09601324555590422, "p_value": 3.599427244195472e-203}