{"correlation": 0.08695562489966917, "p_value": 7.026559861793843e-167}