{"correlation": 0.024832390987596924, "p_value": 4.189337880777708e-15}