{"correlation": 0.09406282498335435, "p_value": 4.774654785900598e-195}