{"correlation": 0.09506645475051868, "p_value": 3.314251406821337e-199}