{"correlation": 0.06529993848722174, "p_value": 8.076401127506285e-95}