{"correlation": -0.049896288668165, "p_value": 4.351694152731548e-56}