{"correlation": 0.004607891774005433, "p_value": 0.14531921994678595}