{"correlation": 0.08305384690542532, "p_value": 2.281358985266524e-152}