{"correlation": 0.044060860767020524, "p_value": 4.0732594050299606e-44}