{"correlation": 0.06641517295632103, "p_value": 5.013389177224829e-98}