{"correlation": 0.10885962026307125, "p_value": 6.498115743114915e-261}