{"correlation": 0.07931178328446735, "p_value": 4.396930885609803e-139}