{"correlation": -0.0316506522851188, "p_value": 1.44541785040517e-23}