{"correlation": -0.01959035750711559, "p_value": 5.946419387895858e-10}