{"correlation": 0.022243994475896825, "p_value": 2.0540575440019797e-12}