{"correlation": 0.025103642327939286, "p_value": 2.1067347083312896e-15}