{"correlation": 0.013871965603829054, "p_value": 1.163882509860796e-05}