{"correlation": -0.10415370903582001, "p_value": 6.645041225047588e-239}