{"correlation": -0.0845602872113937, "p_value": 6.8441831313355625e-158}