{"correlation": 0.027604911931293007, "p_value": 2.643110740400018e-18}