{"correlation": 0.051852638424694314, "p_value": 1.9662964961030462e-60}