{"correlation": -0.09459913182016992, "p_value": 2.899502577151771e-197}