{"correlation": 0.11525601977898906, "p_value": 2.0008407595987458e-292}