{"correlation": -0.11505003352902594, "p_value": 2.2116297601623967e-291}