{"correlation": 0.02750494411317712, "p_value": 3.4932443426794425e-18}