{"correlation": 0.07051298807669211, "p_value": 2.8012462371417697e-110}