{"correlation": 0.07022721804712719, "p_value": 2.117112406892825e-109}