{"correlation": 0.051680411631706114, "p_value": 4.8178442767762345e-60}