{"correlation": 0.11912939052582146, "p_value": 2.101349742803e-312}