{"correlation": -0.08947434399459588, "p_value": 1.3210202010291955e-176}