{"correlation": 0.06484040813015787, "p_value": 1.6324117827553859e-93}