{"correlation": 0.11662389696102904, "p_value": 2.1045015196427756e-299}