{"correlation": 0.04688035888486335, "p_value": 1.0247583925357192e-49}