{"correlation": 0.06639765652002731, "p_value": 5.635404824448606e-98}