{"correlation": 0.09731278393494504, "p_value": 1.1223356559045357e-208}