{"correlation": -0.03250906435263835, "p_value": 8.97129457209244e-25}