{"correlation": 0.025564933370161406, "p_value": 6.436985349942883e-16}