{"correlation": 0.025478723605328487, "p_value": 8.046535572244195e-16}