{"correlation": -0.0010090849486780573, "p_value": 0.749797151574484}