{"correlation": 0.015707467976346163, "p_value": 6.890480429016393e-07}