{"correlation": 0.08305754423457715, "p_value": 2.211879504612163e-152}