{"correlation": 0.08481138567275225, "p_value": 8.035025791302077e-159}