{"correlation": -0.00925933952774006, "p_value": 0.0034297186188213752}