{"correlation": 0.09454484498689454, "p_value": 4.867204415941228e-197}