{"correlation": -0.024135598058186162, "p_value": 2.3691328025437854e-14}