{"correlation": -0.007916987073343996, "p_value": 0.012346289697325194}