{"correlation": -0.013207005949253376, "p_value": 2.992109287172843e-05}