{"correlation": -0.0841627477542444, "p_value": 2.0068840431382375e-156}