{"correlation": 0.0019114187335753678, "p_value": 0.5457925055956778}