{"correlation": -0.11825218541446221, "p_value": 8.062549578486697e-308}