{"correlation": 0.09643276283885915, "p_value": 6.1231597628143145e-205}