{"correlation": 0.03239191777234798, "p_value": 1.3166307166109373e-24}