{"correlation": 0.05075854557005266, "p_value": 5.5481399741794516e-58}