{"correlation": 0.061177601183438006, "p_value": 1.944647579149434e-83}