{"correlation": 0.04499019159869845, "p_value": 6.3461511716972035e-46}