{"correlation": 0.012931581775645034, "p_value": 4.36966281289714e-05}