{"correlation": 0.09582641302985313, "p_value": 2.196094488245005e-202}