{"correlation": 0.08539049704458909, "p_value": 5.606665649637983e-161}