{"correlation": 0.053312713732079034, "p_value": 8.75372134902227e-64}