{"correlation": 0.04284211697715064, "p_value": 8.383421594747543e-42}