{"correlation": 0.01584481932935189, "p_value": 5.504388658392257e-07}