{"correlation": 0.06351273897139985, "p_value": 8.570340547268848e-90}