{"correlation": 0.04313212037118977, "p_value": 2.3920321455286465e-42}