{"correlation": 0.02893916515817733, "p_value": 5.8146641885086e-20}