{"correlation": 0.043322714819524176, "p_value": 1.0442991212790813e-42}