{"correlation": 0.01389429462845825, "p_value": 1.1267304300156224e-05}