{"correlation": 0.03993454988087348, "p_value": 1.5223418661688124e-36}