{"correlation": 0.02662097590354948, "p_value": 3.9401190652428267e-17}