{"correlation": 0.0909982349932543, "p_value": 1.258499374727683e-182}