{"correlation": -0.11620254293705579, "p_value": 3.031360516548948e-297}