{"correlation": 0.06901710648793673, "p_value": 1.0129612047541684e-105}