{"correlation": 0.11182858398266904, "p_value": 2.6021139643549473e-275}