{"correlation": -0.03800565009717167, "p_value": 2.9465684775406484e-33}