{"correlation": 0.11849067304410056, "p_value": 4.609584177427757e-309}