{"correlation": 0.11835542967215434, "p_value": 2.3375444781494333e-308}