{"correlation": 0.0699744516304538, "p_value": 1.258057324632681e-108}