{"correlation": 0.11414409908627601, "p_value": 8.153532158902196e-287}