{"correlation": 0.10884268453340444, "p_value": 7.830290823875369e-261}