{"correlation": -0.015246645276946512, "p_value": 1.4445120901844e-06}