{"correlation": 0.07852408162633885, "p_value": 2.295315146821485e-136}