{"correlation": -0.022039877999160812, "p_value": 3.255418097796681e-12}