{"correlation": 0.03688277018375819, "p_value": 2.0347900264592457e-31}