{"correlation": 0.11900222218222056, "p_value": 9.75424185294e-312}