{"correlation": 0.08671949365482982, "p_value": 5.547848659490308e-166}