{"correlation": 0.07036524026258335, "p_value": 7.978895419439988e-110}