{"correlation": 0.0660364932809614, "p_value": 6.240477496471922e-97}