{"correlation": 0.09603510264123219, "p_value": 2.912377684000971e-203}