{"correlation": 0.10671333661768204, "p_value": 9.423541122963954e-251}