{"correlation": 0.04005657304438655, "p_value": 9.314684293679245e-37}