{"correlation": 0.06624276548211093, "p_value": 1.5830275962492804e-97}