{"correlation": 0.0952236943527927, "p_value": 7.324833011636197e-200}