{"correlation": 0.0774895878022778, "p_value": 7.734384423820059e-133}