{"correlation": 0.09368516458900898, "p_value": 1.7067762277159153e-193}