{"correlation": 0.027156657304090965, "p_value": 9.158737857130493e-18}