{"correlation": -0.06000810247028515, "p_value": 2.411765471058729e-80}