{"correlation": -0.0023441903084410838, "p_value": 0.4587852396744463}