{"correlation": 0.1169971372639362, "p_value": 2.5376933780677424e-301}