{"correlation": -0.053871220414781464, "p_value": 4.321390501008693e-65}