{"correlation": 0.08764637018774678, "p_value": 1.6124261587115866e-169}