{"correlation": 0.09534710149874324, "p_value": 2.236137255302958e-200}