{"correlation": 0.08573207384572111, "p_value": 2.9505572212844643e-162}