{"correlation": 0.042861722844266606, "p_value": 7.703970532834296e-42}