{"correlation": 0.08494271808628352, "p_value": 2.6138550273920707e-159}