{"correlation": 0.07868966151890047, "p_value": 6.192111037381702e-137}