{"correlation": 0.10634467462590187, "p_value": 4.998255328675948e-249}