{"correlation": 0.08796661816741923, "p_value": 9.476994138159151e-171}