{"correlation": 0.09890148286591505, "p_value": 1.6464706653666397e-215}