{"correlation": 0.06701178334257177, "p_value": 9.163490999810066e-100}