{"correlation": 0.0538225967509707, "p_value": 5.6223016425469585e-65}