{"correlation": -0.07632903199020843, "p_value": 6.161860324226644e-129}