{"correlation": 0.0875963662627509, "p_value": 2.5075495854257163e-169}