{"correlation": -0.06581147984500878, "p_value": 2.772972134627891e-96}