{"correlation": 0.09813006382583613, "p_value": 3.538077365047264e-212}