{"correlation": 0.06433770537513088, "p_value": 4.270736765589855e-92}