{"correlation": 0.02339918436255805, "p_value": 1.4036091375442272e-13}