{"correlation": 0.09548376696739894, "p_value": 5.998550438536206e-201}