{"correlation": 0.1049075259767541, "p_value": 2.3101710983253737e-242}