{"correlation": 0.11401643326421132, "p_value": 3.5637639368576847e-286}