{"correlation": 0.06592747750220883, "p_value": 1.286203909371349e-96}