{"correlation": 0.06652725167268649, "p_value": 2.3703364288798302e-98}