{"correlation": 0.10068804846608403, "p_value": 2.4964972055491232e-223}