{"correlation": -0.008606298952892555, "p_value": 0.006529233830668442}