{"correlation": 0.08460962115609762, "p_value": 4.495280336445636e-158}