{"correlation": 0.1169460087803116, "p_value": 4.652071442523303e-301}