{"correlation": 0.0659581303640014, "p_value": 1.0496551980717812e-96}