{"correlation": 0.039008702372844636, "p_value": 6.028961589958348e-35}