{"correlation": -0.03351343080005167, "p_value": 3.163194277077427e-26}