{"correlation": 0.0377499101540336, "p_value": 7.816258974487663e-33}