{"correlation": -0.012625596837808086, "p_value": 6.599058415827835e-05}