{"correlation": 0.05338984832991119, "p_value": 5.788335858784745e-64}