{"correlation": 0.0197692759683121, "p_value": 4.1466383863432e-10}