{"correlation": 0.013665682855201842, "p_value": 1.5670659129590962e-05}