{"correlation": 0.08406121034860253, "p_value": 4.744010308704733e-156}