{"correlation": 0.10515451534429066, "p_value": 1.6780661661872178e-243}