{"correlation": -0.026376016063032744, "p_value": 7.606366398586498e-17}