{"correlation": 0.03913363250132506, "p_value": 3.6882296161377473e-35}