{"correlation": 0.10841221871895511, "p_value": 8.872320911688796e-259}