{"correlation": 0.0598966041338544, "p_value": 4.722162805176996e-80}