{"correlation": 0.03477553655557174, "p_value": 4.100824832960517e-28}