{"correlation": -0.03960689160385199, "p_value": 5.6519080479371276e-36}