{"correlation": 0.07577792694343663, "p_value": 4.183127835186366e-127}