{"correlation": 0.014142598406925559, "p_value": 7.82971362728411e-06}