{"correlation": 0.09005240206953084, "p_value": 7.064427257003173e-179}