{"correlation": 0.06994989980716425, "p_value": 1.4952959787802155e-108}