{"correlation": 0.0026316889722299407, "p_value": 0.4055733088608615}