{"correlation": 0.040716369782279924, "p_value": 6.373980315998308e-38}