{"correlation": 0.11802158799457689, "p_value": 1.2756170956163051e-306}