{"correlation": 0.001527148865258995, "p_value": 0.6293558547736056}