{"correlation": 0.002231310481025957, "p_value": 0.4807016964022338}