{"correlation": 0.1024534928971388, "p_value": 3.3921079972887747e-231}