{"correlation": 0.0979518936044729, "p_value": 2.063553112238567e-211}