{"correlation": 0.006915202551012498, "p_value": 0.028853941080892672}