{"correlation": -0.02522906335139631, "p_value": 1.5293534621730363e-15}