{"correlation": 0.027084690092832667, "p_value": 1.1160507808951001e-17}