{"correlation": 0.07161568572436651, "p_value": 1.0574583536308813e-113}