{"correlation": 0.07308030275045868, "p_value": 2.4831887570979384e-118}