{"correlation": -0.027219233408711907, "p_value": 7.709195681552064e-18}