{"correlation": 0.11273892448900617, "p_value": 8.3437898168940955e-280}