{"correlation": 0.11791404037162179, "p_value": 4.615427752393846e-306}