{"correlation": 0.025991091051867924, "p_value": 2.112859622686685e-16}