{"correlation": 0.11943088311609967, "p_value": 5.4823177473e-314}