{"correlation": 0.04154609701236945, "p_value": 2.0553576933201803e-39}