{"correlation": 0.00075109791922746, "p_value": 0.8123668798489639}