{"correlation": 0.11239831040478016, "p_value": 4.047604258888665e-278}