{"correlation": 0.08223640809576771, "p_value": 2.056165207689963e-149}