{"correlation": 0.057750335069041314, "p_value": 1.5321322093233648e-74}