{"correlation": 0.016914759383225075, "p_value": 8.989511069064743e-08}