{"correlation": 0.1185723132134383, "p_value": 1.72832855978778e-309}