{"correlation": 0.012020250716166624, "p_value": 0.00014530197776223708}