{"correlation": 0.0895592459735821, "p_value": 6.139944269394661e-177}