{"correlation": 0.027952155402665876, "p_value": 9.956025010525914e-19}