{"correlation": 0.00932271837567879, "p_value": 0.003215224361769213}