{"correlation": -0.008967115382363283, "p_value": 0.0045971539497543954}