{"correlation": 0.019822115925821737, "p_value": 3.725628619507936e-10}