{"correlation": -0.02784660443658672, "p_value": 1.3412981655431196e-18}