{"correlation": 0.062339397301837615, "p_value": 1.4337364133228043e-86}