{"correlation": 0.07970149779938121, "p_value": 1.9428932351760736e-140}