{"correlation": -0.08548733189135817, "p_value": 2.436113738990141e-161}