{"correlation": 0.023131443282677088, "p_value": 2.6449586275672005e-13}