{"correlation": 0.036892981712698274, "p_value": 1.9590230238461096e-31}