{"correlation": -0.019199938958449226, "p_value": 1.2917188787967324e-09}