{"correlation": 0.021030304240086513, "p_value": 2.990054644338935e-11}