{"correlation": 0.08684755548216383, "p_value": 1.8103027902537576e-166}