{"correlation": -0.02512203842561259, "p_value": 2.0102462702770954e-15}