{"correlation": -0.03260381404983295, "p_value": 6.571533970487368e-25}