{"correlation": 0.08142986770768916, "p_value": 1.583354023767305e-146}