{"correlation": 0.018218442035837404, "p_value": 8.50387114627376e-09}