{"correlation": 0.11540699811337266, "p_value": 3.4289412958836585e-293}