{"correlation": 0.10281917297088507, "p_value": 7.6483582183950964e-233}