{"correlation": 0.0008624601555847627, "p_value": 0.7851851879437451}