{"correlation": -0.031250751663154934, "p_value": 5.1464441335285515e-23}