{"correlation": -0.00171924687272028, "p_value": 0.5868932383578348}