{"correlation": 0.016003970167089987, "p_value": 4.2334736013946434e-07}