{"correlation": 0.05620469004686771, "p_value": 1.070347064615943e-70}