{"correlation": 0.08496703462664305, "p_value": 2.122744493690071e-159}