{"correlation": 0.03859331565930353, "p_value": 3.054991852296536e-34}