{"correlation": -0.03861993239525785, "p_value": 2.7547022532630366e-34}