{"correlation": -0.07647678309155553, "p_value": 1.9784935440810495e-129}