{"correlation": 0.03555990321104443, "p_value": 2.5428946683891115e-29}