{"correlation": 0.10552954586759561, "p_value": 3.0929104015749824e-245}