{"correlation": 0.04371398319644298, "p_value": 1.883498025748154e-43}