{"correlation": -0.028666068002724057, "p_value": 1.2883409696423117e-19}