{"correlation": -0.01416747429354666, "p_value": 7.5468870563375004e-06}