{"correlation": 0.10338947547893979, "p_value": 2.009901920422495e-235}