{"correlation": 0.08053383876459219, "p_value": 2.3586608109314564e-143}