{"correlation": -0.09252532161341381, "p_value": 9.176927823565308e-189}