{"correlation": 0.051608858307834043, "p_value": 6.985079039220061e-60}