{"correlation": 0.019026045756367054, "p_value": 1.8161368666152305e-09}