{"correlation": -0.015425983711316848, "p_value": 1.0856065447625449e-06}