{"correlation": -0.012218996455926041, "p_value": 0.00011256297766451247}