{"correlation": 0.06992069722650854, "p_value": 1.8362484612377257e-108}