{"correlation": 0.07534446183451869, "p_value": 1.12946257318236e-125}