{"correlation": -0.013129245314814351, "p_value": 3.3322013433746164e-05}