{"correlation": 0.09838511670317164, "p_value": 2.818263438288732e-213}