{"correlation": 0.116380565384155, "p_value": 3.7209363947496563e-298}