{"correlation": 0.025763513067349947, "p_value": 3.8388913112983747e-16}