{"correlation": 0.08430927625343274, "p_value": 5.788189115903203e-157}