{"correlation": 0.011374863230960023, "p_value": 0.00032441897967697066}