{"correlation": 0.09937585172291095, "p_value": 1.426559416831009e-217}