{"correlation": 0.014898268935873652, "p_value": 2.493693715523126e-06}