{"correlation": 0.07916645422536492, "p_value": 1.4015778303806512e-138}