{"correlation": 0.00164126691369319, "p_value": 0.603970574110847}