{"correlation": 0.10815509315021711, "p_value": 1.4829171323071199e-257}