{"correlation": 0.01307385855364446, "p_value": 3.5964969064371164e-05}