{"correlation": 0.08027220469122232, "p_value": 1.9610806564055788e-142}