{"correlation": 0.025056264407162205, "p_value": 2.3767332794280195e-15}