{"correlation": 0.056757365290413586, "p_value": 4.644393392178405e-72}