{"correlation": 0.05492201181677993, "p_value": 1.3820668873786934e-67}