{"correlation": 0.05262116844842863, "p_value": 3.4765428328772627e-62}