{"correlation": 0.024666882792803223, "p_value": 6.3497108904519355e-15}