{"correlation": 0.09012689831874274, "p_value": 3.59103363293793e-179}