{"correlation": 0.06442944533655533, "p_value": 2.358374606345459e-92}