{"correlation": -0.02493134481442502, "p_value": 3.2628956377571314e-15}