{"correlation": 0.1157020675094372, "p_value": 1.084005445281025e-294}