{"correlation": 0.043108874932872195, "p_value": 2.6458103770945694e-42}