{"correlation": 0.06767766657926078, "p_value": 1.0086522283449332e-101}