{"correlation": 0.10772374326620916, "p_value": 1.645397135437413e-255}