{"correlation": -0.047368504594259814, "p_value": 1.0141850264001476e-50}