{"correlation": -0.04148073865949218, "p_value": 2.7005916818492938e-39}