{"correlation": 0.05316605496751523, "p_value": 1.9188069193266277e-63}