{"correlation": 0.07372539571858486, "p_value": 2.1189069060271385e-120}