{"correlation": -0.005231686785938971, "p_value": 0.09824733060925743}