{"correlation": -0.03122345412265616, "p_value": 5.609224281651559e-23}