{"correlation": 0.0966079942620392, "p_value": 1.1108073262196341e-205}