{"correlation": 0.01842170871442477, "p_value": 5.800511568702911e-09}