{"correlation": -0.08654860221183004, "p_value": 2.46621638331761e-165}