{"correlation": -0.026882957913003675, "p_value": 1.937053033347462e-17}