{"correlation": 0.03952680694429597, "p_value": 7.775476428226971e-36}