{"correlation": 0.018728341253091908, "p_value": 3.2323286491658646e-09}