{"correlation": -0.018683157379143205, "p_value": 3.5252228404794572e-09}