{"correlation": 0.011402899771606988, "p_value": 0.00031355082353358833}