{"correlation": 0.026742120743290673, "p_value": 2.839755687081268e-17}