{"correlation": 0.010040385428112118, "p_value": 0.0015076904139692028}