{"correlation": 0.11525569944961547, "p_value": 2.0083377857615256e-292}