{"correlation": 0.06368608785493521, "p_value": 2.829127325851829e-90}