{"correlation": 0.08453788387540849, "p_value": 8.283076652522146e-158}