{"correlation": 0.03230118222120462, "p_value": 1.7705317398511516e-24}