{"correlation": 0.0682529951635793, "p_value": 1.9772823345715202e-103}