{"correlation": 0.07425052710726451, "p_value": 4.250340964921675e-122}