{"correlation": 0.01924765130609455, "p_value": 1.1758213490585946e-09}