{"correlation": -0.014255299247162286, "p_value": 6.6244617252196405e-06}