{"correlation": -0.04652907997680814, "p_value": 5.3342382153423576e-49}