{"correlation": 0.0069841487884507655, "p_value": 0.027295441742415067}