{"correlation": -0.0580512795122667, "p_value": 2.658707062658947e-75}