{"correlation": 0.014173409501032182, "p_value": 7.4808646116319834e-06}