{"correlation": 0.03554684867570294, "p_value": 2.6646705777932e-29}