{"correlation": 0.09319441047969353, "p_value": 1.742053421610004e-191}