{"correlation": 0.06058667703781407, "p_value": 7.234335092826879e-82}