{"correlation": 0.016357032897782516, "p_value": 2.3440671467790602e-07}