{"correlation": 0.06826506218583214, "p_value": 1.8201038285760569e-103}