{"correlation": -0.01488601555977796, "p_value": 2.5415044128429825e-06}