{"correlation": 0.0259118394646414, "p_value": 2.602754999824952e-16}