{"correlation": -0.04912873452209937, "p_value": 1.9854727713405565e-54}