{"correlation": 0.05603311183987801, "p_value": 2.8172817744788725e-70}