{"correlation": 0.10141626607041558, "p_value": 1.4765831135361165e-226}