{"correlation": -0.05663362159269142, "p_value": 9.400959275150153e-72}