{"correlation": 0.003765412506582364, "p_value": 0.23404300558488622}