{"correlation": 0.050415976248131225, "p_value": 3.1673834561176877e-57}