{"correlation": 0.07026758826514964, "p_value": 1.5917417959982328e-109}