{"correlation": 0.00707743743560704, "p_value": 0.025302671584798844}