{"correlation": -0.043358990134238204, "p_value": 8.915373778604539e-43}