{"correlation": 0.007307068667799836, "p_value": 0.020925572717605267}