{"correlation": 0.07146538066182666, "p_value": 3.118884572429449e-113}