{"correlation": 0.023087324810933597, "p_value": 2.934053715555957e-13}