{"correlation": 0.07494293511157003, "p_value": 2.3517602064087074e-124}