{"correlation": 0.10909777152736407, "p_value": 4.704684392664448e-262}