{"correlation": 0.10106008951408399, "p_value": 5.637581797487958e-225}