{"correlation": 0.05821186136656236, "p_value": 1.0403677711799367e-75}