{"correlation": -0.012907773341721624, "p_value": 4.5135424142489015e-05}