{"correlation": 0.027837701005787512, "p_value": 1.3753774684338133e-18}