{"correlation": -0.01045922110232229, "p_value": 0.0009478118737801835}