{"correlation": 0.10470432224095723, "p_value": 1.9885680876376354e-241}