{"correlation": 0.09998087659309089, "p_value": 3.231745149712624e-220}