{"correlation": 0.06560839638444355, "p_value": 1.0608139099799631e-95}