{"correlation": 0.09488470303982924, "p_value": 1.8914779030411168e-198}