{"correlation": 0.08329074215837744, "p_value": 3.1357863992465813e-153}