{"correlation": -0.0048930416691256055, "p_value": 0.12201170824406433}