{"correlation": -0.050297745518365744, "p_value": 5.762663123722696e-57}