{"correlation": 0.06714406269995304, "p_value": 3.754779222726947e-100}