{"correlation": 0.09436065631033884, "p_value": 2.815470314861622e-196}