{"correlation": 0.10504576438305196, "p_value": 5.328218510902385e-243}