{"correlation": 0.0324527233922058, "p_value": 1.0790921689717227e-24}