{"correlation": 0.10776019117412007, "p_value": 1.1060728688591906e-255}