{"correlation": 0.06263422653611021, "p_value": 2.24992523852536e-87}