{"correlation": 0.09148902220132686, "p_value": 1.3764011550538392e-184}