{"correlation": 0.1013138085349347, "p_value": 4.215688324623348e-226}