{"correlation": 0.021141003600013617, "p_value": 2.3561220579448537e-11}