{"correlation": 0.05322234940914959, "p_value": 1.4200790021772154e-63}