{"correlation": 0.053033146685706814, "p_value": 3.900348652679614e-63}