{"correlation": 0.04652821839532657, "p_value": 5.355783970869881e-49}