{"correlation": 0.07931416328237167, "p_value": 4.314165357688544e-139}