{"correlation": 0.02529139790951699, "p_value": 1.3035364781605167e-15}