{"correlation": 0.09358605874920073, "p_value": 4.352373573557403e-193}