{"correlation": 0.1188196671803882, "p_value": 8.8101048145297e-311}