{"correlation": 0.06685919357997798, "p_value": 2.5590446635086182e-99}