{"correlation": 0.03417329822395549, "p_value": 3.326520800473886e-27}