{"correlation": 0.058857905759574426, "p_value": 2.3250630658066015e-77}