{"correlation": 0.037023029728282905, "p_value": 1.207159783166769e-31}