{"correlation": 0.1059399976869661, "p_value": 3.844898664516801e-247}