{"correlation": 0.04055665426167786, "p_value": 1.2248742495486803e-37}