{"correlation": 0.04498904188475648, "p_value": 6.379250162204295e-46}