{"correlation": -0.1015019838302423, "p_value": 6.133744122782679e-227}