{"correlation": 0.0919314303370912, "p_value": 2.3002800852147463e-186}