{"correlation": 0.022251946899324547, "p_value": 2.0173665912889315e-12}