{"correlation": 0.05703743600511738, "p_value": 9.361287028199163e-73}