{"correlation": 0.00960496014950298, "p_value": 0.0024007404234264004}