{"correlation": 0.0580763946580294, "p_value": 2.2962227544769963e-75}