{"correlation": -0.12023714369594404, "p_value": 3.04804e-318}