{"correlation": -0.10890001204655543, "p_value": 4.164596150445029e-261}