{"correlation": 0.08923872961226087, "p_value": 1.103178774527282e-175}