{"correlation": 0.007908789299803215, "p_value": 0.012436938294101646}