{"correlation": 0.03347050653499557, "p_value": 3.656809988846622e-26}