{"correlation": 0.045350046573003934, "p_value": 1.2375534953913106e-46}