{"correlation": 0.08997174657150879, "p_value": 1.4687653368800852e-178}