{"correlation": -0.08945902663474456, "p_value": 1.5167244436854652e-176}