{"correlation": -0.027089929519970607, "p_value": 1.1001235096982245e-17}