{"correlation": 0.04832900795132866, "p_value": 9.984913269727674e-53}