{"correlation": 0.057796513904805565, "p_value": 1.1717580912833928e-74}