{"correlation": -0.019047784395602025, "p_value": 1.7406819368541653e-09}