{"correlation": -0.11564534671004432, "p_value": 2.107192485862434e-294}