{"correlation": 0.018717545758236136, "p_value": 3.300075535208971e-09}