{"correlation": 0.08285037625949057, "p_value": 1.2486988594142787e-151}