{"correlation": 0.11016258417507885, "p_value": 3.4921310222940054e-267}