{"correlation": 0.06746615271904138, "p_value": 4.2452031557368745e-101}