{"correlation": 0.07690441259219112, "p_value": 7.293777560878699e-131}