{"correlation": 0.10890214977713414, "p_value": 4.067663265491579e-261}