{"correlation": 0.09860554155728138, "p_value": 3.1480235284814668e-214}