{"correlation": 0.10758552262735727, "p_value": 7.410505328014812e-255}