{"correlation": -0.05854653838561473, "p_value": 1.459848397326297e-76}