{"correlation": -0.08084515538771601, "p_value": 1.8803004479132634e-144}