{"correlation": -0.0362672012682982, "p_value": 1.9662454026899415e-30}