{"correlation": 0.047750030691435984, "p_value": 1.6360659807332536e-51}