{"correlation": 0.02579868277669226, "p_value": 3.50165547877545e-16}