{"correlation": 0.04468669980837338, "p_value": 2.4939499101604064e-45}