{"correlation": 0.045392395246508115, "p_value": 1.0201069229749935e-46}