{"correlation": 0.08601453212597057, "p_value": 2.561705822446953e-163}