{"correlation": 0.0729908207522419, "p_value": 4.792301226722517e-118}