{"correlation": 0.09397848092896335, "p_value": 1.0626273502908229e-194}