{"correlation": -0.021359354298572834, "p_value": 1.4674213904836805e-11}