{"correlation": 0.020620210126118196, "p_value": 7.153012023526851e-11}