{"correlation": -0.0007114732707894352, "p_value": 0.8220952595641627}