{"correlation": 0.06596882571424381, "p_value": 9.777781209123677e-97}