{"correlation": 0.08865991022308504, "p_value": 1.979524865001074e-173}