{"correlation": 0.06632102239594573, "p_value": 9.39698458517656e-98}