{"correlation": 0.09180672603180878, "p_value": 7.303732451436613e-186}