{"correlation": 0.11744245922029718, "p_value": 1.2792268493621773e-303}