{"correlation": 0.07124684697394623, "p_value": 1.4969002358266973e-112}