{"correlation": 0.08084522732298298, "p_value": 1.8791997285526568e-144}