{"correlation": 0.03916043012178681, "p_value": 3.3185637396229793e-35}