{"correlation": 0.024936568243099186, "p_value": 3.2200451978202527e-15}