{"correlation": 0.040852645909240336, "p_value": 3.643241973383197e-38}