{"correlation": 0.029348012005499715, "p_value": 1.7429350871564662e-20}