{"correlation": -0.03866627336879103, "p_value": 2.300206766769511e-34}