{"correlation": 0.07421180609840625, "p_value": 5.675691454020879e-122}