{"correlation": 0.09245505343786294, "p_value": 1.7675447859842223e-188}