{"correlation": -0.10406890919035261, "p_value": 1.6218305703988704e-238}