{"correlation": 0.07094729911401208, "p_value": 1.274986478883372e-111}