{"correlation": 0.08934103562145801, "p_value": 4.392601036289348e-176}