{"correlation": 0.0004659498867711894, "p_value": 0.8829293611089231}