{"correlation": 0.05104673711195973, "p_value": 1.2697774662528586e-58}