{"correlation": -0.05494931841702745, "p_value": 1.1886326927968275e-67}