{"correlation": 0.02992594216202914, "p_value": 3.085871332252557e-21}