{"correlation": 0.10889352687286362, "p_value": 4.473008593525161e-261}