{"correlation": 0.01958878420746178, "p_value": 5.965216307343744e-10}