{"correlation": 0.013046514072941672, "p_value": 3.734205308716019e-05}