{"correlation": 0.09890939143678577, "p_value": 1.521439602462443e-215}