{"correlation": 0.08129716241936459, "p_value": 4.696364612838101e-146}