{"correlation": 0.07621097422094812, "p_value": 1.524910219202289e-128}