{"correlation": 0.027802916421997538, "p_value": 1.5169134853210247e-18}