{"correlation": 0.011177580797802783, "p_value": 0.0004114575418725152}