{"correlation": 0.10823952693476262, "p_value": 5.885923073872071e-258}