{"correlation": 0.11063894060236236, "p_value": 1.705597500998765e-269}