{"correlation": 0.0165669848603766, "p_value": 1.6399064127750964e-07}