{"correlation": 0.013860229114543602, "p_value": 1.1838761739384481e-05}