{"correlation": 0.10640134837082542, "p_value": 2.7170308133884473e-249}