{"correlation": 0.056888499248618725, "p_value": 2.196172989078129e-72}