{"correlation": -0.06395885832693995, "p_value": 4.915564096602396e-91}