{"correlation": -0.08986959333641828, "p_value": 3.707995486501535e-178}