{"correlation": 0.0966847803996254, "p_value": 5.252364925299814e-206}