{"correlation": 0.07193397499355397, "p_value": 1.0623342707361902e-114}