{"correlation": 0.004128984793279499, "p_value": 0.19192290135948095}