{"correlation": 0.03185256661164212, "p_value": 7.566751431472772e-24}