{"correlation": 0.0903815003138747, "p_value": 3.5404453248816306e-180}