{"correlation": 0.10050135611857654, "p_value": 1.6637678717886892e-222}