{"correlation": 0.0630260619235246, "p_value": 1.8938331510025495e-88}