{"correlation": 0.0993041248701552, "p_value": 2.929264926338699e-217}