{"correlation": 0.02714172568334701, "p_value": 9.542574422935518e-18}