{"correlation": -0.10884751281878285, "p_value": 7.424877005321835e-261}