{"correlation": -0.07399646812317198, "p_value": 2.826717007292805e-121}