{"correlation": -0.08011156812009204, "p_value": 7.173806224118686e-142}