{"correlation": 0.047682596513428994, "p_value": 2.2610080128381308e-51}