{"correlation": 0.08379443498193967, "p_value": 4.524964131348187e-155}