{"correlation": 0.053501456794975165, "p_value": 3.1781120443654513e-64}