{"correlation": 0.10771972301503392, "p_value": 1.7190662895712024e-255}