{"correlation": 0.11820854351837383, "p_value": 1.3602584384602465e-307}