{"correlation": 0.08944876183801592, "p_value": 1.6638243807663848e-176}