{"correlation": 0.0899820182626592, "p_value": 1.3380926360740116e-178}