{"correlation": 0.053533430186078354, "p_value": 2.6759292980602403e-64}