{"correlation": -0.02703743655433774, "p_value": 1.2703719605504513e-17}