{"correlation": 0.09822104342324676, "p_value": 1.4359977627573572e-212}