{"correlation": 0.09509225370113569, "p_value": 2.587592943800107e-199}