{"correlation": -0.05162434736765274, "p_value": 6.445695861244774e-60}