{"correlation": -0.03607044765210542, "p_value": 4.0276784202673754e-30}