{"correlation": -0.005981320800395073, "p_value": 0.058714211710084806}