{"correlation": 0.11619916494889751, "p_value": 3.154349183176069e-297}