{"correlation": -0.008139929043593196, "p_value": 0.010095238218517735}