{"correlation": 0.11541228020205255, "p_value": 3.223595337458932e-293}