{"correlation": 0.11210381811801967, "p_value": 1.1496012843664874e-276}