{"correlation": 0.11258210684217905, "p_value": 4.990743088898459e-279}