{"correlation": 0.040756968021696385, "p_value": 5.396664302766057e-38}