{"correlation": 0.0360538987430962, "p_value": 4.27731978726769e-30}