{"correlation": 0.004826183730359345, "p_value": 0.12719556966026033}