{"correlation": -0.008926171558766918, "p_value": 0.0047867611266835305}