{"correlation": 0.11614016105428052, "p_value": 6.317172912462568e-297}