{"correlation": 0.024824929077199496, "p_value": 4.268874041375457e-15}