{"correlation": 0.077027014960038, "p_value": 2.8217059582170244e-131}