{"correlation": 0.007207066211883872, "p_value": 0.022743320983409806}