{"correlation": -0.008146285623153544, "p_value": 0.010036797474839463}