{"correlation": 0.05157904881748612, "p_value": 8.152891590858446e-60}