{"correlation": 0.11420057443702127, "p_value": 4.24371674061275e-287}