{"correlation": 0.09650733880434541, "p_value": 2.9623786733370783e-205}