{"correlation": 0.11165911984818681, "p_value": 1.7692132094040642e-274}