{"correlation": 0.10674970240730525, "p_value": 6.364500822487599e-251}