{"correlation": 0.08600138179985062, "p_value": 2.870924646171456e-163}