{"correlation": 0.0203170682050633, "p_value": 1.3486747058759658e-10}