{"correlation": 0.07777915353010625, "p_value": 8.049608396371548e-134}