{"correlation": 0.05756819492649404, "p_value": 4.402776548471536e-74}