{"correlation": 0.046725517111303606, "p_value": 2.123685061750618e-49}