{"correlation": 0.02961200247843124, "p_value": 7.936064267028241e-21}