{"correlation": 0.05842224138272036, "p_value": 3.03132991904243e-76}