{"correlation": -0.03392328312390301, "p_value": 7.84882412247431e-27}