{"correlation": 0.07355994370346111, "p_value": 7.219120833651034e-120}