{"correlation": 0.004465116606341002, "p_value": 0.15820250149769327}