{"correlation": 0.048299214667663785, "p_value": 1.1539691974621845e-52}