{"correlation": 0.06905116788614334, "p_value": 7.9964017183303935e-106}