{"correlation": 0.10525472437349846, "p_value": 5.7806837379286224e-244}