{"correlation": 0.022002559874306195, "p_value": 3.539803169748558e-12}