{"correlation": 0.012696274091004798, "p_value": 6.004438757045502e-05}