{"correlation": 0.016768472423333406, "p_value": 1.1592527558795362e-07}