{"correlation": -0.09106900687708633, "p_value": 6.572339560671782e-183}