{"correlation": 0.047841330437127, "p_value": 1.0550176254299475e-51}