{"correlation": 0.002963409857168251, "p_value": 0.3489926206454213}