{"correlation": -0.024194999516144962, "p_value": 2.0476406485305807e-14}