{"correlation": 0.005377124687471407, "p_value": 0.08924852923481767}