{"correlation": 0.007521216884845467, "p_value": 0.017453808855594027}