{"correlation": 0.0799438982130553, "p_value": 2.769811148299569e-141}