{"correlation": -0.014800667068013244, "p_value": 2.899778085414205e-06}