{"correlation": 0.09466671503522289, "p_value": 1.5208486461981005e-197}