{"correlation": 0.030046758123224885, "p_value": 2.1398160324308426e-21}