{"correlation": 0.0925829964304533, "p_value": 5.356472440973393e-189}