{"correlation": -0.04581500720146646, "p_value": 1.468682775507998e-47}