{"correlation": 0.09344516413839805, "p_value": 1.6441768316740527e-192}