{"correlation": 0.10512440461245792, "p_value": 2.3109573865866368e-243}