{"correlation": 0.0007858685404327206, "p_value": 0.8038539659161368}