{"correlation": 0.031245577103984474, "p_value": 5.231165728034031e-23}