{"correlation": 0.05144580961289226, "p_value": 1.6253056087330532e-59}