{"correlation": -0.10958613538401686, "p_value": 2.1198155308892055e-264}