{"correlation": 0.11350342768289633, "p_value": 1.3137346091463248e-283}