{"correlation": 0.021811386901727455, "p_value": 5.424701691757327e-12}