{"correlation": 0.036792826842649645, "p_value": 2.841067092196026e-31}