{"correlation": 0.05949913288320022, "p_value": 5.128057537079937e-79}