{"correlation": 0.10691560521927317, "p_value": 1.0602545485195435e-251}