{"correlation": 0.033176168386877244, "p_value": 9.835582627232668e-26}