{"correlation": 0.06022769096317878, "p_value": 6.398133569722871e-81}