{"correlation": 0.06877001284615974, "p_value": 5.611478798935004e-105}