{"correlation": -0.018768552096015356, "p_value": 2.991698892644753e-09}