{"correlation": 0.03265239443664868, "p_value": 5.600184968757142e-25}