{"correlation": -0.006515633720213227, "p_value": 0.03947565173152675}