{"correlation": -0.11222383974023048, "p_value": 2.9423866382243263e-277}