{"correlation": 0.008419956847640495, "p_value": 0.007789663125946349}