{"correlation": 0.09166294011954099, "p_value": 2.7620311708654432e-185}