{"correlation": 0.03734928492516171, "p_value": 3.556499537712318e-32}