{"correlation": 0.10067256399107986, "p_value": 2.922227522847981e-223}