{"correlation": -0.0016426529167671818, "p_value": 0.6036651040930697}