{"correlation": 0.053718960749613985, "p_value": 9.843918510944405e-65}