{"correlation": 0.11234959587101398, "p_value": 7.044962611116189e-278}