{"correlation": 0.019475173317535944, "p_value": 7.487321309262967e-10}