{"correlation": 0.004954250601330935, "p_value": 0.11741203538243082}