{"correlation": 0.09563440446314388, "p_value": 1.4034855076628701e-201}