{"correlation": 0.094875084382913, "p_value": 2.073916687786638e-198}