{"correlation": 0.11605520378617763, "p_value": 1.7160376160693718e-296}