{"correlation": 0.08476228810521597, "p_value": 1.22212631906975e-158}