{"correlation": 0.11561677400240103, "p_value": 2.9448698640046744e-294}