{"correlation": 0.06411237508092024, "p_value": 1.8296294022956892e-91}