{"correlation": 0.052255491149885494, "p_value": 2.3890322633468533e-61}