{"correlation": -0.11333820493857477, "p_value": 8.761986477675382e-283}