{"correlation": 0.10788960265049101, "p_value": 2.6969440654563533e-256}