{"correlation": 0.06917772350811645, "p_value": 3.317963473579292e-106}