{"correlation": 0.032983047292514445, "p_value": 1.87371000090551e-25}