{"correlation": 0.006321450068110225, "p_value": 0.045735829093945815}