{"correlation": 0.08974022336232033, "p_value": 1.1962337283241572e-177}