{"correlation": -0.034207455493225215, "p_value": 2.956967204574413e-27}