{"correlation": 0.03218699937653296, "p_value": 2.567327358695074e-24}