{"correlation": 0.05170235569028373, "p_value": 4.298675829490633e-60}