{"correlation": 0.11502821521289186, "p_value": 2.8518659966145268e-291}