{"correlation": 0.11484840657908478, "p_value": 2.3135301061798746e-290}