{"correlation": 0.024322041838429065, "p_value": 1.4972373901104156e-14}