{"correlation": 0.07318332227203839, "p_value": 1.163700597600961e-118}