{"correlation": 0.017355637238076375, "p_value": 4.1250610229247784e-08}