{"correlation": 0.015106647077264767, "p_value": 1.8014472458656162e-06}