{"correlation": -0.002733008448843783, "p_value": 0.3877364624948966}