{"correlation": 0.10765154631955949, "p_value": 3.6121133780994427e-255}