{"correlation": 0.07360181250703168, "p_value": 5.2951413410309805e-120}