{"correlation": 0.06285537314728187, "p_value": 5.576695947828823e-88}