{"correlation": 0.11736232532709946, "p_value": 3.3191964072530174e-303}