{"correlation": 0.116897580203122, "p_value": 8.257445579551579e-301}