{"correlation": 0.10176750555956283, "p_value": 4.0160238207282954e-228}