{"correlation": 0.07998245427451406, "p_value": 2.0307057077897492e-141}