{"correlation": 0.06388973616914176, "p_value": 7.664637905337461e-91}