{"correlation": 0.0622666544923135, "p_value": 2.261143796225247e-86}