{"correlation": -0.005175425595608828, "p_value": 0.10191711429926084}