{"correlation": 0.12006016898272125, "p_value": 2.6333225e-317}