{"correlation": -0.0833951195822123, "p_value": 1.3056413644684544e-153}