{"correlation": -0.09242081907241842, "p_value": 2.432105847200966e-188}