{"correlation": 0.02696403629633868, "p_value": 1.5527831554922753e-17}