{"correlation": 0.10571058258344417, "p_value": 4.47561621864839e-246}