{"correlation": -0.04601482950854151, "p_value": 5.837666152398444e-48}