{"correlation": 0.11051654156915856, "p_value": 6.709857494304779e-269}