{"correlation": 0.036940397677520484, "p_value": 1.6423183385130923e-31}