{"correlation": -0.04696092314105643, "p_value": 7.007296094814086e-50}