{"correlation": 0.030303619044558305, "p_value": 9.777852561390673e-22}