{"correlation": 0.0873444389290892, "p_value": 2.3106185125035234e-168}