{"correlation": 0.07716100868289812, "p_value": 9.976817420769531e-132}