{"correlation": 0.10828670051288632, "p_value": 3.511281238570515e-258}