{"correlation": 0.09761380420012264, "p_value": 5.8072386390242137e-210}