{"correlation": 0.0604774189115702, "p_value": 1.4064087156171842e-81}