{"correlation": -0.00463571795092302, "p_value": 0.14290461092152876}