{"correlation": 0.05852018006626174, "p_value": 1.7047312978652383e-76}