{"correlation": 0.10575798488308932, "p_value": 2.696456037113559e-246}