{"correlation": 0.10025836731646944, "p_value": 1.9540019369175611e-221}