{"correlation": 0.04858988959024576, "p_value": 2.8012792534921436e-53}