{"correlation": -0.05230837070391988, "p_value": 1.8094037662175186e-61}