{"correlation": 0.05853113462612218, "p_value": 1.598341629728046e-76}