{"correlation": 0.008551718147336199, "p_value": 0.006877945787811464}