{"correlation": -0.0920515300237563, "p_value": 7.549019788135977e-187}