{"correlation": -0.10323396783672538, "p_value": 1.0191276724656228e-234}