{"correlation": 0.06447205211597898, "p_value": 1.7894334618462827e-92}