{"correlation": 0.028753670431682185, "p_value": 9.989662119766261e-20}