{"correlation": 0.11549883515226914, "p_value": 1.1713398893826229e-293}