{"correlation": 0.01901596177170817, "p_value": 1.852211488385116e-09}