{"correlation": 0.11483181853713204, "p_value": 2.805911239435618e-290}