{"correlation": 0.04982664491521113, "p_value": 6.1696935622413685e-56}