{"correlation": -0.06093893520343009, "p_value": 8.414069940004579e-83}