{"correlation": 0.10096006646539214, "p_value": 1.5641955082340172e-224}