{"correlation": 0.05142604639306367, "p_value": 1.8001635512118643e-59}