{"correlation": 0.12025304110727471, "p_value": 2.51089e-318}