{"correlation": 0.03196304783318795, "p_value": 5.301091064520646e-24}