{"correlation": -0.0900545926059874, "p_value": 6.925317604181655e-179}