{"correlation": 0.09824485785261121, "p_value": 1.1339285848271039e-212}