{"correlation": 0.014678715624363061, "p_value": 3.4968159638120163e-06}