{"correlation": 0.09502488213964051, "p_value": 4.937787803864275e-199}