{"correlation": 0.06294341874823726, "p_value": 3.1959206873438446e-88}