{"correlation": -0.003130702708087451, "p_value": 0.32245968328024605}