{"correlation": 0.04997219377131382, "p_value": 2.972915304100422e-56}