{"correlation": 0.10208973343189488, "p_value": 1.4547472057429061e-229}