{"correlation": 0.06577774812179257, "p_value": 3.4662102169656368e-96}