{"correlation": -0.11404072911963917, "p_value": 2.6919134873670963e-286}