{"correlation": 0.048367257629339855, "p_value": 8.290843646343535e-53}