{"correlation": -0.09233968034747117, "p_value": 5.179623882614279e-188}