{"correlation": 0.0804880410745063, "p_value": 3.4189695124847473e-143}