{"correlation": 0.10129752631902526, "p_value": 4.9800010425368115e-226}