{"correlation": 0.10332526265887837, "p_value": 3.930425438660026e-235}