{"correlation": -0.0346626019427869, "p_value": 6.08901112288278e-28}