{"correlation": -0.047488129469432976, "p_value": 5.73288259035119e-51}