{"correlation": 0.053795749183977476, "p_value": 6.500931029673384e-65}