{"correlation": 0.10694653352326239, "p_value": 7.588737547609409e-252}