{"correlation": 0.10576597290362796, "p_value": 2.475711307494949e-246}