{"correlation": 0.07453672335835577, "p_value": 4.9896956064335165e-123}