{"correlation": -0.0017621407255656097, "p_value": 0.577596005735205}