{"correlation": 0.08037871997598053, "p_value": 8.286731133900913e-143}