{"correlation": 0.058919288855075753, "p_value": 1.6167456851052073e-77}