{"correlation": 0.09275582063431116, "p_value": 1.0650005626908618e-189}