{"correlation": 0.11176919801695469, "p_value": 5.095577352345052e-275}