{"correlation": -0.0022784720018852508, "p_value": 0.4714762338714894}