{"correlation": 0.0677209993893522, "p_value": 7.509797050420063e-102}