{"correlation": 0.1175364352667084, "p_value": 4.177960552259751e-304}