{"correlation": -0.003115205930107888, "p_value": 0.3248607079119261}