{"correlation": 0.09212727306543719, "p_value": 3.7358277296032546e-187}