{"correlation": 0.10470867322317191, "p_value": 1.899074128957759e-241}