{"correlation": 0.10994965705568359, "p_value": 3.740104808068897e-266}