{"correlation": 0.09626728134360751, "p_value": 3.060610544926034e-204}