{"correlation": -0.019164241581777375, "p_value": 1.385640378080404e-09}