{"correlation": 0.056990463075573455, "p_value": 1.2252881928897339e-72}