{"correlation": 0.04840046145959096, "p_value": 7.054291466965962e-53}