{"correlation": 0.06812164757024128, "p_value": 4.866428837461841e-103}