{"correlation": 0.10987649887877643, "p_value": 8.437874109471375e-266}