{"correlation": 0.04674685588432371, "p_value": 1.9210533712825824e-49}