{"correlation": 0.030610405513666505, "p_value": 3.804321802608812e-22}