{"correlation": 0.08347347761288217, "p_value": 6.758370892795051e-154}