{"correlation": 0.0900408186926134, "p_value": 7.847775095637097e-179}