{"correlation": 0.09103787802010131, "p_value": 8.746674859234659e-183}