{"correlation": 0.027147111051712275, "p_value": 9.402340231145701e-18}