{"correlation": 0.10223474537483963, "p_value": 3.256692476399733e-230}