{"correlation": 0.0850527158495949, "p_value": 1.0190954216369849e-159}