{"correlation": 0.07078782950698646, "p_value": 3.9734280892360394e-111}