{"correlation": 0.031225196762056734, "p_value": 5.578487727958757e-23}