{"correlation": 0.08880211200480258, "p_value": 5.548892961352119e-174}