{"correlation": 0.039967188975491966, "p_value": 1.3350868807448754e-36}