{"correlation": 0.06061832066528575, "p_value": 5.966000807723204e-82}