{"correlation": 0.11378391217351953, "p_value": 5.2082987161536275e-285}