{"correlation": 0.07875450491417284, "p_value": 3.704071666033467e-137}