{"correlation": 0.08712297441285428, "p_value": 1.6190472937631928e-167}