{"correlation": 0.1073383527191825, "p_value": 1.087564108873161e-253}