{"correlation": 0.03107030144680272, "p_value": 9.080608156300586e-23}