{"correlation": 0.030852003464331833, "p_value": 1.7970964987296894e-22}