{"correlation": 0.07862806804169735, "p_value": 1.0084204726117904e-136}