{"correlation": 0.09452636051174912, "p_value": 5.805590565984767e-197}