{"correlation": -0.010363904014461998, "p_value": 0.0010549357244459276}