{"correlation": 0.06796026021475762, "p_value": 1.4681520340036427e-102}