{"correlation": -0.10111977852937033, "p_value": 3.064786237804007e-225}