{"correlation": 0.09365414968443879, "p_value": 2.287979611009955e-193}