{"correlation": 0.07748251963388171, "p_value": 8.172700664026718e-133}