{"correlation": 0.0649054570400103, "p_value": 1.0680114940641697e-93}