{"correlation": 0.006100014431158444, "p_value": 0.05387507416540755}