{"correlation": 0.08987562223255176, "p_value": 3.510877971128299e-178}