{"correlation": 0.02105738222361535, "p_value": 2.821076894007492e-11}