{"correlation": 0.04311563994949308, "p_value": 2.5693107232358503e-42}