{"correlation": 0.11195675503907454, "p_value": 6.093360346646073e-276}