{"correlation": 0.056357173839033485, "p_value": 4.5176741417884385e-71}