{"correlation": 0.032826908872606995, "p_value": 3.146495460813491e-25}