{"correlation": 0.10995437798040465, "p_value": 3.548736460771219e-266}