{"correlation": 0.07578507805467886, "p_value": 3.961116600518056e-127}