{"correlation": 0.007620188362704025, "p_value": 0.016027630349128952}