{"correlation": -0.06693783954110089, "p_value": 1.5077342748809043e-99}