{"correlation": 0.01902733459809614, "p_value": 1.8115757746012154e-09}