{"correlation": 0.037580141497794074, "p_value": 1.4882999575591693e-32}