{"correlation": 0.0918848008445913, "p_value": 3.5439002970286353e-186}