{"correlation": 0.0746763955532724, "p_value": 1.7487453064851485e-123}