{"correlation": 0.09352552670536889, "p_value": 7.705916865064296e-193}