{"correlation": 0.011024007305197892, "p_value": 0.0004938233444339989}