{"correlation": -0.008302982421882297, "p_value": 0.008688254550612314}