{"correlation": 0.08608310529762356, "p_value": 1.4135894855600725e-163}