{"correlation": -0.010028879051311815, "p_value": 0.0015266861999460634}