{"correlation": 0.09881975040136098, "p_value": 3.7227360433483567e-215}