{"correlation": 0.09055359091680078, "p_value": 7.367885821043186e-181}