{"correlation": -0.010573563287910247, "p_value": 0.0008326226056184869}