{"correlation": 0.11109782868132749, "p_value": 9.903008169966877e-272}