{"correlation": 0.07911483726771759, "p_value": 2.114516050458086e-138}