{"correlation": 0.033486345104029556, "p_value": 3.466362866266518e-26}