{"correlation": -0.05019929977946746, "p_value": 9.475135500663069e-57}