{"correlation": -0.04872059877978521, "p_value": 1.4780231412361746e-53}