{"correlation": 0.0360235182525, "p_value": 4.776242583334693e-30}