{"correlation": 0.07214914009997772, "p_value": 2.234000672604074e-115}