{"correlation": 0.06103069585984627, "p_value": 4.7941604771549524e-83}