{"correlation": 0.035851518630503044, "p_value": 8.904378950410796e-30}