{"correlation": 0.11493692620892074, "p_value": 8.258203921148349e-291}