{"correlation": 0.0409840540874004, "p_value": 2.1207061151919337e-38}