{"correlation": 0.09211301149780328, "p_value": 4.265100420751917e-187}