{"correlation": 0.07536333080906099, "p_value": 9.788942852572168e-126}