{"correlation": 0.06066470129513231, "p_value": 4.4967747240541893e-82}