{"correlation": 0.11041980208212844, "p_value": 1.978667277256907e-268}