{"correlation": 0.03371400920874884, "p_value": 1.6024792593592486e-26}