{"correlation": 0.07455370021011982, "p_value": 4.393123494653169e-123}