{"correlation": 0.11588765902530354, "p_value": 1.2287799759735142e-295}