{"correlation": 0.061338203953706955, "p_value": 7.233537630971648e-84}