{"correlation": 0.03358626150039106, "p_value": 2.4722367751124982e-26}