{"correlation": 0.09690709870355688, "p_value": 5.985236684169082e-207}