{"correlation": 0.0016453263841863272, "p_value": 0.6030760778554468}