{"correlation": -0.11060257497797846, "p_value": 2.5625781903141407e-269}