{"correlation": 0.016736303181234657, "p_value": 1.2255865073598648e-07}