{"correlation": 0.05799549943298355, "p_value": 3.6808766978337564e-75}