{"correlation": 0.0709187961568067, "p_value": 1.5625084638590525e-111}