{"correlation": 0.11862840687767026, "p_value": 8.8050015229897e-310}