{"correlation": 0.11894164005004661, "p_value": 2.025560893846e-311}