{"correlation": 0.03576419111959496, "p_value": 1.220284309353973e-29}