{"correlation": 0.029218158597569585, "p_value": 2.5600419796734182e-20}