{"correlation": 0.09899537873629129, "p_value": 6.443913722477817e-216}