{"correlation": 0.10359529031386537, "p_value": 2.3354473223132093e-236}