{"correlation": 0.10179023029450295, "p_value": 3.17923780077417e-228}