{"correlation": 0.11965233271595085, "p_value": 3.74301159e-315}