{"correlation": 0.11959645956362622, "p_value": 7.37148395e-315}