{"correlation": 0.0683944250765969, "p_value": 7.482659770985666e-104}