{"correlation": 0.022101126685254942, "p_value": 2.8364925617623924e-12}