{"correlation": 0.07440513754579316, "p_value": 1.337436642042908e-122}