{"correlation": 0.11309206131268602, "p_value": 1.4724223163743983e-281}