{"correlation": -0.05509615456288281, "p_value": 5.276863690758622e-68}