{"correlation": 0.03464180140438012, "p_value": 6.5479637268306355e-28}