{"correlation": -0.10481468551753405, "p_value": 6.1803411211316755e-242}