{"correlation": 0.05069474101304606, "p_value": 7.681481166390985e-58}