{"correlation": 0.09400710323866389, "p_value": 8.100510802453888e-195}