{"correlation": 0.011291336396874877, "p_value": 0.00035892398575768135}