{"correlation": 0.06547477623657706, "p_value": 2.558823111411708e-95}