{"correlation": 0.047453279833909554, "p_value": 6.770350853357013e-51}