{"correlation": 0.08975916678745695, "p_value": 1.0078079591678227e-177}