{"correlation": 0.01510537059467275, "p_value": 1.8050622229148014e-06}