{"correlation": 0.013710026688382244, "p_value": 1.4705092704555826e-05}