{"correlation": 0.03294726070181346, "p_value": 2.110538982876306e-25}