{"correlation": 0.057324058273285405, "p_value": 1.8027011864584434e-73}