{"correlation": 0.018031872277133727, "p_value": 1.2038727211919785e-08}