{"correlation": 0.059767083011480884, "p_value": 1.0290401757957031e-79}