{"correlation": 0.10236233299153179, "p_value": 8.711485143772705e-231}