{"correlation": -0.025187856473155308, "p_value": 1.69935425250774e-15}