{"correlation": 0.04449287404651329, "p_value": 5.948331862310791e-45}