{"correlation": -0.07592498023072852, "p_value": 1.3615305875537547e-127}