{"correlation": -0.10181724399515614, "p_value": 2.408064402525646e-228}