{"correlation": 0.10600878888605661, "p_value": 1.8398805198505483e-247}