{"correlation": 0.06172799203391166, "p_value": 6.49038649185258e-85}