{"correlation": 0.09000853795504526, "p_value": 1.0519324570290795e-178}