{"correlation": -0.009374831059098645, "p_value": 0.0030480956686711243}