{"correlation": -0.10063252632483392, "p_value": 4.39015401954009e-223}