{"correlation": 0.05559626878764828, "p_value": 3.266930009401108e-69}