{"correlation": -0.05926724212507656, "p_value": 2.0467788118733375e-78}