{"correlation": 0.06412934977062973, "p_value": 1.6399892603882719e-91}