{"correlation": 0.056336402286364655, "p_value": 5.081646791702451e-71}