{"correlation": 0.03460715862307235, "p_value": 7.3896922115237e-28}