{"correlation": 0.10404142300198692, "p_value": 2.1654061257793787e-238}