{"correlation": 0.05631120826561175, "p_value": 5.860656163484513e-71}