{"correlation": -0.11371372063122452, "p_value": 1.1690506864156139e-284}