{"correlation": 0.08800326479351596, "p_value": 6.847572844892413e-171}