{"correlation": -0.05852038274459245, "p_value": 1.702700198981011e-76}