{"correlation": 0.014810551100538782, "p_value": 2.8559302198793795e-06}