{"correlation": 0.06451135511638327, "p_value": 1.3868987493235742e-92}