{"correlation": -0.003639338506130526, "p_value": 0.25007619294638966}