{"correlation": 0.056826610608140905, "p_value": 3.128006532053591e-72}