{"correlation": 0.02392185782121676, "p_value": 3.992429823825111e-14}