{"correlation": -0.008597193499313947, "p_value": 0.006586279434957605}