{"correlation": 0.06441158516336008, "p_value": 2.647575745678045e-92}