{"correlation": 0.049359021442519885, "p_value": 6.349653674060769e-55}