{"correlation": 0.06626949802830916, "p_value": 1.324787870743095e-97}