{"correlation": 0.03694509478178497, "p_value": 1.6138593743931607e-31}