{"correlation": 0.04614191595331997, "p_value": 3.239661607747032e-48}