{"correlation": 0.08829956276478353, "p_value": 4.92314757887946e-172}