{"correlation": 0.004610478861509862, "p_value": 0.14509341714309154}