{"correlation": 0.09449000170150004, "p_value": 8.211232099649752e-197}