{"correlation": -0.00023358816693716826, "p_value": 0.9411518802092139}