{"correlation": -0.11837846135517414, "p_value": 1.773133641245613e-308}