{"correlation": -0.050198421820278755, "p_value": 9.51720723320958e-57}