{"correlation": -0.010889703652178808, "p_value": 0.0005782076149619346}