{"correlation": 0.0783778544755745, "p_value": 7.283427627099611e-136}