{"correlation": 0.053591761273596446, "p_value": 1.9547433616354693e-64}