{"correlation": -0.07120414656086918, "p_value": 2.0325889592702508e-112}