{"correlation": -0.059605365499972786, "p_value": 2.71510461497196e-79}