{"correlation": 0.07789339113127618, "p_value": 3.289186317992843e-134}