{"correlation": 0.08581569681912007, "p_value": 1.43234532266769e-162}