{"correlation": 0.04309618950442972, "p_value": 2.7954176239109468e-42}