{"correlation": 0.08517560269552542, "p_value": 3.552891904041316e-160}