{"correlation": 0.054362485829387304, "p_value": 2.9861618634755087e-66}