{"correlation": 0.040024391073809125, "p_value": 1.06046758654118e-36}