{"correlation": 0.0959506498704236, "p_value": 6.600092997370372e-203}