{"correlation": 0.09288526533170521, "p_value": 3.1698397792248317e-190}