{"correlation": 0.07346286908711806, "p_value": 1.4800590985456335e-119}