{"correlation": 0.032382515880261246, "p_value": 1.357719141335291e-24}