{"correlation": 0.08265744563689888, "p_value": 6.23430423579857e-151}