{"correlation": 0.028586291004004324, "p_value": 1.6231353913459008e-19}