{"correlation": 0.07539048454665112, "p_value": 7.966916527691507e-126}