{"correlation": -0.03481186597958744, "p_value": 3.6101777271348184e-28}