{"correlation": 0.027702426660782768, "p_value": 2.0116860846008633e-18}