{"correlation": -0.022029847766696815, "p_value": 3.3295737329280395e-12}