{"correlation": 0.027888230700530967, "p_value": 1.1927112915698194e-18}