{"correlation": 0.06212854709528882, "p_value": 5.362162395873874e-86}