{"correlation": -0.013548973113134787, "p_value": 1.8509249623630884e-05}