{"correlation": 0.0319018958530211, "p_value": 6.4561166807007686e-24}