{"correlation": 0.025754606130068674, "p_value": 3.929257765110324e-16}