{"correlation": 0.05006107025628717, "p_value": 1.9015592254908657e-56}