{"correlation": 0.0957017787919945, "p_value": 7.3237113144638265e-202}