{"correlation": 0.009505332374706611, "p_value": 0.0026637540175244636}