{"correlation": 0.04880271303916508, "p_value": 9.882337585430241e-54}