{"correlation": 0.01797350167885445, "p_value": 1.3412482186767838e-08}