{"correlation": 0.09043423248661896, "p_value": 2.1893028628285576e-180}