{"correlation": 0.0664116941645004, "p_value": 5.131214843024203e-98}