{"correlation": 0.05883919682923007, "p_value": 2.597141833196254e-77}