{"correlation": -0.05934385781402782, "p_value": 1.2963557428640306e-78}