{"correlation": 0.11627718510685883, "p_value": 1.2584881711443646e-297}