{"correlation": 0.07995329076133578, "p_value": 2.5681307667738325e-141}