{"correlation": 0.052293211291639274, "p_value": 1.9595039268125983e-61}