{"correlation": -0.015266281790468609, "p_value": 1.4002458176740485e-06}