{"correlation": 0.09594075410963088, "p_value": 7.263765985122278e-203}