{"correlation": 0.02679726608670701, "p_value": 2.445286841302726e-17}