{"correlation": 0.014057323734734837, "p_value": 8.878156784032844e-06}