{"correlation": 0.04136356515808681, "p_value": 4.4011740664727144e-39}