{"correlation": 0.06578384585495378, "p_value": 3.3292019385057674e-96}