{"correlation": 0.018275716976053936, "p_value": 7.637952995453455e-09}