{"correlation": 0.11572740401577994, "p_value": 8.054486781953127e-295}