{"correlation": 0.08151593354167128, "p_value": 7.81498087393698e-147}