{"correlation": 0.03422929063312953, "p_value": 2.7423717302239207e-27}