{"correlation": -0.018230901224799933, "p_value": 8.307738363873451e-09}