{"correlation": 0.032113301578174526, "p_value": 3.260931922215535e-24}