{"correlation": -0.006117690443356143, "p_value": 0.05318373404519375}