{"correlation": 0.07651353029107459, "p_value": 1.4909988799409462e-129}