{"correlation": 0.09377074443342732, "p_value": 7.59908763043505e-194}