{"correlation": 0.10850481952037253, "p_value": 3.212419333071555e-259}