{"correlation": 0.060987954295166034, "p_value": 6.2308726019124076e-83}