{"correlation": -0.021090998848564513, "p_value": 2.6242586453383573e-11}