{"correlation": -0.030918232533151287, "p_value": 1.4616616927480097e-22}