{"correlation": 0.05937872404533382, "p_value": 1.05287231150046e-78}