{"correlation": 0.05292357194334663, "p_value": 6.990543176240744e-63}