{"correlation": 0.08058724109367918, "p_value": 1.5294906096890609e-143}