{"correlation": 0.0732193660295964, "p_value": 8.924087039757655e-119}