{"correlation": -0.05190267370168021, "p_value": 1.514730529774785e-60}