{"correlation": 0.035244778851935485, "p_value": 7.828179070069497e-29}