{"correlation": 0.07142122038169789, "p_value": 4.2837193932785466e-113}