{"correlation": 0.08019477645152391, "p_value": 3.665482639138451e-142}