{"correlation": -0.00360651600889106, "p_value": 0.2543733197972324}