{"correlation": 0.008885325066093934, "p_value": 0.00498294169780785}