{"correlation": -0.08712748899221479, "p_value": 1.5561268242716108e-167}