{"correlation": 0.09139851565724876, "p_value": 3.171024253632571e-184}