{"correlation": 0.1200867160272368, "p_value": 1.905976e-317}