{"correlation": 0.019507738524640047, "p_value": 7.016026380920179e-10}