{"correlation": -0.030473188067267256, "p_value": 5.809586126068035e-22}