{"correlation": 0.08991271123012996, "p_value": 2.508629576347064e-178}