{"correlation": -2.6830707000449273e-05, "p_value": 0.9932344520125189}