{"correlation": -0.007403209105350254, "p_value": 0.01929873486017895}