{"correlation": 0.08236210625465665, "p_value": 7.254515923378912e-150}