{"correlation": -0.00033591692203763446, "p_value": 0.9154540511878477}