{"correlation": 0.04812923736687784, "p_value": 2.6304401718543964e-52}