{"correlation": 0.10938064899147706, "p_value": 2.064506346214749e-263}