{"correlation": -0.023486592605852577, "p_value": 1.1395898917905832e-13}