{"correlation": -0.00754505405453628, "p_value": 0.0171005066630909}