{"correlation": 0.015435936374074614, "p_value": 1.0684364357954844e-06}