{"correlation": -0.018186193542560698, "p_value": 9.032665992815094e-09}