{"correlation": 0.06038229074984495, "p_value": 2.506461598005346e-81}