{"correlation": 0.015427148879548923, "p_value": 1.08358278230165e-06}