{"correlation": 0.11295216208697959, "p_value": 7.299724393960415e-281}