{"correlation": -0.004087425562703307, "p_value": 0.1964342501159788}