{"correlation": 0.10505836036988499, "p_value": 4.6611355947604094e-243}