{"correlation": 0.029298109541871967, "p_value": 2.0208391586270544e-20}