{"correlation": 0.03908395195840374, "p_value": 4.485085432012176e-35}