{"correlation": -0.06682269114111815, "p_value": 3.270562021826443e-99}