{"correlation": 0.08561768382192562, "p_value": 7.920172252689733e-162}