{"correlation": 0.009878113106502023, "p_value": 0.0017968091059213744}