{"correlation": 0.10213063441218043, "p_value": 9.539938565930536e-230}