{"correlation": 0.039363608265140605, "p_value": 1.486521757712091e-35}