{"correlation": 0.0069768452674480175, "p_value": 0.027457020297579834}