{"correlation": 0.0070294590581545, "p_value": 0.02631124611293131}