{"correlation": 0.07347594115487074, "p_value": 1.343745238801145e-119}