{"correlation": 0.040275877752701625, "p_value": 3.838101462998279e-37}