{"correlation": 0.008119826660115952, "p_value": 0.01028205369631477}