{"correlation": 0.10060193097130327, "p_value": 5.991140959910266e-223}