{"correlation": 0.07558371405981283, "p_value": 1.8358889659732623e-126}