{"correlation": 0.012150516681882797, "p_value": 0.00012296538849604767}