{"correlation": 0.05313863555456189, "p_value": 2.2215219887598102e-63}