{"correlation": 0.08592339423454566, "p_value": 5.641287247660377e-163}