{"correlation": 0.05793788206974824, "p_value": 5.149236360669174e-75}