{"correlation": 0.11028663523807335, "p_value": 8.753762702907213e-268}