{"correlation": 0.08035269186630578, "p_value": 1.0229341660274833e-142}