{"correlation": 0.10069410364342857, "p_value": 2.3474002073393526e-223}