{"correlation": 0.07538413823275586, "p_value": 8.359844391718367e-126}