{"correlation": 0.07104623055952305, "p_value": 6.2905423737781605e-112}