{"correlation": 0.02950497423928599, "p_value": 1.092673549972301e-20}