{"correlation": 0.1113082663515737, "p_value": 9.271726678000052e-273}