{"correlation": 0.05517289465932826, "p_value": 3.4489493185392344e-68}