{"correlation": 0.020451615361711317, "p_value": 1.0189367740387959e-10}