{"correlation": 0.11885994224441199, "p_value": 5.423079494708e-311}