{"correlation": 0.10442469332194299, "p_value": 3.8196964433793705e-240}