{"correlation": 0.10128010807456278, "p_value": 5.951493437268833e-226}