{"correlation": 0.016164164405746688, "p_value": 3.24236847547274e-07}