{"correlation": 0.061383154955645954, "p_value": 5.481998157773336e-84}