{"correlation": 0.08122230715877998, "p_value": 8.664907969072943e-146}