{"correlation": 0.10166090518929681, "p_value": 1.2008620934721432e-227}