{"correlation": 0.07197788669714011, "p_value": 7.730819423960476e-115}