{"correlation": 0.08110064058307129, "p_value": 2.341986739152594e-145}