{"correlation": 0.06566893603968621, "p_value": 7.114199230235787e-96}