{"correlation": 0.06827233678918058, "p_value": 1.7314383897266657e-103}