{"correlation": 0.08985929556366265, "p_value": 4.070584587918806e-178}