{"correlation": 0.08419977215492509, "p_value": 1.4661266729923727e-156}