{"correlation": 0.11748152167593916, "p_value": 8.035081990623513e-304}