{"correlation": 0.011293439901903528, "p_value": 0.0003580144277163048}