{"correlation": -0.03352689883942093, "p_value": 3.022384988456244e-26}