{"correlation": -0.09114071900950414, "p_value": 3.401039964119776e-183}