{"correlation": -0.04690428604135021, "p_value": 9.154312305139133e-50}