{"correlation": 0.04516430559260319, "p_value": 2.8820985214644705e-46}