{"correlation": 0.07524979047935434, "p_value": 2.314144578082446e-125}