{"correlation": -0.03548196072281951, "p_value": 3.361331385566154e-29}