{"correlation": -0.003963485005766034, "p_value": 0.21034866474635225}