{"correlation": 0.11141956693590528, "p_value": 2.64438482035567e-273}