{"correlation": 0.10824065482295299, "p_value": 5.813687936878795e-258}