{"correlation": 0.09579803800148873, "p_value": 2.8893465695488875e-202}