{"correlation": 0.018257115914159603, "p_value": 7.909322284701217e-09}