{"correlation": 0.0546905161734764, "p_value": 4.9470928477674e-67}