{"correlation": 0.07754308239070037, "p_value": 5.09528541806538e-133}