{"correlation": -0.01906882625442296, "p_value": 1.6705592919529894e-09}