{"correlation": 0.11635648683833488, "p_value": 4.9425589042786465e-298}