{"correlation": 0.09774199465152077, "p_value": 1.6407051628698756e-210}