{"correlation": 0.07223737959112528, "p_value": 1.1770179383525443e-115}