{"correlation": 0.08795116035586818, "p_value": 1.0868862010238327e-170}