{"correlation": 0.11074740967738785, "p_value": 5.060271242884617e-270}