{"correlation": 0.08076981466871185, "p_value": 3.470957709880493e-144}