{"correlation": -0.056706855750809575, "p_value": 6.194577521168057e-72}