{"correlation": 0.10281676797185653, "p_value": 7.841859867169415e-233}