{"correlation": 0.11791684304263843, "p_value": 4.4633855578216024e-306}