{"correlation": -0.009518929044802537, "p_value": 0.002626370750092287}