{"correlation": 0.014203107238247916, "p_value": 7.158721987957671e-06}