{"correlation": 0.033141959868105225, "p_value": 1.1028028247034986e-25}