{"correlation": 0.08234214242723463, "p_value": 8.560807644800188e-150}