{"correlation": -0.036013751723981365, "p_value": 4.948586922987366e-30}