{"correlation": -0.027616243187169154, "p_value": 2.5607086496075927e-18}