{"correlation": -0.08419652380400093, "p_value": 1.5070814146944339e-156}