{"correlation": -0.1185177943050964, "p_value": 3.327853010912193e-309}