{"correlation": 0.08651877411376632, "p_value": 3.198798106954955e-165}