{"correlation": 0.06777621341666298, "p_value": 5.1554762754353305e-102}