{"correlation": 0.022754333382135918, "p_value": 6.379737495649756e-13}