{"correlation": 0.11454666770058008, "p_value": 7.702769530328708e-289}