{"correlation": 0.11020452141067569, "p_value": 2.1878952716517786e-267}