{"correlation": -0.04457438539699303, "p_value": 4.128927314897811e-45}