{"correlation": 0.058618583841966214, "p_value": 9.55145214238215e-77}