{"correlation": 0.10985822711262187, "p_value": 1.0338248087322983e-265}