{"correlation": 0.10710470946139701, "p_value": 1.3699282385244592e-252}