{"correlation": 0.009075732516275024, "p_value": 0.004126662392044325}