{"correlation": -0.06820784497657544, "p_value": 2.695301947365061e-103}