{"correlation": -0.07943409594374144, "p_value": 1.6546114112564336e-139}