{"correlation": 0.0481119404783823, "p_value": 2.8600339216250407e-52}