{"correlation": -0.036673816268133264, "p_value": 4.41319780655992e-31}