{"correlation": -0.004790469409257264, "p_value": 0.1300340682674009}