{"correlation": 0.0017709643585019051, "p_value": 0.5756921179877507}