{"correlation": -0.05456648456822541, "p_value": 9.77499329029228e-67}