{"correlation": 0.057839182529469096, "p_value": 9.14427470264296e-75}