{"correlation": 0.11302150400238052, "p_value": 3.302172519185567e-281}