{"correlation": 0.03962138554763455, "p_value": 5.334497406144083e-36}