{"correlation": -0.03131441674291809, "p_value": 4.2088768310078884e-23}