{"correlation": 0.07047944367565784, "p_value": 3.553408173181006e-110}