{"correlation": 0.06332177684647648, "p_value": 2.8955268292855175e-89}