{"correlation": 0.10638024310124947, "p_value": 3.4095291683107503e-249}