{"correlation": 0.06887147414322856, "p_value": 2.7804366256346994e-105}