{"correlation": 0.04588667235432406, "p_value": 1.0554137848140565e-47}