{"correlation": 0.03281437927027735, "p_value": 3.279797713885412e-25}