{"correlation": 0.07307197388956442, "p_value": 2.6399867544924823e-118}