{"correlation": 0.00792331718491281, "p_value": 0.012276694098639558}