{"correlation": 0.11996442799229419, "p_value": 8.443803e-317}