{"correlation": 0.10970796689391693, "p_value": 5.486764434774731e-265}