{"correlation": 0.07439788322338038, "p_value": 1.412074642906187e-122}