{"correlation": 0.06414415329926332, "p_value": 1.4906885897590213e-91}