{"correlation": 0.08134729072061901, "p_value": 3.1152278842262527e-146}