{"correlation": -0.04774114586129013, "p_value": 1.7073554932183705e-51}