{"correlation": 0.11216286124541373, "p_value": 5.881340738202734e-277}