{"correlation": 0.09576831231632957, "p_value": 3.85106887152618e-202}