{"correlation": 0.04964276250405879, "p_value": 1.5471648881953722e-55}