{"correlation": -0.0041707872465396555, "p_value": 0.18746248321239056}