{"correlation": -0.032743430900819576, "p_value": 4.14721511757536e-25}