{"correlation": 0.020606612139538544, "p_value": 7.360834578371071e-11}