{"correlation": 0.023520076844797597, "p_value": 1.0519482790483876e-13}