{"correlation": 0.034722694586388575, "p_value": 4.93476612776737e-28}