{"correlation": 0.050436401392173445, "p_value": 2.8558515845860114e-57}