{"correlation": 0.0878270711241263, "p_value": 3.2625024618568526e-170}