{"correlation": 0.07914928071825333, "p_value": 1.6071273968943824e-138}