{"correlation": 0.10575720843900482, "p_value": 2.7189342399188314e-246}