{"correlation": -0.015253704821900024, "p_value": 1.4284451424613698e-06}