{"correlation": -0.11508632370453241, "p_value": 1.4488050434147665e-291}