{"correlation": 0.09967080969128277, "p_value": 7.360873427662748e-219}