{"correlation": -0.0017590045782929825, "p_value": 0.5782734099283167}