{"correlation": 0.051968620298953355, "p_value": 1.0735472338683419e-60}