{"correlation": -0.019173147082475923, "p_value": 1.3616047216281202e-09}