{"correlation": 0.019181925780341356, "p_value": 1.3383092590184877e-09}