{"correlation": -0.07556749126515716, "p_value": 2.0769543584768488e-126}