{"correlation": 0.04957067246483652, "p_value": 2.2164996792987208e-55}