{"correlation": -0.025699230168167782, "p_value": 4.540011118168508e-16}