{"correlation": 0.08632574145204508, "p_value": 1.7180145231180955e-164}