{"correlation": -0.06016361597043703, "p_value": 9.428177904015036e-81}