{"correlation": 0.05275226013651595, "p_value": 1.7363831241745303e-62}