{"correlation": 0.050360595278033146, "p_value": 4.193029226321319e-57}