{"correlation": -0.10428648563795913, "p_value": 1.64098607892115e-239}