{"correlation": 0.056185373640345496, "p_value": 1.1937328732506741e-70}