{"correlation": -0.04063070371677409, "p_value": 9.051177190259354e-38}