{"correlation": -0.045129719153707684, "p_value": 3.372163245843553e-46}