{"correlation": 0.08284233743246001, "p_value": 1.3353276885237757e-151}