{"correlation": 0.025909612424163633, "p_value": 2.618028025070074e-16}