{"correlation": 0.08202270499045398, "p_value": 1.2041419248243464e-148}