{"correlation": 0.0046887090485463415, "p_value": 0.13839162459581963}