{"correlation": -0.008559170695727975, "p_value": 0.006829366012588017}