{"correlation": 0.10203123959717653, "p_value": 2.6589971883676333e-229}