{"correlation": 0.03974522664766235, "p_value": 3.2527163264914005e-36}