{"correlation": 0.08471489408647007, "p_value": 1.831573475453867e-158}