{"correlation": 0.013262604154802852, "p_value": 2.769459561213272e-05}