{"correlation": 0.06267667363018554, "p_value": 1.7220985839260944e-87}