{"correlation": 0.0018103619052245372, "p_value": 0.5672276208595305}