{"correlation": 0.11026058229823377, "p_value": 1.170714520224307e-267}