{"correlation": -0.08761361415315827, "p_value": 2.1533508303959127e-169}