{"correlation": 0.08492086331982202, "p_value": 3.1513207121479104e-159}