{"correlation": 0.09140491914059556, "p_value": 2.9892847517257443e-184}