{"correlation": 0.07041559868756327, "p_value": 5.586082920042402e-110}