{"correlation": -0.01125123418518708, "p_value": 0.0003766829369546078}