{"correlation": 0.07079218358249664, "p_value": 3.852135617517148e-111}