{"correlation": -0.09109425789468514, "p_value": 5.211978808037372e-183}