{"correlation": 0.055768492029182236, "p_value": 1.2460502901979728e-69}