{"correlation": 0.07894279858506285, "p_value": 8.310225237901176e-138}