{"correlation": 0.09390492135970122, "p_value": 2.1337178636599106e-194}