{"correlation": -0.09828874605452624, "p_value": 7.336589338796106e-213}