{"correlation": 0.08640405911475468, "p_value": 8.690250795311482e-165}