{"correlation": -0.016977433726963625, "p_value": 8.056435792675796e-08}