{"correlation": 0.038457898081123716, "p_value": 5.165974444157669e-34}