{"correlation": 0.0013611854673096406, "p_value": 0.6670623351291389}