{"correlation": 0.07094396979817914, "p_value": 1.305639712681569e-111}