{"correlation": -0.049848402691072144, "p_value": 5.532513393162638e-56}