{"correlation": 0.057903057918790704, "p_value": 6.306515547809997e-75}