{"correlation": -0.03641909919720214, "p_value": 1.12738544269222e-30}