{"correlation": -0.07129370322983643, "p_value": 1.0698270213592317e-112}