{"correlation": 0.10556909521019764, "p_value": 2.028112803938738e-245}