{"correlation": 0.0486662762690136, "p_value": 1.9282920769731946e-53}