{"correlation": 0.1054525210240334, "p_value": 7.0324432747769635e-245}