{"correlation": 0.112241574893522, "p_value": 2.405412834012203e-277}