{"correlation": 0.002981680962039251, "p_value": 0.34602912638273936}