{"correlation": 0.08065718069200037, "p_value": 8.669266117196299e-144}