{"correlation": -0.020235932686236573, "p_value": 1.5957313730479103e-10}