{"correlation": -0.11274977531821852, "p_value": 7.371780902320914e-280}