{"correlation": -0.012822241753960052, "p_value": 5.0683748248314975e-05}