{"correlation": -0.018506862255073305, "p_value": 4.935623427921878e-09}