{"correlation": 0.07280730712503537, "p_value": 1.840893022236176e-117}