{"correlation": 0.04302740638028982, "p_value": 3.765745015846545e-42}