{"correlation": -0.010840597129663027, "p_value": 0.0006122804758683372}