{"correlation": 0.050271512495545824, "p_value": 6.579794466934806e-57}