{"correlation": 0.09895343104282618, "p_value": 9.799523534636683e-216}