{"correlation": 0.07493149471223605, "p_value": 2.563637616868847e-124}