{"correlation": 0.02095211335787691, "p_value": 3.5355527660861375e-11}