{"correlation": -0.014473040336315274, "p_value": 4.779619229232003e-06}