{"correlation": 0.09555530542603588, "p_value": 3.0101226569953005e-201}