{"correlation": 0.11326940966529453, "p_value": 1.9291931436597278e-282}