{"correlation": 0.11978045360682125, "p_value": 7.9024306e-316}