{"correlation": -2.3271173615660722e-05, "p_value": 0.9941319954978844}