{"correlation": -0.0111758501370146, "p_value": 0.00041230961013252385}