{"correlation": 0.03293321511197309, "p_value": 2.2113936871574524e-25}