{"correlation": 0.08209995680743509, "p_value": 6.359497386720294e-149}