{"correlation": 0.06659172501745568, "p_value": 1.53963944605983e-98}