{"correlation": 0.10575978460388787, "p_value": 2.645065137205367e-246}