{"correlation": -0.05529085205849227, "p_value": 1.7918420088185333e-68}