{"correlation": 0.11192894324460989, "p_value": 8.350741246343688e-276}