{"correlation": -0.057982574782558666, "p_value": 3.9688771544786403e-75}