{"correlation": 0.09858362389056669, "p_value": 3.915528040852506e-214}