{"correlation": 0.07889577187131952, "p_value": 1.207438496795217e-137}