{"correlation": 0.014445545547839236, "p_value": 4.981986965113821e-06}