{"correlation": 0.11941186184389482, "p_value": 6.90226246e-314}