{"correlation": 0.06628365399747065, "p_value": 1.2055295072752319e-97}