{"correlation": 0.0556479065664051, "p_value": 2.4477406108083584e-69}