{"correlation": 0.10832105057092135, "p_value": 2.41012806156111e-258}