{"correlation": 0.07704876106641158, "p_value": 2.383897235004693e-131}