{"correlation": -0.02180281278752602, "p_value": 5.529099519642316e-12}