{"correlation": 0.040824317266992496, "p_value": 4.0930992495344516e-38}