{"correlation": 0.10546626562890798, "p_value": 6.073903471507682e-245}