{"correlation": 0.022973002139000935, "p_value": 3.835443834819165e-13}