{"correlation": 0.09637320086105597, "p_value": 1.09306971031421e-204}