{"correlation": 0.10181888682235987, "p_value": 2.3677152196903553e-228}