{"correlation": -0.00565872801524139, "p_value": 0.07371571783741285}