{"correlation": 0.11753963719951302, "p_value": 4.021601027896629e-304}