{"correlation": 0.06008781622925864, "p_value": 1.4906660579511477e-80}