{"correlation": 0.08649180625869692, "p_value": 4.0464775285188736e-165}