{"correlation": 0.020056303277198345, "p_value": 2.310461348905001e-10}