{"correlation": 0.01666027786398232, "p_value": 1.397274285036157e-07}