{"correlation": 0.11464598007908292, "p_value": 2.432409015076474e-289}