{"correlation": -0.0037207318354798443, "p_value": 0.2396397206453307}