{"correlation": -0.09301324754390862, "p_value": 9.548576943775036e-191}