{"correlation": 0.03514626290653974, "p_value": 1.1103134802414647e-28}