{"correlation": 0.07028710358898188, "p_value": 1.3866487180110368e-109}