{"correlation": 0.10239801591547605, "p_value": 6.022780192611228e-231}