{"correlation": 0.0781798645179198, "p_value": 3.4661652479994534e-135}