{"correlation": 0.0011994004798865942, "p_value": 0.7046482205545109}