{"correlation": -0.08865438385400098, "p_value": 2.079739489793034e-173}