{"correlation": 0.07237430551058556, "p_value": 4.347622567378608e-116}