{"correlation": 0.044682132242682804, "p_value": 2.5456727832084265e-45}