{"correlation": 0.032009411796986145, "p_value": 4.564080817870211e-24}