{"correlation": -0.022247878805221586, "p_value": 2.0360549489643186e-12}