{"correlation": 0.01686593452649693, "p_value": 9.788081196872165e-08}