{"correlation": 0.06730670025721205, "p_value": 1.2506320430195623e-100}