{"correlation": -0.006794396229614938, "p_value": 0.031769734718839496}