{"correlation": 0.09162875105329825, "p_value": 3.788380758678293e-185}