{"correlation": 0.09313665018471555, "p_value": 2.9977585333855113e-191}