{"correlation": 0.08675504875792071, "p_value": 4.065937568914792e-166}