{"correlation": 0.016696503554920618, "p_value": 1.3127483929571896e-07}