{"correlation": 0.07283268506424673, "p_value": 1.5285828565430096e-117}