{"correlation": -0.021154171012074827, "p_value": 2.2900988110789955e-11}