{"correlation": 0.05085453624897093, "p_value": 3.3981182692305976e-58}