{"correlation": 0.09016848568437337, "p_value": 2.4607473353716783e-179}