{"correlation": 0.012522810880190272, "p_value": 7.564033471252434e-05}