{"correlation": 0.021103932749336404, "p_value": 2.5521698411459296e-11}