{"correlation": 0.038585454059942244, "p_value": 3.1497525924108058e-34}