{"correlation": 0.0030823301904861666, "p_value": 0.32999279852632546}