{"correlation": 0.09241538862672273, "p_value": 2.558380279008119e-188}