{"correlation": 0.11892738171295979, "p_value": 2.4055348506123e-311}