{"correlation": 0.05087194563100324, "p_value": 3.108717104999226e-58}