{"correlation": 0.05760963661599892, "p_value": 3.4637694938572795e-74}