{"correlation": 0.05006910473300372, "p_value": 1.826201287761105e-56}