{"correlation": 0.06074683365076201, "p_value": 2.72422849413694e-82}