{"correlation": 0.09159346150769619, "p_value": 5.2485725263678345e-185}