{"correlation": -0.0550297245331432, "p_value": 7.621568974875694e-68}