{"correlation": 0.01021294918515439, "p_value": 0.0012477246221657098}