{"correlation": 0.06589823647724855, "p_value": 1.5612386329560996e-96}