{"correlation": 0.03128726415527244, "p_value": 4.58603906927906e-23}