{"correlation": 0.11993921373707439, "p_value": 1.14746055e-316}