{"correlation": 0.02499009158732734, "p_value": 2.8116784513194293e-15}