{"correlation": -0.09835329247326076, "p_value": 3.865814974525039e-213}