{"correlation": -0.07303472017758467, "p_value": 3.4714137338904807e-118}