{"correlation": -0.05735951909650949, "p_value": 1.4694803667229522e-73}