{"correlation": 0.08901650161517695, "p_value": 8.123752439942335e-175}