{"correlation": 0.027601525272701436, "p_value": 2.668243177614611e-18}