{"correlation": 0.07408351591521012, "p_value": 1.477977086181909e-121}