{"correlation": -0.05137021655739262, "p_value": 2.402049973960808e-59}