{"correlation": -0.009427313804728893, "p_value": 0.0028878240660383586}