{"correlation": 0.10400719067357111, "p_value": 3.103392165283324e-238}