{"correlation": 0.059784900740023836, "p_value": 9.24566994887237e-80}