{"correlation": 0.08167597422172003, "p_value": 2.0981539169617114e-147}