{"correlation": 0.1132618711634088, "p_value": 2.1034074528314572e-282}