{"correlation": 0.052813129177949815, "p_value": 1.257176412916325e-62}