{"correlation": 0.01980963991241316, "p_value": 3.821101198787752e-10}