{"correlation": 0.01842240818673664, "p_value": 5.792839946181562e-09}