{"correlation": 0.09720865281957192, "p_value": 3.1195911187994963e-208}