{"correlation": 0.08287630038085148, "p_value": 1.0057673208672647e-151}