{"correlation": 0.11299538133917242, "p_value": 4.4525481893690705e-281}