{"correlation": 0.09322067149009207, "p_value": 1.3609250610603347e-191}