{"correlation": 0.04173667130567631, "p_value": 9.249000594001028e-40}