{"correlation": 0.03847764237434558, "p_value": 4.78561616973833e-34}