{"correlation": 0.11559383218580835, "p_value": 3.852605400717431e-294}