{"correlation": 0.10706486408686594, "p_value": 2.1090560357719458e-252}