{"correlation": 0.10348185378365628, "p_value": 7.652967731175447e-236}