{"correlation": 0.07556895422280918, "p_value": 2.053977025123548e-126}