{"correlation": 0.11257786212633625, "p_value": 5.238128815316936e-279}