{"correlation": -0.0311060757751736, "p_value": 8.115893729371217e-23}