{"correlation": 0.043276060662927135, "p_value": 1.2796113851074316e-42}