{"correlation": 0.0075523050103217864, "p_value": 0.01699428872065292}