{"correlation": -0.0014006568824049218, "p_value": 0.6580133759206076}