{"correlation": 0.11227311928816913, "p_value": 1.6807608751172944e-277}