{"correlation": 0.015409886032646807, "p_value": 1.1139413462001514e-06}