{"correlation": -0.06862426063734256, "p_value": 1.53594884606574e-104}