{"correlation": 0.06421217973004897, "p_value": 9.611035984189367e-92}