{"correlation": 0.0660426667527977, "p_value": 5.989843347129078e-97}