{"correlation": 0.04879009319819201, "p_value": 1.0513478977748969e-53}