{"correlation": 0.0869641813870814, "p_value": 6.5189657046507524e-167}