{"correlation": 0.08999410973365767, "p_value": 1.1990706191679555e-178}