{"correlation": 0.09279964024390136, "p_value": 7.06750256836006e-190}