{"correlation": 0.06280844546288306, "p_value": 7.500770009652068e-88}