{"correlation": 0.04269217781097629, "p_value": 1.5980503234881249e-41}