{"correlation": 0.033205943213643535, "p_value": 8.902304304699932e-26}