{"correlation": 0.04435050681324588, "p_value": 1.1236720041397448e-44}