{"correlation": 0.08141387707120096, "p_value": 1.8051618962090678e-146}