{"correlation": 0.1103078233526348, "p_value": 6.910216698098949e-268}