{"correlation": 0.06609586163500998, "p_value": 4.206770903430891e-97}