{"correlation": 0.03521617071195189, "p_value": 8.665246181759352e-29}