{"correlation": 0.07551523734433221, "p_value": 3.089811978286658e-126}