{"correlation": 0.08569082201340576, "p_value": 4.2132537422524356e-162}