{"correlation": -0.05040050191704636, "p_value": 3.425741383150663e-57}