{"correlation": 0.015095698719854998, "p_value": 1.83268020829655e-06}