{"correlation": 0.1184533499883077, "p_value": 7.216556313248586e-309}