{"correlation": 0.028953060892425286, "p_value": 5.582887149412572e-20}