{"correlation": 0.08116089492361449, "p_value": 1.43156389739704e-145}