{"correlation": -0.0043670148620102486, "p_value": 0.1675439316434939}