{"correlation": 0.11931416816305825, "p_value": 2.25151994196e-313}