{"correlation": -0.07726209638073157, "p_value": 4.548122510634671e-132}