{"correlation": 0.08033021742910713, "p_value": 1.2268747271238018e-142}