{"correlation": -0.1196373104255994, "p_value": 4.4912876e-315}