{"correlation": -0.08171405327860855, "p_value": 1.5338716293861765e-147}