{"correlation": 0.038930917405555286, "p_value": 8.180600585953014e-35}