{"correlation": 0.02144350436359999, "p_value": 1.2211251473286791e-11}