{"correlation": 0.03495385817257376, "p_value": 2.191175269098682e-28}