{"correlation": 0.037845262994884124, "p_value": 5.437002288423115e-33}