{"correlation": 0.039188119970843635, "p_value": 2.9752436534134605e-35}