{"correlation": -0.11005688787716467, "p_value": 1.133786081875796e-266}