{"correlation": 0.0037730038244438813, "p_value": 0.23310139575526176}