{"correlation": -0.06252845141891886, "p_value": 4.376862222316219e-87}