{"correlation": 0.11477924051161434, "p_value": 5.171343502962227e-290}