{"correlation": 0.07566068730083662, "p_value": 1.0220253801865655e-126}