{"correlation": 0.10237772848300648, "p_value": 7.429154741961156e-231}