{"correlation": -0.007627317931517626, "p_value": 0.01592896588843618}