{"correlation": -0.02410144494069761, "p_value": 2.5759425573896714e-14}