{"correlation": 0.034545216036146235, "p_value": 9.170753803020248e-28}