{"correlation": 0.07835596040848969, "p_value": 8.656482187783885e-136}