{"correlation": 0.04684065815948975, "p_value": 1.235554633315924e-49}