{"correlation": 0.08305354105334999, "p_value": 2.2872031674421564e-152}