{"correlation": -0.07510819378144079, "p_value": 6.754317730457515e-125}