{"correlation": 0.02488282204269653, "p_value": 3.688757259838524e-15}