{"correlation": 0.10579134100752388, "p_value": 1.8874748112388286e-246}