{"correlation": -0.019687514974901656, "p_value": 4.891119260946736e-10}