{"correlation": 0.042790019507762, "p_value": 1.049249373046748e-41}