{"correlation": -0.003948839804330662, "p_value": 0.21203881402468114}