{"correlation": 0.006994115482055888, "p_value": 0.02707626900450488}