{"correlation": 0.06790428899459534, "p_value": 2.1518989838400145e-102}