{"correlation": 0.04766189357867233, "p_value": 2.4968799283294792e-51}