{"correlation": 0.07025643616284188, "p_value": 1.7222599458212635e-109}