{"correlation": 0.06657958273252355, "p_value": 1.6700303435343147e-98}