{"correlation": 0.057766579877411794, "p_value": 1.3942450965035938e-74}