{"correlation": 0.08878008882499104, "p_value": 6.757868331551801e-174}