{"correlation": -0.10552480671235197, "p_value": 3.253301476122384e-245}