{"correlation": 0.10835119844556013, "p_value": 1.7320621952580623e-258}