{"correlation": 0.08234514097951141, "p_value": 8.350559782386806e-150}