{"correlation": 0.11912256707515304, "p_value": 2.28186352757e-312}