{"correlation": 0.028264383312204648, "p_value": 4.0963041236397815e-19}