{"correlation": 0.07343488052376268, "p_value": 1.820114592137176e-119}