{"correlation": 0.0895691956664574, "p_value": 5.612404702728624e-177}