{"correlation": 0.05337345934805976, "p_value": 6.320388501446343e-64}