{"correlation": 0.07210676993640451, "p_value": 3.0380413599935682e-115}