{"correlation": 0.10363992000596792, "p_value": 1.4635690816646063e-236}