{"correlation": 0.018968074776698242, "p_value": 2.0332750437668764e-09}