{"correlation": 0.026245222341979804, "p_value": 1.0780839410955817e-16}