{"correlation": 0.11939520490951906, "p_value": 8.444461009e-314}