{"correlation": 0.056275588081427956, "p_value": 7.1692609046544864e-71}