{"correlation": 0.04972688342842964, "p_value": 1.0163968462737483e-55}