{"correlation": 0.05392926988419508, "p_value": 3.1553124242104036e-65}