{"correlation": 0.010340318141308508, "p_value": 0.0010831189698642365}