{"correlation": 0.024237971644197838, "p_value": 1.8422197832368522e-14}