{"correlation": -0.03932194730736655, "p_value": 1.7532056095450068e-35}