{"correlation": -0.06210208051261488, "p_value": 6.325735439258176e-86}