{"correlation": 0.041456506755342605, "p_value": 2.987946281097161e-39}