{"correlation": 0.0780897627259065, "p_value": 7.040465377320732e-135}