{"correlation": 0.05201272232273117, "p_value": 8.525645058318633e-61}