{"correlation": -0.06641460831391362, "p_value": 5.0323282799584905e-98}