{"correlation": -0.034529933882121035, "p_value": 9.671996759327028e-28}