{"correlation": 0.01615638216442256, "p_value": 3.284842415758528e-07}