{"correlation": 0.0697076271944282, "p_value": 8.197029142587203e-108}