{"correlation": 0.02697723165332145, "p_value": 1.4978050760493188e-17}