{"correlation": 0.08681024328962231, "p_value": 2.5092062854119426e-166}