{"correlation": -0.05258298643323816, "p_value": 4.2542478479198945e-62}