{"correlation": 0.0934381636538229, "p_value": 1.7563268749343624e-192}