{"correlation": -0.06901223895217444, "p_value": 1.0477669968562193e-105}