{"correlation": -0.029593922617946595, "p_value": 8.377243001024652e-21}