{"correlation": -0.036683859067945586, "p_value": 4.2524226953146985e-31}