{"correlation": -0.032771265194878225, "p_value": 3.7826969748825555e-25}