{"correlation": 0.0006467729262241083, "p_value": 0.8380383588663971}