{"correlation": -0.0981694050276731, "p_value": 2.3959179468371076e-212}