{"correlation": 0.07532904477380718, "p_value": 1.2694891901655096e-125}