{"correlation": 0.08187487452528364, "p_value": 4.078517104408993e-148}