{"correlation": 0.0808589667952694, "p_value": 1.6803370862414739e-144}