{"correlation": 0.07446719909252114, "p_value": 8.402547980364497e-123}