{"correlation": -0.0852994854690531, "p_value": 1.2262063460790944e-160}