{"correlation": 0.026409483466109714, "p_value": 6.955045096498398e-17}