{"correlation": 0.11931546441603831, "p_value": 2.21648825786e-313}