{"correlation": 0.09197365964865584, "p_value": 1.554923048383466e-186}