{"correlation": 0.09057585480900579, "p_value": 6.012446734183829e-181}