{"correlation": 0.11068888622091633, "p_value": 9.748920182914873e-270}