{"correlation": 0.05403400444502558, "p_value": 1.7875034139795973e-65}