{"correlation": 0.08794627398286997, "p_value": 1.1349969330954871e-170}