{"correlation": 0.03296848459016831, "p_value": 1.9667255302531547e-25}