{"correlation": 0.07719394656512235, "p_value": 7.724667144334932e-132}