{"correlation": -0.0032377294576282052, "p_value": 0.30619417148289174}