{"correlation": 0.09626196151534042, "p_value": 3.2229501984277035e-204}