{"correlation": 0.10706638217099636, "p_value": 2.0746745008386678e-252}