{"correlation": 0.026586084920840903, "p_value": 4.328683320383654e-17}