{"correlation": 0.031545293051188736, "p_value": 2.0228600694786002e-23}