{"correlation": 0.04135662478080965, "p_value": 4.530159260544685e-39}