{"correlation": 0.0957428975035174, "p_value": 4.923066070001506e-202}