{"correlation": 0.06592846629009234, "p_value": 1.277801254328371e-96}