{"correlation": 0.03933093791374287, "p_value": 1.691898663659363e-35}