{"correlation": 0.09351484325721975, "p_value": 8.52304627070137e-193}