{"correlation": 0.05520384606848648, "p_value": 2.9048510576344067e-68}