{"correlation": -0.02867852251049095, "p_value": 1.242635920252462e-19}