{"correlation": 0.02887910959219661, "p_value": 6.930720828543791e-20}