{"correlation": 0.10506141203003222, "p_value": 4.512497688699085e-243}