{"correlation": 0.025655569137902217, "p_value": 5.086704208101713e-16}