{"correlation": 0.0921384449295025, "p_value": 3.367475230981333e-187}