{"correlation": 0.014759549769204844, "p_value": 3.089215185082312e-06}