{"correlation": -0.09396039145916849, "p_value": 1.2614087422294815e-194}