{"correlation": 0.08654937884758972, "p_value": 2.4495686751736696e-165}