{"correlation": 0.06446269415864023, "p_value": 1.9013236453920987e-92}