{"correlation": 0.10638585956125984, "p_value": 3.2096473379290387e-249}