{"correlation": 0.0778549462435247, "p_value": 4.445893446457139e-134}