{"correlation": 0.0707468217476897, "p_value": 5.320222256901447e-111}