{"correlation": 0.005829698358763485, "p_value": 0.06541551174375851}