{"correlation": 0.09204144724569635, "p_value": 8.289711981820192e-187}