{"correlation": 0.09334207224644818, "p_value": 4.342500367766749e-192}