{"correlation": -0.020235382320527594, "p_value": 1.5975496520437418e-10}