{"correlation": 0.0696460862075068, "p_value": 1.2616685784707003e-107}