{"correlation": 0.11688988680446093, "p_value": 9.04532044625277e-301}