{"correlation": 0.07872335799386886, "p_value": 4.741273957218093e-137}