{"correlation": -0.04244054001941644, "p_value": 4.694580526865319e-41}