{"correlation": 0.11732749630880612, "p_value": 5.0224847096847416e-303}