{"correlation": 0.04114145487219312, "p_value": 1.1066317040196696e-38}