{"correlation": 0.09598081082918333, "p_value": 4.928286678916448e-203}