{"correlation": 0.08463575555848572, "p_value": 3.5974962691906912e-158}