{"correlation": -0.03326762673472888, "p_value": 7.23906392830023e-26}