{"correlation": 0.09731131164302201, "p_value": 1.1386845144538289e-208}