{"correlation": 0.08285942577339445, "p_value": 1.1578751961062032e-151}