{"correlation": 0.08570369292307754, "p_value": 3.770108085189306e-162}