{"correlation": 0.08067729905951801, "p_value": 7.362362514060566e-144}