{"correlation": -0.024553307943757003, "p_value": 8.433591468258405e-15}