{"correlation": 0.11301632581865534, "p_value": 3.503754414608988e-281}