{"correlation": -0.017536350777694998, "p_value": 2.981199051370177e-08}