{"correlation": 0.10655595381689159, "p_value": 5.14277998211538e-250}