{"correlation": 0.04336759797943162, "p_value": 8.586826355649665e-43}