{"correlation": 0.11060359224721703, "p_value": 2.5335660181963274e-269}