{"correlation": 0.058670924287591755, "p_value": 7.015836499971795e-77}