{"correlation": 0.07905414932961918, "p_value": 3.427991974833323e-138}