{"correlation": 0.04799522643513341, "p_value": 5.026442049346591e-52}