{"correlation": 0.01934850014015096, "p_value": 9.632276909006494e-10}