{"correlation": 0.02836187237411253, "p_value": 3.098176619562717e-19}