{"correlation": 0.10775042672911453, "p_value": 1.230266197886575e-255}