{"correlation": -0.021599255506823088, "p_value": 8.67509944061642e-12}