{"correlation": 0.11854583918780245, "p_value": 2.37581600378497e-309}