{"correlation": 0.02789968046811267, "p_value": 1.154773769154576e-18}