{"correlation": 0.06324863422727098, "p_value": 4.6112578391398914e-89}