{"correlation": 0.11302820815619052, "p_value": 3.0583028379734485e-281}