{"correlation": 0.0741137671418154, "p_value": 1.1795644155286426e-121}