{"correlation": 0.1108204847345044, "p_value": 2.230308152527946e-270}