{"correlation": -0.013828938985874378, "p_value": 1.238794953288328e-05}