{"correlation": 0.10614640094415469, "p_value": 4.205565474967328e-248}