{"correlation": 0.0977231644348796, "p_value": 1.975656802742656e-210}