{"correlation": 0.030213044967799984, "p_value": 1.2897485594159897e-21}