{"correlation": 0.06980388583199858, "p_value": 4.172316067638165e-108}