{"correlation": 0.09602467400927714, "p_value": 3.222102292412114e-203}