{"correlation": -0.021913701381524334, "p_value": 4.318635702372984e-12}