{"correlation": 0.0723500918139733, "p_value": 5.185609183812458e-116}