{"correlation": 0.09233630052392494, "p_value": 5.345247605374486e-188}