{"correlation": 0.09674027232079689, "p_value": 3.0557281186284836e-206}