{"correlation": -0.0033689925845271818, "p_value": 0.28700056923050477}