{"correlation": -0.06997534782384814, "p_value": 1.2501476113524736e-108}