{"correlation": 0.11623578621873301, "p_value": 2.049425095944052e-297}