{"correlation": 0.02921428125637012, "p_value": 2.589532889629528e-20}