{"correlation": 0.0907379913162903, "p_value": 1.3658550806839252e-181}