{"correlation": 0.027825075479591278, "p_value": 1.4251742762643244e-18}