{"correlation": 0.10231354935165615, "p_value": 1.4426016048749201e-230}