{"correlation": 0.01829586525453678, "p_value": 7.354226326251174e-09}