{"correlation": -0.054163638118541954, "p_value": 8.833175145631617e-66}