{"correlation": -0.1161459492583512, "p_value": 5.901221016157938e-297}