{"correlation": 0.1093582565269048, "p_value": 2.6449858602065822e-263}