{"correlation": -0.028337091960830205, "p_value": 3.3263976885152217e-19}