{"correlation": 0.08744508388529978, "p_value": 9.52262152303266e-169}