{"correlation": 0.06240017434467028, "p_value": 9.794436527950925e-87}