{"correlation": 0.05157864110056465, "p_value": 8.170143901207024e-60}