{"correlation": 0.02872493672924178, "p_value": 1.0859872839181767e-19}