{"correlation": 0.09761376267568227, "p_value": 5.809615241009987e-210}