{"correlation": -0.08027067565158608, "p_value": 1.9854649913571297e-142}