{"correlation": 0.08444373802449952, "p_value": 1.8458434895582343e-157}