{"correlation": -0.0033545128363552407, "p_value": 0.289077065776236}