{"correlation": 0.07905172574844722, "p_value": 3.494748796630021e-138}