{"correlation": 0.03877984341174406, "p_value": 1.4772741796120451e-34}