{"correlation": 0.046337970987837075, "p_value": 1.3019552187578098e-48}