{"correlation": 0.038664947842997045, "p_value": 2.3121077264040095e-34}