{"correlation": 0.09620001714214062, "p_value": 5.88190081696867e-204}