{"correlation": 0.015887622375900117, "p_value": 5.130391451017062e-07}