{"correlation": 0.05217325128883024, "p_value": 3.6785374121207936e-61}