{"correlation": -0.009357370865042815, "p_value": 0.0031031878340428303}