{"correlation": -0.017563868047320453, "p_value": 2.836572817991634e-08}