{"correlation": -0.007422338353829226, "p_value": 0.018988561270561102}