{"correlation": -0.03351831820403206, "p_value": 3.111359880091006e-26}