{"correlation": 0.018326856706804937, "p_value": 6.937707446789772e-09}