{"correlation": 0.0624591819282363, "p_value": 6.763211151428038e-87}