{"correlation": 0.10130094680871526, "p_value": 4.8087165514342194e-226}