{"correlation": 0.10927804472812785, "p_value": 6.422391693654166e-263}