{"correlation": 0.03586329870174402, "p_value": 8.533299418362694e-30}