{"correlation": 0.030831036851174196, "p_value": 1.918389406831461e-22}