{"correlation": 0.10861135479082563, "p_value": 9.971462394393466e-260}