{"correlation": 0.0689980269975805, "p_value": 1.1563703504043653e-105}