{"correlation": 0.11529891058011031, "p_value": 1.2125299310452827e-292}