{"correlation": 0.04499008250991596, "p_value": 6.3492843645376774e-46}