{"correlation": 0.0656546322702753, "p_value": 7.818738114967503e-96}