{"correlation": -0.021852635730961505, "p_value": 4.948859993282004e-12}