{"correlation": -0.024088515206967274, "p_value": 2.6587858800933028e-14}