{"correlation": 0.04842770783487719, "p_value": 6.1781404039851045e-53}