{"correlation": -0.05373358048334614, "p_value": 9.096640348277006e-65}