{"correlation": 0.11584842584812514, "p_value": 1.9475566001298845e-295}