{"correlation": 0.09482996294088422, "p_value": 3.1939706298794815e-198}