{"correlation": -0.04733597670777331, "p_value": 1.1840638621827657e-50}