{"correlation": 0.024513850557158226, "p_value": 9.304756079784307e-15}