{"correlation": 0.11863744165375333, "p_value": 7.89842384460824e-310}