{"correlation": -0.011425526019781683, "p_value": 0.0003050294667024616}