{"correlation": 0.012425131642977509, "p_value": 8.603504256314409e-05}