{"correlation": 0.09789014062777204, "p_value": 3.7994850377604095e-211}