{"correlation": 0.11915652746868921, "p_value": 1.51403172899e-312}