{"correlation": -0.08275955320433843, "p_value": 2.6632087281628113e-151}