{"correlation": 0.09190292034234888, "p_value": 2.9960935033801702e-186}