{"correlation": 0.07423625185997708, "p_value": 4.728620662974958e-122}