{"correlation": 0.015179853515639248, "p_value": 1.605375791951561e-06}