{"correlation": 0.05170891155219262, "p_value": 4.154673846461462e-60}