{"correlation": 0.07110553118855782, "p_value": 4.116915936671849e-112}