{"correlation": 0.037519222017148704, "p_value": 1.8739174423568567e-32}