{"correlation": -0.021555020542680707, "p_value": 9.562050835265875e-12}