{"correlation": 0.039088911135077016, "p_value": 4.398407119259327e-35}