{"correlation": 0.08932415663428249, "p_value": 5.113701271023678e-176}