{"correlation": 0.08623104335244555, "p_value": 3.913513282230389e-164}