{"correlation": 0.09757269665713268, "p_value": 8.706545206868179e-210}