{"correlation": 0.09234120976731014, "p_value": 5.106370959185082e-188}