{"correlation": 0.026900724724322044, "p_value": 1.845535130175335e-17}