{"correlation": 0.08203650975109698, "p_value": 1.0743655773728388e-148}