{"correlation": -0.06972428231750225, "p_value": 7.293584780429975e-108}