{"correlation": 0.07095892942369536, "p_value": 1.1734339504352486e-111}