{"correlation": 0.10450090368097459, "p_value": 1.708333778645564e-240}