{"correlation": 0.016222457761841367, "p_value": 2.940650805575032e-07}