{"correlation": 0.03922893863579044, "p_value": 2.532486338292106e-35}