{"correlation": 0.046145784917818275, "p_value": 3.1820208071290244e-48}