{"correlation": 0.020736250927493174, "p_value": 5.5979148669323005e-11}