{"correlation": 0.10191620071774443, "p_value": 8.697726555736098e-229}