{"correlation": 0.09364823711894157, "p_value": 2.4194164630932304e-193}