{"correlation": 0.05373226754865497, "p_value": 9.161373102196393e-65}