{"correlation": 0.08370140253506712, "p_value": 9.918468430183161e-155}