{"correlation": -0.05009537076602201, "p_value": 1.5999946419385034e-56}