{"correlation": 0.021585303839241912, "p_value": 8.945764471337762e-12}