{"correlation": 0.08859145342331391, "p_value": 3.648782440240797e-173}