{"correlation": -0.08591760108330733, "p_value": 5.931422549302937e-163}