{"correlation": -0.018057084807404682, "p_value": 1.1488563902554892e-08}