{"correlation": 0.0017345396890411612, "p_value": 0.58357057756721}