{"correlation": 0.11269116657706948, "p_value": 1.4389680826564237e-279}