{"correlation": 0.058664889468474105, "p_value": 7.270001805311564e-77}