{"correlation": -0.017616752204194494, "p_value": 2.57749494002119e-08}