{"correlation": 0.10234027064880855, "p_value": 1.094390684366856e-230}