{"correlation": 0.10029146268787201, "p_value": 1.3975510145032624e-221}