{"correlation": 0.05022613868264123, "p_value": 8.274662318276991e-57}