{"correlation": 0.061903802480587106, "p_value": 2.176800030981888e-85}