{"correlation": -0.05563338232992042, "p_value": 2.6548587198329993e-69}