{"correlation": 0.04108724897753734, "p_value": 1.384854957090009e-38}