{"correlation": 0.09249071994796526, "p_value": 1.2673726582979624e-188}