{"correlation": -0.0034724973182255754, "p_value": 0.2724508089060462}