{"correlation": -0.04150499524224288, "p_value": 2.4404777072817788e-39}