{"correlation": 0.04081598841397407, "p_value": 4.2355709936411894e-38}