{"correlation": 0.06772916449928706, "p_value": 7.103605985227167e-102}