{"correlation": 0.026779084626206692, "p_value": 2.5689678998792404e-17}