{"correlation": 0.0412336898927251, "p_value": 7.550498067247807e-39}