{"correlation": 0.11079188272770626, "p_value": 3.0736837333147322e-270}