{"correlation": -0.07553966162785494, "p_value": 2.566347699743896e-126}