{"correlation": 0.09515634815666671, "p_value": 1.3986939785721603e-199}