{"correlation": 0.05065370631412769, "p_value": 9.46725690386164e-58}