{"correlation": 0.08056386741146929, "p_value": 1.8488430140823146e-143}