{"correlation": 0.016850562403824158, "p_value": 1.0053419517469591e-07}