{"correlation": 0.09330558926121452, "p_value": 6.122002749146103e-192}