{"correlation": 0.0337945538961736, "p_value": 1.2181732367485594e-26}