{"correlation": 0.06837566377154627, "p_value": 8.513112378997338e-104}