{"correlation": 0.058288305566085656, "p_value": 6.649829074441148e-76}