{"correlation": 0.024590629485569077, "p_value": 7.683688783405492e-15}