{"correlation": -0.052262711743680114, "p_value": 2.3001158089823538e-61}