{"correlation": 0.043020791668043554, "p_value": 3.87511495123295e-42}