{"correlation": -0.00558707811319745, "p_value": 0.07744126474737312}