{"correlation": 0.03173490605977994, "p_value": 1.1038696279526783e-23}