{"correlation": 0.10903732873092546, "p_value": 9.165770304857774e-262}