{"correlation": 0.11207682297552392, "p_value": 1.5616210726722198e-276}