{"correlation": 0.06933367122595363, "p_value": 1.1198445647557134e-106}