{"correlation": 0.06073260481745666, "p_value": 2.971476224442218e-82}