{"correlation": 0.06387536513141576, "p_value": 8.405713459041044e-91}