{"correlation": -0.10446839767488063, "p_value": 2.4080087827336166e-240}