{"correlation": 0.05006952916968511, "p_value": 1.8223041397443707e-56}