{"correlation": 0.09613911645550426, "p_value": 1.0622167865600936e-203}