{"correlation": 0.08514326204557265, "p_value": 4.68904052352971e-160}