{"correlation": 0.09754233621320352, "p_value": 1.1740668965953991e-209}