{"correlation": 0.08293900224029314, "p_value": 5.9582137938302905e-152}