{"correlation": 0.04935009444748209, "p_value": 6.63721615048965e-55}