{"correlation": 0.07648773617889278, "p_value": 1.81853341172115e-129}