{"correlation": 0.09031782012821464, "p_value": 6.3239074778578335e-180}