{"correlation": 0.017328829205700877, "p_value": 4.3274845367227345e-08}