{"correlation": 0.0019736797098966804, "p_value": 0.532789378612206}