{"correlation": -0.08733279655466175, "p_value": 2.559952507348962e-168}