{"correlation": 0.05799640800027021, "p_value": 3.6614332686450377e-75}