{"correlation": 0.11325805303322488, "p_value": 2.1975549238096315e-282}