{"correlation": 0.10858085399528487, "p_value": 1.3940268184609827e-259}