{"correlation": -0.06143394494649126, "p_value": 4.0066326760964875e-84}