{"correlation": 0.06730931683773417, "p_value": 1.2286793917671857e-100}