{"correlation": 0.08112233666942532, "p_value": 1.9616807515769918e-145}