{"correlation": 0.00952812658799884, "p_value": 0.0026013552373803065}