{"correlation": 0.056032583112223804, "p_value": 2.825683362624417e-70}