{"correlation": 0.09063726850192075, "p_value": 3.4307542325920465e-181}