{"correlation": 0.08909710795981088, "p_value": 3.939964155861484e-175}