{"correlation": 0.01340644431943839, "p_value": 2.264212134815973e-05}