{"correlation": 0.05361828713214271, "p_value": 1.6944163006189798e-64}