{"correlation": 0.03938677973363985, "p_value": 1.356067103601725e-35}