{"correlation": 0.11106466662847857, "p_value": 1.4377372927198465e-271}