{"correlation": 0.05799756090311207, "p_value": 3.6369083792453363e-75}