{"correlation": 0.014395457565376801, "p_value": 5.371918895271202e-06}