{"correlation": -0.014805500482195906, "p_value": 2.8782558445475767e-06}