{"correlation": 0.12024926471772125, "p_value": 2.62923e-318}