{"correlation": 0.06404471661161706, "p_value": 2.829133831544355e-91}