{"correlation": 0.036895308849945255, "p_value": 1.9421520017562955e-31}