{"correlation": 0.05707031139758779, "p_value": 7.752833238349271e-73}