{"correlation": 0.10524148824437408, "p_value": 6.654845435139323e-244}