{"correlation": 0.11822098035095964, "p_value": 1.171921423251133e-307}