{"correlation": -0.018994693495699516, "p_value": 1.9306008552152553e-09}