{"correlation": 0.015685896539411905, "p_value": 7.136685472407585e-07}