{"correlation": 0.0893106051425464, "p_value": 5.7773142178068945e-176}