{"correlation": 0.09481664305792378, "p_value": 3.6280680411240935e-198}