{"correlation": 0.07623694108763125, "p_value": 1.2495087621438354e-128}