{"correlation": 0.0857404888609231, "p_value": 2.7436869820247735e-162}