{"correlation": 0.05799725519317714, "p_value": 3.6433955288490246e-75}