{"correlation": 0.02855110820696583, "p_value": 1.7968511413048585e-19}