{"correlation": -0.023035933361350458, "p_value": 3.310082528242643e-13}