{"correlation": 0.05155267236028892, "p_value": 9.347327499216416e-60}