{"correlation": -0.10536151195090558, "p_value": 1.8546849390689516e-244}