{"correlation": 0.08019838703850367, "p_value": 3.560166412658462e-142}