{"correlation": 0.06065423609468202, "p_value": 4.793068011473749e-82}