{"correlation": -0.00855754443250361, "p_value": 0.006839940506740591}