{"correlation": 0.011762370271870756, "p_value": 0.00020123876367485636}