{"correlation": 0.05631282943187476, "p_value": 5.807126594937357e-71}