{"correlation": 0.12014769359155093, "p_value": 9.068466e-318}