{"correlation": -0.02452957486934924, "p_value": 8.947453614160173e-15}