{"correlation": -0.04118019035790763, "p_value": 9.425888000439986e-39}