{"correlation": -0.08078740343001647, "p_value": 3.0082958914380854e-144}