{"correlation": 0.037473456541168966, "p_value": 2.227483169190786e-32}