{"correlation": 0.007371987250969053, "p_value": 0.019814500059099453}