{"correlation": -0.02685707717486835, "p_value": 2.078431543555723e-17}