{"correlation": 0.08840706706018847, "p_value": 1.8900128516805288e-172}