{"correlation": 0.042937785701923484, "p_value": 5.548167696426306e-42}