{"correlation": -0.004543586198166875, "p_value": 0.15101873271757024}