{"correlation": -0.07448553113361854, "p_value": 7.324053631176445e-123}