{"correlation": 0.09351018823069698, "p_value": 8.905639141351455e-193}