{"correlation": 0.09319395500693707, "p_value": 1.7495282324818676e-191}