{"correlation": -0.05677573127782314, "p_value": 4.182341902429701e-72}