{"correlation": -0.09121394731868088, "p_value": 1.7346772557757704e-183}