{"correlation": 0.10078675130354826, "p_value": 9.145032844684723e-224}