{"correlation": 0.0838754326044712, "p_value": 2.2833059169614975e-155}