{"correlation": 0.039461527901282864, "p_value": 1.0079579135773331e-35}