{"correlation": 0.0649849505011531, "p_value": 6.355585072612886e-94}