{"correlation": 0.05725733865761663, "p_value": 2.6471400142001802e-73}