{"correlation": 0.06646391055876878, "p_value": 3.620200246804426e-98}