{"correlation": 0.10087753901388573, "p_value": 3.6276912783431783e-224}