{"correlation": 0.03358292899570127, "p_value": 2.5003032369400882e-26}