{"correlation": -0.05447821774166657, "p_value": 1.5855840552748429e-66}