{"correlation": 0.03522956341437988, "p_value": 8.26286701974769e-29}