{"correlation": 0.09467653303523983, "p_value": 1.3847080203025446e-197}