{"correlation": 0.04885654719513928, "p_value": 7.587301806942246e-54}