{"correlation": 0.1192616760998036, "p_value": 4.2481431877e-313}