{"correlation": 0.11664354214311971, "p_value": 1.6684624630650061e-299}