{"correlation": -0.009440780442255386, "p_value": 0.002847959083032238}