{"correlation": 0.05802420074436658, "p_value": 3.1136733822167157e-75}