{"correlation": 0.037164009299725125, "p_value": 7.128340158407271e-32}