{"correlation": 0.09617317180204966, "p_value": 7.63292088234086e-204}