{"correlation": -0.07522046553845176, "p_value": 2.8893816991684355e-125}