{"correlation": 0.06523539281314454, "p_value": 1.2335676441306153e-94}