{"correlation": 0.11327844395047744, "p_value": 1.739299833798286e-282}