{"correlation": 0.09403133459329112, "p_value": 6.437208481862025e-195}