{"correlation": 0.0012253920367881822, "p_value": 0.6985580706591167}