{"correlation": 0.04367518748240425, "p_value": 2.2336667678194583e-43}