{"correlation": -0.06134543871080153, "p_value": 6.917938739229105e-84}