{"correlation": -0.011851052075624311, "p_value": 0.000180044987670769}