{"correlation": -0.010575666941443036, "p_value": 0.0008306305244585844}