{"correlation": 0.0749898600309015, "p_value": 1.6507026077729632e-124}