{"correlation": -0.004243357816733504, "p_value": 0.17990156787828743}