{"correlation": -0.03442811591912538, "p_value": 1.377962443646751e-27}