{"correlation": 0.08343766097017702, "p_value": 9.132613295067128e-154}