{"correlation": 0.07102667999072308, "p_value": 7.233602727377487e-112}