{"correlation": -0.008727960980649782, "p_value": 0.005808526728508961}