{"correlation": 0.08891646395119157, "p_value": 1.9924074799937986e-174}