{"correlation": 0.04041452923485753, "p_value": 2.185743287216141e-37}