{"correlation": 0.04105813920460138, "p_value": 1.5619183501092947e-38}