{"correlation": 0.057619448504698405, "p_value": 3.272446145641606e-74}