{"correlation": 0.11370038886557673, "p_value": 1.3630168340815087e-284}