{"correlation": 0.11115395761079734, "p_value": 5.267531694056192e-272}