{"correlation": 0.06315102184670737, "p_value": 8.57345318610727e-89}