{"correlation": 0.033068262415130466, "p_value": 1.410565341508033e-25}