{"correlation": 0.04024703820708858, "p_value": 4.313913799134805e-37}