{"correlation": 0.1202012325347501, "p_value": 4.72241e-318}