{"correlation": -0.09400704439908401, "p_value": 8.10503226805982e-195}