{"correlation": 0.0068345438038374135, "p_value": 0.030773879499041933}