{"correlation": 0.07391060861592004, "p_value": 5.354586270595733e-121}