{"correlation": 0.12008621873225017, "p_value": 1.9175538e-317}