{"correlation": -0.03157655269110644, "p_value": 1.8310759175113155e-23}