{"correlation": 0.04336772694792636, "p_value": 8.581996550657538e-43}