{"correlation": 0.11218485837176784, "p_value": 4.581363504821394e-277}