{"correlation": 0.11216231272242023, "p_value": 5.918084649655781e-277}