{"correlation": -0.06817988172831246, "p_value": 3.265032975684319e-103}