{"correlation": -0.003732634155809396, "p_value": 0.2381396940704291}