{"correlation": 0.0483504604970736, "p_value": 8.996333137167684e-53}