{"correlation": -0.020145346435994724, "p_value": 1.9239377877695813e-10}