{"correlation": 0.07479477998567806, "p_value": 7.179712389230004e-124}