{"correlation": 0.08098685457707934, "p_value": 5.927114534636981e-145}