{"correlation": 0.10886232445900947, "p_value": 6.307455275486267e-261}