{"correlation": 0.08952197729731108, "p_value": 8.59539789555213e-177}