{"correlation": 0.04545764538575332, "p_value": 7.571697997893713e-47}