{"correlation": -0.0331898739242153, "p_value": 9.394521466475866e-26}