{"correlation": 0.02567206468577093, "p_value": 4.872928302310786e-16}