{"correlation": 0.09751279132182679, "p_value": 1.5704075465217626e-209}