{"correlation": 0.07943543778072823, "p_value": 1.6369516961933772e-139}