{"correlation": 0.08458817629757154, "p_value": 5.396705323875747e-158}