{"correlation": 0.053537987362818076, "p_value": 2.6111075851605337e-64}