{"correlation": -0.06500957921311912, "p_value": 5.410774797630614e-94}