{"correlation": -0.041988960953610516, "p_value": 3.1957646349875877e-40}