{"correlation": 0.04213091817630503, "p_value": 1.7525692027484825e-40}