{"correlation": -0.08293208832784689, "p_value": 6.312438473637961e-152}