{"correlation": 0.021204009549869764, "p_value": 2.056208236884211e-11}