{"correlation": 0.08174248589047128, "p_value": 1.2138459855626259e-147}