{"correlation": 0.07994986788717169, "p_value": 2.639871222470699e-141}