{"correlation": -0.05716850943085084, "p_value": 4.4118456203201115e-73}