{"correlation": 0.08734141165878526, "p_value": 2.3730164293723513e-168}