{"correlation": 0.09544159183250603, "p_value": 9.005045192848973e-201}