{"correlation": 0.11612632223189874, "p_value": 7.434308426483352e-297}