{"correlation": 0.10100715203946747, "p_value": 9.676368664173295e-225}