{"correlation": 0.02871419955559345, "p_value": 1.120393111523344e-19}