{"correlation": 0.10825792732783691, "p_value": 4.811910494323221e-258}