{"correlation": 0.10386442889884726, "p_value": 1.390240620384873e-237}