{"correlation": 0.06199612173957953, "p_value": 1.2250078366771718e-85}