{"correlation": 0.09336006811899569, "p_value": 3.665602796718648e-192}