{"correlation": 0.021623776907694663, "p_value": 8.218692984115732e-12}