{"correlation": 0.055578575138759856, "p_value": 3.606388622983952e-69}