{"correlation": 0.07741736000603323, "p_value": 1.3581791224291561e-132}