{"correlation": 0.05290759412637441, "p_value": 7.610588119760716e-63}