{"correlation": 0.07058136021910888, "p_value": 1.724482336419761e-110}