{"correlation": 0.11494395673379633, "p_value": 7.609169885239671e-291}