{"correlation": 0.0269059669590824, "p_value": 1.819356692760507e-17}