{"correlation": -0.04567494297206591, "p_value": 2.7973969354468344e-47}