{"correlation": 0.030020020959050608, "p_value": 2.3206965339502366e-21}