{"correlation": 0.04573228677433833, "p_value": 2.1492816483122552e-47}