{"correlation": 0.07173633975050443, "p_value": 4.43072205087017e-114}