{"correlation": 0.07158849672486349, "p_value": 1.2861996797581737e-113}