{"correlation": 0.04464286894361424, "p_value": 3.036674699846229e-45}