{"correlation": 0.07022248124346549, "p_value": 2.189140078014015e-109}