{"correlation": 0.04576048854363666, "p_value": 1.8877694015909807e-47}