{"correlation": 0.052744127916334586, "p_value": 1.8128877129374003e-62}