{"correlation": 0.03327318801740045, "p_value": 7.105200234070663e-26}