{"correlation": 0.09588319296818897, "p_value": 1.2680040181752199e-202}