{"correlation": 0.10927369097352949, "p_value": 6.739077942008559e-263}