{"correlation": 0.08273701401357918, "p_value": 3.2135294726451194e-151}