{"correlation": 0.09325798785839098, "p_value": 9.58106253834973e-192}