{"correlation": 0.02091206895101893, "p_value": 3.851491490371074e-11}