{"correlation": 0.05325839914752747, "p_value": 1.1709287686542329e-63}