{"correlation": 0.04459181643536886, "p_value": 3.8184973428475736e-45}