{"correlation": 0.04989812272979474, "p_value": 4.311843621499767e-56}