{"correlation": 0.00426133468023607, "p_value": 0.17806412225186607}