{"correlation": 0.08566736413060085, "p_value": 5.158957895454741e-162}