{"correlation": -0.012516992230532929, "p_value": 7.622469560863746e-05}