{"correlation": 0.05531674137827276, "p_value": 1.5516762332486714e-68}