{"correlation": 0.06049170881168797, "p_value": 1.2893783861702475e-81}