{"correlation": 0.07629075637446088, "p_value": 8.267355950472294e-129}