{"correlation": 0.11059254733462281, "p_value": 2.8669397170984614e-269}