{"correlation": -0.014199363217979079, "p_value": 7.1985915465899945e-06}