{"correlation": 0.04501900242606431, "p_value": 5.570287159193022e-46}