{"correlation": 0.10284016812512853, "p_value": 6.149381667690581e-233}