{"correlation": 0.11656441732343047, "p_value": 4.249463002798806e-299}