{"correlation": 0.09170660982625745, "p_value": 1.8444862980762816e-185}