{"correlation": 0.08758344373040218, "p_value": 2.8105454713234135e-169}