{"correlation": 0.09254397211852061, "p_value": 7.710859969367505e-189}