{"correlation": 0.07175678220187645, "p_value": 3.82298172198777e-114}