{"correlation": 0.09614057436219517, "p_value": 1.0472974268867469e-203}