{"correlation": -0.04536667790883846, "p_value": 1.1471403480006474e-46}