{"correlation": 0.004647490387655668, "p_value": 0.14189237794289633}