{"correlation": 0.0034498628699184274, "p_value": 0.27558862311865334}