{"correlation": 0.1041905391533321, "p_value": 4.509160523131664e-239}