{"correlation": 0.10717540565158311, "p_value": 6.368582377085687e-253}