{"correlation": -0.10223328810303285, "p_value": 3.3060818124552247e-230}