{"correlation": 0.06797141434740694, "p_value": 1.360389996990375e-102}