{"correlation": 0.09894193843551732, "p_value": 1.0991824577959214e-215}