{"correlation": 0.09386314343101183, "p_value": 3.169415141580664e-194}