{"correlation": 0.07364585603662002, "p_value": 3.8211657087896325e-120}