{"correlation": -0.0008635560642838711, "p_value": 0.7849189330595372}