{"correlation": 0.017334420938306044, "p_value": 4.284482787722267e-08}