{"correlation": 0.11679330823849335, "p_value": 2.8381758551033947e-300}