{"correlation": 0.07709580576066247, "p_value": 1.6550293835528888e-131}