{"correlation": 0.09932265136024049, "p_value": 2.4326094208505265e-217}