{"correlation": 0.11089678620219882, "p_value": 9.475234651581867e-271}