{"correlation": 0.05316609704080819, "p_value": 1.9183755515583089e-63}