{"correlation": -0.11802568052041836, "p_value": 1.2146681375628752e-306}