{"correlation": 0.052031616223432345, "p_value": 7.723599371146596e-61}