{"correlation": 0.09679306225339677, "p_value": 1.824741554845368e-206}