{"correlation": -0.027078056103192853, "p_value": 1.136544187368118e-17}