{"correlation": 0.03573649022874352, "p_value": 1.3483550991159103e-29}