{"correlation": 0.11469362667691295, "p_value": 1.3986320053144381e-289}