{"correlation": -0.036902038390508825, "p_value": 1.8941723110535524e-31}