{"correlation": 0.06991643040101979, "p_value": 1.892178295673626e-108}