{"correlation": 0.06078797599461852, "p_value": 2.118858496050795e-82}