{"correlation": 0.03416896193027404, "p_value": 3.3765981614698554e-27}