{"correlation": 0.06311826146512883, "p_value": 1.0554949178688731e-88}