{"correlation": -0.05496552900953592, "p_value": 1.086823909105996e-67}