{"correlation": 0.094759284786398, "p_value": 6.2792893041467225e-198}