{"correlation": 0.05272640205563046, "p_value": 1.991483437121823e-62}