{"correlation": 0.059351732802714524, "p_value": 1.2368654786060398e-78}