{"correlation": 0.04758157043804413, "p_value": 3.66794772002276e-51}