{"correlation": 0.08860261316501378, "p_value": 3.302679947415641e-173}