{"correlation": 0.09561604559847973, "p_value": 1.675502588931547e-201}