{"correlation": 0.06240918099060016, "p_value": 9.256386823833953e-87}