{"correlation": -0.06376856383084978, "p_value": 1.6679217366089513e-90}