{"correlation": 0.09231262978290596, "p_value": 6.663298273877972e-188}