{"correlation": 0.09015440308128693, "p_value": 2.796804218593325e-179}