{"correlation": -0.026528025690598152, "p_value": 5.0606851901664754e-17}