{"correlation": 0.11291453120915204, "p_value": 1.122469972320984e-280}