{"correlation": 0.04446725502713363, "p_value": 6.670684029031211e-45}