{"correlation": 0.08224694612343038, "p_value": 1.8843140138313806e-149}