{"correlation": 0.08372129437892979, "p_value": 8.386909085760687e-155}