{"correlation": 0.09029934809635642, "p_value": 7.482207170988363e-180}