{"correlation": 0.08472584668035994, "p_value": 1.668121231125173e-158}