{"correlation": 0.09888630969561521, "p_value": 1.9158074418496763e-215}