{"correlation": -0.07606642735297708, "p_value": 4.615713235261507e-128}