{"correlation": 0.09720505623870604, "p_value": 3.2316437009812744e-208}