{"correlation": 0.10798825307006228, "p_value": 9.186373979180383e-257}