{"correlation": -0.09243565819187478, "p_value": 2.1179052729483234e-188}