{"correlation": 0.10152600455754127, "p_value": 4.794571354521543e-227}