{"correlation": 0.06303387885167523, "p_value": 1.8023164522185613e-88}