{"correlation": 0.015099861274882373, "p_value": 1.820744646431714e-06}