{"correlation": 0.052220458863688785, "p_value": 2.8714997151974005e-61}