{"correlation": 0.11453049979144825, "p_value": 9.291876538465937e-289}