{"correlation": 0.08626422590228522, "p_value": 2.9331126862739836e-164}