{"correlation": 0.05580774266088879, "p_value": 9.998899377780247e-70}