{"correlation": 0.053130997865446256, "p_value": 2.3140139569102013e-63}