{"correlation": 0.056672913244939456, "p_value": 7.516314003090172e-72}