{"correlation": -0.0018749319049656448, "p_value": 0.5534851951761688}