{"correlation": 0.08499234077711976, "p_value": 1.7092587287833573e-159}