{"correlation": 0.03338123416128845, "p_value": 4.941105382856696e-26}