{"correlation": 0.0419005491272744, "p_value": 4.6411221918987226e-40}