{"correlation": 0.009235828994097998, "p_value": 0.003512542415171539}