{"correlation": 0.08493976981559859, "p_value": 2.6806390612046637e-159}