{"correlation": 0.04858028454236431, "p_value": 2.935836049249583e-53}