{"correlation": 0.10866590306435261, "p_value": 5.4754199670180374e-260}