{"correlation": 0.11300270793192135, "p_value": 4.094533118104393e-281}