{"correlation": 0.06184376684100795, "p_value": 3.1621772477889336e-85}