{"correlation": 0.06859415756047015, "p_value": 1.8905084035933626e-104}