{"correlation": -0.07669864424594904, "p_value": 3.578316307295794e-130}