{"correlation": 0.007614052717180975, "p_value": 0.01611296985549243}