{"correlation": -0.07874108371908917, "p_value": 4.119872888176247e-137}