{"correlation": -0.02574830029461292, "p_value": 3.994498673489702e-16}