{"correlation": 0.051222444522538164, "p_value": 5.146301521734213e-59}