{"correlation": 0.09098490660269953, "p_value": 1.4222040377163602e-182}