{"correlation": 0.052611749175898656, "p_value": 3.6541168565335754e-62}