{"correlation": 0.08472561130355191, "p_value": 1.6714758656232621e-158}