{"correlation": 0.06254746625907151, "p_value": 3.8837150612428714e-87}