{"correlation": 0.0782489474268343, "p_value": 2.0120872952668686e-135}