{"correlation": -0.020500957273115086, "p_value": 9.189710534035696e-11}