{"correlation": 0.08497675783130582, "p_value": 1.9532128289930196e-159}