{"correlation": 0.08048093181773179, "p_value": 3.6217202474002115e-143}