{"correlation": 0.09365143109304562, "p_value": 2.34750414297274e-193}