{"correlation": 0.0714294713597505, "p_value": 4.0371668260332915e-113}