{"correlation": 0.01926386605554203, "p_value": 1.1387926864914317e-09}