{"correlation": 0.10240274335633705, "p_value": 5.735299269954266e-231}