{"correlation": 0.059441283563112, "p_value": 7.246572979424015e-79}