{"correlation": 0.11072732443256243, "p_value": 6.3376544812315e-270}