{"correlation": 0.06532134257323013, "p_value": 7.017448884970886e-95}