{"correlation": 0.04384080937959504, "p_value": 1.0775157271247993e-43}