{"correlation": -0.06609069777049068, "p_value": 4.353634713556391e-97}