{"correlation": 0.03923830984598995, "p_value": 2.440460955796117e-35}