{"correlation": -0.09840654966502431, "p_value": 2.277795341652774e-213}