{"correlation": -0.032091449614541544, "p_value": 3.5001943093217815e-24}