{"correlation": -0.058640954801239334, "p_value": 8.371727444957466e-77}