{"correlation": 0.08458714312519722, "p_value": 5.444426998079184e-158}