{"correlation": 0.0015355714272690917, "p_value": 0.6274667312902318}