{"correlation": 0.11220768732862724, "p_value": 3.534987262788606e-277}