{"correlation": 0.04031217350414439, "p_value": 3.3127447003238433e-37}