{"correlation": -0.075602657388776, "p_value": 1.5895194052937256e-126}