{"correlation": -0.05096540762623518, "p_value": 1.9267462121163114e-58}