{"correlation": -0.013001576019146067, "p_value": 3.971446821727006e-05}