{"correlation": 0.07276160383125127, "p_value": 2.5725362302755408e-117}