{"correlation": 0.11971059072750302, "p_value": 1.84575386e-315}