{"correlation": 0.03897430680398515, "p_value": 6.900548123689864e-35}