{"correlation": 0.06112248518545871, "p_value": 2.72881531498239e-83}