{"correlation": -0.036241250240321085, "p_value": 2.16176368051336e-30}