{"correlation": 0.043597626310698835, "p_value": 3.139577421709618e-43}