{"correlation": 0.11866494115191584, "p_value": 5.67396600143957e-310}