{"correlation": 0.08402468652154423, "p_value": 6.462929349891753e-156}