{"correlation": 0.11118898579896096, "p_value": 3.551740794141979e-272}