{"correlation": 0.08803566701901099, "p_value": 5.136877335132855e-171}