{"correlation": 0.04698665975152068, "p_value": 6.205236398057914e-50}