{"correlation": 0.05451626707850752, "p_value": 1.2872843566755994e-66}