{"correlation": 0.05062300790586132, "p_value": 1.1068503410289531e-57}