{"correlation": 0.01864968920628457, "p_value": 3.758669905606232e-09}