{"correlation": 0.013060371875746754, "p_value": 3.663802695384049e-05}