{"correlation": 0.11823091943241516, "p_value": 1.0403253016682192e-307}