{"correlation": 0.06585044663184635, "p_value": 2.1425647629069306e-96}