{"correlation": 0.0773892743140218, "p_value": 1.690365569756254e-132}