{"correlation": -0.11573122219414417, "p_value": 7.701870215631878e-295}