{"correlation": -0.00824446898571543, "p_value": 0.009171618159225896}