{"correlation": -0.04157043789654698, "p_value": 1.856442264443382e-39}