{"correlation": 0.07347710006510336, "p_value": 1.3322827489703978e-119}