{"correlation": 0.002093036589263812, "p_value": 0.5083078720550841}