{"correlation": 0.007633329080900898, "p_value": 0.015846194341279308}