{"correlation": -0.03489791607193743, "p_value": 2.668186915491617e-28}