{"correlation": 0.07767794648350451, "p_value": 1.776824702999555e-133}