{"correlation": 0.07496342191589252, "p_value": 2.0150739761769187e-124}