{"correlation": 0.09089395640607002, "p_value": 3.274579331684909e-182}