{"correlation": -0.02933463232186208, "p_value": 1.81350335936803e-20}