{"correlation": 0.053151868531660845, "p_value": 2.0699085569090693e-63}