{"correlation": 0.08879167190383243, "p_value": 6.092413336109911e-174}