{"correlation": 0.06842478561753854, "p_value": 6.072236930548095e-104}