{"correlation": 0.07867990136738745, "p_value": 6.689788002927585e-137}