{"correlation": 0.06841748884222185, "p_value": 6.38488033938808e-104}