{"correlation": 0.10795676803892437, "p_value": 1.2955985989349636e-256}