{"correlation": 0.05172065155067601, "p_value": 3.908705673707063e-60}