{"correlation": -0.01542778079124135, "p_value": 1.082486743710784e-06}