{"correlation": 0.059739230124064464, "p_value": 1.2164224140394099e-79}