{"correlation": 0.0955929357286758, "p_value": 2.0939733264257478e-201}