{"correlation": 0.039786666952527625, "p_value": 2.7555265425891226e-36}