{"correlation": 0.005043150024708569, "p_value": 0.1109752197800382}