{"correlation": 0.11474830317777392, "p_value": 7.409429996437225e-290}