{"correlation": 0.01835918569363118, "p_value": 6.527679967565117e-09}