{"correlation": 0.05689688157112453, "p_value": 2.0933875681506971e-72}