{"correlation": 0.03476883402783297, "p_value": 4.198317932258268e-28}