{"correlation": 0.0726552351735904, "p_value": 5.6007970687658034e-117}