{"correlation": 0.09024071178161117, "p_value": 1.2758387263693825e-179}