{"correlation": 0.025972247580044138, "p_value": 2.2203831389599874e-16}