{"correlation": 0.013393798909687532, "p_value": 2.304846504413335e-05}