{"correlation": 0.06054469921151791, "p_value": 9.340844719743354e-82}