{"correlation": -0.10915861783019884, "p_value": 2.40321531325628e-262}