{"correlation": 0.10723071349764761, "p_value": 3.49655184861414e-253}