{"correlation": 0.10301730506641717, "p_value": 9.744251915722254e-234}