{"correlation": 0.11142289092460456, "p_value": 2.547091663327592e-273}