{"correlation": 0.06844697014647745, "p_value": 5.212463916980776e-104}