{"correlation": 0.08179616828730264, "p_value": 7.801741655284672e-148}