{"correlation": -0.1074314693461912, "p_value": 3.9562104165386905e-254}