{"correlation": 0.07677996479196073, "p_value": 1.9095180387158367e-130}