{"correlation": 0.018321578216342022, "p_value": 7.006990836482501e-09}