{"correlation": 0.08531397991073883, "p_value": 1.0825860209434614e-160}