{"correlation": 0.05153690332717694, "p_value": 1.0143095234374027e-59}