{"correlation": -0.05629700118628555, "p_value": 6.351311402649429e-71}