{"correlation": 0.061161888294630706, "p_value": 2.1419055500576736e-83}