{"correlation": 0.04731458795139059, "p_value": 1.3109182241233727e-50}