{"correlation": -0.002477884498367187, "p_value": 0.4335678542616441}