{"correlation": 0.09307387512090524, "p_value": 5.405429206533556e-191}