{"correlation": 0.07839488244047357, "p_value": 6.367750822838489e-136}