{"correlation": 0.116755284731278, "p_value": 4.4508596017843783e-300}