{"correlation": 0.09453482757753169, "p_value": 5.355201508844898e-197}