{"correlation": 0.026054641676756245, "p_value": 1.7867151364785984e-16}