{"correlation": 0.11632835136066946, "p_value": 6.8864076988637205e-298}