{"correlation": 0.09412624015441078, "p_value": 2.6152124767065623e-195}