{"correlation": 0.08695459556578836, "p_value": 7.090223798509751e-167}