{"correlation": 0.07839366245530707, "p_value": 6.429349145128475e-136}