{"correlation": 0.003995182372145482, "p_value": 0.2067240172993175}