{"correlation": 0.05652066338686581, "p_value": 1.787061440829965e-71}