{"correlation": 0.007362206867189098, "p_value": 0.019978522351375975}