{"correlation": 0.052392555223481865, "p_value": 1.1618511779501853e-61}