{"correlation": 0.11111466389018679, "p_value": 8.195037980978447e-272}