{"correlation": 0.06616991040328905, "p_value": 2.5710614387255676e-97}