{"correlation": 0.10859389156777648, "p_value": 1.2080279544607931e-259}