{"correlation": -0.02318945548547051, "p_value": 2.3070464605055475e-13}