{"correlation": -0.06954591250485895, "p_value": 2.5436067261575355e-107}