{"correlation": -0.041900439976282365, "p_value": 4.6432584078256815e-40}