{"correlation": -0.10717167829105154, "p_value": 6.63112409118494e-253}