{"correlation": -0.036833009794928095, "p_value": 2.4477201894611162e-31}