{"correlation": 0.06454171028726248, "p_value": 1.1389987575256301e-92}