{"correlation": 0.07257655669749082, "p_value": 9.950798502878529e-117}