{"correlation": 0.03182205681921263, "p_value": 8.346313660540344e-24}