{"correlation": 0.0998758199852484, "p_value": 9.32958547307181e-220}