{"correlation": 0.07758543060287262, "p_value": 3.6609127278700035e-133}