{"correlation": 0.09385282585055969, "p_value": 3.4946664399120153e-194}