{"correlation": 0.06488542227904906, "p_value": 1.2171525092489587e-93}