{"correlation": -0.05342408451893766, "p_value": 4.8165695726146056e-64}