{"correlation": 0.09230450405087821, "p_value": 7.186921896705591e-188}