{"correlation": 0.04160424293197128, "p_value": 1.611553890981118e-39}