{"correlation": 0.02977499612598738, "p_value": 4.8657469122787916e-21}