{"correlation": 0.10099134290185782, "p_value": 1.1369841736016742e-224}