{"correlation": 0.09809239445466997, "p_value": 5.138113458816151e-212}