{"correlation": 0.10275832586107153, "p_value": 1.4388589455373527e-232}