{"correlation": 0.0800405100748042, "p_value": 1.2721644642682804e-141}