{"correlation": -0.022145235200427146, "p_value": 2.5680248953105283e-12}