{"correlation": 0.11104041405465385, "p_value": 1.8882541398196447e-271}