{"correlation": 0.027558930394569133, "p_value": 3.005221494848847e-18}