{"correlation": 0.03679390328833906, "p_value": 2.8297537771163518e-31}