{"correlation": 0.07652640683586971, "p_value": 1.3502461299151507e-129}