{"correlation": 0.040189228838101235, "p_value": 5.451327092570879e-37}