{"correlation": 0.0038091078468349597, "p_value": 0.22865991250520765}