{"correlation": 0.09452671296505995, "p_value": 5.786108941966541e-197}