{"correlation": 0.03638866576600843, "p_value": 1.2605237239366556e-30}