{"correlation": 0.07120231696144881, "p_value": 2.0593982005279616e-112}