{"correlation": 0.07680583796420709, "p_value": 1.5634433869187217e-130}