{"correlation": 0.0036799294726388254, "p_value": 0.2448324831361227}