{"correlation": 0.10537973965689443, "p_value": 1.5273805989295727e-244}