{"correlation": 0.008000972264217998, "p_value": 0.011450784491609646}