{"correlation": 0.10192143341294121, "p_value": 8.24152040834673e-229}