{"correlation": 0.06846605244398987, "p_value": 4.570799304331608e-104}