{"correlation": 0.019877204836586435, "p_value": 3.33117732894824e-10}