{"correlation": 0.05834335147433356, "p_value": 4.8159931742144455e-76}