{"correlation": 0.11985909036739636, "p_value": 3.03959254e-316}