{"correlation": -0.019663373655328803, "p_value": 5.134855124777006e-10}