{"correlation": 0.1058454277671634, "p_value": 1.0582444086818203e-246}