{"correlation": -0.007243966091606164, "p_value": 0.02205721354083462}