{"correlation": 0.03974440013281866, "p_value": 3.2634899643275495e-36}