{"correlation": 0.11057541103125755, "p_value": 3.47298289275996e-269}