{"correlation": 0.08419464061882909, "p_value": 1.5313454263528735e-156}