{"correlation": 0.0965044327402458, "p_value": 3.0474257769365617e-205}