{"correlation": 0.01438136984106192, "p_value": 5.486751815347416e-06}