{"correlation": 0.11734885356712511, "p_value": 3.895997686214794e-303}