{"correlation": -0.0070299589081142585, "p_value": 0.026300562042056386}