{"correlation": -0.07464643324813465, "p_value": 2.1901784758531125e-123}