{"correlation": 0.08296053441596772, "p_value": 4.977278021490231e-152}