{"correlation": -0.015369100036180427, "p_value": 1.1889538151621128e-06}