{"correlation": 0.10239237854559163, "p_value": 6.384472935849405e-231}