{"correlation": 0.044344909981970375, "p_value": 1.1520769201246196e-44}