{"correlation": 0.10537673511509922, "p_value": 1.577057591887506e-244}