{"correlation": 0.02719209955824449, "p_value": 8.307599006630588e-18}