{"correlation": 0.08843342303617063, "p_value": 1.4943540338888604e-172}