{"correlation": -0.05749889615721177, "p_value": 6.573018577110618e-74}