{"correlation": 0.03186488593301525, "p_value": 7.272821392779623e-24}