{"correlation": 0.019616064237351086, "p_value": 5.647352774668943e-10}