{"correlation": -0.01776846202565785, "p_value": 1.955305953967303e-08}