{"correlation": 0.06448721245671232, "p_value": 1.6219390959267177e-92}