{"correlation": 0.04784991093331852, "p_value": 1.012357073377131e-51}