{"correlation": -0.07473999055487829, "p_value": 1.0842137620805734e-123}