{"correlation": -0.012893451047596432, "p_value": 4.602247583248063e-05}