{"correlation": 0.03273475432384784, "p_value": 4.26780540006057e-25}