{"correlation": 0.058853166702556886, "p_value": 2.391168803509619e-77}