{"correlation": 0.04252882454661038, "p_value": 3.218951253096858e-41}