{"correlation": 0.05659457541927731, "p_value": 1.1739932119962146e-71}