{"correlation": 0.009398474464701819, "p_value": 0.0029749152219482825}