{"correlation": 0.07230422255240208, "p_value": 7.239987880740556e-116}