{"correlation": 0.09881465663439645, "p_value": 3.916821065192924e-215}