{"correlation": -0.11865344652373894, "p_value": 6.51534311065295e-310}