{"correlation": 0.05790216305982617, "p_value": 6.339445368126019e-75}