{"correlation": 0.03636815033614021, "p_value": 1.3589649555726479e-30}