{"correlation": 0.09378227441756243, "p_value": 6.813827878643658e-194}