{"correlation": 0.11485318431575543, "p_value": 2.1884512877112918e-290}