{"correlation": 0.026883633484239767, "p_value": 1.933492616482666e-17}