{"correlation": -0.09462950651051251, "p_value": 2.1696932360462083e-197}