{"correlation": 0.05533119956878244, "p_value": 1.4318097307370208e-68}