{"correlation": 0.07355238018201506, "p_value": 7.634709972801756e-120}