{"correlation": 0.10362010613730441, "p_value": 1.8010645332241533e-236}