{"correlation": -0.01920760933586464, "p_value": 1.2723632135037116e-09}