{"correlation": 0.10347489787682067, "p_value": 8.230363959012293e-236}