{"correlation": 0.09193622612788034, "p_value": 2.200241875555431e-186}