{"correlation": 0.10592811985686752, "p_value": 4.366491934485455e-247}