{"correlation": 0.11645121664913655, "p_value": 1.6170203089166684e-298}