{"correlation": 0.10928508339450645, "p_value": 5.941556422526523e-263}