{"correlation": 0.0910550630027935, "p_value": 7.470076051238824e-183}