{"correlation": -0.008020625621932268, "p_value": 0.011249741409741987}