{"correlation": -0.04368182111856205, "p_value": 2.16950540403621e-43}