{"correlation": 0.05559010497524561, "p_value": 3.3814077419781986e-69}