{"correlation": 0.057069724976408935, "p_value": 7.778956076066965e-73}