{"correlation": 0.11921965124423599, "p_value": 7.0607670336e-313}