{"correlation": 0.11410305075515284, "p_value": 1.3103456842403823e-286}