{"correlation": 0.03517406640850255, "p_value": 1.0061224695032882e-28}