{"correlation": 0.09340105307663268, "p_value": 2.491626178687865e-192}