{"correlation": 0.018329964423020338, "p_value": 6.8972288587401705e-09}