{"correlation": 0.1110917934548703, "p_value": 1.0598333267767716e-271}