{"correlation": -0.016336492973183833, "p_value": 2.4268844654398297e-07}