{"correlation": -0.05811076028418194, "p_value": 1.8787403329415798e-75}