{"correlation": 0.05481893213032951, "p_value": 2.4401783585757763e-67}