{"correlation": 0.03375698488728514, "p_value": 1.3844866270455513e-26}