{"correlation": 0.11291347973836689, "p_value": 1.1360442121831447e-280}