{"correlation": 0.1121507895040441, "p_value": 6.745286367777937e-277}