{"correlation": 0.0588948274084506, "p_value": 1.868713387264566e-77}