{"correlation": 0.025745949289275562, "p_value": 4.019094678235918e-16}