{"correlation": 0.03985310714584963, "p_value": 2.1112851342400996e-36}