{"correlation": 0.041577653278750515, "p_value": 1.801243850865833e-39}