{"correlation": 0.027246083975748715, "p_value": 7.158968580345831e-18}