{"correlation": 0.03473470605835187, "p_value": 4.731540400967238e-28}