{"correlation": 0.055326944666228166, "p_value": 1.4660933749691229e-68}