{"correlation": 0.05430734926474766, "p_value": 4.035396109889618e-66}