{"correlation": -0.01588171214952083, "p_value": 5.180534841017689e-07}