{"correlation": 0.07027329096777085, "p_value": 1.5288637074045878e-109}