{"correlation": 0.0958005539308971, "p_value": 2.819918345413347e-202}