{"correlation": 0.10256060102150608, "p_value": 1.1186898667132262e-231}