{"correlation": -0.023943730343080276, "p_value": 3.785590550711994e-14}