{"correlation": 0.0901691523118771, "p_value": 2.4458797722973237e-179}