{"correlation": 0.07932729712234352, "p_value": 3.884628983354487e-139}