{"correlation": 0.06211791756784872, "p_value": 5.73018166838521e-86}