{"correlation": 0.008107273834306872, "p_value": 0.01040026437045257}