{"correlation": -0.11622260975629883, "p_value": 2.3934381439309038e-297}