{"correlation": 0.10984506388874604, "p_value": 1.196707812918586e-265}