{"correlation": 0.11865637919592303, "p_value": 6.28951142052933e-310}