{"correlation": 0.0840234543572759, "p_value": 6.530682403072029e-156}