{"correlation": 0.03244583049096678, "p_value": 1.1037264251741591e-24}