{"correlation": 0.0280945538904712, "p_value": 6.648157479001834e-19}