{"correlation": 0.04306772106798833, "p_value": 3.162498379472543e-42}