{"correlation": 0.013131717236981814, "p_value": 3.320846843509289e-05}