{"correlation": 0.05700012831276873, "p_value": 1.1592897826128594e-72}