{"correlation": -0.06748192724018072, "p_value": 3.8143200591335584e-101}