{"correlation": 0.10946101832398603, "p_value": 8.480380576523514e-264}