{"correlation": 0.045269716760441336, "p_value": 1.7845625985614878e-46}