{"correlation": 0.11383402390196008, "p_value": 2.923297920739585e-285}