{"correlation": 0.10321573893491241, "p_value": 1.2325526303216195e-234}