{"correlation": 0.10092365497186807, "p_value": 2.267346698174576e-224}