{"correlation": 0.009814079848111069, "p_value": 0.0019243020435521642}