{"correlation": 0.09067728469927522, "p_value": 2.3797612738670416e-181}