{"correlation": -0.0022683370420328035, "p_value": 0.4734505017332113}