{"correlation": -0.034311342902551056, "p_value": 2.0653141343662495e-27}