{"correlation": -0.06996418108368445, "p_value": 1.3523494286717424e-108}