{"correlation": 0.03789536373832136, "p_value": 4.491321973300969e-33}