{"correlation": 0.04903780146955506, "p_value": 3.1098057166065894e-54}