{"correlation": 0.018537375993466013, "p_value": 4.657352694665622e-09}