{"correlation": 0.01256616729889229, "p_value": 7.141760144740577e-05}