{"correlation": 0.11458392336317554, "p_value": 4.99921726245923e-289}