{"correlation": 0.1013555323619782, "p_value": 2.7503414969710784e-226}