{"correlation": 0.03895906718298946, "p_value": 7.325702397907102e-35}