{"correlation": -0.055586858380748394, "p_value": 3.443304110207466e-69}