{"correlation": 0.06546793181758595, "p_value": 2.6767444053704942e-95}