{"correlation": 0.10122282306646145, "p_value": 1.0692309366876955e-225}