{"correlation": 0.08395162153950791, "p_value": 1.1991777084559102e-155}