{"correlation": 0.11662716622104406, "p_value": 2.024744954282151e-299}