{"correlation": 0.05298949764039601, "p_value": 4.921651997846468e-63}