{"correlation": 0.09374717600136817, "p_value": 9.496698153544854e-194}