{"correlation": 0.06527277983572562, "p_value": 9.652460868590049e-95}