{"correlation": -0.028625425595016338, "p_value": 1.4493559273322544e-19}