{"correlation": 0.04866900335598053, "p_value": 1.902733629782496e-53}