{"correlation": 0.09247094678544285, "p_value": 1.5240594232969392e-188}