{"correlation": 0.11865915147562231, "p_value": 6.0832276190906e-310}