{"correlation": 0.03250049738854423, "p_value": 9.226974695948588e-25}