{"correlation": 0.09191099183885783, "p_value": 2.7801296588664972e-186}