{"correlation": 0.05454545716679617, "p_value": 1.0969630190062105e-66}