{"correlation": -0.003922779347373635, "p_value": 0.21507058131197038}