{"correlation": -0.04256691243969069, "p_value": 2.734686328441624e-41}