{"correlation": 0.10268845391139866, "p_value": 2.971463068374105e-232}