{"correlation": 0.033087781382187806, "p_value": 1.3216136190328144e-25}