{"correlation": 0.06726136189189293, "p_value": 1.6995971547090532e-100}