{"correlation": 0.04496602495563941, "p_value": 7.079237207713136e-46}