{"correlation": 0.028808995906353493, "p_value": 8.503680876929451e-20}