{"correlation": 0.06978627156691332, "p_value": 4.7214401317307955e-108}