{"correlation": 0.04855975030571233, "p_value": 3.245473391589657e-53}