{"correlation": 0.11561655731911274, "p_value": 2.9523533194817974e-294}