{"correlation": 0.11535654974422554, "p_value": 6.183660001405294e-293}