{"correlation": 0.10594258600181009, "p_value": 3.739770401293506e-247}