{"correlation": 0.06468563246594308, "p_value": 4.471907411006305e-93}