{"correlation": -0.04090572792051389, "p_value": 2.9285147090091617e-38}