{"correlation": 0.05116404041140958, "p_value": 6.950566007258591e-59}