{"correlation": 0.05698394655331867, "p_value": 1.271886820252422e-72}