{"correlation": 0.0557522929192642, "p_value": 1.3644704580551302e-69}