{"correlation": -0.041677771094469435, "p_value": 1.1842545973934454e-39}