{"correlation": 0.05533812616484928, "p_value": 1.3777001275954335e-68}