{"correlation": 0.05351705357957574, "p_value": 2.9223913759259307e-64}