{"correlation": 0.0856367827287342, "p_value": 6.717011076937932e-162}