{"correlation": -0.03640179780382389, "p_value": 1.201261060941956e-30}