{"correlation": -0.027922726133918163, "p_value": 1.0819914386787369e-18}