{"correlation": 0.11519897684644587, "p_value": 3.893824084333517e-292}