{"correlation": 0.02226768967686158, "p_value": 1.9466184449629713e-12}