{"correlation": 0.108587263264416, "p_value": 1.299264129233841e-259}