{"correlation": -0.02933854966715231, "p_value": 1.792554691137798e-20}