{"correlation": 0.012083736440760063, "p_value": 0.00013397730487870504}