{"correlation": 0.04649482145148855, "p_value": 6.261196478942786e-49}