{"correlation": -0.03287201256538112, "p_value": 2.7095886410130036e-25}