{"correlation": -0.03007126162365002, "p_value": 1.9863311926342946e-21}