{"correlation": 0.10821221539453005, "p_value": 7.937023009824916e-258}