{"correlation": 0.053324232155720006, "p_value": 8.229698081347655e-64}