{"correlation": 0.09888279549369877, "p_value": 1.9842189340896384e-215}