{"correlation": 0.06523500435129262, "p_value": 1.2367145555904223e-94}