{"correlation": 0.06579343382971439, "p_value": 3.1246179558536995e-96}