{"correlation": 0.10406986591332536, "p_value": 1.6055926234683856e-238}