{"correlation": -0.00020811042249779398, "p_value": 0.9475606999571752}