{"correlation": 0.06896033035598217, "p_value": 1.5019821519675718e-105}