{"correlation": 0.005796015568601235, "p_value": 0.06698679194651906}