{"correlation": 0.06318173387360682, "p_value": 7.054379097507972e-89}