{"correlation": 0.07989466030483983, "p_value": 4.11627835898658e-141}