{"correlation": 0.08052746929036811, "p_value": 2.4836742085067472e-143}