{"correlation": 0.004676463314846579, "p_value": 0.13942465063285397}