{"correlation": -0.007579247675907992, "p_value": 0.01660466603684525}