{"correlation": 0.021409313472555667, "p_value": 1.3158846193155408e-11}