{"correlation": 0.013435096392577239, "p_value": 2.174650167413618e-05}