{"correlation": 0.06487242807603145, "p_value": 1.3248144068224517e-93}