{"correlation": 0.0685802808682927, "p_value": 2.0803949796322448e-104}