{"correlation": 0.07762010244847074, "p_value": 2.7924000009206325e-133}