{"correlation": 0.09490820243287408, "p_value": 1.5103725319627761e-198}