{"correlation": 0.07501240083717656, "p_value": 1.3924883145147435e-124}