{"correlation": -0.02883543385623559, "p_value": 7.872940452997169e-20}