{"correlation": 0.0260396037657699, "p_value": 1.859093201228413e-16}