{"correlation": 0.11341698492873262, "p_value": 3.5466522944565664e-283}