{"correlation": 0.07799944438273192, "p_value": 1.4313101398560641e-134}