{"correlation": 0.07679130421275653, "p_value": 1.7493124033302655e-130}