{"correlation": 0.043596810770133394, "p_value": 3.1508262389485677e-43}