{"correlation": 0.025586382050296588, "p_value": 6.088609240755123e-16}