{"correlation": -0.11585422855030426, "p_value": 1.819330151028094e-295}