{"correlation": -0.033985633223993575, "p_value": 6.339904764694399e-27}