{"correlation": 0.07532069381663821, "p_value": 1.352440791695339e-125}