{"correlation": 0.07772001249577398, "p_value": 1.278710737099079e-133}