{"correlation": 0.10750771251994433, "p_value": 1.7274130525055144e-254}