{"correlation": 0.11006257430185672, "p_value": 1.0642130352390504e-266}