{"correlation": 0.0753553525315995, "p_value": 1.0399450533145386e-125}