{"correlation": 0.07637974859028243, "p_value": 4.173160685466351e-129}