{"correlation": 0.03356468921313569, "p_value": 2.659608326840834e-26}