{"correlation": 0.1097694136438169, "p_value": 2.773409946207511e-265}