{"correlation": -0.10803919187929067, "p_value": 5.265731286481338e-257}