{"correlation": 0.05810165675756534, "p_value": 1.9813320952787618e-75}