{"correlation": 0.019595786237310318, "p_value": 5.882002605034997e-10}