{"correlation": 0.07992853961202573, "p_value": 3.1342237818822937e-141}