{"correlation": 0.08673532641956774, "p_value": 4.8309418027560866e-166}