{"correlation": 0.031206291947827574, "p_value": 5.921029641061508e-23}