{"correlation": 0.10738547625857765, "p_value": 6.5200348288939146e-254}