{"correlation": 0.11176427511756476, "p_value": 5.38742314077305e-275}