{"correlation": 0.033215711114553674, "p_value": 8.615687054497543e-26}