{"correlation": 0.1190322721535928, "p_value": 6.787642733365e-312}