{"correlation": 0.07827054221197371, "p_value": 1.6973389039702724e-135}