{"correlation": 0.08048872229710823, "p_value": 3.400146878504291e-143}