{"correlation": 0.07365811522343804, "p_value": 3.489350908632532e-120}