{"correlation": 0.11945762652991358, "p_value": 3.9655257977e-314}