{"correlation": -0.016376142229375404, "p_value": 2.2694744803270586e-07}