{"correlation": 0.04358884433089023, "p_value": 3.2628386466970406e-43}