{"correlation": 0.10411873936580765, "p_value": 9.601448233304659e-239}