{"correlation": 0.04031880103311931, "p_value": 3.2248431481377108e-37}