{"correlation": 0.11551328248959544, "p_value": 9.891552894220945e-294}