{"correlation": 0.06383289970418023, "p_value": 1.1039872070648075e-90}