{"correlation": 0.05340997522082656, "p_value": 5.195621089015001e-64}