{"correlation": 0.03348291698156357, "p_value": 3.506731571443514e-26}