{"correlation": 0.06720942984351247, "p_value": 2.4144913590243686e-100}