{"correlation": 0.0477622378983533, "p_value": 1.5429276600739883e-51}