{"correlation": 0.047232844645088735, "p_value": 1.933379888207763e-50}