{"correlation": 0.07722100619980225, "p_value": 6.259812786729634e-132}