{"correlation": 0.08659557435442249, "p_value": 1.6370918304472414e-165}