{"correlation": 0.026431727172190972, "p_value": 6.552907692709948e-17}