{"correlation": 0.06848345554658704, "p_value": 4.054596534753065e-104}