{"correlation": 0.06720186877110547, "p_value": 2.5410671353873126e-100}