{"correlation": 0.09149553713170422, "p_value": 1.2961057303583308e-184}