{"correlation": 0.09524182461416716, "p_value": 6.153687629788623e-200}