{"correlation": 0.06588793554006683, "p_value": 1.671505435686569e-96}