{"correlation": 0.08588830894116994, "p_value": 7.643046024529643e-163}