{"correlation": 0.10502682539796222, "p_value": 6.514958257787708e-243}