{"correlation": 0.09404677977966695, "p_value": 5.55982945292564e-195}