{"correlation": 0.044076156531391096, "p_value": 3.80624950718031e-44}