{"correlation": 0.11487267906719598, "p_value": 1.7443517108880298e-290}