{"correlation": 1.0472975093231722e-06, "p_value": 0.9997359135365594}