{"correlation": 0.041483287092427226, "p_value": 2.6720162285810534e-39}