{"correlation": 0.09549401596285063, "p_value": 5.43447633156035e-201}