{"correlation": 0.04965647163567187, "p_value": 1.444840999501055e-55}