{"correlation": 0.11271923360454324, "p_value": 1.044632793558787e-279}