{"correlation": 0.04283666343681517, "p_value": 8.582792726596945e-42}