{"correlation": 0.05950869973667611, "p_value": 4.84286933894429e-79}