{"correlation": 0.05920178562665639, "p_value": 3.0222115798529845e-78}