{"correlation": 0.10092337600132771, "p_value": 2.273803660120496e-224}