{"correlation": 0.015469269296552462, "p_value": 1.012814114523939e-06}