{"correlation": 0.06878510083734539, "p_value": 5.055401445434664e-105}