{"correlation": 0.026798154081754115, "p_value": 2.439399030581588e-17}