{"correlation": 0.07656899140650268, "p_value": 9.726147692734284e-130}