{"correlation": 0.04043537840089891, "p_value": 2.007977237490612e-37}