{"correlation": 0.06397874107939389, "p_value": 4.325559767666916e-91}