{"correlation": 0.05181433692393679, "p_value": 2.400577530531903e-60}