{"correlation": 0.09468149705509254, "p_value": 1.3205791710033365e-197}