{"correlation": -0.007232267383429819, "p_value": 0.022272761001040302}