{"correlation": 0.11870169080905098, "p_value": 3.6463473728432e-310}