{"correlation": 0.0205512017689311, "p_value": 8.270460864912485e-11}