{"correlation": 0.022488530754500406, "p_value": 1.176725071460295e-12}