{"correlation": 0.040541529881909094, "p_value": 1.3028594495596442e-37}