{"correlation": -0.02447410042811525, "p_value": 1.0271805752010264e-14}