{"correlation": 0.04889354771404833, "p_value": 6.32602019823968e-54}