{"correlation": 0.0703137994262639, "p_value": 1.1481302864286413e-109}