{"correlation": -0.02794337928699732, "p_value": 1.0206258311880627e-18}