{"correlation": 0.06712573681982953, "p_value": 4.2492366373384295e-100}