{"correlation": -0.095476411190427, "p_value": 6.439095917114005e-201}