{"correlation": 0.11769602023904606, "p_value": 6.23418983781685e-305}