{"correlation": 0.11674036769276495, "p_value": 5.309888803397776e-300}