{"correlation": -0.10520202830583633, "p_value": 1.0125575067741831e-243}