{"correlation": 0.0032928291194916246, "p_value": 0.29803613864260564}