{"correlation": 0.11658500646682823, "p_value": 3.332046396361467e-299}