{"correlation": 0.09163408375447124, "p_value": 3.6062274695863464e-185}