{"correlation": 0.01591669868260355, "p_value": 4.890440992980941e-07}