{"correlation": 0.11986066278463016, "p_value": 2.98205257e-316}