{"correlation": 0.10827374328131015, "p_value": 4.0466701622707124e-258}