{"correlation": 0.11578459204822983, "p_value": 4.118839230800534e-295}