{"correlation": 0.018045093639313642, "p_value": 1.1747106346307961e-08}