{"correlation": -0.014818453398355377, "p_value": 2.821332130143226e-06}