{"correlation": 0.08221297465698538, "p_value": 2.4964866715167508e-149}