{"correlation": 0.06194467735781792, "p_value": 1.6877863049719595e-85}