{"correlation": -0.02505287788521895, "p_value": 2.3972877105240628e-15}