{"correlation": -0.020471764331392785, "p_value": 9.768928678271357e-11}