{"correlation": 0.09740865677385313, "p_value": 4.3745210473301916e-209}