{"correlation": 0.09723854856650602, "p_value": 2.326393689248949e-208}