{"correlation": 0.02766157696745056, "p_value": 2.255659860192346e-18}