{"correlation": 0.09603985501787017, "p_value": 2.781278417342106e-203}