{"correlation": 0.08404610668848604, "p_value": 5.391169851167065e-156}