{"correlation": 0.05455087860523127, "p_value": 1.0648366628193042e-66}