{"correlation": -0.031901963818101974, "p_value": 6.4547037822174225e-24}