{"correlation": 0.061783823195753554, "p_value": 4.589316478343329e-85}