{"correlation": 0.07238915290162169, "p_value": 3.902126046775466e-116}