{"correlation": -0.03353920101056469, "p_value": 2.8992040814370745e-26}