{"correlation": 0.10292796126816942, "p_value": 2.4686947794703266e-233}