{"correlation": 0.1071847142983401, "p_value": 5.75738141711251e-253}