{"correlation": 0.021996261297592135, "p_value": 3.5901467697483977e-12}