{"correlation": 0.02716716372646667, "p_value": 8.897830288458978e-18}