{"correlation": 0.05008144229695466, "p_value": 1.7162342592564544e-56}