{"correlation": 0.10913280447499094, "p_value": 3.195799016158652e-262}