{"correlation": 0.1060696191469405, "p_value": 9.58431309328951e-248}