{"correlation": 0.10804633053618766, "p_value": 4.870562879081071e-257}