{"correlation": 0.07732506224028846, "p_value": 2.7867729301166703e-132}