{"correlation": 0.09907746995973545, "p_value": 2.8355817742385296e-216}