{"correlation": 0.11705336633304991, "p_value": 1.3026807391307935e-301}