{"correlation": 0.035233282222365776, "p_value": 8.154463196006145e-29}