{"correlation": 0.08397688688849363, "p_value": 9.684578850862068e-156}