{"correlation": 0.08941653229139403, "p_value": 2.2248467402858692e-176}