{"correlation": 0.07683206347555807, "p_value": 1.276520630655252e-130}