{"correlation": 0.09999674618517433, "p_value": 2.753236737666069e-220}