{"correlation": 0.02237742440135197, "p_value": 1.516760047804945e-12}