{"correlation": 0.09236167927943337, "p_value": 4.219993123620471e-188}