{"correlation": 0.08153806702475287, "p_value": 6.516494633245777e-147}