{"correlation": 0.08671099712055129, "p_value": 5.975419158089064e-166}