{"correlation": -0.10370706304383248, "p_value": 7.242813507423201e-237}