{"correlation": 0.11758633580301162, "p_value": 2.3054137826614796e-304}