{"correlation": 0.038031619065046054, "p_value": 2.667691818403885e-33}