{"correlation": 0.06853419346520784, "p_value": 2.858501772603722e-104}