{"correlation": 0.0544589213406654, "p_value": 1.762255776541167e-66}