{"correlation": 0.07507487760452039, "p_value": 8.687755441874048e-125}