{"correlation": 0.044481353014784585, "p_value": 6.263007376785335e-45}