{"correlation": -0.04898364925040702, "p_value": 4.0607887395285836e-54}