{"correlation": 0.0714818120361023, "p_value": 2.7713797323045866e-113}