{"correlation": 0.04766864998683256, "p_value": 2.4173273229888553e-51}