{"correlation": 0.0937108769039919, "p_value": 1.3385320128887841e-193}