{"correlation": 0.03036114192148269, "p_value": 8.197528593932074e-22}