{"correlation": 0.05832669471407409, "p_value": 5.310081763921782e-76}