{"correlation": 0.1048155892887542, "p_value": 6.121445934807987e-242}