{"correlation": 0.08844055720527716, "p_value": 1.402281736950512e-172}