{"correlation": -0.007312265265463887, "p_value": 0.020834676236395806}