{"correlation": -0.01917190363891274, "p_value": 1.364936160595471e-09}