{"correlation": 0.02483368686764538, "p_value": 4.1756746243555024e-15}