{"correlation": 0.09790097856522584, "p_value": 3.413572679455396e-211}