{"correlation": 0.028715721160162046, "p_value": 1.1154526038961111e-19}