{"correlation": 0.020916785612927785, "p_value": 3.8128893294740203e-11}