{"correlation": 0.11682948488682804, "p_value": 1.8495462177062838e-300}