{"correlation": 0.03684990661255639, "p_value": 2.2989337501455275e-31}