{"correlation": 0.05038382629060253, "p_value": 3.727696015710399e-57}