{"correlation": -0.04551664041721925, "p_value": 5.780846297375639e-47}