{"correlation": 0.08598058802054234, "p_value": 3.4376810785057914e-163}