{"correlation": 0.07082536195032706, "p_value": 3.0414393772102497e-111}