{"correlation": 0.024927425671406517, "p_value": 3.2954145523405176e-15}