{"correlation": 0.08418794917670108, "p_value": 1.6207606951974976e-156}