{"correlation": 0.11127514870048123, "p_value": 1.3463865658420517e-272}