{"correlation": -0.02735480055057768, "p_value": 5.300605665214656e-18}