{"correlation": -0.05914874290466367, "p_value": 4.143263450800419e-78}