{"correlation": 0.05645646535974482, "p_value": 2.572988844468926e-71}