{"correlation": -0.02811981288115383, "p_value": 6.187285543644824e-19}