{"correlation": 0.027581824996178995, "p_value": 2.8191870567504973e-18}