{"correlation": 0.047548989087193745, "p_value": 4.286407332600506e-51}