{"correlation": 0.06470658746842667, "p_value": 3.902107732633205e-93}