{"correlation": 0.0799625664314921, "p_value": 2.3833556339689963e-141}