{"correlation": -0.02224328803674805, "p_value": 2.057348396703713e-12}