{"correlation": 0.08393111668872992, "p_value": 1.4261975408192132e-155}