{"correlation": 0.03295710829956968, "p_value": 2.0425598146230517e-25}