{"correlation": 0.10234727923741874, "p_value": 1.0178874160321495e-230}