{"correlation": 0.042006259202602585, "p_value": 2.970499820749151e-40}