{"correlation": 0.09151158977591498, "p_value": 1.1176639218773877e-184}