{"correlation": 0.05386737151807745, "p_value": 4.412392709597599e-65}