{"correlation": 0.09239614173894795, "p_value": 3.061022986893876e-188}