{"correlation": 0.06802839277312946, "p_value": 9.214151748948034e-103}