{"correlation": 0.052183298365646356, "p_value": 3.4897169991459866e-61}