{"correlation": -0.04398689166898109, "p_value": 5.65186169222197e-44}