{"correlation": 0.07881833817861283, "p_value": 2.232621968382363e-137}