{"correlation": -0.014634472549110636, "p_value": 3.7412524766245107e-06}