{"correlation": -0.03191661635569105, "p_value": 6.1571396425356164e-24}