{"correlation": 0.006439958032220652, "p_value": 0.04182299917815356}