{"correlation": 0.03996095753857649, "p_value": 1.3689765472178009e-36}