{"correlation": 0.0606597842349598, "p_value": 4.6336410701020685e-82}