{"correlation": -0.04912787761967072, "p_value": 1.9938934876753988e-54}