{"correlation": 0.11754306470251087, "p_value": 3.860700570990524e-304}