{"correlation": -0.05072896316300254, "p_value": 6.451798449136811e-58}