{"correlation": 0.02909683721378196, "p_value": 3.6608936095702553e-20}