{"correlation": 0.044182029840037336, "p_value": 2.379082039567142e-44}