{"correlation": 0.07425948235175465, "p_value": 3.9752756425823533e-122}