{"correlation": 0.10065954428329713, "p_value": 3.3358284638089353e-223}