{"correlation": 0.09078265516202326, "p_value": 9.075985374754467e-182}