{"correlation": 0.10786976890254371, "p_value": 3.348545941484057e-256}