{"correlation": 0.08538461842143098, "p_value": 5.897499554575308e-161}