{"correlation": -0.049371034615534284, "p_value": 5.982167009747961e-55}