{"correlation": -0.018496838251156316, "p_value": 5.03051865379861e-09}