{"correlation": 0.03210851098646646, "p_value": 3.3119585212329075e-24}