{"correlation": 0.06509988890226112, "p_value": 2.9973250309273327e-94}