{"correlation": 0.04182094639344637, "p_value": 6.489858258849485e-40}