{"correlation": -0.06147842148331336, "p_value": 3.0440569160982443e-84}