{"correlation": 0.02291463404995008, "p_value": 4.3954395539525856e-13}