{"correlation": 0.006769550049354672, "p_value": 0.03239978187411644}