{"correlation": -0.06887723530725162, "p_value": 2.671671076875833e-105}