{"correlation": 0.1126332908439398, "p_value": 2.784486722441382e-279}