{"correlation": -0.007898208205284519, "p_value": 0.012554812073010636}