{"correlation": 0.02186562918402849, "p_value": 4.807627469841154e-12}