{"correlation": -0.07450187576159494, "p_value": 6.479587474372434e-123}