{"correlation": 0.041522879526530866, "p_value": 2.2647966522678584e-39}