{"correlation": 0.02766317606278895, "p_value": 2.2455818355720752e-18}