{"correlation": 0.014961490665247087, "p_value": 2.2604176098744546e-06}