{"correlation": 0.1085651541476574, "p_value": 1.6563617822770438e-259}