{"correlation": -0.005247073562713048, "p_value": 0.09726228503000459}