{"correlation": -0.009904595544002947, "p_value": 0.001746388273385427}