{"correlation": -0.024649270039298773, "p_value": 6.635972793224593e-15}