{"correlation": 0.033750380666523194, "p_value": 1.4159658341612325e-26}