{"correlation": 0.07738083719334651, "p_value": 1.8051759357066974e-132}