{"correlation": 0.08322320244757493, "p_value": 5.524782800585129e-153}