{"correlation": 0.07680806469816531, "p_value": 1.5367629953086778e-130}