{"correlation": 0.09628151625724005, "p_value": 2.6652726337519916e-204}