{"correlation": 0.10090650253626339, "p_value": 2.7005168185223853e-224}