{"correlation": 0.07406871776607521, "p_value": 1.6503110174428278e-121}