{"correlation": 0.022545940606623932, "p_value": 1.031585980363386e-12}