{"correlation": -0.015309736466646018, "p_value": 1.306876616617122e-06}