{"correlation": 0.11231011249792347, "p_value": 1.1037562414796044e-277}