{"correlation": 0.06028766319749409, "p_value": 4.449357192763174e-81}