{"correlation": 0.06681026992950602, "p_value": 3.555203814448006e-99}