{"correlation": 0.11261317981800051, "p_value": 3.5021285306000716e-279}