{"correlation": -0.046021956844358156, "p_value": 5.648267990462273e-48}