{"correlation": 0.10404742454374731, "p_value": 2.0329759136468155e-238}