{"correlation": 0.042356939124939215, "p_value": 6.706150528638804e-41}