{"correlation": 0.002664688656742187, "p_value": 0.3997107290852474}