{"correlation": 0.050688132217761764, "p_value": 7.944567515514436e-58}