{"correlation": 0.11405740704579084, "p_value": 2.2202561065756076e-286}