{"correlation": 0.06640209198107472, "p_value": 5.4709728392218345e-98}