{"correlation": 0.04406546106321289, "p_value": 3.991052363043149e-44}