{"correlation": 0.11491324143076696, "p_value": 1.0879930845106645e-290}