{"correlation": -0.07276515107628824, "p_value": 2.5065987772535134e-117}