{"correlation": 0.03862974009625128, "p_value": 2.6516072359399176e-34}