{"correlation": 0.08090406607503908, "p_value": 1.1638238533965234e-144}