{"correlation": 0.04080538120970643, "p_value": 4.424173592188751e-38}