{"correlation": -0.004999564917956519, "p_value": 0.11409533204757967}