{"correlation": 0.006840696971760519, "p_value": 0.030623644721627655}