{"correlation": 0.07441303643758243, "p_value": 1.2606385812992303e-122}