{"correlation": 0.08077794566768515, "p_value": 3.2488517739543263e-144}