{"correlation": 0.02539063507321368, "p_value": 1.0099938569676756e-15}