{"correlation": 0.04397230252441485, "p_value": 6.028645733431261e-44}