{"correlation": 0.11065944753954626, "p_value": 1.3556598273981103e-269}