{"correlation": 0.07225052317144601, "p_value": 1.0697935883561503e-115}