{"correlation": 0.03781493799732571, "p_value": 6.102898361302476e-33}