{"correlation": 0.06472126584865108, "p_value": 3.546699608457908e-93}