{"correlation": 0.0749073914007122, "p_value": 3.0744561308956207e-124}