{"correlation": 0.09392177032155392, "p_value": 1.8189107976379698e-194}