{"correlation": 0.015234162523130527, "p_value": 1.4733480425070483e-06}