{"correlation": 0.04675996294757467, "p_value": 1.8062554872761315e-49}