{"correlation": 0.10602532275301318, "p_value": 1.541074220559314e-247}