{"correlation": -0.016661717360725987, "p_value": 1.3938172788519804e-07}