{"correlation": -0.05547267426837784, "p_value": 6.512529708077248e-69}