{"correlation": 0.1134606704415137, "p_value": 2.1472834396474363e-283}