{"correlation": 0.0507391575183843, "p_value": 6.124938333134829e-58}