{"correlation": 0.033382110878152606, "p_value": 4.926539966345801e-26}