{"correlation": 0.02631346067576732, "p_value": 8.989088777930678e-17}