{"correlation": 0.05325151517302945, "p_value": 1.2148808187445312e-63}