{"correlation": -0.09590406852024941, "p_value": 1.036065262024083e-202}