{"correlation": -0.06328630029161811, "p_value": 3.628924826353674e-89}