{"correlation": 0.10996371392772158, "p_value": 3.198618445121359e-266}