{"correlation": 0.07974820484170729, "p_value": 1.3354849694852404e-140}