{"correlation": 0.07212575140087737, "p_value": 2.6472316997132174e-115}