{"correlation": 0.03194412989582045, "p_value": 5.634631719868988e-24}