{"correlation": 0.03268642305408982, "p_value": 5.005929489332147e-25}