{"correlation": 0.07379447075173212, "p_value": 1.2690937466723246e-120}