{"correlation": 0.04613351175372963, "p_value": 3.3684749881020174e-48}