{"correlation": 0.04919329284852168, "p_value": 1.4431024895720106e-54}