{"correlation": -0.0820626703367891, "p_value": 8.655177081165154e-149}