{"correlation": -0.1025599202869331, "p_value": 1.1266089314488577e-231}