{"correlation": 0.042550821169196555, "p_value": 2.9297428095033123e-41}