{"correlation": 0.023205500983212734, "p_value": 2.2213243361711083e-13}