{"correlation": 0.06442852112876984, "p_value": 2.3725352155761566e-92}