{"correlation": 0.061967180369042314, "p_value": 1.4670727287090634e-85}