{"correlation": -0.04475698889246402, "p_value": 1.817963341571185e-45}