{"correlation": 0.07699939220434926, "p_value": 3.4953765965717667e-131}