{"correlation": 0.07357687657715158, "p_value": 6.368761702696801e-120}