{"correlation": 0.06258898099856629, "p_value": 2.991205086970658e-87}