{"correlation": 0.11523670484147272, "p_value": 2.506922119031347e-292}