{"correlation": 0.08725664350802717, "p_value": 5.002455376444767e-168}