{"correlation": 0.04651374663630728, "p_value": 5.730906863976558e-49}