{"correlation": 0.09531707680006249, "p_value": 2.984915970602349e-200}