{"correlation": 0.0396028691987738, "p_value": 5.743276751700634e-36}