{"correlation": -0.0029926548517507797, "p_value": 0.3442569380173277}