{"correlation": -0.01676060969206254, "p_value": 1.1751375918561294e-07}