{"correlation": -0.08313797065026356, "p_value": 1.1283081796118119e-152}