{"correlation": 0.03482759736002645, "p_value": 3.41622452936778e-28}