{"correlation": 0.07825505685864971, "p_value": 1.917555019739377e-135}