{"correlation": 0.08739761417503987, "p_value": 1.4467262435510038e-168}