{"correlation": -0.03673692328222573, "p_value": 3.494661254616958e-31}