{"correlation": 0.04086647558349048, "p_value": 3.441839137753099e-38}