{"correlation": 0.0834633109594832, "p_value": 7.36143368524889e-154}