{"correlation": 0.06859734624884437, "p_value": 1.8493784994246164e-104}