{"correlation": 0.039974533255621295, "p_value": 1.2962140462231182e-36}