{"correlation": 0.04935426449844536, "p_value": 6.501308149920984e-55}