{"correlation": 0.03743898141434171, "p_value": 2.5368820492397726e-32}