{"correlation": -0.11853555158934517, "p_value": 2.68845294990986e-309}