{"correlation": 0.07367627561814817, "p_value": 3.0499352482438234e-120}