{"correlation": 0.058733401759401886, "p_value": 4.8526870321416615e-77}