{"correlation": -0.08972785695801976, "p_value": 1.3378310833821322e-177}