{"correlation": 0.017454501737342802, "p_value": 3.454948208117111e-08}