{"correlation": -0.04577561830448825, "p_value": 1.7607873587918457e-47}