{"correlation": 0.038657525241052065, "p_value": 2.3798891806819964e-34}