{"correlation": 0.0942221091521392, "p_value": 1.0518123787545182e-195}