{"correlation": 0.06777780800236069, "p_value": 5.09975099847122e-102}