{"correlation": 0.02396985227005383, "p_value": 3.55234052515951e-14}