{"correlation": 0.11665124676788727, "p_value": 1.5232323834399955e-299}