{"correlation": 0.08477856034294695, "p_value": 1.0635688037674446e-158}