{"correlation": 0.10641279559381207, "p_value": 2.4021876966110366e-249}