{"correlation": 0.030739261602753733, "p_value": 2.5519672714651897e-22}