{"correlation": -0.04918354082988933, "p_value": 1.5143991319018847e-54}