{"correlation": 0.09613147891741701, "p_value": 1.1439146079368962e-203}