{"correlation": 0.027820271502799428, "p_value": 1.4445858683132032e-18}