{"correlation": 0.09834868773597168, "p_value": 4.046669927119261e-213}