{"correlation": 0.06584946212680184, "p_value": 2.1565760411541292e-96}