{"correlation": 0.06143461538989058, "p_value": 3.99007839563747e-84}