{"correlation": 0.018278095764106963, "p_value": 7.603908866730583e-09}