{"correlation": -0.013513627451485244, "p_value": 1.9461381187327385e-05}