{"correlation": 0.017432723901784686, "p_value": 3.592824833430008e-08}