{"correlation": 0.0055545775031276825, "p_value": 0.07918103792711134}