{"correlation": 0.02560770203432528, "p_value": 5.760751453010693e-16}