{"correlation": -0.02519889006714977, "p_value": 1.6520911784772967e-15}