{"correlation": -0.01977411347422101, "p_value": 4.106239938672079e-10}