{"correlation": 0.0026360313997328775, "p_value": 0.4047989298167344}