{"correlation": 0.10759442521567804, "p_value": 6.726322966311794e-255}