{"correlation": -0.0011625158268766327, "p_value": 0.7133232743797959}