{"correlation": 0.04672948988174584, "p_value": 2.0844117554343914e-49}