{"correlation": 0.11252971407595004, "p_value": 9.066671588758504e-279}