{"correlation": 0.09985107355642875, "p_value": 1.1974166880682403e-219}