{"correlation": 0.07868484815467872, "p_value": 6.432748792453795e-137}