{"correlation": 0.05323083140900844, "p_value": 1.3570781617262099e-63}