{"correlation": 0.007090263081112519, "p_value": 0.025038792890920727}