{"correlation": 0.10180586184771723, "p_value": 2.7071335877261535e-228}