{"correlation": -0.11757400537276978, "p_value": 2.6703268911678207e-304}