{"correlation": -0.025947409356946945, "p_value": 2.3703913056950917e-16}