{"correlation": 0.11494640774403445, "p_value": 7.395094963620715e-291}