{"correlation": 0.09194225218452083, "p_value": 2.0806786326311793e-186}