{"correlation": 0.05719820205743612, "p_value": 3.7196652486232445e-73}