{"correlation": 0.1069762308218657, "p_value": 5.503885557858525e-252}