{"correlation": 0.1147412254506795, "p_value": 8.044690303674674e-290}