{"correlation": -0.07342329724837139, "p_value": 1.9827190862293663e-119}