{"correlation": 0.0074063890349769556, "p_value": 0.019246868659388416}