{"correlation": 0.07653757905999199, "p_value": 1.2389180558647374e-129}