{"correlation": -0.006720061526262993, "p_value": 0.033686649395009705}