{"correlation": -0.0027568140677385515, "p_value": 0.3836160043637651}