{"correlation": 0.10354821915930387, "p_value": 3.82237294605841e-236}