{"correlation": 0.0808099201628902, "p_value": 2.5047521847199775e-144}