{"correlation": 0.03581739411611714, "p_value": 1.0072143747287516e-29}