{"correlation": 0.05317876500855912, "p_value": 1.7927921474460964e-63}