{"correlation": 0.08445831574838764, "p_value": 1.630553526358106e-157}