{"correlation": 0.06636832130918013, "p_value": 6.854258064618971e-98}