{"correlation": 0.09165836706792387, "p_value": 2.8812868299075134e-185}