{"correlation": -0.03102637664350024, "p_value": 1.0421526886817815e-22}