{"correlation": 0.11044147686388285, "p_value": 1.553033014772148e-268}