{"correlation": 0.08368097030384777, "p_value": 1.1782784529035625e-154}