{"correlation": 0.11545746379606238, "p_value": 1.900516862976545e-293}