{"correlation": 0.09083287187440295, "p_value": 5.730704038930805e-182}