{"correlation": 0.09907632445495027, "p_value": 2.8682629850591765e-216}