{"correlation": 0.11672845407071183, "p_value": 6.113481915297198e-300}