{"correlation": -0.020325142115567074, "p_value": 1.3262406653232943e-10}