{"correlation": -0.09666069146294112, "p_value": 6.643997912256921e-206}