{"correlation": 0.10170564091032408, "p_value": 7.584464183128075e-228}