{"correlation": 0.051236520020141674, "p_value": 4.786480116831198e-59}