{"correlation": 0.03069780730913246, "p_value": 2.9022734108870405e-22}