{"correlation": 0.04760306710357631, "p_value": 3.309406033426456e-51}