{"correlation": 0.10578970310383295, "p_value": 1.9208305961071103e-246}