{"correlation": -0.03878125918863548, "p_value": 1.4691301710749918e-34}