{"correlation": 0.058285860584805976, "p_value": 6.74576713020074e-76}