{"correlation": -0.04421643048116312, "p_value": 2.0416998532980367e-44}