{"correlation": 0.08010543830356558, "p_value": 7.537383096811888e-142}