{"correlation": -0.04774669805636884, "p_value": 1.6624519903474253e-51}