{"correlation": 0.004934571478536731, "p_value": 0.11887577921957629}