{"correlation": 0.07681022210096879, "p_value": 1.5113469320840032e-130}