{"correlation": 0.0434290499605115, "p_value": 6.5663403256111975e-43}