{"correlation": 0.09641206433072412, "p_value": 7.489497363858257e-205}