{"correlation": 0.021768629179884452, "p_value": 5.965247707272958e-12}