{"correlation": 0.05019424332794009, "p_value": 9.720004489008782e-57}