{"correlation": -0.025254521891202118, "p_value": 1.4328147468267473e-15}