{"correlation": 0.0563222755695156, "p_value": 5.5047765259083115e-71}