{"correlation": 0.022400090178532776, "p_value": 1.440357249768419e-12}