{"correlation": 0.07729348299185661, "p_value": 3.562986135905651e-132}