{"correlation": -0.007020129487427526, "p_value": 0.02651135092461966}