{"correlation": 0.02960545402431344, "p_value": 8.093137824130019e-21}