{"correlation": -0.05675467868601113, "p_value": 4.716121194362825e-72}