{"correlation": 0.05824750910567602, "p_value": 8.444546756322494e-76}