{"correlation": 0.10117293330487923, "p_value": 1.78053195698117e-225}