{"correlation": 0.014091939285741713, "p_value": 8.437328327442237e-06}