{"correlation": 0.08600022958166975, "p_value": 2.899732355198207e-163}