{"correlation": 0.06563314439986045, "p_value": 9.010069501756863e-96}