{"correlation": -0.028691189816847026, "p_value": 1.197793965898156e-19}