{"correlation": 0.10905719908292714, "p_value": 7.361553442134384e-262}