{"correlation": 0.08535937294164923, "p_value": 7.327751569511227e-161}