{"correlation": 0.0012887265867178163, "p_value": 0.6837996711362508}