{"correlation": 0.08765858948543027, "p_value": 1.447440900656417e-169}