{"correlation": -0.0996443924359986, "p_value": 9.602565828558673e-219}