{"correlation": 0.12008497878452687, "p_value": 1.9467283e-317}