{"correlation": 0.08078265607128002, "p_value": 3.1267343841127033e-144}