{"correlation": 0.04212699226715058, "p_value": 1.7819776665086771e-40}