{"correlation": 0.07283670704581668, "p_value": 1.4841934278609351e-117}