{"correlation": 0.07967631376470707, "p_value": 2.3779060170933963e-140}