{"correlation": 0.0857007419501301, "p_value": 3.86740912037023e-162}