{"correlation": 0.08295053384178394, "p_value": 5.41101906338566e-152}