{"correlation": -0.08562728904145588, "p_value": 7.29035075826402e-162}