{"correlation": 0.06004751387449471, "p_value": 1.901341722008907e-80}