{"correlation": -0.08886487365375818, "p_value": 3.163266938372981e-174}