{"correlation": 0.05118367151639701, "p_value": 6.282955741900298e-59}