{"correlation": 0.04381879043675778, "p_value": 1.187360466263282e-43}