{"correlation": 0.11420189430410534, "p_value": 4.179427145197955e-287}