{"correlation": 0.03910904943390751, "p_value": 4.0631970063886666e-35}