{"correlation": 0.009560244789810114, "p_value": 0.0025156989964347713}