{"correlation": 0.08154823996237741, "p_value": 5.994273803303827e-147}