{"correlation": 0.10850742938050938, "p_value": 3.1217040956803074e-259}