{"correlation": -0.025293933081873967, "p_value": 1.2950834776028277e-15}