{"correlation": 0.04020379206426208, "p_value": 5.139409862190972e-37}