{"correlation": -0.11509290439517499, "p_value": 1.3418125170706768e-291}