{"correlation": 0.039713634870571855, "p_value": 3.690767674958011e-36}