{"correlation": 0.051714522145661856, "p_value": 4.0352582181473696e-60}