{"correlation": 0.07307554966154148, "p_value": 2.5714942462273564e-118}