{"correlation": -0.06793794697180869, "p_value": 1.7099547604860295e-102}