{"correlation": -0.0003879776495258364, "p_value": 0.9024121709300366}