{"correlation": 0.030245221643041897, "p_value": 1.1690208710975676e-21}