{"correlation": 0.022581968654590934, "p_value": 9.496341853553544e-13}