{"correlation": 0.10432273685401952, "p_value": 1.1197854631449108e-239}