{"correlation": 0.0885987441517206, "p_value": 3.418790873771217e-173}