{"correlation": 0.03159284727860276, "p_value": 1.738360928376731e-23}