{"correlation": -0.09250311733294368, "p_value": 1.1289530089937667e-188}