{"correlation": 0.0695914826438144, "p_value": 1.8491920811518842e-107}