{"correlation": 0.10637002490344051, "p_value": 3.8056139543211267e-249}