{"correlation": 0.031151934991957585, "p_value": 7.026293764124329e-23}