{"correlation": -0.08355134269281685, "p_value": 3.510671771046837e-154}