{"correlation": 0.04156029938699569, "p_value": 1.9368559338294727e-39}