{"correlation": 0.04402090658019419, "p_value": 4.861913038263246e-44}