{"correlation": 0.0926825029096756, "p_value": 2.1140914239414078e-189}