{"correlation": 0.06131790286022366, "p_value": 8.19790781105965e-84}