{"correlation": 0.05465509037117108, "p_value": 6.010285190908318e-67}