{"correlation": 0.05448166702538087, "p_value": 1.5559170625993993e-66}