{"correlation": -0.11743055422361832, "p_value": 1.4739543031458542e-303}