{"correlation": 0.04848815102398338, "p_value": 4.602276514230322e-53}