{"correlation": 0.11722598136446878, "p_value": 1.678466058050547e-302}