{"correlation": 0.04231637232267609, "p_value": 7.9710748855605e-41}