{"correlation": 0.08480277595743813, "p_value": 8.648344352665064e-159}