{"correlation": 0.08644083831420946, "p_value": 6.308627475148959e-165}