{"correlation": -0.02671527197069523, "p_value": 3.053913342692782e-17}