{"correlation": -0.0836869326668833, "p_value": 1.120524518812519e-154}