{"correlation": 0.06994721608161816, "p_value": 1.5237952924663953e-108}