{"correlation": -0.08655526885061872, "p_value": 2.326912097895347e-165}