{"correlation": 0.021852459422086218, "p_value": 4.950804079911225e-12}