{"correlation": -0.04252666127317564, "p_value": 3.2488833692507705e-41}