{"correlation": 0.09846949246665435, "p_value": 1.2185575434077997e-213}