{"correlation": -0.020376832345593034, "p_value": 1.1910170436508892e-10}