{"correlation": 0.04071241527924037, "p_value": 6.478103869285112e-38}