{"correlation": -0.10006939202001879, "p_value": 1.3216708860757915e-220}