{"correlation": 0.09750308614380336, "p_value": 1.7278199481055113e-209}