{"correlation": 0.09905756074785191, "p_value": 3.46044505955087e-216}