{"correlation": -0.07221169005204199, "p_value": 1.4185385559368218e-115}