{"correlation": -0.0026336302763741936, "p_value": 0.40522700946123724}