{"correlation": 0.08962738544924644, "p_value": 3.318050891525837e-177}