{"correlation": 0.09974932177247985, "p_value": 3.3389078875138e-219}