{"correlation": 0.11092654457154476, "p_value": 6.78457904010515e-271}