{"correlation": 0.11205907970469099, "p_value": 1.909827930272605e-276}