{"correlation": 0.061315194794964105, "p_value": 8.335890333194761e-84}