{"correlation": 0.03582704589544108, "p_value": 9.727246164765079e-30}