{"correlation": 0.04743792498532859, "p_value": 7.284885660810134e-51}