{"correlation": 0.02679178114511356, "p_value": 2.4819665075942574e-17}