{"correlation": -0.0722571252241166, "p_value": 1.019670994427322e-115}