{"correlation": 0.01216222637645183, "p_value": 0.00012112465709716585}