{"correlation": 0.011995488079674741, "p_value": 0.00014995881127762882}