{"correlation": 0.0771306137299746, "p_value": 1.2632332656762606e-131}