{"correlation": 0.11413534063061828, "p_value": 9.022248881062088e-287}