{"correlation": -0.11171003769144866, "p_value": 9.949327184991781e-275}