{"correlation": 0.05245132639164883, "p_value": 8.524305377669188e-62}