{"correlation": 0.09308718285955689, "p_value": 4.7705456574569425e-191}