{"correlation": 0.09784295154250736, "p_value": 6.056135191733827e-211}