{"correlation": 0.07882175252123987, "p_value": 2.1729509981890257e-137}