{"correlation": 0.04200191834529272, "p_value": 3.025498684161004e-40}