{"correlation": 0.0710987088259842, "p_value": 4.322767538786414e-112}