{"correlation": -0.06901415067655983, "p_value": 1.0339569341087986e-105}