{"correlation": 0.10155270382402484, "p_value": 3.6459845734528046e-227}