{"correlation": -0.03391117971806625, "p_value": 8.180584249991751e-27}