{"correlation": -0.06434165212440444, "p_value": 4.1630890074737345e-92}