{"correlation": 0.045375134678321084, "p_value": 1.1037194747690786e-46}