{"correlation": -0.02656297830573506, "p_value": 4.606570416511244e-17}