{"correlation": 0.03445908542373333, "p_value": 1.2374511674964212e-27}