{"correlation": 0.08462949897625544, "p_value": 3.794605367749589e-158}