{"correlation": 0.016944142557930725, "p_value": 8.539726001294938e-08}