{"correlation": 0.10324877526639221, "p_value": 8.732528879843677e-235}