{"correlation": 0.10488253098833486, "p_value": 3.011205752807969e-242}