{"correlation": 0.028475247491389098, "p_value": 2.2363645032559573e-19}