{"correlation": 0.08441495760311893, "p_value": 2.3577692142283396e-157}