{"correlation": 0.06611327135833316, "p_value": 3.747098119279475e-97}