{"correlation": -0.07054822203386156, "p_value": 2.1817327649526275e-110}