{"correlation": 0.07597920024334057, "p_value": 8.996023247950468e-128}