{"correlation": 0.07929664020322874, "p_value": 4.961965594098901e-139}