{"correlation": 0.016596423367119327, "p_value": 1.5592515599111303e-07}