{"correlation": -0.06816378750618458, "p_value": 3.645892192091401e-103}