{"correlation": 0.04496887223676854, "p_value": 6.9886649311251215e-46}