{"correlation": 0.036580220323480885, "p_value": 6.233745354913477e-31}