{"correlation": -0.009465827311117912, "p_value": 0.0027751470051773424}