{"correlation": 0.049261094254454824, "p_value": 1.0317494912957477e-54}