{"correlation": 0.04888799222469281, "p_value": 6.501138831562836e-54}