{"correlation": -0.08575247260929156, "p_value": 2.473838450276319e-162}