{"correlation": 0.05100214097354827, "p_value": 1.59612096866066e-58}