{"correlation": 0.08069995380958972, "p_value": 6.124686666268933e-144}