{"correlation": -0.07840175716207165, "p_value": 6.0314928734634645e-136}