{"correlation": 0.07687471352797144, "p_value": 9.178295139261768e-131}