{"correlation": 0.09722785510596187, "p_value": 2.583823741801246e-208}