{"correlation": -0.054331253392264175, "p_value": 3.541658459552596e-66}