{"correlation": 0.08798489922313141, "p_value": 8.058863915119632e-171}