{"correlation": 0.09577445169007599, "p_value": 3.629216021350693e-202}