{"correlation": 0.03684888889495139, "p_value": 2.307635569206394e-31}