{"correlation": -0.1124737573593786, "p_value": 1.7148709041845142e-278}