{"correlation": -0.02097247380773566, "p_value": 3.3847871382783396e-11}