{"correlation": 0.11090260623016457, "p_value": 8.876084851153103e-271}