{"correlation": 0.09015323186672465, "p_value": 2.8267367741060825e-179}