{"correlation": -0.09041189945051048, "p_value": 2.683682990257821e-180}