{"correlation": 0.11982152001918313, "p_value": 4.7984287e-316}