{"correlation": 0.11057425760862229, "p_value": 3.518097852214859e-269}