{"correlation": -0.06419543105440516, "p_value": 1.0708297968633648e-91}