{"correlation": 0.0540674457754675, "p_value": 1.4905457011845643e-65}