{"correlation": 0.027637865411488553, "p_value": 2.4104454477402134e-18}