{"correlation": 0.10742663087637873, "p_value": 4.169741532735762e-254}