{"correlation": 0.029883988781526916, "p_value": 3.5030322832122396e-21}