{"correlation": -0.008423595827417344, "p_value": 0.007763095650850442}