{"correlation": 0.09565402282713094, "p_value": 1.1613842707756384e-201}