{"correlation": 0.060747764113360955, "p_value": 2.708794363952734e-82}