{"correlation": -0.07014586542761407, "p_value": 3.7596497163281414e-109}