{"correlation": -0.07788847315491476, "p_value": 3.418483097432027e-134}