{"correlation": 0.11200629085280853, "p_value": 3.475310670785436e-276}