{"correlation": -0.01279668583316416, "p_value": 5.2463146027488396e-05}