{"correlation": 0.05456965555218463, "p_value": 9.60645787404997e-67}