{"correlation": -0.015046904583190215, "p_value": 1.9783173387733552e-06}