{"correlation": -0.016936619257456445, "p_value": 8.652768910056044e-08}