{"correlation": -0.10653282623455189, "p_value": 6.597888121562659e-250}