{"correlation": 0.08329791440348683, "p_value": 2.95266694468175e-153}