{"correlation": 0.042884378180724866, "p_value": 6.986792415704782e-42}