{"correlation": -0.046950658102843795, "p_value": 7.355269026280932e-50}