{"correlation": -0.0029355413435692337, "p_value": 0.3535437168204296}