{"correlation": 0.0541564546344373, "p_value": 9.185437112390035e-66}