{"correlation": -0.06584167153541472, "p_value": 2.2707228120753618e-96}