{"correlation": 0.0656218887841631, "p_value": 9.704707444213795e-96}