{"correlation": -0.039665574091703806, "p_value": 4.4720708737981814e-36}