{"correlation": -0.06233276553312767, "p_value": 1.4945731604128502e-86}