{"correlation": 0.07886215517994427, "p_value": 1.576848550182146e-137}