{"correlation": 0.020321343029065117, "p_value": 1.3367509422832273e-10}