{"correlation": 0.008897143792111694, "p_value": 0.00492544336060228}