{"correlation": 0.0783527092243421, "p_value": 8.881323350271711e-136}