{"correlation": 0.03694418735068471, "p_value": 1.6193189234275191e-31}