{"correlation": 0.07359027876679418, "p_value": 5.7672108745913945e-120}