{"correlation": 0.09489319141797702, "p_value": 1.7438414875654425e-198}