{"correlation": 0.06734357106772837, "p_value": 9.743760246273146e-101}