{"correlation": -0.1072513469813074, "p_value": 2.7954862510318306e-253}