{"correlation": 0.08512004614099983, "p_value": 5.722139209435517e-160}