{"correlation": 0.08650023887507574, "p_value": 3.759740197371596e-165}