{"correlation": 0.05696676212801439, "p_value": 1.4034172351525618e-72}