{"correlation": 0.05997254449502131, "p_value": 2.9885053252058703e-80}