{"correlation": 0.06485943249299879, "p_value": 1.4419878257043631e-93}