{"correlation": -0.014308092577624927, "p_value": 6.122967772923899e-06}