{"correlation": 0.07539276524877851, "p_value": 7.830257821547782e-126}