{"correlation": 0.0980008895240228, "p_value": 1.2710198661391166e-211}