{"correlation": 0.09543341666646787, "p_value": 9.742659397943264e-201}