{"correlation": -0.0468039603518248, "p_value": 1.4685764114112622e-49}