{"correlation": 0.10066352557489291, "p_value": 3.2035002709312794e-223}