{"correlation": 0.052044210664196996, "p_value": 7.231185168222491e-61}