{"correlation": 0.004260528369049841, "p_value": 0.1781462363262886}