{"correlation": 0.11904240353312888, "p_value": 6.00643883977e-312}