{"correlation": -0.052310842530204016, "p_value": 1.786039592964185e-61}