{"correlation": 0.001979183764001138, "p_value": 0.5316474497462522}