{"correlation": 0.07234415669627241, "p_value": 5.41450584565328e-116}