{"correlation": 0.004994608314082247, "p_value": 0.11445448949718257}