{"correlation": 0.08246997569427088, "p_value": 2.9633048219043995e-150}