{"correlation": 0.03582687109259972, "p_value": 9.73338713600732e-30}