{"correlation": 0.03435990811705881, "p_value": 1.7456805151865705e-27}