{"correlation": 0.05362691100029866, "p_value": 1.6174614827999882e-64}