{"correlation": 0.0011580686549563146, "p_value": 0.7143717584397569}