{"correlation": -0.03404210375680529, "p_value": 5.223476449943521e-27}