{"correlation": 0.08024469465428265, "p_value": 2.449272934283418e-142}