{"correlation": 0.058512005356311236, "p_value": 1.788697824248944e-76}