{"correlation": 0.09806074921034584, "p_value": 7.028750113017753e-212}