{"correlation": 0.09767844351618739, "p_value": 3.07087252672434e-210}