{"correlation": 0.032796084336547016, "p_value": 3.4845482916024157e-25}