{"correlation": 0.058460661727529534, "p_value": 2.4189096148412803e-76}