{"correlation": 0.0880707388163204, "p_value": 3.7629122112387773e-171}