{"correlation": -0.023240957531812233, "p_value": 2.0428431477452535e-13}