{"correlation": 0.03362157184916059, "p_value": 2.1933792441276488e-26}