{"correlation": 0.04121575169395993, "p_value": 8.133811736230449e-39}