{"correlation": -0.02108081814011386, "p_value": 2.6824005781917218e-11}