{"correlation": 0.008676070597716082, "p_value": 0.00610665698685864}