{"correlation": 0.10448406460398334, "p_value": 2.0408414701098682e-240}