{"correlation": 0.0358258696975742, "p_value": 9.768641210600853e-30}