{"correlation": 0.10267777047383954, "p_value": 3.3197649905260376e-232}