{"correlation": 0.06271400548435113, "p_value": 1.3610528714711348e-87}