{"correlation": 0.08242895740994492, "p_value": 4.1657547775320424e-150}