{"correlation": 0.07608217122219825, "p_value": 4.091609286907796e-128}