{"correlation": 0.10202471820494122, "p_value": 2.8438758338721295e-229}