{"correlation": 0.09038436960876373, "p_value": 3.4490725176862763e-180}