{"correlation": -0.004622451925683417, "p_value": 0.14405189829830556}