{"correlation": 0.03863094553769722, "p_value": 2.639203541731301e-34}