{"correlation": -0.03878764676958755, "p_value": 1.4329378110759434e-34}