{"correlation": 0.01879923681626204, "p_value": 2.819899286899061e-09}