{"correlation": -0.04690398175238044, "p_value": 9.16745896937098e-50}