{"correlation": 0.11360111847447532, "p_value": 4.272368582119922e-284}