{"correlation": 0.05645157835451029, "p_value": 2.6453359166988773e-71}