{"correlation": 0.05859467435137787, "p_value": 1.0996060829709295e-76}