{"correlation": 0.05391865193081448, "p_value": 3.3422251308670736e-65}