{"correlation": 0.07955237561523959, "p_value": 6.421105070545531e-140}