{"correlation": 0.08284661442715553, "p_value": 1.288515800708455e-151}