{"correlation": 0.02386666158273086, "p_value": 4.5650904567056924e-14}