{"correlation": -0.03744370532528454, "p_value": 2.492088228117428e-32}