{"correlation": 0.017222073341540144, "p_value": 5.23342094358963e-08}