{"correlation": 0.058859784698553456, "p_value": 2.299360835775018e-77}