{"correlation": -0.12015955999246208, "p_value": 7.84764e-318}