{"correlation": 0.02495308758732159, "p_value": 3.0881430344459905e-15}