{"correlation": 0.01517763271165435, "p_value": 1.6110097940150453e-06}