{"correlation": 0.044970094426022164, "p_value": 6.950141578057802e-46}