{"correlation": 0.08277673750645231, "p_value": 2.307778992751131e-151}