{"correlation": 0.039841671279484916, "p_value": 2.210384533654216e-36}