{"correlation": 0.1100858995429258, "p_value": 8.207298032583898e-267}