{"correlation": 0.05435393792255523, "p_value": 3.1289306926391483e-66}