{"correlation": 0.0871037582348432, "p_value": 1.9165610272202886e-167}