{"correlation": -0.05371008087712787, "p_value": 1.0327352821429249e-64}