{"correlation": 0.055874744851925395, "p_value": 6.864875962503845e-70}