{"correlation": 0.054912173127533256, "p_value": 1.4591983336118652e-67}