{"correlation": 0.0758870128291129, "p_value": 1.8196109188714316e-127}