{"correlation": 0.08842298378394185, "p_value": 1.640070397314692e-172}