{"correlation": 0.10651245011648273, "p_value": 8.217104304817697e-250}