{"correlation": 0.1174747744929974, "p_value": 8.70720815855719e-304}