{"correlation": 0.08271118274285401, "p_value": 3.985170584407131e-151}