{"correlation": 0.10373191467451473, "p_value": 5.581864991773685e-237}