{"correlation": 0.10731221509259438, "p_value": 1.4443102846284004e-253}