{"correlation": 0.029091496776527746, "p_value": 3.718865425376888e-20}