{"correlation": 0.0180994603098421, "p_value": 1.061845691426341e-08}