{"correlation": 0.11117236220171027, "p_value": 4.282325376994307e-272}