{"correlation": -0.020735773703135552, "p_value": 5.603576382050371e-11}