{"correlation": 0.07598294185389508, "p_value": 8.742305193064261e-128}