{"correlation": -0.08705482519581643, "p_value": 2.944486926186675e-167}