{"correlation": -0.014832956796791252, "p_value": 2.758876596690861e-06}