{"correlation": -0.0034518739169540555, "p_value": 0.2753088376259723}