{"correlation": 0.0654547617261187, "p_value": 2.9191164843313888e-95}