{"correlation": 0.11109754481281717, "p_value": 9.934667213770521e-272}