{"correlation": -0.026533830571837502, "p_value": 4.9823208904527445e-17}