{"correlation": 0.016873541544503868, "p_value": 9.659296335426503e-08}