{"correlation": 0.07782745815261427, "p_value": 5.514314508561954e-134}