{"correlation": 0.050081741106095694, "p_value": 1.7136543814511698e-56}