{"correlation": 0.06254319700379575, "p_value": 3.989375603510772e-87}