{"correlation": -0.07845182954919654, "p_value": 4.0621168393867055e-136}