{"correlation": 0.02970982268039608, "p_value": 5.918854226039805e-21}