{"correlation": -0.09856471181852984, "p_value": 4.7264163970220775e-214}