{"correlation": 0.08383035557095428, "p_value": 3.3413012366133e-155}