{"correlation": 0.10387857550308482, "p_value": 1.198385260092465e-237}