{"correlation": 0.06538946828085154, "p_value": 4.485074000721404e-95}