{"correlation": -0.03176576743175477, "p_value": 9.999021768606788e-24}