{"correlation": 0.102084136258719, "p_value": 1.5411957750906522e-229}