{"correlation": 0.11288124363421737, "p_value": 1.642183814388833e-280}