{"correlation": -0.08505638009827181, "p_value": 9.87594793614907e-160}