{"correlation": -0.07006278808098126, "p_value": 6.753645729072467e-109}