{"correlation": 0.061731986104779236, "p_value": 6.331504940511067e-85}