{"correlation": 0.0983241030381314, "p_value": 5.165315048317263e-213}