{"correlation": 0.053387513743649036, "p_value": 5.861308147137342e-64}