{"correlation": 0.10627948054200839, "p_value": 1.007309233067696e-248}