{"correlation": -0.029379412167090096, "p_value": 1.5878076667549435e-20}