{"correlation": 0.034422955827727066, "p_value": 1.4028653534445994e-27}