{"correlation": -0.012421545104455598, "p_value": 8.644127979600938e-05}