{"correlation": 0.026675206672594085, "p_value": 3.403441848199347e-17}