{"correlation": 0.049859553783277416, "p_value": 5.2318063150799225e-56}