{"correlation": -0.11619995968187671, "p_value": 3.1249726506773907e-297}