{"correlation": -0.007986766026402498, "p_value": 0.011598085768419657}