{"correlation": 0.04112845788406499, "p_value": 1.167800539576881e-38}