{"correlation": 0.1149405161710925, "p_value": 7.920161131164797e-291}