{"correlation": 0.11141082051242476, "p_value": 2.91850281690825e-273}