{"correlation": -0.11938939199549158, "p_value": 9.0600937175e-314}