{"correlation": 0.04892744290161893, "p_value": 5.354859628949677e-54}