{"correlation": 0.08466931698054306, "p_value": 2.702108647598306e-158}