{"correlation": 0.010180766140801528, "p_value": 0.001292824203239956}