{"correlation": 0.09483109275180221, "p_value": 3.159629480788435e-198}