{"correlation": 0.041533336277739065, "p_value": 2.1679645370908183e-39}