{"correlation": 0.10725260520317668, "p_value": 2.757595645224646e-253}