{"correlation": 0.03845990506949393, "p_value": 5.125978887945031e-34}