{"correlation": 0.056785658802540634, "p_value": 3.9519712707163007e-72}