{"correlation": 0.08460302911796383, "p_value": 4.755076021746989e-158}