{"correlation": 0.07958221224972654, "p_value": 5.056077199251912e-140}