{"correlation": 0.08456519003535061, "p_value": 6.5642193813815894e-158}