{"correlation": 0.021767913508904755, "p_value": 5.974730194825727e-12}