{"correlation": 0.09344392228989741, "p_value": 1.6635361781857442e-192}