{"correlation": 0.06569251405541865, "p_value": 6.088431295754471e-96}