{"correlation": 0.05895458526113168, "p_value": 1.311696167461626e-77}