{"correlation": 0.07863609491696953, "p_value": 9.463437913327255e-137}