{"correlation": 0.05852933192067656, "p_value": 1.6153828205972278e-76}