{"correlation": 0.05827220091366273, "p_value": 7.307711262264085e-76}