{"correlation": 0.042827921247212186, "p_value": 8.912274820702134e-42}