{"correlation": -0.061874782741095244, "p_value": 2.607510489671448e-85}