{"correlation": 0.0847699451667731, "p_value": 1.1447720890069664e-158}