{"correlation": 0.07021587750730594, "p_value": 2.293655325138588e-109}