{"correlation": 0.09605610617088295, "p_value": 2.3759326906862722e-203}