{"correlation": 0.05914019881394936, "p_value": 4.359149628550588e-78}