{"correlation": -0.07477084807532326, "p_value": 8.596339799120939e-124}