{"correlation": 0.009333701576364728, "p_value": 0.003179321335771977}