{"correlation": 0.07405838104485171, "p_value": 1.7824509800168657e-121}