{"correlation": 0.044824573219052484, "p_value": 1.3407989283586075e-45}