{"correlation": 0.10586449426446257, "p_value": 8.629167962928387e-247}