{"correlation": 0.008477193869117942, "p_value": 0.007381082498411503}