{"correlation": 0.029248188004200766, "p_value": 2.342608220321801e-20}