{"correlation": 0.05510177286205074, "p_value": 5.1152060210440665e-68}