{"correlation": 0.10343768009389488, "p_value": 1.214509645783854e-235}