{"correlation": 0.0865524294096525, "p_value": 2.3852568812806453e-165}