{"correlation": 0.05562162989739765, "p_value": 2.8351668643596484e-69}