{"correlation": 0.020850434284261993, "p_value": 4.392467828950967e-11}