{"correlation": -0.03394913561300365, "p_value": 7.184214656720294e-27}