{"correlation": 0.06875854575702188, "p_value": 6.074573135535542e-105}