{"correlation": 0.09508648219327084, "p_value": 2.734923028160177e-199}