{"correlation": 0.01984344086855097, "p_value": 3.567804643005111e-10}