{"correlation": -0.032001738935497376, "p_value": 4.678629724305507e-24}