{"correlation": -0.10012018430687705, "p_value": 7.90936308756217e-221}