{"correlation": 0.11789850793185676, "p_value": 5.5568446231076466e-306}