{"correlation": 0.004424351601912736, "p_value": 0.16203516926235448}