{"correlation": 0.11617694462888914, "p_value": 4.097442573868007e-297}