{"correlation": 0.01085975031918058, "p_value": 0.0005987745332899313}