{"correlation": 0.08970721029198206, "p_value": 1.6125120178023336e-177}