{"correlation": 0.0894705163217478, "p_value": 1.367424042447058e-176}