{"correlation": 0.0960737292057938, "p_value": 2.002790271344514e-203}