{"correlation": 0.02393586815573836, "p_value": 3.858697355553044e-14}