{"correlation": 0.05468828340400988, "p_value": 5.008183889292518e-67}