{"correlation": -0.04679844531858831, "p_value": 1.5071895152481406e-49}