{"correlation": -0.007571411729133321, "p_value": 0.016717165945321074}