{"correlation": 0.05094810948102987, "p_value": 2.1052576510064136e-58}