{"correlation": -0.0991313781151376, "p_value": 1.6533510154800934e-216}