{"correlation": 0.11315498022439748, "p_value": 7.162246794168541e-282}