{"correlation": 0.04305610076125648, "p_value": 3.3257689725434856e-42}