{"correlation": 0.08019233004373225, "p_value": 3.738603450173097e-142}