{"correlation": 0.047305499222468565, "p_value": 1.368836875088419e-50}