{"correlation": 0.02905210995793338, "p_value": 4.175382063764896e-20}