{"correlation": -0.0659188272350578, "p_value": 1.362104167070729e-96}