{"correlation": 0.06626348399400632, "p_value": 1.3789508153486517e-97}