{"correlation": 0.11721611630823331, "p_value": 1.887159545263627e-302}