{"correlation": 0.028996846709987097, "p_value": 4.91065233487663e-20}