{"correlation": 0.02458347266427476, "p_value": 7.82221487882576e-15}