{"correlation": 0.05537631430083026, "p_value": 1.1139786634189159e-68}