{"correlation": 0.10955122597975821, "p_value": 3.121533029980565e-264}