{"correlation": 0.09407883757174093, "p_value": 4.101525966186002e-195}