{"correlation": 0.003735116672979026, "p_value": 0.23782766453737353}