{"correlation": 0.010312916826101165, "p_value": 0.0011167351527267585}