{"correlation": 0.10422440665347577, "p_value": 3.156358875847394e-239}