{"correlation": 0.09958048186987267, "p_value": 1.826344774429235e-218}