{"correlation": 0.0942240034651009, "p_value": 1.0330419568434685e-195}