{"correlation": -0.09615568265648809, "p_value": 9.044888912765858e-204}