{"correlation": 0.007112087548417794, "p_value": 0.02459524472076604}