{"correlation": 0.1043597086587858, "p_value": 7.582371286021023e-240}