{"correlation": 0.1090774916198181, "p_value": 5.884762805177486e-262}