{"correlation": -0.008559917590081597, "p_value": 0.006824514386110954}