{"correlation": 0.10164131791767728, "p_value": 1.4684012575825214e-227}