{"correlation": 0.1176485707767947, "p_value": 1.0978675441669632e-304}