{"correlation": 0.08498449012305385, "p_value": 1.8281005657190337e-159}