{"correlation": 0.04324346182565499, "p_value": 1.4746451290109392e-42}