{"correlation": 0.07813585600572956, "p_value": 4.900153467736642e-135}