{"correlation": 0.0969675741031076, "p_value": 3.3121449753956425e-207}