{"correlation": -0.004350875503687963, "p_value": 0.16911964715664637}