{"correlation": 0.08919073041247581, "p_value": 1.6987104939555768e-175}