{"correlation": 0.06470117468972725, "p_value": 4.0419513239626454e-93}