{"correlation": 0.0745316613201428, "p_value": 5.182755873760876e-123}