{"correlation": 0.011851743527611723, "p_value": 0.0001798883052217509}