{"correlation": 0.05809835745175978, "p_value": 2.019876701677786e-75}