{"correlation": 0.053530073598127906, "p_value": 2.7246970058234006e-64}