{"correlation": 0.11961001489368522, "p_value": 6.2540289e-315}