{"correlation": 0.037378098994734085, "p_value": 3.191006014060049e-32}