{"correlation": -0.057980741559118, "p_value": 4.011506824294714e-75}