{"correlation": -0.028602594277020367, "p_value": 1.548369952261186e-19}