{"correlation": 0.05031118165968357, "p_value": 5.384128304347366e-57}