{"correlation": 0.11770093961387208, "p_value": 5.878868374454731e-305}