{"correlation": 0.049508162374389646, "p_value": 3.0259906857575803e-55}