{"correlation": -0.0030415549348976265, "p_value": 0.33643057359232315}