{"correlation": -0.11003148107767001, "p_value": 1.5045064065595773e-266}