{"correlation": 0.015839435351993152, "p_value": 5.553252909502844e-07}