{"correlation": 0.056986257145600794, "p_value": 1.2551653740748e-72}