{"correlation": 0.03383740550839328, "p_value": 1.0525430476697059e-26}