{"correlation": 0.09845845266745137, "p_value": 1.3599029560915888e-213}