{"correlation": 0.10809429357696577, "p_value": 2.8833063358479974e-257}