{"correlation": 0.026011039687589648, "p_value": 2.0046218060848757e-16}