{"correlation": 0.05698950328006961, "p_value": 1.23204312819982e-72}