{"correlation": 0.07876467251087525, "p_value": 3.4172019377581415e-137}