{"correlation": 0.08769512452902342, "p_value": 1.0480830077479813e-169}