{"correlation": 0.1013780426458546, "p_value": 2.1841657715075424e-226}