{"correlation": 0.10295283476754334, "p_value": 1.9059306358426476e-233}