{"correlation": 0.03246334357679235, "p_value": 1.0421993268129805e-24}