{"correlation": -0.006590625219117427, "p_value": 0.03726081286846605}