{"correlation": 0.11409936753180781, "p_value": 1.367319253259194e-286}