{"correlation": -0.010924689271839969, "p_value": 0.0005550187460663964}