{"correlation": 0.09917281321442718, "p_value": 1.0919579304650916e-216}