{"correlation": -0.07785995670039032, "p_value": 4.2747094811265406e-134}