{"correlation": 0.003527148552644803, "p_value": 0.2649755830517758}