{"correlation": 0.040718400921044756, "p_value": 6.321148097590236e-38}