{"correlation": -0.004540893517760659, "p_value": 0.15126105334733672}