{"correlation": -0.03001325578201944, "p_value": 2.3688118655934296e-21}