{"correlation": 0.00016416713584026571, "p_value": 0.9586221913698163}