{"correlation": -0.09140255925847486, "p_value": 3.0550180985411476e-184}