{"correlation": 0.049011685120075074, "p_value": 3.536991558584531e-54}