{"correlation": 0.10808240205763402, "p_value": 3.283608668177748e-257}