{"correlation": 0.04721049449314983, "p_value": 2.1498280949189604e-50}