{"correlation": 0.11496603718043465, "p_value": 5.884069602604316e-291}