{"correlation": 0.07572077975545127, "p_value": 6.466718071995166e-127}