{"correlation": -0.04859346867152503, "p_value": 2.7527260739762e-53}