{"correlation": 0.012169148488682002, "p_value": 0.00012004877065641005}