{"correlation": 0.07738785982687091, "p_value": 1.70909190194453e-132}