{"correlation": 0.04220832053027908, "p_value": 1.2619761156394352e-40}