{"correlation": 0.060894762189627055, "p_value": 1.1027477484534919e-82}