{"correlation": 0.02960944050071903, "p_value": 7.997154485645705e-21}