{"correlation": 0.1071279536856833, "p_value": 1.0649980030806979e-252}