{"correlation": -0.002241728798155885, "p_value": 0.47865530179210525}