{"correlation": 0.08026878204629455, "p_value": 2.0160832336605697e-142}