{"correlation": 0.04663877360639036, "p_value": 3.190969909889965e-49}