{"correlation": 0.10834327718866411, "p_value": 1.8891457212181773e-258}