{"correlation": -0.017587846376037563, "p_value": 2.7161164166969365e-08}