{"correlation": 0.08681020498958084, "p_value": 2.5100471177830408e-166}