{"correlation": 0.02941947607818806, "p_value": 1.4095583926844725e-20}