{"correlation": 0.10182180146618086, "p_value": 2.2977841904856758e-228}