{"correlation": 0.10359417546668812, "p_value": 2.36286432448878e-236}