{"correlation": 0.1178191992665913, "p_value": 1.433128817209125e-305}