{"correlation": 0.04740440414876687, "p_value": 8.54740446489966e-51}