{"correlation": -0.08702300443964878, "p_value": 3.892455433764778e-167}