{"correlation": 0.0810971819562523, "p_value": 2.4090747319626713e-145}