{"correlation": 0.04135011735548163, "p_value": 4.654509546622504e-39}