{"correlation": 0.06377635453959488, "p_value": 1.5866597587060661e-90}