{"correlation": -0.008981527350439101, "p_value": 0.004532049198996328}