{"correlation": 0.006379211994519316, "p_value": 0.04379175777338354}