{"correlation": 0.115589778307188, "p_value": 4.0399055094401704e-294}