{"correlation": 0.03328158313259993, "p_value": 6.907758195859086e-26}