{"correlation": 0.10812317311413773, "p_value": 2.1025440762374532e-257}