{"correlation": 0.10301471610660831, "p_value": 1.0010419821433664e-233}