{"correlation": -0.06006160835867354, "p_value": 1.746264619719945e-80}