{"correlation": 0.04274000220916855, "p_value": 1.3011699043763917e-41}