{"correlation": 0.0839514811921273, "p_value": 1.2006017761942383e-155}