{"correlation": 0.0989809998263647, "p_value": 7.439843570717366e-216}