{"correlation": 0.11142062400362045, "p_value": 2.6130483825809774e-273}