{"correlation": 0.08959331247624475, "p_value": 4.51400654297587e-177}