{"correlation": 0.02364865009256049, "p_value": 7.728575416822163e-14}