{"correlation": 0.08103504331450383, "p_value": 4.0006606201847915e-145}