{"correlation": 0.05507495700596662, "p_value": 5.933984077596158e-68}