{"correlation": 0.02380374384327381, "p_value": 5.316747038218703e-14}