{"correlation": -0.06609380711564909, "p_value": 4.264601241884266e-97}