{"correlation": 0.09568600359390853, "p_value": 8.52882427695957e-202}