{"correlation": 0.09238804200416585, "p_value": 3.300997716519158e-188}