{"correlation": -0.00799650135201573, "p_value": 0.011496962304367754}