{"correlation": 0.08674146484263295, "p_value": 4.578577932352889e-166}