{"correlation": 0.11596455074965363, "p_value": 4.980447637234898e-296}