{"correlation": 0.023662984852639554, "p_value": 7.466680824954982e-14}