{"correlation": 0.09030289312191729, "p_value": 7.2445724184442105e-180}