{"correlation": 0.016629612951058904, "p_value": 1.4729183429971763e-07}