{"correlation": 0.11803783896110608, "p_value": 1.0502291640526326e-306}