{"correlation": 0.10570349092578894, "p_value": 4.827989859408534e-246}