{"correlation": -0.09013988903419642, "p_value": 3.1911788277609785e-179}