{"correlation": 0.11177110815859438, "p_value": 4.9866398502200805e-275}