{"correlation": 0.09969522264342866, "p_value": 5.757097869624534e-219}