{"correlation": 0.10532977200433034, "p_value": 2.6005561181441106e-244}