{"correlation": 0.09517644267874345, "p_value": 1.1532472657215104e-199}