{"correlation": 0.01257447323928276, "p_value": 7.063451686393737e-05}