{"correlation": 0.057934619304412655, "p_value": 5.24800688287754e-75}