{"correlation": -0.003627587020990318, "p_value": 0.2516088349337201}