{"correlation": 0.07407950065093552, "p_value": 1.5228779967221497e-121}