{"correlation": 0.08219511155214815, "p_value": 2.8943575445506084e-149}