{"correlation": 0.12009157231099427, "p_value": 1.7965235e-317}