{"correlation": -0.07780607192955855, "p_value": 6.519862200501264e-134}