{"correlation": 0.08804765941819209, "p_value": 4.618317137832714e-171}