{"correlation": 0.052498087502918546, "p_value": 6.661065236133515e-62}