{"correlation": -0.02620690420688049, "p_value": 1.1936878434346287e-16}