{"correlation": 0.08471899113431107, "p_value": 1.7686378106626594e-158}