{"correlation": 0.03337506476802623, "p_value": 5.04481526238348e-26}