{"correlation": 0.10330167690371134, "p_value": 5.027782735216087e-235}