{"correlation": 0.10284522062855991, "p_value": 5.8348542563628255e-233}