{"correlation": 0.05074743778755522, "p_value": 5.871630957215522e-58}