{"correlation": 0.04195935083305581, "p_value": 3.6214652413226867e-40}