{"correlation": -0.0016068421472977825, "p_value": 0.611579828866701}