{"correlation": 0.04652011490861717, "p_value": 5.562716430789601e-49}