{"correlation": 0.09883194681150184, "p_value": 3.296173214127822e-215}