{"correlation": -0.01179305508997333, "p_value": 0.00019365350628793555}