{"correlation": -0.04418820321815019, "p_value": 2.3146973989609167e-44}