{"correlation": 0.10362271476970676, "p_value": 1.7525316893404834e-236}