{"correlation": -0.046049961914742144, "p_value": 4.961483183983883e-48}