{"correlation": 0.058065673375484676, "p_value": 2.444507589616544e-75}