{"correlation": 0.047142537379574107, "p_value": 2.96755983200934e-50}