{"correlation": 0.028207932876606518, "p_value": 4.813216356602536e-19}