{"correlation": 0.1197997156533983, "p_value": 6.253827e-316}