{"correlation": 0.05008087994050982, "p_value": 1.7211000648531997e-56}