{"correlation": 0.11864695286330616, "p_value": 7.0446434178773e-310}