{"correlation": 0.043915774945274585, "p_value": 7.739833875601451e-44}