{"correlation": -0.060952209578276795, "p_value": 7.75690837807299e-83}