{"correlation": 0.04420511065695816, "p_value": 2.147102712815743e-44}