{"correlation": 0.01896029814236428, "p_value": 2.064262288363867e-09}