{"correlation": 0.07265899391147863, "p_value": 5.449019928870289e-117}