{"correlation": 0.07034483134643067, "p_value": 9.218529836553688e-110}