{"correlation": 0.09941239308164342, "p_value": 9.885846071093114e-218}