{"correlation": -0.11082253166973734, "p_value": 2.1796898670418332e-270}