{"correlation": 0.1025892818585389, "p_value": 8.310353834751422e-232}