{"correlation": 0.07699389919593254, "p_value": 3.64737343710129e-131}