{"correlation": 0.037525749336974924, "p_value": 1.8282561341844745e-32}