{"correlation": 0.1159673291363025, "p_value": 4.82049367297193e-296}