{"correlation": 0.1177349343145979, "p_value": 3.9187194714163955e-305}