{"correlation": 0.10855132438664607, "p_value": 1.9280144823075633e-259}