{"correlation": 0.04167842565593939, "p_value": 1.181008208542821e-39}