{"correlation": 0.09313793430740064, "p_value": 2.961811487159487e-191}