{"correlation": 0.07946311908722724, "p_value": 1.3118433137142215e-139}