{"correlation": -0.034816103171417104, "p_value": 3.556887423696315e-28}