{"correlation": 0.048701336587501864, "p_value": 1.6242318728816505e-53}