{"correlation": -0.03534857041772237, "p_value": 5.411205947995257e-29}