{"correlation": 0.010651313288632523, "p_value": 0.0007618666130824404}