{"correlation": 0.11671543112158576, "p_value": 7.131541116052458e-300}