{"correlation": 0.013324383262112533, "p_value": 2.5405555040535388e-05}