{"correlation": 0.09739113983186985, "p_value": 5.196664633733445e-209}