{"correlation": 0.0015441687645986698, "p_value": 0.6255409221153596}