{"correlation": 0.07076057075028983, "p_value": 4.824326376325032e-111}