{"correlation": -0.0014837190731615993, "p_value": 0.6391351801106933}