{"correlation": 0.04222735150220131, "p_value": 1.1639766319497853e-40}