{"correlation": 0.08195517178435863, "p_value": 2.1029871714103272e-148}