{"correlation": -0.023984836282748882, "p_value": 3.424984664525878e-14}