{"correlation": 0.01518692398362654, "p_value": 1.587564439407681e-06}