{"correlation": 0.07282557740415109, "p_value": 1.6102924787567928e-117}