{"correlation": -0.11290601895744823, "p_value": 1.2371894835231534e-280}