{"correlation": 0.08818361331436822, "p_value": 1.3807290655330293e-171}