{"correlation": 0.0018753458279768824, "p_value": 0.5533976288215342}