{"correlation": -0.015190636033563232, "p_value": 1.5782895444260112e-06}