{"correlation": 0.06506613647550594, "p_value": 3.738090376641928e-94}