{"correlation": 0.1185977238145608, "p_value": 1.2733880162124e-309}