{"correlation": 0.09802604099870445, "p_value": 9.909960006964224e-212}