{"correlation": 0.0012641771177935755, "p_value": 0.6895063089449502}