{"correlation": 0.11335769815899664, "p_value": 7.005492101905415e-283}