{"correlation": 0.08136079691088273, "p_value": 2.7889362036772136e-146}