{"correlation": 0.12002262712517284, "p_value": 4.1589053e-317}