{"correlation": 0.06385677012706809, "p_value": 9.471643810307374e-91}