{"correlation": 0.060171337427357766, "p_value": 8.998022110427216e-81}