{"correlation": 0.03024488365694248, "p_value": 1.170228954743198e-21}