{"correlation": 0.07292108422826492, "p_value": 7.99515736004937e-118}