{"correlation": 0.0056593113971422915, "p_value": 0.07368599638893705}