{"correlation": 0.03372363246908101, "p_value": 1.5508842653052376e-26}