{"correlation": 0.05074977160364631, "p_value": 5.802139912501116e-58}