{"correlation": 0.0651304909534406, "p_value": 2.453168069775287e-94}