{"correlation": 0.04579243163980749, "p_value": 1.6296262460973233e-47}