{"correlation": -0.08058956066554905, "p_value": 1.5009729969184598e-143}