{"correlation": 0.0421248339872787, "p_value": 1.7983535665981922e-40}