{"correlation": 0.10831936420471966, "p_value": 2.455073469701425e-258}