{"correlation": 0.03024778709008111, "p_value": 1.159891182357978e-21}