{"correlation": -0.08284184229686666, "p_value": 1.3408554885540498e-151}