{"correlation": 0.07618554255966004, "p_value": 1.8532648198147135e-128}