{"correlation": 0.0889178780900486, "p_value": 1.967313367653901e-174}