{"correlation": 0.0777186616132997, "p_value": 1.292294923698985e-133}