{"correlation": 0.08335623985462991, "p_value": 1.8097631001141324e-153}