{"correlation": 0.04538031711804286, "p_value": 1.0779229030648015e-46}