{"correlation": -0.005997306657398387, "p_value": 0.058042149645880364}