{"correlation": 0.03777784223738819, "p_value": 7.028485396596618e-33}