{"correlation": 0.10741086165191044, "p_value": 4.948881835090501e-254}