{"correlation": 0.08320383592764231, "p_value": 6.498419350826676e-153}