{"correlation": 0.09133915058895477, "p_value": 5.479528189723649e-184}