{"correlation": 0.03107239516441014, "p_value": 9.021144797382107e-23}