{"correlation": 0.017843694857880336, "p_value": 1.703548459010474e-08}