{"correlation": -0.053466575927473795, "p_value": 3.833586169195171e-64}