{"correlation": 0.03697463170710391, "p_value": 1.4457893763702477e-31}