{"correlation": -0.09318346880811787, "p_value": 1.930761996901822e-191}