{"correlation": 0.029929396845201545, "p_value": 3.0537955611279568e-21}