{"correlation": 0.03448822798728153, "p_value": 1.118243523203228e-27}