{"correlation": 0.08551600907042967, "p_value": 1.9028790845121042e-161}