{"correlation": 0.1060249840431085, "p_value": 1.5466797225621514e-247}