{"correlation": 0.10685774690849874, "p_value": 1.981526951531202e-251}