{"correlation": 0.05027813989454179, "p_value": 6.363061091726875e-57}