{"correlation": 0.029969455285357913, "p_value": 2.705105477863141e-21}