{"correlation": 0.08739878323408833, "p_value": 1.4319058891887426e-168}