{"correlation": -0.06060437747056642, "p_value": 6.494958061883552e-82}