{"correlation": -0.058766253272384404, "p_value": 3.996985322787244e-77}