{"correlation": 0.08138900098655132, "p_value": 2.2134534397217326e-146}