{"correlation": 0.07463103143285325, "p_value": 2.458742350289199e-123}