{"correlation": 0.04512854148762863, "p_value": 3.390235550919807e-46}