{"correlation": 0.10156388339478022, "p_value": 3.250907974591467e-227}