{"correlation": 0.10174764146909861, "p_value": 4.925801838029779e-228}