{"correlation": -0.010609498819852224, "p_value": 0.0007991942916600075}