{"correlation": 0.0028376388826364222, "p_value": 0.3698274038269719}