{"correlation": 0.09343980572523508, "p_value": 1.7293529683808843e-192}