{"correlation": 0.11655877584481295, "p_value": 4.54225687080649e-299}