{"correlation": -0.027089418045538254, "p_value": 1.101668402154428e-17}