{"correlation": 0.06632568818870206, "p_value": 9.10910625099925e-98}