{"correlation": -0.09128917290470424, "p_value": 8.68165785891551e-184}