{"correlation": 0.11251364981020728, "p_value": 1.088735487764347e-278}