{"correlation": -0.053904383901104025, "p_value": 3.610880480136448e-65}