{"correlation": -0.08239786578782173, "p_value": 5.392183419147765e-150}