{"correlation": 0.035820615527013246, "p_value": 9.955701160193879e-30}