{"correlation": 0.07929847029130216, "p_value": 4.890001616247895e-139}