{"correlation": -0.009720471196584243, "p_value": 0.0021256739729076236}