{"correlation": 0.10484798232686339, "p_value": 4.342933214619929e-242}