{"correlation": 0.06814828972232362, "p_value": 4.054465339740321e-103}