{"correlation": 0.05890436543857769, "p_value": 1.766116696113676e-77}