{"correlation": 0.03598666001869851, "p_value": 5.45963808735706e-30}