{"correlation": 0.041854715148215454, "p_value": 5.629861878505703e-40}