{"correlation": 0.06940912817278204, "p_value": 6.615011463020567e-107}