{"correlation": 0.07179471584997477, "p_value": 2.90709359895422e-114}