{"correlation": 0.046010851413425785, "p_value": 5.946113000667807e-48}