{"correlation": 0.06375836962570744, "p_value": 1.7805559631503313e-90}