{"correlation": -0.01450082017497643, "p_value": 4.58316230977685e-06}