{"correlation": 0.02906869856323372, "p_value": 3.9767237726799854e-20}