{"correlation": 0.09082561512803357, "p_value": 6.124508159157588e-182}