{"correlation": 0.10681100643552723, "p_value": 3.2831633015159822e-251}