{"correlation": 0.11550649652386391, "p_value": 1.0709040482278133e-293}