{"correlation": 0.1037234629977253, "p_value": 6.098957442105386e-237}