{"correlation": 0.11116969103160639, "p_value": 4.412983783008465e-272}