{"correlation": 0.03738429261728564, "p_value": 3.117451969905166e-32}