{"correlation": 0.0965843939736033, "p_value": 1.398177235119511e-205}