{"correlation": 0.11416157795978792, "p_value": 6.661750754689113e-287}