{"correlation": 0.043828872099442036, "p_value": 1.135748466424611e-43}