{"correlation": -0.015891357259285595, "p_value": 5.09894573022525e-07}