{"correlation": 0.0924192366859022, "p_value": 2.468244403928182e-188}