{"correlation": 0.05200193617066931, "p_value": 9.020182345286957e-61}