{"correlation": 0.06741103236045501, "p_value": 6.169228987257759e-101}