{"correlation": 0.062381690800311515, "p_value": 1.0998296534417557e-86}