{"correlation": 0.06918213087816512, "p_value": 3.2177682570063237e-106}