{"correlation": 0.00985612870268372, "p_value": 0.0018396786456442397}