{"correlation": 0.024771973248689353, "p_value": 4.877657807625569e-15}