{"correlation": 0.10561811053586653, "p_value": 1.201858610048037e-245}