{"correlation": 0.023077878066923692, "p_value": 2.9998758562966425e-13}