{"correlation": 0.07390359655845324, "p_value": 5.641182108968637e-121}