{"correlation": 0.0755395191910686, "p_value": 2.5691278051140816e-126}