{"correlation": 0.056029624729565776, "p_value": 2.873155576553718e-70}