{"correlation": 0.04292326673916492, "p_value": 5.907203555637373e-42}