{"correlation": 0.04734878938960888, "p_value": 1.1140067636984533e-50}