{"correlation": 0.024083608712778724, "p_value": 2.6909039075488607e-14}