{"correlation": 0.08849161874069783, "p_value": 8.893995533676117e-173}