{"correlation": 0.04929748228996279, "p_value": 8.615577327478899e-55}