{"correlation": -0.016579628864908207, "p_value": 1.6047822982691663e-07}