{"correlation": 0.05527340524331449, "p_value": 1.9742449434603806e-68}