{"correlation": -0.028181179728507248, "p_value": 5.194964942664999e-19}