{"correlation": -0.015313146509119966, "p_value": 1.2998086127869285e-06}