{"correlation": 0.03229480925015113, "p_value": 1.80769689428379e-24}