{"correlation": 0.1151165816156389, "p_value": 1.018116906459421e-291}