{"correlation": -0.11811048248323214, "p_value": 4.4024984755147034e-307}