{"correlation": 0.10648638616191222, "p_value": 1.0879567755530113e-249}