{"correlation": 0.06425625509058684, "p_value": 7.230336101487469e-92}