{"correlation": 0.025750604765909534, "p_value": 3.970533490500197e-16}