{"correlation": 0.02825193717435831, "p_value": 4.2447001452967155e-19}