{"correlation": -0.11437422239321192, "p_value": 5.68651990083402e-288}