{"correlation": 0.08679896532108408, "p_value": 2.769364667734109e-166}