{"correlation": 0.046458916009033596, "p_value": 7.405129884296679e-49}