{"correlation": 0.025215585440865627, "p_value": 1.5830267975149958e-15}