{"correlation": 0.07928063223685113, "p_value": 5.638266304713029e-139}