{"correlation": 0.03793150826242222, "p_value": 3.9123533037850206e-33}