{"correlation": 0.06200648559758465, "p_value": 1.1483817270060241e-85}