{"correlation": 0.07384668912968069, "p_value": 8.611177606649703e-121}