{"correlation": -0.06935877231135529, "p_value": 9.400082755404734e-107}