{"correlation": 0.06429725686679595, "p_value": 5.547411495291571e-92}