{"correlation": 0.013715277611340827, "p_value": 1.4594587288015644e-05}