{"correlation": -0.08785151224360785, "p_value": 2.6277300176009063e-170}