{"correlation": -0.07740576162551534, "p_value": 1.4866289636480207e-132}