{"correlation": -0.002196126690138201, "p_value": 0.4876476854499007}