{"correlation": 0.07412291497173827, "p_value": 1.1017810646375466e-121}