{"correlation": 0.09545883656267387, "p_value": 7.626972488665957e-201}