{"correlation": -0.05081595919599587, "p_value": 4.1385791185638726e-58}