{"correlation": -0.06984760253332442, "p_value": 3.069357325670451e-108}