{"correlation": 0.08324431219875236, "p_value": 4.628695088926357e-153}