{"correlation": 0.031440506966272694, "p_value": 2.8227324080962836e-23}