{"correlation": 0.11355179401797838, "p_value": 7.534149100678605e-284}