{"correlation": -0.0897843596610108, "p_value": 8.02338471334858e-178}