{"correlation": 0.057564552813336486, "p_value": 4.496542864965672e-74}