{"correlation": -0.055561753148425964, "p_value": 3.96166287215122e-69}