{"correlation": -0.08935378181940574, "p_value": 3.916184058486735e-176}