{"correlation": 0.08244051922382016, "p_value": 3.7844937717307806e-150}