{"correlation": 0.09601660734565655, "p_value": 3.4840683592038014e-203}