{"correlation": 0.013209540735134773, "p_value": 2.9815986456269275e-05}