{"correlation": 0.11813594212988884, "p_value": 3.2457060522540693e-307}