{"correlation": 0.0024940423753700806, "p_value": 0.430575399943764}