{"correlation": 0.11286732424306581, "p_value": 1.9253335115978206e-280}