{"correlation": -0.0009410357961022527, "p_value": 0.7661604737536897}