{"correlation": 0.06946367762934358, "p_value": 4.519551770388492e-107}