{"correlation": -0.026026229187513225, "p_value": 1.9258892603960272e-16}