{"correlation": 0.021625888878700334, "p_value": 8.180502766381146e-12}