{"correlation": 0.005446309836358101, "p_value": 0.08520718109292513}