{"correlation": 0.014445519636040823, "p_value": 4.982181496305761e-06}