{"correlation": 0.026760338363173247, "p_value": 2.702952255143906e-17}