{"correlation": 0.04747032085204331, "p_value": 6.241576089310808e-51}