{"correlation": 0.11304425657709608, "p_value": 2.5451448621292794e-281}