{"correlation": -0.009632905295338445, "p_value": 0.0023313591550129437}