{"correlation": 0.04457440624634081, "p_value": 4.128541401349048e-45}