{"correlation": 0.05138730009939085, "p_value": 2.1991997772782844e-59}