{"correlation": 0.10633316745467034, "p_value": 5.65654191489976e-249}