{"correlation": -0.028776424670897634, "p_value": 9.34975551896067e-20}