{"correlation": 0.11086926103445735, "p_value": 1.2904319294566814e-270}