{"correlation": 0.11051329885628099, "p_value": 6.957658742909887e-269}