{"correlation": 0.05497921280249353, "p_value": 1.0076818862032665e-67}