{"correlation": 0.00476902129883101, "p_value": 0.13176220008048486}