{"correlation": 0.09670948809905029, "p_value": 4.1269716279332774e-206}