{"correlation": 0.0025229691470581113, "p_value": 0.42524817523840197}