{"correlation": 0.08471633765608651, "p_value": 1.8091473225747131e-158}