{"correlation": 0.058727437783955595, "p_value": 5.026575461415834e-77}