{"correlation": 0.08713520189190509, "p_value": 1.4542291154064534e-167}