{"correlation": 0.034554572569302784, "p_value": 8.876673152606625e-28}