{"correlation": -0.06784367982279968, "p_value": 3.2544467621771017e-102}