{"correlation": 0.04505154779070994, "p_value": 4.806849118369707e-46}