{"correlation": 0.0729378470611946, "p_value": 7.069937317618286e-118}