{"correlation": 0.11906424085396032, "p_value": 4.614712380133e-312}