{"correlation": 0.07371533882444994, "p_value": 2.28300141885013e-120}