{"correlation": 0.019722131995279838, "p_value": 4.561214633190957e-10}