{"correlation": -0.04294557016314583, "p_value": 5.3646940701890013e-42}