{"correlation": 0.046347501926651685, "p_value": 1.2453951619194936e-48}