{"correlation": 0.070609412884619, "p_value": 1.4130368154514466e-110}