{"correlation": 0.11106628681992793, "p_value": 1.4117902134621238e-271}