{"correlation": 0.009768889118562956, "p_value": 0.0020192222519157615}