{"correlation": 0.04090967380473048, "p_value": 2.881326659686924e-38}