{"correlation": 0.11730423247877203, "p_value": 6.622799846908685e-303}