{"correlation": -0.05917040475566164, "p_value": 3.642515783279071e-78}