{"correlation": 0.04705006761745998, "p_value": 4.5980139734125565e-50}