{"correlation": 0.06498934969401297, "p_value": 6.175506941033981e-94}