{"correlation": 0.11979779592003226, "p_value": 6.40138526e-316}