{"correlation": -0.012181111714840306, "p_value": 0.00011821056996061577}