{"correlation": -0.009985244920159078, "p_value": 0.0016007419589741173}