{"correlation": 0.11742792498768044, "p_value": 1.520805140416586e-303}