{"correlation": 0.09986279168151223, "p_value": 1.0639625889178997e-219}