{"correlation": 0.11311243120219623, "p_value": 1.1660687801214079e-281}