{"correlation": 0.0440749059723771, "p_value": 3.827410107626397e-44}