{"correlation": 0.006495887761390876, "p_value": 0.04007709349506937}