{"correlation": 0.08637859102690902, "p_value": 1.0847170304067249e-164}