{"correlation": 0.04898733585301692, "p_value": 3.987729586824601e-54}