{"correlation": 0.0404725432034083, "p_value": 1.7260050291857777e-37}