{"correlation": 0.09632923208773954, "p_value": 1.6762215673078293e-204}