{"correlation": 0.09665178093853648, "p_value": 7.247370118982221e-206}