{"correlation": 0.1070765574322111, "p_value": 1.8582426845608784e-252}