{"correlation": 0.0676855471139706, "p_value": 9.559800259205964e-102}