{"correlation": -0.002409456870958468, "p_value": 0.44637325554457236}