{"correlation": 0.09009857425168517, "p_value": 4.6448902528303245e-179}