{"correlation": 0.09928893675868429, "p_value": 3.4110983251963182e-217}