{"correlation": 0.03038827843833283, "p_value": 7.542510368964757e-22}