{"correlation": 0.1113611910310077, "p_value": 5.1068663363444035e-273}