{"correlation": 0.07760561627703172, "p_value": 3.1269662587386224e-133}