{"correlation": 0.024426116035542973, "p_value": 1.1571614202516955e-14}