{"correlation": 0.11326140199581637, "p_value": 2.114755432389125e-282}