{"correlation": 0.029087961953232856, "p_value": 3.757735012713037e-20}