{"correlation": 0.011446033015297955, "p_value": 0.00029749405288482866}