{"correlation": -0.11846285546665285, "p_value": 6.438098992884006e-309}