{"correlation": 0.009875090841380545, "p_value": 0.0018026475751881717}