{"correlation": -0.003911793554371384, "p_value": 0.21635793998970965}