{"correlation": 0.018220637289666882, "p_value": 8.468989732728492e-09}