{"correlation": -0.0017199523703924453, "p_value": 0.5867397626616683}