{"correlation": 0.07771137405147943, "p_value": 1.368100938422255e-133}