{"correlation": 0.05230335613633349, "p_value": 1.8577420944462632e-61}