{"correlation": 0.05640115196657607, "p_value": 3.521149229525936e-71}