{"correlation": 0.0122038935190194, "p_value": 0.00011478321044472282}