{"correlation": 0.09355034827605556, "p_value": 6.096909117636551e-193}