{"correlation": 0.0938116182245718, "p_value": 5.1618703412926594e-194}