{"correlation": 0.08762392649735745, "p_value": 1.9659260729321255e-169}