{"correlation": -0.11353870425536906, "p_value": 8.75782921698347e-284}