{"correlation": 0.07498641702245352, "p_value": 1.6941477949804463e-124}