{"correlation": -0.018502790067876432, "p_value": 4.973962054317301e-09}