{"correlation": -0.04789296930866693, "p_value": 8.22867131528119e-52}