{"correlation": 0.09130063762232211, "p_value": 7.812056167947127e-184}