{"correlation": 0.01547574242600176, "p_value": 1.002340571871021e-06}