{"correlation": 0.048119291691225814, "p_value": 2.7601140575879722e-52}