{"correlation": 0.11080184834441709, "p_value": 2.7487163058864706e-270}