{"correlation": 0.08031957735689318, "p_value": 1.3371217028071559e-142}