{"correlation": 0.012350817913194189, "p_value": 9.483232119119024e-05}