{"correlation": 0.060479017960000096, "p_value": 1.3928035113800048e-81}