{"correlation": 0.08515596285964903, "p_value": 4.204999880975685e-160}