{"correlation": -0.10423986189056156, "p_value": 2.6821146668536526e-239}