{"correlation": -0.021815930072650144, "p_value": 5.370169985383124e-12}