{"correlation": -0.041679737343271094, "p_value": 1.174529321713474e-39}