{"correlation": -0.0466486475258806, "p_value": 3.046565651482788e-49}