{"correlation": 0.020230601572465125, "p_value": 1.6134295283891968e-10}