{"correlation": 0.07069542781750407, "p_value": 7.6682433332082e-111}