{"correlation": 0.11946934112256334, "p_value": 3.440922305e-314}