{"correlation": -0.07396031916133479, "p_value": 3.699409836694016e-121}