{"correlation": 0.09586322553738517, "p_value": 1.5382234545727671e-202}