{"correlation": 0.07116122418404246, "p_value": 2.763860400553631e-112}