{"correlation": 0.060747388653372134, "p_value": 2.7150118167664525e-82}