{"correlation": 0.040204921256484505, "p_value": 5.115979203765815e-37}