{"correlation": -0.06479387727837785, "p_value": 2.210632548975048e-93}