{"correlation": 0.06625437687218073, "p_value": 1.4652052355780696e-97}