{"correlation": -0.1016289816142504, "p_value": 1.6666755316613842e-227}