{"correlation": 0.05454300772571221, "p_value": 1.1117929922743424e-66}