{"correlation": -0.001992729413276323, "p_value": 0.5288424199348815}