{"correlation": 0.014674830272416122, "p_value": 3.517653151522536e-06}