{"correlation": 0.006098384299954983, "p_value": 0.053939207589124426}