{"correlation": 0.05838046995608535, "p_value": 3.873668720680602e-76}