{"correlation": 0.06573890850391562, "p_value": 4.481023283288555e-96}