{"correlation": -0.05077325712316816, "p_value": 5.1468673742732794e-58}