{"correlation": 0.06634487444111362, "p_value": 8.014931855206144e-98}