{"correlation": 0.01502314918799462, "p_value": 2.053183617620488e-06}