{"correlation": -0.0037102643776197905, "p_value": 0.24096440940240355}