{"correlation": 0.0006783145476888229, "p_value": 0.8302573107787908}