{"correlation": 0.05629856152155359, "p_value": 6.295481537780708e-71}