{"correlation": 0.0774131567176201, "p_value": 1.4033966600385727e-132}