{"correlation": 0.07981732207908881, "p_value": 7.665414070445663e-141}