{"correlation": 0.021130536208277644, "p_value": 2.4099331466951677e-11}