{"correlation": 0.05523317895861663, "p_value": 2.4684333766594685e-68}