{"correlation": 0.09724074703466483, "p_value": 2.2767317076808613e-208}