{"correlation": 0.09367620374919322, "p_value": 1.8576055202172867e-193}