{"correlation": 0.06659080027942126, "p_value": 1.5492020304067423e-98}