{"correlation": -0.003419672168037063, "p_value": 0.27981220511789684}