{"correlation": 0.01096802480924568, "p_value": 0.0005274964562154847}