{"correlation": 0.08487250316161062, "p_value": 4.76563887048027e-159}