{"correlation": 0.1126013198593357, "p_value": 4.009150562785032e-279}