{"correlation": 0.023729608689392955, "p_value": 6.35956480624646e-14}