{"correlation": -0.07916610580903219, "p_value": 1.4054750095817888e-138}