{"correlation": 0.06185977931719356, "p_value": 2.8625223979270007e-85}