{"correlation": 0.10582606167676278, "p_value": 1.301903538093582e-246}