{"correlation": 0.09331673202222747, "p_value": 5.512451328336319e-192}