{"correlation": 0.04846813639092235, "p_value": 5.07384340905475e-53}