{"correlation": 0.07142662379119946, "p_value": 4.1206135403452176e-113}