{"correlation": 0.06460901333032065, "p_value": 7.3580409936665766e-93}