{"correlation": 0.05003852292407333, "p_value": 2.129988551236094e-56}