{"correlation": 0.11536065307622284, "p_value": 5.894142017583847e-293}