{"correlation": 0.11037549845933925, "p_value": 3.2457978516173256e-268}