{"correlation": 0.07989251449348049, "p_value": 4.1879406827583393e-141}