{"correlation": 0.02847663613317794, "p_value": 2.2274361590799323e-19}