{"correlation": 0.06430516780266271, "p_value": 5.2708482880698726e-92}