{"correlation": 0.10232908617707039, "p_value": 1.2285494044255754e-230}