{"correlation": -0.03878861873038741, "p_value": 1.4275088304106692e-34}