{"correlation": 0.11649013130379306, "p_value": 1.0215620832771026e-298}