{"correlation": 0.1024542325126486, "p_value": 3.3662372777474204e-231}