{"correlation": 0.050745209803944716, "p_value": 5.938744120900493e-58}