{"correlation": 0.07038701690996557, "p_value": 6.839124427755075e-110}