{"correlation": 0.04774732345154036, "p_value": 1.6574683583744263e-51}