{"correlation": 0.09045309534624467, "p_value": 1.843329750520592e-180}