{"correlation": -0.08120463574838617, "p_value": 1.0012075861598027e-145}