{"correlation": 0.020662464888450232, "p_value": 6.543170813457058e-11}