{"correlation": 0.03196334447684706, "p_value": 5.2960198367275514e-24}