{"correlation": 0.07690692538851993, "p_value": 7.153292564349333e-131}