{"correlation": 0.08126529705096829, "p_value": 6.095752825127046e-146}