{"correlation": 0.07143910427475368, "p_value": 3.76718315186561e-113}