{"correlation": 0.11956603678715885, "p_value": 1.066005468e-314}