{"correlation": 0.07381604788246121, "p_value": 1.0812120986881761e-120}