{"correlation": 0.10856732160554149, "p_value": 1.6174008451745116e-259}