{"correlation": 0.11625753258106382, "p_value": 1.586333719031924e-297}