{"correlation": -0.051035944889215056, "p_value": 1.3420704266860622e-58}