{"correlation": -0.0016443332790160312, "p_value": 0.6032948515357138}