{"correlation": 0.0978452570911151, "p_value": 5.919780679151301e-211}