{"correlation": 0.11348106778690623, "p_value": 1.698657716727086e-283}