{"correlation": 0.04263614365814963, "p_value": 2.0325574153369286e-41}