{"correlation": -0.06256264589225863, "p_value": 3.5301373615176665e-87}