{"correlation": -0.1080338984475375, "p_value": 5.579296635618982e-257}