{"correlation": 0.04959298765280532, "p_value": 1.983179784460138e-55}