{"correlation": 0.057789199774088515, "p_value": 1.222614822740669e-74}