{"correlation": 0.09392783591651849, "p_value": 1.71731998771958e-194}