{"correlation": -0.011916978498324729, "p_value": 0.00016566932761786655}