{"correlation": 0.08262239194090507, "p_value": 8.346250608835225e-151}