{"correlation": 0.05684134282402874, "p_value": 2.875537311989488e-72}