{"correlation": 0.08315331397323221, "p_value": 9.922597475184903e-153}