{"correlation": 0.04323421011132267, "p_value": 1.5351972534835822e-42}