{"correlation": 0.08197912003456713, "p_value": 1.72578476271067e-148}