{"correlation": 0.05630598235975315, "p_value": 6.03658238877803e-71}