{"correlation": 0.03917920846015347, "p_value": 3.081697045608212e-35}