{"correlation": 0.024972545621793622, "p_value": 2.939588197979297e-15}