{"correlation": -0.01955450390387538, "p_value": 6.389474761479792e-10}