{"correlation": 0.09612163117952806, "p_value": 1.2585857199034173e-203}