{"correlation": 0.027866936614573748, "p_value": 1.2665687651080458e-18}