{"correlation": 0.059255505459472335, "p_value": 2.194990994356367e-78}