{"correlation": 0.11704056414858102, "p_value": 1.5163053991934223e-301}