{"correlation": 0.1151674624896361, "p_value": 5.62427999705388e-292}