{"correlation": 0.06038769066394751, "p_value": 2.425641405300151e-81}