{"correlation": 0.08579034939625095, "p_value": 1.7832620536509509e-162}