{"correlation": 0.11823770063530102, "p_value": 9.591198607908822e-308}