{"correlation": 0.0722129520921715, "p_value": 1.4055934153619518e-115}