{"correlation": -0.0554355648526809, "p_value": 8.008991746585101e-69}