{"correlation": 0.08766716912865982, "p_value": 1.341780026748507e-169}