{"correlation": 0.08433153727192687, "p_value": 4.790980176264419e-157}