{"correlation": 0.05805832739644753, "p_value": 2.5515836411699303e-75}