{"correlation": -0.020513505665329695, "p_value": 8.951183443075116e-11}