{"correlation": -0.052879577550205135, "p_value": 8.832976680511834e-63}