{"correlation": 0.0489716936014467, "p_value": 4.3070150367133104e-54}