{"correlation": -0.02475489588545461, "p_value": 5.091630216474538e-15}