{"correlation": 0.08948851218443565, "p_value": 1.16253007113098e-176}