{"correlation": 0.05350557423312917, "p_value": 3.1085135179683085e-64}