{"correlation": -0.005807379228685987, "p_value": 0.06645324744823694}