{"correlation": 0.022032684729191343, "p_value": 3.308433109000819e-12}