{"correlation": 0.03371270734600813, "p_value": 1.609588609739856e-26}