{"correlation": 0.08076453866286609, "p_value": 3.6231231051579024e-144}