{"correlation": 0.10146047125152262, "p_value": 9.387292757523358e-227}