{"correlation": 0.07616858058624557, "p_value": 2.110614227492028e-128}