{"correlation": 0.03663715825979268, "p_value": 5.052963683809888e-31}