{"correlation": 0.010882168223927085, "p_value": 0.0005833188393020455}