{"correlation": 0.042622682657572096, "p_value": 2.1533516972461607e-41}