{"correlation": 0.09820499536805233, "p_value": 1.683674000567363e-212}