{"correlation": 0.06944780313738302, "p_value": 5.049545866898041e-107}