{"correlation": 0.11811283641078268, "p_value": 4.280160282422631e-307}