{"correlation": 0.07729330522385883, "p_value": 3.5679168230824015e-132}