{"correlation": 0.06774922060723601, "p_value": 6.196521940679848e-102}