{"correlation": -0.014826553277834647, "p_value": 2.7862865353810643e-06}