{"correlation": 0.08056497595950576, "p_value": 1.8322924828696634e-143}