{"correlation": -0.02394630624267814, "p_value": 3.761936010677907e-14}