{"correlation": 0.013146293600282443, "p_value": 3.2546356928008874e-05}