{"correlation": 0.10432718114017692, "p_value": 1.0685217385387149e-239}