{"correlation": 0.1063857062262459, "p_value": 3.2149456433416265e-249}