{"correlation": -0.049631965829388947, "p_value": 1.632804584250227e-55}