{"correlation": 0.07041899533321437, "p_value": 5.453305296773057e-110}