{"correlation": 0.044311523087978845, "p_value": 1.3369917435342236e-44}