{"correlation": 0.05712351603740833, "p_value": 5.712891468390987e-73}