{"correlation": 0.03856492341597155, "p_value": 3.411215225984642e-34}