{"correlation": 0.03609703852281968, "p_value": 3.656496608692541e-30}