{"correlation": 0.0737594108558517, "p_value": 1.6463136614383583e-120}