{"correlation": 0.08306153848984142, "p_value": 2.1391926916139114e-152}