{"correlation": 0.10113256404440592, "p_value": 2.68956316088925e-225}