{"correlation": -0.08617711926198239, "p_value": 6.251494635933125e-164}