{"correlation": -0.0297817597992716, "p_value": 4.76769687926145e-21}