{"correlation": 0.029447671096492607, "p_value": 1.2961262773969696e-20}