{"correlation": 0.06778372876270647, "p_value": 4.898048842785168e-102}