{"correlation": -0.09907615461628655, "p_value": 2.873140401887324e-216}