{"correlation": 0.10201309277299996, "p_value": 3.2058758316866425e-229}