{"correlation": -0.06982002808884531, "p_value": 3.725249618957234e-108}