{"correlation": 0.06010251130946617, "p_value": 1.3640479071586483e-80}