{"correlation": 0.10596846065513335, "p_value": 2.8344471840963104e-247}