{"correlation": 0.058771449310293475, "p_value": 3.87616873223913e-77}