{"correlation": 0.10959386186720017, "p_value": 1.9457715027866606e-264}