{"correlation": 0.026652254806358654, "p_value": 3.621154864209823e-17}