{"correlation": 0.029264177505714563, "p_value": 2.2343891846605452e-20}