{"correlation": 0.07326842290800843, "p_value": 6.21691732814613e-119}