{"correlation": -0.028267154576343302, "p_value": 4.063966382158254e-19}