{"correlation": 0.05300915100599209, "p_value": 4.432427911153922e-63}