{"correlation": 0.07687874631417603, "p_value": 8.89633922769247e-131}