{"correlation": 0.09191244183902898, "p_value": 2.7430140832873307e-186}