{"correlation": 0.10246465346591555, "p_value": 3.0220014585733225e-231}