{"correlation": -0.03500858114781903, "p_value": 1.8066386972580754e-28}