{"correlation": 0.09743168672928586, "p_value": 3.487995700829105e-209}