{"correlation": 0.06657993419374421, "p_value": 1.6661056304400948e-98}