{"correlation": 0.006358442410689344, "p_value": 0.044482601795876056}