{"correlation": 0.05133400759799702, "p_value": 2.8957063905907793e-59}