{"correlation": 0.06238191536660806, "p_value": 1.098281921841823e-86}