{"correlation": 0.024824550065263795, "p_value": 4.272953343561156e-15}