{"correlation": 0.09001178894338303, "p_value": 1.0213521249351074e-178}