{"correlation": 0.0649729321913417, "p_value": 6.874699932412268e-94}