{"correlation": 0.10352711637738884, "p_value": 4.7667681506595245e-236}