{"correlation": 0.11658719362671431, "p_value": 3.2470554864929873e-299}