{"correlation": 0.0030748072118678875, "p_value": 0.3311745193942446}