{"correlation": -0.027760778666020943, "p_value": 1.7077428458409388e-18}