{"correlation": -0.023858293699371286, "p_value": 4.6586824668427433e-14}