{"correlation": 0.059532266593771255, "p_value": 4.2060089338811263e-79}