{"correlation": 0.04619169171457948, "p_value": 2.5712435314105663e-48}