{"correlation": 0.04182555070782904, "p_value": 6.365321152878639e-40}