{"correlation": 0.08422985766655669, "p_value": 1.1358737881842095e-156}