{"correlation": 0.05112957852415961, "p_value": 8.297894844811482e-59}