{"correlation": 0.11894014867468301, "p_value": 2.062317799023e-311}