{"correlation": -0.10081116620816413, "p_value": 7.132373940272102e-224}