{"correlation": 0.10965180293249172, "p_value": 1.0232836026032732e-264}