{"correlation": 0.08821494743548958, "p_value": 1.0450481007647324e-171}