{"correlation": 0.10777381706260172, "p_value": 9.534214771744945e-256}