{"correlation": 0.11030458456629913, "p_value": 7.164601338853324e-268}