{"correlation": 0.10792643372524006, "p_value": 1.8042517689550167e-256}