{"correlation": 0.028780729716515324, "p_value": 9.233327053536562e-20}