{"correlation": 0.10194869287685206, "p_value": 6.224359712855274e-229}