{"correlation": 0.044664522705901266, "p_value": 2.755268476849971e-45}