{"correlation": 0.05007636694744622, "p_value": 1.7606497652121355e-56}