{"correlation": 0.007938833999238011, "p_value": 0.012107564596693677}