{"correlation": 0.028430347829840937, "p_value": 2.5449059155672878e-19}