{"correlation": 0.1052335408286728, "p_value": 7.241957526357508e-244}