{"correlation": 0.030076601117202048, "p_value": 1.954359374674617e-21}