{"correlation": 0.05421120440831988, "p_value": 6.817186819039904e-66}