{"correlation": -0.01844236112848599, "p_value": 5.578110908627653e-09}