{"correlation": 0.014206843134079637, "p_value": 7.119149492712749e-06}