{"correlation": 0.06472799423997093, "p_value": 3.394764748808139e-93}