{"correlation": 0.048832834473880204, "p_value": 8.524275899313966e-54}