{"correlation": 0.1003965741138356, "p_value": 4.816714148238979e-222}