{"correlation": -0.017276584695875116, "p_value": 4.750006948540519e-08}