{"correlation": 0.06266781662087163, "p_value": 1.8209249541893892e-87}