{"correlation": 0.05912315636611853, "p_value": 4.823837013359246e-78}