{"correlation": 0.1196398981453508, "p_value": 4.3524859e-315}