{"correlation": -0.0453457909257876, "p_value": 1.2618062650714348e-46}