{"correlation": -0.07537579369061582, "p_value": 8.906079798026837e-126}