{"correlation": 0.09846314434799519, "p_value": 1.2979360526249853e-213}