{"correlation": 0.034048520224278955, "p_value": 5.1096651411146856e-27}