{"correlation": 0.08207621875256306, "p_value": 7.738310749890574e-149}