{"correlation": 0.052154329172674686, "p_value": 4.062220882001217e-61}