{"correlation": -0.09863242545142635, "p_value": 2.4087227260506433e-214}