{"correlation": 0.00046497420224821703, "p_value": 0.8831727420992534}