{"correlation": 0.07623053461904515, "p_value": 1.3124546841399154e-128}