{"correlation": 0.06459711931894727, "p_value": 7.948987766707178e-93}