{"correlation": 0.0694684654464643, "p_value": 4.3708795808928465e-107}