{"correlation": 0.10526931823496005, "p_value": 4.949232077198269e-244}