{"correlation": 0.06482655262751558, "p_value": 1.7867017490027949e-93}