{"correlation": 0.07007640589374481, "p_value": 6.135641703002513e-109}