{"correlation": -0.11926258633259747, "p_value": 4.20164212534e-313}