{"correlation": 0.08856532676099738, "p_value": 4.607389496089684e-173}