{"correlation": 0.034321120236293745, "p_value": 1.9966105816327755e-27}