{"correlation": 0.05143562776415368, "p_value": 1.7131673513960615e-59}