{"correlation": 0.086797197433201, "p_value": 2.812520201521457e-166}