{"correlation": 0.07120319224613532, "p_value": 2.046528848846158e-112}