{"correlation": 0.09188542843577442, "p_value": 3.523350530551782e-186}