{"correlation": 0.06461241950871759, "p_value": 7.197028128276364e-93}