{"correlation": 0.08019896903622334, "p_value": 3.5434753353601245e-142}