{"correlation": 0.03256702888283416, "p_value": 7.416476324072502e-25}