{"correlation": -0.020543776390329647, "p_value": 8.400418067835451e-11}