{"correlation": 0.06514820286495368, "p_value": 2.1844934426394058e-94}