{"correlation": 0.06761449035914624, "p_value": 1.550151019593218e-101}