{"correlation": -0.0010310640939702445, "p_value": 0.7445355426479524}