{"correlation": 0.045480030601987805, "p_value": 6.83501905108705e-47}