{"correlation": 0.0949149303576373, "p_value": 1.4161293300887885e-198}