{"correlation": 0.03874225233159068, "p_value": 1.710704984299276e-34}