{"correlation": 0.053653224295116125, "p_value": 1.4035293696043393e-64}