{"correlation": -0.0010668984963959154, "p_value": 0.7359827194900014}