{"correlation": -0.04567196587879055, "p_value": 2.835911040751188e-47}