{"correlation": 0.077993160474893, "p_value": 1.503691352665937e-134}