{"correlation": 0.008300360712957873, "p_value": 0.008709414756613729}