{"correlation": 0.06185931243609432, "p_value": 2.8708449474869944e-85}