{"correlation": -0.019171072249221613, "p_value": 1.3671680537582928e-09}