{"correlation": -0.033359734378249836, "p_value": 5.311961365544363e-26}