{"correlation": 0.008767897211539975, "p_value": 0.005588083869102597}