{"correlation": 0.04783945912002401, "p_value": 1.0645566147495315e-51}