{"correlation": 0.08268585429500866, "p_value": 4.9211153733403307e-151}