{"correlation": 0.015401337944504791, "p_value": 1.1292754387084702e-06}