{"correlation": -0.03968846855647499, "p_value": 4.081277784171021e-36}