{"correlation": 0.011007587039758973, "p_value": 0.0005034862856183687}