{"correlation": -0.113416914525867, "p_value": 3.549521042884785e-283}