{"correlation": -0.05985065671278178, "p_value": 6.226346144667425e-80}