{"correlation": -0.11348626029553828, "p_value": 1.6002656212052755e-283}