{"correlation": -0.041616676156572996, "p_value": 1.5298063834298344e-39}