{"correlation": 0.10669367444425445, "p_value": 1.165058766347124e-250}