{"correlation": 0.09144387328475073, "p_value": 2.087372088976867e-184}