{"correlation": 0.052342343776461416, "p_value": 1.5133339053974537e-61}