{"correlation": 0.019286683705479066, "p_value": 1.0886046079810763e-09}