{"correlation": -0.032228102451088605, "p_value": 2.246228745003011e-24}