{"correlation": 0.11472126684581244, "p_value": 1.0144657365246292e-289}