{"correlation": 0.07559283874953747, "p_value": 1.7127909164803642e-126}