{"correlation": 0.043212280825624484, "p_value": 1.6887843108133075e-42}