{"correlation": 0.11550562102884739, "p_value": 1.0819312114230146e-293}