{"correlation": 0.07399114072394365, "p_value": 2.9410780964236927e-121}