{"correlation": -0.11543449649594911, "p_value": 2.4861347204299905e-293}