{"correlation": -0.10412843950706074, "p_value": 8.66971678390241e-239}