{"correlation": -0.03038702366318884, "p_value": 7.571622533327792e-22}