{"correlation": 0.10863331796730237, "p_value": 7.833425645495948e-260}