{"correlation": 0.11628917342262726, "p_value": 1.0927138902318623e-297}