{"correlation": 0.06970655375117144, "p_value": 8.258948046160616e-108}