{"correlation": -0.0012572359844425524, "p_value": 0.6911230327488889}