{"correlation": -0.06247073065149236, "p_value": 6.290118150028262e-87}