{"correlation": 0.08621982941261132, "p_value": 4.313994630095471e-164}