{"correlation": -0.029312297463102377, "p_value": 1.937650219552221e-20}