{"correlation": 0.07966767555637248, "p_value": 2.5485040231770635e-140}