{"correlation": 0.09563286737830945, "p_value": 1.4244592388723325e-201}