{"correlation": 0.04651921232587352, "p_value": 5.586252012462473e-49}