{"correlation": 0.09006205609053645, "p_value": 6.47157003982712e-179}