{"correlation": 0.044554027807943444, "p_value": 4.52339347865774e-45}