{"correlation": -0.016693044778079345, "p_value": 1.3206002257607656e-07}