{"correlation": 0.10908814386718456, "p_value": 5.232107854330941e-262}