{"correlation": 0.05814606854374144, "p_value": 1.5285348646488813e-75}