{"correlation": 0.11827297673148641, "p_value": 6.283862369175005e-308}