{"correlation": 0.07058227296159233, "p_value": 1.7133444985398516e-110}