{"correlation": -0.05059796316932167, "p_value": 1.2572588970034193e-57}