{"correlation": 0.06459712585678477, "p_value": 7.948650268400496e-93}