{"correlation": 0.028242707456274677, "p_value": 4.358164262980818e-19}