{"correlation": 0.06977532865988922, "p_value": 5.098321277243039e-108}