{"correlation": 0.005092213171020149, "p_value": 0.10754396789257704}