{"correlation": 0.01050293967367977, "p_value": 0.0009021292436784476}