{"correlation": -0.00036693412808899185, "p_value": 0.907680874195287}