{"correlation": 0.06239721081497451, "p_value": 9.97820917189723e-87}