{"correlation": 0.024584388219501926, "p_value": 7.80435738635345e-15}