{"correlation": -0.060998625992086025, "p_value": 5.836248222977213e-83}