{"correlation": 0.025100006094248555, "p_value": 2.1263398357645614e-15}