{"correlation": -0.11802292848276544, "p_value": 1.2553242446698934e-306}