{"correlation": 0.09431997655025016, "p_value": 4.1466943135112737e-196}