{"correlation": 0.07337793800984034, "p_value": 2.77159487869585e-119}