{"correlation": 0.026183039881723325, "p_value": 1.2717749253663972e-16}