{"correlation": -0.008816007377885102, "p_value": 0.005332562725787671}