{"correlation": 0.07907252924717083, "p_value": 2.961476629932478e-138}