{"correlation": 0.05994366509807547, "p_value": 3.556661188806763e-80}