{"correlation": 0.013633517012455196, "p_value": 1.6408561953165245e-05}