{"correlation": -0.007290384714831486, "p_value": 0.021219740601419228}