{"correlation": 0.11898443920175061, "p_value": 1.2088282792777e-311}