{"correlation": 0.10818283976252391, "p_value": 1.0946525974151624e-257}