{"correlation": 0.021064837945457535, "p_value": 2.7762152373193747e-11}