{"correlation": 0.0439433399260144, "p_value": 6.852270242709577e-44}