{"correlation": -0.003490291318386037, "p_value": 0.2700012542400847}