{"correlation": 0.06803356787247833, "p_value": 8.893646805978963e-103}