{"correlation": 0.09430826479176675, "p_value": 4.635528865349229e-196}