{"correlation": 0.03153837063702956, "p_value": 2.0679494330706097e-23}