{"correlation": 0.050004620130229896, "p_value": 2.5258959593840313e-56}