{"correlation": -0.04303589484231942, "p_value": 3.6298807656109176e-42}