{"correlation": 0.06830904975980502, "p_value": 1.345588997406652e-103}