{"correlation": 0.10329719554069278, "p_value": 5.268561111723328e-235}