{"correlation": 0.05252676560344498, "p_value": 5.725373733273979e-62}