{"correlation": 0.06971428611908444, "p_value": 7.823143166651145e-108}