{"correlation": 0.04139545369671903, "p_value": 3.8539163495992763e-39}