{"correlation": 0.046588049986559306, "p_value": 4.0473871697372606e-49}