{"correlation": -0.0056399683055469675, "p_value": 0.0746767028357566}