{"correlation": 0.010285977979034064, "p_value": 0.0011507220090379085}