{"correlation": 0.04720518501571475, "p_value": 2.204696479361966e-50}