{"correlation": 0.016503424930959014, "p_value": 1.8280353441907622e-07}