{"correlation": 0.10283553315029474, "p_value": 6.45279125865811e-233}