{"correlation": 0.08005294137392377, "p_value": 1.1508904256017606e-141}