{"correlation": -0.020510437742441476, "p_value": 9.00893507747806e-11}