{"correlation": 0.07522459593843994, "p_value": 2.8004466015561795e-125}