{"correlation": 0.08513969318128035, "p_value": 4.834803390507007e-160}