{"correlation": 0.043346907715301815, "p_value": 9.397737473184988e-43}