{"correlation": -0.033987674892032194, "p_value": 6.295695262757293e-27}