{"correlation": 0.02987082228783499, "p_value": 3.645107448919884e-21}