{"correlation": -0.04717906279267195, "p_value": 2.495628225711814e-50}