{"correlation": 0.10635350411331113, "p_value": 4.545537515963561e-249}