{"correlation": 0.07055832452802827, "p_value": 2.030801390438711e-110}