{"correlation": -0.11947871414186123, "p_value": 3.0715853517e-314}