{"correlation": 0.033475472528772164, "p_value": 3.596007442393877e-26}