{"correlation": 0.023236619448962985, "p_value": 2.0638997539921663e-13}