{"correlation": 0.05957616801689223, "p_value": 3.233989581713872e-79}