{"correlation": -0.1047604530031593, "p_value": 1.0976904669558878e-241}