{"correlation": 0.06612028410937747, "p_value": 3.576421941981979e-97}