{"correlation": 0.10792829303244383, "p_value": 1.7680015282054292e-256}