{"correlation": 0.08334569448237099, "p_value": 1.9772888352395388e-153}