{"correlation": 0.07414794508509275, "p_value": 9.141414737069971e-122}