{"correlation": 0.058851678748130014, "p_value": 2.4123085652408627e-77}