{"correlation": -0.004221523743851839, "p_value": 0.18215216922674948}