{"correlation": -0.08967286683169241, "p_value": 2.199706703646923e-177}