{"correlation": 0.0857368635146187, "p_value": 2.830972629187242e-162}