{"correlation": 0.08938855500676264, "p_value": 2.8628981331554296e-176}