{"correlation": 0.0769650830427159, "p_value": 4.559705295907273e-131}