{"correlation": 0.08852283218662006, "p_value": 6.732313184523725e-173}