{"correlation": 0.030818884233996553, "p_value": 1.992366204087278e-22}