{"correlation": 0.05872688205389895, "p_value": 5.0430916427502075e-77}