{"correlation": -0.02843005827833429, "p_value": 2.547026238044038e-19}