{"correlation": 0.07866086725740079, "p_value": 7.778127625147395e-137}