{"correlation": 0.00011982373455815347, "p_value": 0.9697924758430893}