{"correlation": 0.016563651886384152, "p_value": 1.6492882640994572e-07}