{"correlation": -0.06122245873469736, "p_value": 1.4756884879568029e-83}