{"correlation": 0.057538141404373785, "p_value": 5.2387705537607806e-74}