{"correlation": -0.04731851994780797, "p_value": 1.2866235922870216e-50}