{"correlation": -0.0027913831488597983, "p_value": 0.37768046797529353}