{"correlation": 0.10203817536185639, "p_value": 2.4755295623844294e-229}