{"correlation": 0.07618941812990189, "p_value": 1.7990067523929018e-128}