{"correlation": 0.017273124711857782, "p_value": 4.77935872056873e-08}