{"correlation": 0.10412869644246021, "p_value": 8.646305979157116e-239}