{"correlation": -0.09993925887555868, "p_value": 4.919166341134347e-220}