{"correlation": -0.02262594543844887, "p_value": 8.582243928715725e-13}