{"correlation": 0.11492078135250552, "p_value": 9.96575315160508e-291}