{"correlation": 0.06177710856211129, "p_value": 4.78473716137343e-85}