{"correlation": 0.04814141175115931, "p_value": 2.4799381014286612e-52}