{"correlation": 0.11936453739114687, "p_value": 1.2240123253e-313}