{"correlation": -0.02293595645607424, "p_value": 4.1821319446489157e-13}