{"correlation": 0.009515863900885048, "p_value": 0.002634756068802301}