{"correlation": 0.07930660277372578, "p_value": 4.582607389912815e-139}