{"correlation": -0.09464635276927014, "p_value": 1.847313680275479e-197}