{"correlation": 0.09153177865303848, "p_value": 9.276631017604804e-185}