{"correlation": 0.09000431985148503, "p_value": 1.0929768897235311e-178}