{"correlation": 0.0015724669544516469, "p_value": 0.6192201901642436}