{"correlation": -0.005845199703485925, "p_value": 0.06470266332615822}