{"correlation": 0.106196455040891, "p_value": 2.4573861113002714e-248}