{"correlation": 0.031190695771442678, "p_value": 6.219233477037013e-23}