{"correlation": 0.07225445474260465, "p_value": 1.039656545399335e-115}