{"correlation": 0.11277921490960666, "p_value": 5.267499428219276e-280}