{"correlation": 0.09647430909168686, "p_value": 4.086326845532003e-205}