{"correlation": -0.07620751931711205, "p_value": 1.565855067195659e-128}