{"correlation": 0.033983239750676006, "p_value": 6.3921242075982024e-27}