{"correlation": 0.11683221461269142, "p_value": 1.7907296588683908e-300}