{"correlation": 0.040244088010892, "p_value": 4.3657766258965634e-37}