{"correlation": 0.06161817701084664, "p_value": 1.2821453008136485e-84}