{"correlation": -0.08692200183485589, "p_value": 9.433505337448597e-167}