{"correlation": 0.06319981216160094, "p_value": 6.28902840389769e-89}