{"correlation": 0.10539784583061723, "p_value": 1.2594237329995937e-244}