{"correlation": 0.11076068684353907, "p_value": 4.36057691664726e-270}