{"correlation": -0.020586683463382067, "p_value": 7.676118056307934e-11}