{"correlation": 0.07775111296539713, "p_value": 1.0025199960326393e-133}