{"correlation": 0.0005897748473989712, "p_value": 0.8521390408657619}