{"correlation": 0.05288600053530223, "p_value": 8.536498282783594e-63}