{"correlation": 0.11419306797664618, "p_value": 4.6285982164684326e-287}