{"correlation": 0.10495935330224582, "p_value": 1.3332200018964302e-242}