{"correlation": 0.0558191086002718, "p_value": 9.381261441079262e-70}