{"correlation": 0.08098095597106883, "p_value": 6.2191703469905144e-145}