{"correlation": 0.07090312362046026, "p_value": 1.7473050420054655e-111}