{"correlation": 0.11364042767506323, "p_value": 2.7179962826087285e-284}