{"correlation": -0.03922059029263535, "p_value": 2.6173665215478515e-35}