{"correlation": -0.11197296059100252, "p_value": 5.070953208041868e-276}