{"correlation": 0.05777201085648513, "p_value": 1.3509638683976624e-74}