{"correlation": 0.11496656815897799, "p_value": 5.847798564234949e-291}