{"correlation": 0.10264139804057999, "p_value": 4.841216546273262e-232}