{"correlation": -0.07764620847711694, "p_value": 2.2771274962272928e-133}