{"correlation": 0.11439646814525668, "p_value": 4.3946326972288396e-288}