{"correlation": 0.0674777857529306, "p_value": 3.923029127036665e-101}