{"correlation": 0.05896197886549313, "p_value": 1.2554647778397307e-77}