{"correlation": -0.0044905841611186555, "p_value": 0.1558431610190274}