{"correlation": 0.09975197410191666, "p_value": 3.250882554632916e-219}