{"correlation": 0.10466329087610195, "p_value": 3.0696752947450505e-241}