{"correlation": 0.0848716067241722, "p_value": 4.802306458468512e-159}