{"correlation": 0.03652992315243186, "p_value": 7.502364912930311e-31}