{"correlation": 0.07876866666629266, "p_value": 3.310677296663935e-137}