{"correlation": 0.06081172314765548, "p_value": 1.832619414343396e-82}