{"correlation": 0.1095139901643722, "p_value": 4.7160440515549555e-264}