{"correlation": 0.056411057449815234, "p_value": 3.3288583726358117e-71}