{"correlation": 0.06507431253731381, "p_value": 3.543398988716512e-94}