{"correlation": -0.08898293685273582, "p_value": 1.0978233476590999e-174}