{"correlation": 0.0899564878188058, "p_value": 1.6867742828806504e-178}