{"correlation": 0.11223252285224855, "p_value": 2.665978545083292e-277}