{"correlation": 0.09153479016675227, "p_value": 9.022315240745935e-185}