{"correlation": 0.08345169577126098, "p_value": 8.116449052667471e-154}