{"correlation": 0.028714569094491597, "p_value": 1.1191912687224042e-19}