{"correlation": 0.03487522640898063, "p_value": 2.889826012406305e-28}