{"correlation": 0.04682668606295809, "p_value": 1.3195840666714206e-49}