{"correlation": 0.09857680689497417, "p_value": 4.190410356799567e-214}