{"correlation": 0.04376213121388757, "p_value": 1.5239455059288594e-43}