{"correlation": 0.043343148420403474, "p_value": 9.553049160665979e-43}