{"correlation": 0.08045151327718106, "p_value": 4.596466653817914e-143}