{"correlation": 0.07229524279243071, "p_value": 7.72860879589727e-116}