{"correlation": -0.03155691641629387, "p_value": 1.9493303932005426e-23}