{"correlation": -0.08563361563741885, "p_value": 6.903088431157071e-162}