{"correlation": 0.1126570027615797, "p_value": 2.1247298755927237e-279}