{"correlation": 0.04093553373151036, "p_value": 2.590242347371301e-38}