{"correlation": 0.10715537164540033, "p_value": 7.912867409018532e-253}