{"correlation": 0.052864767606140464, "p_value": 9.556275814348773e-63}