{"correlation": 0.025391732885675238, "p_value": 1.0071417441632926e-15}