{"correlation": -0.10326848536626546, "p_value": 7.109245919512869e-235}