{"correlation": 0.019116446746413083, "p_value": 1.5218738497198766e-09}