{"correlation": -0.08634687427247018, "p_value": 1.4294995295777864e-164}