{"correlation": 0.0724880964965297, "p_value": 1.8974635947642768e-116}