{"correlation": -0.05286579821716313, "p_value": 9.504085145271846e-63}