{"correlation": 0.08440199314851672, "p_value": 2.6325474189453048e-157}