{"correlation": 0.08501150304314836, "p_value": 1.4505823590054134e-159}