{"correlation": 0.021854073329086225, "p_value": 4.933036081732189e-12}