{"correlation": 0.11568508320618838, "p_value": 1.3227749992715039e-294}