{"correlation": -0.005742743780599111, "p_value": 0.06953521532844369}