{"correlation": 0.03026961988794024, "p_value": 1.0849955522403465e-21}