{"correlation": 0.043856835238514226, "p_value": 1.0039825951539095e-43}