{"correlation": -0.10556537901896901, "p_value": 2.110164231143535e-245}