{"correlation": 0.10925865997899056, "p_value": 7.95723669590158e-263}