{"correlation": 0.06002303901775174, "p_value": 2.2039557114593717e-80}