{"correlation": 0.08652530731954866, "p_value": 3.0216884633036436e-165}