{"correlation": -0.03978804932430232, "p_value": 2.7403128207433546e-36}