{"correlation": 0.11337403039903284, "p_value": 5.807877388291448e-283}