{"correlation": -0.008981083152218784, "p_value": 0.004534043283972959}