{"correlation": 0.02630558616146833, "p_value": 9.179836846727937e-17}