{"correlation": 0.024354179545382302, "p_value": 1.3828875069854848e-14}