{"correlation": 0.038869025934521614, "p_value": 1.04245852021236e-34}