{"correlation": 0.04435124658753816, "p_value": 1.1199700353485442e-44}