{"correlation": -0.10201639345136498, "p_value": 3.098655502551701e-229}