{"correlation": -0.03249823116885208, "p_value": 9.29580878238801e-25}