{"correlation": -0.04048372627115933, "p_value": 1.649133683596309e-37}