{"correlation": 0.08064118021361696, "p_value": 9.87209548262946e-144}