{"correlation": 0.05027351485605127, "p_value": 6.513548057956045e-57}