{"correlation": 0.05724515141462092, "p_value": 2.8394479176378145e-73}