{"correlation": 0.06736364988345579, "p_value": 8.504881582069954e-101}