{"correlation": -0.06805399008888897, "p_value": 7.73380054390514e-103}