{"correlation": -0.04169039148842476, "p_value": 1.1231973784150786e-39}