{"correlation": 0.050142217058827675, "p_value": 1.2636172915374652e-56}