{"correlation": 0.05187256120657993, "p_value": 1.7723253713464783e-60}