{"correlation": 0.04531479501618562, "p_value": 1.4533130688760616e-46}