{"correlation": 0.09508178707921543, "p_value": 2.8609348352696946e-199}