{"correlation": 0.060737777682731676, "p_value": 2.879102169761212e-82}