{"correlation": 0.083400253269565, "p_value": 1.2505351081527434e-153}