{"correlation": 0.018879362774077275, "p_value": 2.415333081493538e-09}