{"correlation": 0.05185770175772582, "p_value": 1.91508107135765e-60}