{"correlation": -0.016143903736138603, "p_value": 3.354070565528894e-07}