{"correlation": -0.09531543774815633, "p_value": 3.0323434736022887e-200}