{"correlation": 0.08961490005734102, "p_value": 3.714267677204678e-177}