{"correlation": 0.06968660733577546, "p_value": 9.498287372951527e-108}