{"correlation": 0.07692398444428013, "p_value": 6.268393181200112e-131}