{"correlation": 0.012429757673245582, "p_value": 8.551372850460533e-05}