{"correlation": 0.048382893194349276, "p_value": 7.683755142214701e-53}