{"correlation": -0.033492539957174, "p_value": 3.3945787823253734e-26}