{"correlation": -0.0734306704249387, "p_value": 1.8776152933417163e-119}