{"correlation": 0.04479160300833, "p_value": 1.5555755455333937e-45}