{"correlation": 0.01975664322817612, "p_value": 4.253973732467378e-10}