{"correlation": 0.07933724218253516, "p_value": 3.588027028402983e-139}