{"correlation": 0.0857260626328515, "p_value": 3.1078036950863515e-162}