{"correlation": 0.04298321388054374, "p_value": 4.559146617270341e-42}