{"correlation": 0.11076866049011469, "p_value": 3.987736665101465e-270}