{"correlation": 0.022504190090382202, "p_value": 1.1352595379122e-12}