{"correlation": 0.0836501781587158, "p_value": 1.5273707900296735e-154}