{"correlation": -0.019357605927275458, "p_value": 9.459917914614357e-10}