{"correlation": -0.09611054524900482, "p_value": 1.401468737958618e-203}