{"correlation": 0.05987883068961654, "p_value": 5.255404804978414e-80}