{"correlation": 0.10660929641523678, "p_value": 2.8942264314232104e-250}