{"correlation": 0.10505918796739828, "p_value": 4.620348837608932e-243}