{"correlation": 0.09247731046941249, "p_value": 1.4362354585882684e-188}