{"correlation": 0.07461359018508573, "p_value": 2.802757996615784e-123}