{"correlation": 0.11372492168685876, "p_value": 1.0275767462840574e-284}