{"correlation": 0.01915622967393227, "p_value": 1.4076172933149392e-09}