{"correlation": 0.03404514360410196, "p_value": 5.169247575033579e-27}