{"correlation": 0.09356641330588272, "p_value": 5.239180214195393e-193}