{"correlation": -0.1052086658971184, "p_value": 9.4354541315291e-244}