{"correlation": 0.11953901459988785, "p_value": 1.4791816845e-314}