{"correlation": 0.07746702142482981, "p_value": 9.222532852735542e-133}