{"correlation": 0.013056978241937632, "p_value": 3.680926119506604e-05}