{"correlation": 0.08217849603549987, "p_value": 3.321062218474864e-149}