{"correlation": 0.0749624527232035, "p_value": 2.0298590579003472e-124}