{"correlation": 0.08132981983824691, "p_value": 3.594465927970505e-146}