{"correlation": -0.1060417349308248, "p_value": 1.292444312065726e-247}