{"correlation": -0.061498883315148814, "p_value": 2.682417316357145e-84}