{"correlation": 0.04133920621213025, "p_value": 4.870671275484657e-39}