{"correlation": -0.013580374634503302, "p_value": 1.7700735492843156e-05}