{"correlation": 0.07514301893207669, "p_value": 5.191005327079977e-125}