{"correlation": -0.03765381268516231, "p_value": 1.1258262239631239e-32}