{"correlation": 0.1088152321506523, "p_value": 1.0593365736871583e-260}