{"correlation": 0.06111028674665806, "p_value": 2.941170166873336e-83}