{"correlation": -0.11400029325238359, "p_value": 4.293773327329137e-286}