{"correlation": 0.11793276155076592, "p_value": 3.690039448849965e-306}