{"correlation": 0.03727672579145325, "p_value": 4.671516391237506e-32}