{"correlation": 0.10956607100856347, "p_value": 2.6479138866564257e-264}