{"correlation": 0.07794565537152753, "p_value": 2.1830856679057401e-134}