{"correlation": 0.07877619379149971, "p_value": 3.118856793797651e-137}