{"correlation": 0.11754691843842116, "p_value": 3.687460886359056e-304}