{"correlation": -0.09189834198777562, "p_value": 3.125959831679784e-186}