{"correlation": 0.10785414204183058, "p_value": 3.970940375189813e-256}