{"correlation": 0.08677954578436754, "p_value": 3.282008145389997e-166}