{"correlation": 0.11487848737148194, "p_value": 1.630356639543759e-290}