{"correlation": 0.09039736436664834, "p_value": 3.0638640566805384e-180}