{"correlation": 0.06811505868364674, "p_value": 5.09109921754564e-103}