{"correlation": 0.09223149673529743, "p_value": 1.417724556050801e-187}