{"correlation": 0.05611343737082301, "p_value": 1.791518323816111e-70}