{"correlation": 0.0511633036448975, "p_value": 6.976952917405266e-59}