{"correlation": 0.08488581067088856, "p_value": 4.2530664090614825e-159}