{"correlation": 0.005322466861210551, "p_value": 0.09254927259535901}