{"correlation": 0.113163708549315, "p_value": 6.4806283771136796e-282}