{"correlation": 0.0812970850642659, "p_value": 4.699339487048498e-146}