{"correlation": 0.0514153437824291, "p_value": 1.902553275929973e-59}