{"correlation": 0.015791126165411888, "p_value": 6.010820016753713e-07}