{"correlation": 0.038506815461064006, "p_value": 4.273967454869716e-34}