{"correlation": 0.08260850190165801, "p_value": 9.368772003763562e-151}