{"correlation": 0.11441955556679817, "p_value": 3.363104463010205e-288}