{"correlation": -0.015530322922105055, "p_value": 9.180796519818489e-07}