{"correlation": 0.09021755142557376, "p_value": 1.5750611131829338e-179}