{"correlation": 0.11335438271649653, "p_value": 7.277222852350625e-283}