{"correlation": -0.00736620298101163, "p_value": 0.019911362726922104}