{"correlation": -0.06710596149999828, "p_value": 4.855905928160507e-100}