{"correlation": 0.06905857249476811, "p_value": 7.595603657969058e-106}