{"correlation": 0.02207906641754693, "p_value": 2.9809014455817702e-12}