{"correlation": 0.048128652223224, "p_value": 2.637898587505334e-52}