{"correlation": 0.11426481637211258, "p_value": 2.018232199010127e-287}