{"correlation": 0.10311768193505433, "p_value": 3.425692011810517e-234}