{"correlation": 0.06649750386957548, "p_value": 2.8920789013121916e-98}