{"correlation": 0.11462728049168744, "p_value": 3.0222529085683716e-289}