{"correlation": 0.014066304742764633, "p_value": 8.761715108582433e-06}