{"correlation": 0.08801365367292077, "p_value": 6.244764184647334e-171}