{"correlation": 0.09956573869183485, "p_value": 2.1181804399053578e-218}