{"correlation": -0.009618939538269146, "p_value": 0.002365800013417458}