{"correlation": -0.01965392911077586, "p_value": 5.233400681255209e-10}