{"correlation": 0.010759196825977606, "p_value": 0.0006729038768337484}