{"correlation": 0.1055087622659254, "p_value": 3.8605780085022734e-245}