{"correlation": 0.015431949035187121, "p_value": 1.0752836895240744e-06}