{"correlation": 0.0742040105105627, "p_value": 6.0158427129961e-122}