{"correlation": 0.07353950125028906, "p_value": 8.398042374198451e-120}