{"correlation": -0.0021920007789140855, "p_value": 0.4884657572186374}