{"correlation": 0.05946353861544195, "p_value": 6.344168908050453e-79}