{"correlation": 0.06579339647394565, "p_value": 3.1253901799602792e-96}