{"correlation": 0.010282465119060646, "p_value": 0.0011552237270227262}