{"correlation": -0.0061754070052384815, "p_value": 0.05097774574145649}