{"correlation": 0.03512275361526515, "p_value": 1.206715050449918e-28}