{"correlation": 0.10040602394207075, "p_value": 4.3765921454238605e-222}