{"correlation": 0.047895181150118316, "p_value": 8.141495228944094e-52}