{"correlation": 0.021519292082187138, "p_value": 1.0342770083224775e-11}