{"correlation": 0.0973463796039335, "p_value": 8.068274070853257e-209}