{"correlation": 0.01769519165156884, "p_value": 2.235031375201214e-08}