{"correlation": -0.02772503205685882, "p_value": 1.8880740127229613e-18}