{"correlation": 0.12021545017829557, "p_value": 3.970914e-318}