{"correlation": 0.120242703845175, "p_value": 2.84823e-318}