{"correlation": 0.11419497866441611, "p_value": 4.5274411316864036e-287}