{"correlation": -0.06828364598103552, "p_value": 1.6020801667505532e-103}