{"correlation": -0.012208331711830694, "p_value": 0.00011412651756260064}