{"correlation": 0.08231044531090748, "p_value": 1.1133870122582008e-149}