{"correlation": 0.05429030024504442, "p_value": 4.428903027926772e-66}