{"correlation": 0.08280608701173178, "p_value": 1.8068092077053276e-151}