{"correlation": 0.042854393754178606, "p_value": 7.951303080126899e-42}