{"correlation": 0.099323804495628, "p_value": 2.4046383073474415e-217}