{"correlation": 0.06888307343259227, "p_value": 2.5657833643109822e-105}