{"correlation": 0.029825353273679148, "p_value": 4.180996848654418e-21}