{"correlation": 0.09953091877342927, "p_value": 3.0059052479351073e-218}