{"correlation": 0.11388031416013344, "p_value": 1.7142620546458205e-285}