{"correlation": 0.11187598794131076, "p_value": 1.521366566067488e-275}