{"correlation": 0.08776946645250647, "p_value": 5.431526440529839e-170}