{"correlation": 0.005361198358636937, "p_value": 0.09020036882788217}