{"correlation": 0.11582117611663756, "p_value": 2.6814639816696574e-295}