{"correlation": 0.11692457321929711, "p_value": 5.99736653834765e-301}