{"correlation": 0.057630698816933695, "p_value": 3.066008009019595e-74}