{"correlation": 0.03778923921385378, "p_value": 6.730184039245136e-33}