{"correlation": 0.10171851255078113, "p_value": 6.644882644886427e-228}