{"correlation": 0.08374049414159944, "p_value": 7.13307863091865e-155}