{"correlation": -0.06974809559162237, "p_value": 6.171739703520509e-108}