{"correlation": 0.10091928589321887, "p_value": 2.3706085643562444e-224}