{"correlation": 0.06761278498066232, "p_value": 1.568229216412231e-101}