{"correlation": 0.07639893815227904, "p_value": 3.6007910351760484e-129}