{"correlation": 0.057421967780971875, "p_value": 1.0249874088650366e-73}