{"correlation": 0.06917127046981311, "p_value": 3.470306804018766e-106}