{"correlation": -0.10499549487647612, "p_value": 9.085411850367811e-243}