{"correlation": 0.03939076559006247, "p_value": 1.3348028181655037e-35}