{"correlation": 0.08134819875708771, "p_value": 3.092142748411905e-146}