{"correlation": 0.057798901188252566, "p_value": 1.1556197218323284e-74}