{"correlation": 0.1005338651704754, "p_value": 1.1960840337053789e-222}