{"correlation": 0.09298241393722854, "p_value": 1.2751136048611542e-190}