{"correlation": 0.043177078298195705, "p_value": 1.9679088296794236e-42}