{"correlation": -0.009682463744255607, "p_value": 0.002212816045542975}