{"correlation": 0.10103153947240953, "p_value": 7.544710062989834e-225}