{"correlation": 0.11091333745199883, "p_value": 7.868832818714373e-271}