{"correlation": 0.05342611165993088, "p_value": 4.764422850046478e-64}