{"correlation": 0.08217119953525795, "p_value": 3.5277726046234936e-149}