{"correlation": 0.11613473915510537, "p_value": 6.733335564983856e-297}