{"correlation": -0.033575201708880134, "p_value": 2.5666039126113063e-26}