{"correlation": 0.11458437624171039, "p_value": 4.973010840330257e-289}