{"correlation": -0.11325088876167827, "p_value": 2.3857221848343328e-282}