{"correlation": -0.028177307267736984, "p_value": 5.252645174938226e-19}