{"correlation": 0.0236430029261336, "p_value": 7.834209653702865e-14}