{"correlation": 0.10037481540983217, "p_value": 6.005592589341806e-222}