{"correlation": 0.050836207597788945, "p_value": 3.7318376171492345e-58}