{"correlation": 0.09871893907721697, "p_value": 1.017340384590557e-214}