{"correlation": 0.11964535713702772, "p_value": 4.07357286e-315}