{"correlation": -0.011641915478947771, "p_value": 0.00023379762813279808}