{"correlation": -0.04982243268121784, "p_value": 6.30124402194302e-56}