{"correlation": 0.09185491918771618, "p_value": 4.674286203283295e-186}