{"correlation": -0.08471437172087036, "p_value": 1.8397567545719523e-158}