{"correlation": 0.06879063118480161, "p_value": 4.865650962803699e-105}