{"correlation": 0.1099729220429518, "p_value": 2.887120918356836e-266}