{"correlation": 0.08677934658367638, "p_value": 3.287730225604312e-166}