{"correlation": 0.10002811593143042, "p_value": 2.0055961103422597e-220}