{"correlation": 0.019930130447374378, "p_value": 2.9907706519213707e-10}