{"correlation": 0.047438538570204636, "p_value": 7.263596917342492e-51}