{"correlation": 0.03928544186633419, "p_value": 2.0256507464931905e-35}