{"correlation": -0.027699814981740144, "p_value": 2.0264725557063984e-18}