{"correlation": 0.062017134708251466, "p_value": 1.0746243299999962e-85}