{"correlation": -0.044520063435141505, "p_value": 5.266690133291362e-45}