{"correlation": 0.07109338237132908, "p_value": 4.490597539604296e-112}