{"correlation": -0.08093909388552052, "p_value": 8.748575255587672e-145}