{"correlation": 0.06186507596878684, "p_value": 2.769773548951949e-85}