{"correlation": 0.06408499293170676, "p_value": 2.1827060055850298e-91}