{"correlation": 0.06249966729318382, "p_value": 5.244704154079057e-87}