{"correlation": 0.05595947356691189, "p_value": 4.2640645936397536e-70}