{"correlation": 0.09955833450215582, "p_value": 2.2818744523444726e-218}