{"correlation": 0.07296343887356134, "p_value": 5.859336901931243e-118}