{"correlation": 0.0805353170743652, "p_value": 2.330556262448374e-143}