{"correlation": 0.052904497974668944, "p_value": 7.736931629386892e-63}