{"correlation": 0.017565411610750283, "p_value": 2.8286650073246428e-08}