{"correlation": 0.07671597033818568, "p_value": 3.1303305793570525e-130}