{"correlation": -0.02494906804076918, "p_value": 3.119739628805819e-15}