{"correlation": 0.12046014294613111, "p_value": 2.00433e-319}