{"correlation": 0.10275029349230053, "p_value": 1.5639963245471454e-232}