{"correlation": 0.11352320364528468, "p_value": 1.0466152190574575e-283}