{"correlation": 0.09517708172089333, "p_value": 1.146191381063518e-199}