{"correlation": 0.05427283835419286, "p_value": 4.871600051148523e-66}