{"correlation": 0.03777138458354279, "p_value": 7.20329603609196e-33}