{"correlation": 0.11134010198727877, "p_value": 6.4770385803043405e-273}