{"correlation": 0.045070316398379745, "p_value": 4.414906545561597e-46}