{"correlation": 0.0646914306118777, "p_value": 4.306417838339333e-93}