{"correlation": -0.008492118598719116, "p_value": 0.007277753592733734}