{"correlation": -0.06291567676918773, "p_value": 3.8090312618890214e-88}