{"correlation": 0.01594171147022037, "p_value": 4.692716844402457e-07}