{"correlation": 0.07275074623644667, "p_value": 2.7853149222165235e-117}