{"correlation": 0.10473632229407005, "p_value": 1.4172219190646725e-241}