{"correlation": 0.04491172687788198, "p_value": 9.048238682059203e-46}