{"correlation": 0.09939851507642361, "p_value": 1.1363500648101379e-217}