{"correlation": -0.003125418005143359, "p_value": 0.32327717535614603}