{"correlation": 0.022511385992666385, "p_value": 1.1166890952436447e-12}