{"correlation": 0.05564951793597265, "p_value": 2.425778714005369e-69}