{"correlation": 0.04288857850382048, "p_value": 6.861318362665133e-42}