{"correlation": 0.09779451014670844, "p_value": 9.770938601044097e-211}