{"correlation": 0.02317644960017659, "p_value": 2.378906996208952e-13}