{"correlation": 0.12010339833644565, "p_value": 1.555541e-317}