{"correlation": 0.06513752496144545, "p_value": 2.3427324282322392e-94}