{"correlation": -0.06623151967607437, "p_value": 1.706142467823722e-97}