{"correlation": -0.04727905450594897, "p_value": 1.552252992610916e-50}