{"correlation": 0.11366565440328925, "p_value": 2.0331035247682683e-284}