{"correlation": 0.0025198486951270227, "p_value": 0.42582098643774663}