{"correlation": 0.04420503933305577, "p_value": 2.147783710570207e-44}