{"correlation": 0.04714281039649682, "p_value": 2.9637219343641727e-50}