{"correlation": -0.05583843569140524, "p_value": 8.417080795296035e-70}