{"correlation": -0.0018020214127081188, "p_value": 0.5690145780050193}