{"correlation": -0.09611222317554538, "p_value": 1.3788446210743106e-203}