{"correlation": 0.1066033550137704, "p_value": 3.08565266556749e-250}