{"correlation": -0.014731165361233485, "p_value": 3.22685508801593e-06}