{"correlation": -0.0877839869108321, "p_value": 4.77677272926032e-170}