{"correlation": 0.029323381600932952, "p_value": 1.8750238509537088e-20}