{"correlation": 0.07554714943751384, "p_value": 2.4243506057700245e-126}