{"correlation": 0.012373416450893304, "p_value": 9.207103297210288e-05}