{"correlation": 0.03310101171172299, "p_value": 1.264504950721688e-25}