{"correlation": 0.10676745616775954, "p_value": 5.2544746445595975e-251}