{"correlation": 0.11068927884157453, "p_value": 9.706138518399122e-270}