{"correlation": 0.0229773398502245, "p_value": 3.796743634559432e-13}