{"correlation": 0.10242967052999766, "p_value": 4.3406040609926684e-231}