{"correlation": 0.02921867497655885, "p_value": 2.5561395603663077e-20}