{"correlation": 0.0710001498387798, "p_value": 8.742837432643554e-112}