{"correlation": 0.0737264678972058, "p_value": 2.1021224709624554e-120}