{"correlation": 0.09282138942440392, "p_value": 5.765608117751564e-190}