{"correlation": 0.10652965608648574, "p_value": 6.827084012028923e-250}