{"correlation": 0.05614689437558151, "p_value": 1.4833615746123573e-70}