{"correlation": 0.060314244358874856, "p_value": 3.7872644389194745e-81}