{"correlation": 0.06756416782427502, "p_value": 2.1822747500103405e-101}