{"correlation": 0.09158230902207283, "p_value": 5.8180217476196157e-185}