{"correlation": 0.06763099634281121, "p_value": 1.3855736745639097e-101}