{"correlation": -0.10999379477145817, "p_value": 2.288680182006476e-266}