{"correlation": 0.0322514636607973, "p_value": 2.0818111266651294e-24}