{"correlation": 0.061207385027059615, "p_value": 1.6191125378402503e-83}