{"correlation": 0.06744990990242479, "p_value": 4.7396721160995886e-101}