{"correlation": 0.0952147807846713, "p_value": 7.97978136035724e-200}