{"correlation": 0.09929842097346912, "p_value": 3.1016806786969632e-217}