{"correlation": 0.0024851095954697444, "p_value": 0.4322282755052691}