{"correlation": 0.04546338068497146, "p_value": 7.3757458988044525e-47}