{"correlation": 0.09087134430658957, "p_value": 4.028536566216395e-182}