{"correlation": 0.044256058646050145, "p_value": 1.7116614979099515e-44}