{"correlation": 0.06718122179695593, "p_value": 2.9214521765459556e-100}