{"correlation": 0.01616594988202301, "p_value": 3.2326987391496126e-07}