{"correlation": -0.018747392151296643, "p_value": 3.1160636969937494e-09}