{"correlation": 0.10845295142189688, "p_value": 5.675576413753652e-259}