{"correlation": -0.09551811537108613, "p_value": 4.3081549729178456e-201}