{"correlation": 0.10869111138945937, "p_value": 4.15012366577131e-260}