{"correlation": 0.05924646393887567, "p_value": 2.316425508120895e-78}