{"correlation": 0.10375740293714175, "p_value": 4.272918426500218e-237}