{"correlation": 0.06286089606455139, "p_value": 5.38543176531067e-88}