{"correlation": 0.02802378926935355, "p_value": 8.127691921799643e-19}