{"correlation": 0.029858841152741303, "p_value": 3.77933681705818e-21}