{"correlation": -0.08832678769538377, "p_value": 3.863648207731051e-172}