{"correlation": 0.005198442087181905, "p_value": 0.10040282633127592}