{"correlation": 0.10020580572233266, "p_value": 3.326568670495576e-221}