{"correlation": 0.048683290282911525, "p_value": 1.774247610532882e-53}