{"correlation": 0.10270403360729526, "p_value": 2.527917039677353e-232}