{"correlation": 0.06637308341602534, "p_value": 6.639859327142704e-98}