{"correlation": 0.1139179842932334, "p_value": 1.1101326282419687e-285}