{"correlation": 0.0709922237890225, "p_value": 9.251952011399404e-112}