{"correlation": 0.09742238389247755, "p_value": 3.822157953392031e-209}