{"correlation": 0.05774420928080571, "p_value": 1.587588165698432e-74}