{"correlation": 0.030669518341673658, "p_value": 3.168236942386064e-22}