{"correlation": 0.02062952459920006, "p_value": 7.013978837764995e-11}