{"correlation": 0.1182087362998494, "p_value": 1.3571199088432497e-307}