{"correlation": 0.08645396259903608, "p_value": 5.627103026401668e-165}