{"correlation": -0.029351438240387103, "p_value": 1.7253051909389313e-20}