{"correlation": -0.03359645722769074, "p_value": 2.3882930889677514e-26}