{"correlation": -0.02624434618011979, "p_value": 1.0805996115687906e-16}