{"correlation": 0.049942192766498, "p_value": 3.4563345405103197e-56}