{"correlation": -0.035414667424014834, "p_value": 4.2749008282853213e-29}