{"correlation": -0.05447166610611782, "p_value": 1.6434952243008428e-66}