{"correlation": -0.02535484595019047, "p_value": 1.1074602603986826e-15}