{"correlation": 0.013280079108546988, "p_value": 2.7027962177438053e-05}