{"correlation": 0.052886557104640554, "p_value": 8.511279333864495e-63}