{"correlation": 0.04522930665886993, "p_value": 2.144840217948124e-46}