{"correlation": 0.04740507902758725, "p_value": 8.519954340495781e-51}