{"correlation": 0.05131760967519268, "p_value": 3.151347209957942e-59}