{"correlation": -0.003110918993299233, "p_value": 0.32552696240959694}