{"correlation": 0.013779265504150397, "p_value": 1.3310023600657337e-05}