{"correlation": 0.01070781864799665, "p_value": 0.0007139927321997415}