{"correlation": 0.020331688564512073, "p_value": 1.3083189176205029e-10}