{"correlation": -0.06618398085911592, "p_value": 2.34127762953751e-97}