{"correlation": 0.0072666184388059385, "p_value": 0.021645000250436253}