{"correlation": 0.02233753460406939, "p_value": 1.6609930539056016e-12}