{"correlation": 0.04810428408967131, "p_value": 2.9679322570950474e-52}