{"correlation": 0.09494069628215131, "p_value": 1.1064323515406122e-198}