{"correlation": 0.014640366156212318, "p_value": 3.7077701430042137e-06}