{"correlation": 0.09158379176245388, "p_value": 5.738893764459846e-185}