{"correlation": 0.05083705599923407, "p_value": 3.7156932868766486e-58}