{"correlation": 0.041444102434824756, "p_value": 3.146606635309405e-39}