{"correlation": 0.03636219118099506, "p_value": 1.3889635678537707e-30}