{"correlation": 0.029852123015045754, "p_value": 3.856730119623394e-21}