{"correlation": 0.004703914341258224, "p_value": 0.1371171550606149}