{"correlation": 0.04699666368063037, "p_value": 5.918750493859831e-50}