{"correlation": 0.049198941821681365, "p_value": 1.4033425655484028e-54}