{"correlation": -0.006201511878887282, "p_value": 0.05000544935602534}