{"correlation": 0.07183160142084366, "p_value": 2.2271088473223075e-114}