{"correlation": 0.022080786015496085, "p_value": 2.9693903725625414e-12}