{"correlation": -0.002655715193541618, "p_value": 0.4012998485636847}