{"correlation": 0.11347611959301089, "p_value": 1.7980396594774946e-283}