{"correlation": 0.09632973898233886, "p_value": 1.667981615689861e-204}