{"correlation": 0.09810732476780937, "p_value": 4.4318790498310057e-212}