{"correlation": 0.023623125396987084, "p_value": 8.217445523343125e-14}