{"correlation": 0.09719906800344921, "p_value": 3.427199130084058e-208}