{"correlation": 0.09517358600415383, "p_value": 1.185323056384845e-199}