{"correlation": -0.01962672493470255, "p_value": 5.527680149259827e-10}