{"correlation": 0.018527218731417137, "p_value": 4.748242789475972e-09}