{"correlation": -0.051629438962150685, "p_value": 6.277614339447282e-60}