{"correlation": 0.013879009585739815, "p_value": 1.1520379561343801e-05}