{"correlation": -0.02201979179356311, "p_value": 3.4055816478996295e-12}