{"correlation": -0.08174718764612293, "p_value": 1.1677634190257086e-147}