{"correlation": 0.07985849350715521, "p_value": 5.50574469218321e-141}