{"correlation": 0.06303582874283994, "p_value": 1.7801840622885454e-88}