{"correlation": 0.04636205478139049, "p_value": 1.1637166511905092e-48}