{"correlation": 0.021054452281803575, "p_value": 2.838900121097582e-11}