{"correlation": 0.10398094733289169, "p_value": 4.0890504220949705e-238}