{"correlation": 0.10336193346930779, "p_value": 2.6799458790410915e-235}