{"correlation": 0.08392702004277465, "p_value": 1.4764569962472052e-155}