{"correlation": 0.03569845253260578, "p_value": 1.54620608629852e-29}