{"correlation": 0.024077973798193375, "p_value": 2.7282611580864252e-14}