{"correlation": 0.0966604336692524, "p_value": 6.660728381373891e-206}