{"correlation": 0.09792939746988377, "p_value": 2.5775823371862806e-211}