{"correlation": 0.047663305553466796, "p_value": 2.4800421463636563e-51}