{"correlation": 0.11145125755244152, "p_value": 1.849658566231691e-273}