{"correlation": -0.01507616926320765, "p_value": 1.8896892578410018e-06}