{"correlation": 0.06678017034649904, "p_value": 4.3517084376501686e-99}