{"correlation": 0.07983424507024475, "p_value": 6.690685048099428e-141}