{"correlation": 0.09106244071187332, "p_value": 6.980804202271464e-183}