{"correlation": 0.11080820997136043, "p_value": 2.5594612710262654e-270}