{"correlation": 0.04408457446427421, "p_value": 3.666807760551819e-44}