{"correlation": -0.023352139548822648, "p_value": 1.5697070389710354e-13}