{"correlation": -0.02285205260716035, "p_value": 5.08510399027084e-13}