{"correlation": -0.026062281730791708, "p_value": 1.7510147338756684e-16}