{"correlation": 0.09281003889291047, "p_value": 6.411993911867475e-190}