{"correlation": 0.08613721504593783, "p_value": 8.83956757340681e-164}