{"correlation": 0.10694343805583653, "p_value": 7.847076928868618e-252}