{"correlation": 0.005910389096947419, "p_value": 0.06177466235837768}