{"correlation": 0.014182295606564943, "p_value": 7.3830482398406095e-06}