{"correlation": 0.0944955335792882, "p_value": 7.789410711503874e-197}