{"correlation": 0.06283833462139798, "p_value": 6.210507056609966e-88}