{"correlation": 0.015172698735703014, "p_value": 1.6235949954455696e-06}