{"correlation": 0.005164635739885809, "p_value": 0.10263322579735959}