{"correlation": 0.11631148307561973, "p_value": 8.401049794201214e-298}