{"correlation": 0.015382633373144002, "p_value": 1.1635405302330402e-06}