{"correlation": 0.10607451223649889, "p_value": 9.094342856316138e-248}