{"correlation": 0.09713181635028358, "p_value": 6.628096157636793e-208}