{"correlation": 0.03428649972017306, "p_value": 2.2506102180337487e-27}