{"correlation": 0.11039059277395101, "p_value": 2.7421929979452383e-268}