{"correlation": 0.0779215364349001, "p_value": 2.6377733378626767e-134}