{"correlation": 0.01884575901670357, "p_value": 2.577606716555909e-09}