{"correlation": 0.08316807869070106, "p_value": 8.768342805426372e-153}