{"correlation": 0.09435319160482776, "p_value": 3.022818454902445e-196}