{"correlation": 0.06460325753141624, "p_value": 7.63833057386421e-93}