{"correlation": -0.10787981485697197, "p_value": 3.0009215740833146e-256}