{"correlation": -0.07447187789973207, "p_value": 8.113080330221777e-123}