{"correlation": 0.11270450383854094, "p_value": 1.235839702236252e-279}