{"correlation": 0.11842462665827487, "p_value": 1.0188288400169146e-308}