{"correlation": -0.029198381144745163, "p_value": 2.7140218869871343e-20}