{"correlation": 0.09034293651312769, "p_value": 5.030870293240074e-180}