{"correlation": 0.04931046999873103, "p_value": 8.078430833734147e-55}