{"correlation": 0.0419964727265711, "p_value": 3.095928968323455e-40}