{"correlation": 0.0765481067927859, "p_value": 1.1424125635660116e-129}