{"correlation": 0.05766792642875242, "p_value": 2.4711033585932536e-74}