{"correlation": -0.05169172350842166, "p_value": 4.54286112998788e-60}