{"correlation": 0.11211643887773717, "p_value": 9.961909368188828e-277}