{"correlation": 0.03377696560660591, "p_value": 1.293411773411374e-26}