{"correlation": 0.10879164768258627, "p_value": 1.3733133208699823e-260}