{"correlation": 0.10401192657310282, "p_value": 2.9526822181041703e-238}