{"correlation": 0.04997181633922462, "p_value": 2.978557391320132e-56}