{"correlation": 0.07126572305593352, "p_value": 1.3074854647294423e-112}