{"correlation": 0.030781308719806954, "p_value": 2.2394294878325346e-22}