{"correlation": 0.011790771360499806, "p_value": 0.00019420865539833426}