{"correlation": 0.038302525953612145, "p_value": 9.417478229021661e-34}