{"correlation": -0.0092117349793601, "p_value": 0.0035993061678664686}