{"correlation": -0.010583688068476479, "p_value": 0.0008230753159343859}