{"correlation": 0.019667327076540692, "p_value": 5.094144420771585e-10}