{"correlation": 0.09248885500975662, "p_value": 1.2896136140551234e-188}