{"correlation": 0.03764051053618951, "p_value": 1.1840667504770405e-32}