{"correlation": -0.08926737917340988, "p_value": 8.525086547671592e-176}