{"correlation": -0.06299831387080632, "p_value": 2.257757828638355e-88}