{"correlation": 0.07156360081627713, "p_value": 1.538694503636746e-113}