{"correlation": 0.030557678092210633, "p_value": 4.477407158538018e-22}