{"correlation": 0.018961932046239187, "p_value": 2.057713796161426e-09}