{"correlation": 0.11111072398548659, "p_value": 8.56629391608655e-272}