{"correlation": 0.06206180066081529, "p_value": 8.133576180396913e-86}