{"correlation": 0.10121869086390353, "p_value": 1.1153727922031143e-225}