{"correlation": 0.11810827035504351, "p_value": 4.520650015368295e-307}