{"correlation": 0.11024174600426942, "p_value": 1.4444926828212755e-267}