{"correlation": 0.04544956953993279, "p_value": 7.856431215342691e-47}