{"correlation": 0.10908886948443226, "p_value": 5.190376810773313e-262}