{"correlation": 0.10322491228763345, "p_value": 1.120087800304471e-234}