{"correlation": 0.04491537144012168, "p_value": 8.900500359523886e-46}