{"correlation": 0.09254438796229834, "p_value": 7.680988873683159e-189}