{"correlation": 0.09974262881580985, "p_value": 3.571763961004108e-219}