{"correlation": -0.01668179010888074, "p_value": 1.3464653458570664e-07}