{"correlation": 0.10919318509847938, "p_value": 1.640514342831424e-262}