{"correlation": 0.07612013144113103, "p_value": 3.0594294200243906e-128}