{"correlation": -0.0779531835224201, "p_value": 2.057875752717887e-134}