{"correlation": -0.11105974856699338, "p_value": 1.5194540283157508e-271}