{"correlation": 0.08477760505461683, "p_value": 1.072281687908178e-158}