{"correlation": 0.06668398334630399, "p_value": 8.29763345238283e-99}