{"correlation": 0.10955385238307933, "p_value": 3.0319716129303365e-264}