{"correlation": 0.07244759465253416, "p_value": 2.5491895026988866e-116}