{"correlation": 0.06680968410984171, "p_value": 3.56922246044004e-99}