{"correlation": 0.05175021958979716, "p_value": 3.351615545388661e-60}