{"correlation": 0.10170676108291085, "p_value": 7.497675015346824e-228}