{"correlation": 0.004457262526237895, "p_value": 0.15893554159106962}