{"correlation": 0.04217928169572515, "p_value": 1.427543900487805e-40}