{"correlation": 0.10676797921732238, "p_value": 5.22488661591269e-251}