{"correlation": -0.08155786120697538, "p_value": 5.53888416258597e-147}