{"correlation": 0.0037507704426849144, "p_value": 0.23586677979640086}