{"correlation": -0.029680175670565984, "p_value": 6.4696865563964016e-21}