{"correlation": -0.048218430510517635, "p_value": 1.7077204709722087e-52}