{"correlation": 0.010499848413752854, "p_value": 0.0009052910936958802}