{"correlation": 0.11791722215346956, "p_value": 4.443207164389786e-306}