{"correlation": 0.022804361151283117, "p_value": 5.680999209148677e-13}