{"correlation": -0.0714534705594765, "p_value": 3.397648868591491e-113}