{"correlation": 0.10635575890118137, "p_value": 4.436647845147885e-249}