{"correlation": 0.08805219298024783, "p_value": 4.436198563860005e-171}