{"correlation": -0.03494117874265635, "p_value": 2.2912719752554853e-28}