{"correlation": 0.05774640579966238, "p_value": 1.567476923779833e-74}