{"correlation": 0.0936555270002081, "p_value": 2.2584006000117087e-193}