{"correlation": 0.11562938171779405, "p_value": 2.5405612504426363e-294}