{"correlation": 0.05881998496183565, "p_value": 2.9095957942783263e-77}