{"correlation": -0.06765385100116361, "p_value": 1.186088265248306e-101}