{"correlation": -0.014633780685886631, "p_value": 3.7452019968031535e-06}