{"correlation": 0.10440390476798722, "p_value": 4.7567228201189465e-240}