{"correlation": 0.012897693600647932, "p_value": 4.57580045929017e-05}