{"correlation": -0.02563411432258917, "p_value": 5.3786269561657e-16}