{"correlation": 0.06536757719645492, "p_value": 5.179193820142186e-95}