{"correlation": 0.07906354893582312, "p_value": 3.1809090704992426e-138}