{"correlation": -0.0513792757662805, "p_value": 2.2922625650468644e-59}