{"correlation": 0.027930952370947032, "p_value": 1.057124442082894e-18}