{"correlation": 0.08382807996432275, "p_value": 3.4061253439798836e-155}