{"correlation": 0.05987682254160196, "p_value": 5.319308986219069e-80}