{"correlation": 0.0328228960053397, "p_value": 3.1885931765430232e-25}