{"correlation": -0.026037036539743645, "p_value": 1.8717349580112225e-16}