{"correlation": 0.08769733788151704, "p_value": 1.0277794304736845e-169}