{"correlation": 0.118930362273777, "p_value": 2.3206207437387e-311}