{"correlation": 0.0030912466280498176, "p_value": 0.32859573117898655}