{"correlation": -0.022015037181802186, "p_value": 3.4421091451803595e-12}