{"correlation": 0.08993202737825862, "p_value": 2.10564721674666e-178}