{"correlation": 0.07673288443103175, "p_value": 2.7470730663231693e-130}