{"correlation": -0.028343522267483722, "p_value": 3.2656280870564622e-19}