{"correlation": 0.023413366798313018, "p_value": 1.357015089442183e-13}