{"correlation": 0.0018659817225300892, "p_value": 0.5553802852193293}