{"correlation": 0.021196324291438983, "p_value": 2.0906855256607743e-11}