{"correlation": 0.05838385682769351, "p_value": 3.797441166568379e-76}