{"correlation": 0.10412912201031116, "p_value": 8.607668994990916e-239}