{"correlation": -0.055875452729387216, "p_value": 6.837639183501418e-70}