{"correlation": 0.09435848762242248, "p_value": 2.8742010975492597e-196}