{"correlation": 0.0793902412172009, "p_value": 2.349406347976037e-139}