{"correlation": 0.11024763182433023, "p_value": 1.3526937428875855e-267}