{"correlation": 0.0915159710227609, "p_value": 1.0733760000101804e-184}