{"correlation": 0.07938169729623881, "p_value": 2.515431305358206e-139}