{"correlation": 0.06669744185518048, "p_value": 7.581581285784182e-99}