{"correlation": 0.05464514226857472, "p_value": 6.347851488638479e-67}