{"correlation": 0.10251104546880693, "p_value": 1.8692553676538404e-231}