{"correlation": 0.0942082471798288, "p_value": 1.1999412408047467e-195}