{"correlation": -0.08581339309695242, "p_value": 1.4611617110976322e-162}