{"correlation": 0.09634642654314664, "p_value": 1.4181695372615974e-204}