{"correlation": 0.05368533313108153, "p_value": 1.1803150205143725e-64}