{"correlation": 0.11065288664884496, "p_value": 1.4590110591075333e-269}