{"correlation": -0.053041538987247075, "p_value": 3.7296960152057056e-63}