{"correlation": 0.03141939207164258, "p_value": 3.018359394188572e-23}