{"correlation": 0.019231059916847, "p_value": 1.2149244341405149e-09}