{"correlation": 0.05144857302308275, "p_value": 1.6022439248357705e-59}