{"correlation": 0.047194154132202196, "p_value": 2.3231871554255593e-50}