{"correlation": 0.10055219101751064, "p_value": 9.929857074343271e-223}