{"correlation": 0.006915372479091854, "p_value": 0.0288500076682215}