{"correlation": -0.013314875573500216, "p_value": 2.5745717849870307e-05}