{"correlation": 0.09188292320968121, "p_value": 3.606098947234719e-186}