{"correlation": 0.07298465750787284, "p_value": 5.014156315904321e-118}