{"correlation": 0.1124217857795051, "p_value": 3.0986796287452554e-278}