{"correlation": 0.03973768501070626, "p_value": 3.352346425214568e-36}