{"correlation": 0.06616311340186792, "p_value": 2.6899902686388123e-97}