{"correlation": -0.059610215386330344, "p_value": 2.6373443812284156e-79}