{"correlation": 0.011678602890369805, "p_value": 0.00022339159770121264}