{"correlation": 0.006135456527074451, "p_value": 0.05249635461752887}