{"correlation": 0.034836853867833764, "p_value": 3.3069684363060994e-28}