{"correlation": 0.08554885020619157, "p_value": 1.4338443143705105e-161}