{"correlation": 0.02412888512157589, "p_value": 2.4084489937942817e-14}