{"correlation": 0.09967059113967998, "p_value": 7.377082979748383e-219}