{"correlation": -0.03183010087643442, "p_value": 8.133374870704658e-24}