{"correlation": -0.07072617835495518, "p_value": 6.161909076266621e-111}