{"correlation": 0.057723396774025056, "p_value": 1.7913845888363556e-74}