{"correlation": 0.10405214740078639, "p_value": 1.9344758707466765e-238}