{"correlation": 0.04618375095418761, "p_value": 2.6678435624364786e-48}