{"correlation": 0.09170775223366578, "p_value": 1.825101517257654e-185}