{"correlation": 0.04110557128003718, "p_value": 1.2837949557183475e-38}