{"correlation": 0.0036335819392738235, "p_value": 0.2508261542232587}