{"correlation": 0.07156512202859135, "p_value": 1.5219370489490726e-113}