{"correlation": -0.016927508485836244, "p_value": 8.79160521878358e-08}