{"correlation": 0.08421108392036049, "p_value": 1.3319908642673565e-156}