{"correlation": 0.06084083069306965, "p_value": 1.533844781056856e-82}