{"correlation": 0.10320322141006755, "p_value": 1.4044336204070268e-234}