{"correlation": 0.021101400260081934, "p_value": 2.5661306719143234e-11}