{"correlation": 0.0647478443820961, "p_value": 2.9833263789904942e-93}