{"correlation": 0.044985060044210615, "p_value": 6.495216294179045e-46}