{"correlation": -0.009822399602206865, "p_value": 0.001907280095819474}