{"correlation": 0.030434360932286176, "p_value": 6.546744971752717e-22}