{"correlation": -0.09521527340972148, "p_value": 7.942103256672328e-200}