{"correlation": 0.10556452460347668, "p_value": 2.129493380356283e-245}