{"correlation": -0.011424164712899709, "p_value": 0.00030553596018296917}