{"correlation": 0.07693373200882558, "p_value": 5.81273803498768e-131}