{"correlation": 0.06779135011831695, "p_value": 4.65008730797939e-102}