{"correlation": 0.07983117560600053, "p_value": 6.857797290595613e-141}