{"correlation": 0.05075462890402826, "p_value": 5.6601262602531e-58}