{"correlation": -0.011154001953975617, "p_value": 0.0004232089653287004}