{"correlation": 0.11955387712554855, "p_value": 1.2353208243e-314}