{"correlation": 0.07372988118000441, "p_value": 2.0495678591449255e-120}