{"correlation": 0.07860806501486874, "p_value": 1.1813824637852215e-136}