{"correlation": 0.1004704744329822, "p_value": 2.276171914549307e-222}