{"correlation": 0.015099465282832101, "p_value": 1.8218768772825718e-06}