{"correlation": 0.11177158576954345, "p_value": 4.959766805769555e-275}