{"correlation": 0.09538847072455951, "p_value": 1.5017761868271974e-200}