{"correlation": 0.04673283015725306, "p_value": 2.0519511426066076e-49}