{"correlation": 0.05373350648607284, "p_value": 9.100276548406503e-65}