{"correlation": 0.01917740369199857, "p_value": 1.3502602921456377e-09}