{"correlation": 0.04040581005515882, "p_value": 2.2646459371413594e-37}