{"correlation": 0.11198849837833048, "p_value": 4.25204769705591e-276}