{"correlation": 0.08103453561652234, "p_value": 4.0172679299570876e-145}