{"correlation": 0.043870451567792755, "p_value": 9.454431708019496e-44}