{"correlation": 0.042565504129427716, "p_value": 2.7512290193910527e-41}