{"correlation": 0.04874095796089288, "p_value": 1.3377156779369492e-53}