{"correlation": -0.023981189562334797, "p_value": 3.455560053379081e-14}