{"correlation": 0.043173138317413755, "p_value": 2.001874174832239e-42}