{"correlation": 0.0003755714316812244, "p_value": 0.9055178325014999}