{"correlation": 0.0421892874027864, "p_value": 1.3681895664953423e-40}