{"correlation": 0.05052800874305887, "p_value": 1.7940843023896232e-57}