{"correlation": -0.019429481901289125, "p_value": 8.200999506350169e-10}