{"correlation": 0.02739990418335989, "p_value": 4.6776228519127606e-18}