{"correlation": 0.03541254138860834, "p_value": 4.307464320946866e-29}