{"correlation": 0.11618466001632129, "p_value": 3.741707938894892e-297}