{"correlation": 0.07684403174697768, "p_value": 1.1636792839274844e-130}