{"correlation": 0.11944839585411889, "p_value": 4.4346096574e-314}