{"correlation": -0.061696644382324944, "p_value": 7.883607685787138e-85}