{"correlation": 0.07706138473090018, "p_value": 2.1615791175173288e-131}