{"correlation": 0.06915678294847094, "p_value": 3.8382362204409917e-106}