{"correlation": 0.06165384770662311, "p_value": 1.0279100247485629e-84}