{"correlation": 0.08423186908591485, "p_value": 1.116652784022674e-156}