{"correlation": 0.09716572354118426, "p_value": 4.753251970170957e-208}