{"correlation": 0.08934431058641089, "p_value": 4.264930234957347e-176}