{"correlation": 0.04899495243904763, "p_value": 3.8409080225117646e-54}