{"correlation": 0.02714358881325201, "p_value": 9.49382681432645e-18}