{"correlation": -0.08856885884055786, "p_value": 4.464377880818104e-173}