{"correlation": 0.03314560562138691, "p_value": 1.0894411148835214e-25}