{"correlation": 0.055733530509239314, "p_value": 1.5157146579349942e-69}