{"correlation": 0.04128961359209438, "p_value": 5.985916223408287e-39}