{"correlation": 0.08449365071416258, "p_value": 1.207105290115751e-157}