{"correlation": -0.0420020234656221, "p_value": 3.024154915994001e-40}