{"correlation": 0.11385785434286377, "p_value": 2.2210357303051667e-285}