{"correlation": 0.11803683548944736, "p_value": 1.0629142419425645e-306}