{"correlation": 0.07809993827325634, "p_value": 6.499256191090903e-135}