{"correlation": 0.10113583261602781, "p_value": 2.6012416942974904e-225}