{"correlation": -0.00433116800597409, "p_value": 0.1710587693456534}