{"correlation": 0.04433527323587284, "p_value": 1.202669053548444e-44}