{"correlation": 0.046966522573402475, "p_value": 6.82444130392635e-50}