{"correlation": -0.11303485934845636, "p_value": 2.834147390130748e-281}