{"correlation": 0.09622465252141217, "p_value": 4.630554589415593e-204}