{"correlation": 0.021187338097814014, "p_value": 2.1317172167442155e-11}