{"correlation": 0.01163083496160932, "p_value": 0.0002370288697001469}