{"correlation": 0.09424721646531953, "p_value": 8.284655610783892e-196}