{"correlation": 0.11070924610159787, "p_value": 7.760687028587028e-270}