{"correlation": 0.012479594706106642, "p_value": 8.008360062010546e-05}