{"correlation": 0.033078112158794186, "p_value": 1.3649605452773983e-25}