{"correlation": 0.08744254290285035, "p_value": 9.738261375570796e-169}