{"correlation": 0.10660903616780645, "p_value": 2.902357332273339e-250}