{"correlation": 0.03960773317988777, "p_value": 5.632975195959171e-36}