{"correlation": 0.11377766457461296, "p_value": 5.5970460428386935e-285}