{"correlation": 0.019673158499276838, "p_value": 5.034669221334791e-10}