{"correlation": 0.04051233629687338, "p_value": 1.4676128108298577e-37}