{"correlation": 0.0759196871689184, "p_value": 1.4177189588880763e-127}