{"correlation": -0.047676511904592274, "p_value": 2.327929659504557e-51}