{"correlation": 0.0375488838883461, "p_value": 1.6751396368781612e-32}