{"correlation": 0.08246168245735369, "p_value": 3.1745987355005603e-150}