{"correlation": 0.09389408585332516, "p_value": 2.364358659549435e-194}