{"correlation": 0.08834407322056073, "p_value": 3.3125212789362924e-172}