{"correlation": 0.11799065799796951, "p_value": 1.846683402018777e-306}