{"correlation": -0.014234651932672236, "p_value": 6.831090335456847e-06}