{"correlation": 0.07377531314579555, "p_value": 1.4630418738041348e-120}