{"correlation": 0.04884957379625107, "p_value": 7.85165998047566e-54}