{"correlation": 0.038056943676316984, "p_value": 2.4210184284156145e-33}