{"correlation": 0.10006299239545169, "p_value": 1.4099703012080624e-220}