{"correlation": 0.025885980049175673, "p_value": 2.7856412614923843e-16}