{"correlation": 0.1152247950489692, "p_value": 2.8808197007267974e-292}