{"correlation": -0.02694835801527542, "p_value": 1.6206993314453958e-17}