{"correlation": 0.07051810716529373, "p_value": 2.7013673477844413e-110}