{"correlation": 0.02286235011370632, "p_value": 4.964734146789764e-13}