{"correlation": -0.08285465879201026, "p_value": 1.204863975743592e-151}