{"correlation": 0.060578624590063156, "p_value": 7.597923464924489e-82}