{"correlation": 0.07426916638762714, "p_value": 3.697788670055127e-122}