{"correlation": 0.036449034571101845, "p_value": 1.0100622239489988e-30}