{"correlation": 0.03519817061150503, "p_value": 9.23683031514669e-29}