{"correlation": 0.022357213200360763, "p_value": 1.588232962218469e-12}