{"correlation": 0.11273415409179777, "p_value": 8.810692024003207e-280}