{"correlation": -0.03699393635570864, "p_value": 1.345455631851752e-31}