{"correlation": 0.073156218523298, "p_value": 1.4206547679324007e-118}