{"correlation": 0.10298938929524665, "p_value": 1.3029573350747159e-233}