{"correlation": 0.08983898177961709, "p_value": 4.892936044047053e-178}