{"correlation": 0.058657419029281746, "p_value": 7.59738210567778e-77}