{"correlation": 0.056295354250039294, "p_value": 6.410775390479811e-71}