{"correlation": 0.09981238419402917, "p_value": 1.768641914740342e-219}