{"correlation": 0.08895660618226392, "p_value": 1.3902331124596832e-174}