{"correlation": -0.11525137976573792, "p_value": 2.1122207721729455e-292}