{"correlation": -0.012782772811430025, "p_value": 5.3456601624690134e-05}