{"correlation": 0.05486753604650106, "p_value": 1.8666594602422194e-67}