{"correlation": 0.07040015639726888, "p_value": 6.231593658819202e-110}