{"correlation": 0.06477767226357535, "p_value": 2.456722210425844e-93}