{"correlation": -0.08500870194795468, "p_value": 1.485801585679399e-159}