{"correlation": 0.056870943603302325, "p_value": 2.428034240363579e-72}