{"correlation": 0.0726157604646241, "p_value": 7.473390989474686e-117}