{"correlation": 0.0768980834536476, "p_value": 7.65995256838032e-131}