{"correlation": 0.08920457981091638, "p_value": 1.4998139967779505e-175}