{"correlation": 0.10272608940654658, "p_value": 2.010727238745283e-232}