{"correlation": -0.04600072031038557, "p_value": 6.231438372259277e-48}