{"correlation": -0.10939322356369362, "p_value": 1.7963011875386148e-263}