{"correlation": 0.10367646055564005, "p_value": 9.981044127015008e-237}