{"correlation": 0.03616843152115116, "p_value": 2.819534252471946e-30}