{"correlation": 0.08937480053456542, "p_value": 3.240630331365674e-176}