{"correlation": 0.004914575752166464, "p_value": 0.12037768478583505}