{"correlation": 0.07613864716969587, "p_value": 2.654819801117295e-128}