{"correlation": 0.11312243621732046, "p_value": 1.0398197912131228e-281}