{"correlation": 0.05792601682167048, "p_value": 5.517571093577562e-75}