{"correlation": 0.11417369066607509, "p_value": 5.791154953303513e-287}