{"correlation": 0.04163851046885901, "p_value": 1.3961018579888568e-39}