{"correlation": 0.030485400692976374, "p_value": 5.595172102608315e-22}