{"correlation": -0.01809458644603996, "p_value": 1.0715176325440823e-08}