{"correlation": -0.10408241388489628, "p_value": 1.4070675925785862e-238}