{"correlation": 0.10116886853906563, "p_value": 1.856050558096883e-225}