{"correlation": 0.004933214383933098, "p_value": 0.11897724554185993}