{"correlation": -0.10817431568949123, "p_value": 1.201663594167003e-257}