{"correlation": 0.07889919562960282, "p_value": 1.17504801598129e-137}