{"correlation": 0.06284934325580464, "p_value": 5.793261871197233e-88}