{"correlation": 0.07505686820674558, "p_value": 9.95370044415847e-125}