{"correlation": 0.09421192366049347, "p_value": 1.158735836443199e-195}