{"correlation": 0.04946907881097429, "p_value": 3.6754713377290714e-55}