{"correlation": 0.07870822200247864, "p_value": 5.345416510222838e-137}