{"correlation": 0.07070958588431159, "p_value": 6.933785066120894e-111}