{"correlation": -0.10243059649519999, "p_value": 4.299208159065728e-231}