{"correlation": 0.046485252963020016, "p_value": 6.547619839186141e-49}