{"correlation": 0.11617866084302352, "p_value": 4.015497798065398e-297}