{"correlation": -0.008260098152280815, "p_value": 0.00904021483798655}