{"correlation": -0.06493298782076287, "p_value": 8.923556346101323e-94}