{"correlation": -0.06995887622227626, "p_value": 1.403781910447801e-108}