{"correlation": 0.075398259744252, "p_value": 7.510562519719242e-126}