{"correlation": 0.049148818289206225, "p_value": 1.7979431535566082e-54}