{"correlation": 0.06600377841159712, "p_value": 7.754063496773876e-97}