{"correlation": 0.09999167162096255, "p_value": 2.8980005674884428e-220}