{"correlation": -0.03308547299316859, "p_value": 1.331836443650729e-25}