{"correlation": -0.05791745561368579, "p_value": 5.799544645540696e-75}