{"correlation": 0.030443253434754874, "p_value": 6.370142200417229e-22}