{"correlation": 0.1138041664096353, "p_value": 4.12412253283692e-285}