{"correlation": 0.008747262836770825, "p_value": 0.005701022339075079}