{"correlation": 0.07885653579855416, "p_value": 1.6487818134040217e-137}