{"correlation": 0.04905497534092159, "p_value": 2.857309282410629e-54}