{"correlation": 0.11242967623953978, "p_value": 2.8325293170616095e-278}