{"correlation": 0.0373773539244416, "p_value": 3.199969615703087e-32}