{"correlation": 0.024311224971010605, "p_value": 1.5377791627584967e-14}