{"correlation": -0.0024521071294793936, "p_value": 0.43836665779554795}