{"correlation": -0.06205347398209783, "p_value": 8.567231156639271e-86}