{"correlation": 0.028723118720947124, "p_value": 1.091738515999468e-19}