{"correlation": 0.08182423139637506, "p_value": 6.191348156403989e-148}