{"correlation": -0.0572912089544923, "p_value": 2.1782011826714477e-73}