{"correlation": 0.10873560446041959, "p_value": 2.5442545518193966e-260}