{"correlation": 0.018516236106332535, "p_value": 4.848460464218318e-09}