{"correlation": 0.03144828967873118, "p_value": 2.753838544526109e-23}