{"correlation": 0.08384861832110722, "p_value": 2.863749735795858e-155}