{"correlation": 0.0933035976858069, "p_value": 6.2378365192399365e-192}