{"correlation": 0.044971800447490294, "p_value": 6.896720959115095e-46}