{"correlation": -0.08564628856206542, "p_value": 6.188055432319305e-162}