{"correlation": 0.04089776632306089, "p_value": 3.026077370063541e-38}