{"correlation": 0.055794388978049475, "p_value": 1.077652431522684e-69}