{"correlation": 0.09388624262815806, "p_value": 2.5466922593228032e-194}