{"correlation": 0.0778033883988941, "p_value": 6.658328664549526e-134}