{"correlation": 0.10267669761053712, "p_value": 3.356921015528925e-232}