{"correlation": 0.0896817315572318, "p_value": 2.0302956833608015e-177}