{"correlation": 0.0268553741610378, "p_value": 2.088083629914067e-17}