{"correlation": 0.0884475463289073, "p_value": 1.3175781231063356e-172}