{"correlation": 0.07500847823816607, "p_value": 1.4343312098753511e-124}