{"correlation": 0.07406856687026095, "p_value": 1.6521678365781172e-121}