{"correlation": -0.020087259525439445, "p_value": 2.168181874075254e-10}