{"correlation": 0.06707429304041769, "p_value": 6.012448863105574e-100}