{"correlation": 0.08179828372862057, "p_value": 7.666973994867187e-148}