{"correlation": 0.050212414798370575, "p_value": 8.86827470893353e-57}