{"correlation": -0.09198862731807768, "p_value": 1.3533495274364171e-186}