{"correlation": 0.04418127405972761, "p_value": 2.3870858097924343e-44}