{"correlation": 0.1054981710927777, "p_value": 4.322261347043892e-245}