{"correlation": 0.0499495742833367, "p_value": 3.330581464756839e-56}