{"correlation": 0.07938979543319165, "p_value": 2.3577917784491077e-139}