{"correlation": 0.031969549279249075, "p_value": 5.191041115753545e-24}