{"correlation": 0.1008776503777441, "p_value": 3.6235773078729866e-224}