{"correlation": 0.07555768568931243, "p_value": 2.237727112610352e-126}