{"correlation": 0.0959616446226381, "p_value": 5.933512724993463e-203}