{"correlation": 0.01634163886380789, "p_value": 2.4058746467296066e-07}