{"correlation": 0.10377712065427669, "p_value": 3.4747593208739483e-237}