{"correlation": 0.10927123848903256, "p_value": 6.92428959038901e-263}