{"correlation": 0.11776746790350327, "p_value": 2.657765844035259e-305}