{"correlation": 0.0625167939777661, "p_value": 4.709588153726208e-87}