{"correlation": 0.1156960206250311, "p_value": 1.1636253341507653e-294}