{"correlation": 0.00023120813272098015, "p_value": 0.9417504129547541}