{"correlation": -0.11452405464965425, "p_value": 1.0013174991892363e-288}