{"correlation": 0.10207315664293848, "p_value": 1.7259670397312846e-229}