{"correlation": 0.05830285636669088, "p_value": 6.106367005395731e-76}