{"correlation": 0.10359285335869864, "p_value": 2.3957954962709627e-236}