{"correlation": 0.09009592273610827, "p_value": 4.758121251190756e-179}