{"correlation": 0.08920771849610783, "p_value": 1.4580742442899945e-175}