{"correlation": 0.08115582285864352, "p_value": 1.4921479048797846e-145}