{"correlation": 0.05970067443876473, "p_value": 1.5331969038778516e-79}