{"correlation": -0.026565527293703033, "p_value": 4.5750720592783503e-17}