{"correlation": 0.07785038824997864, "p_value": 4.607556111844579e-134}