{"correlation": 0.07793167386976813, "p_value": 2.436156028985839e-134}