{"correlation": 0.06823914850787231, "p_value": 2.1743954422847815e-103}