{"correlation": 0.061392778409488175, "p_value": 5.165932226065442e-84}