{"correlation": 0.11911688134080839, "p_value": 2.444058932323e-312}