{"correlation": 0.07532540386478873, "p_value": 1.305011513020467e-125}