{"correlation": 0.10183807535503862, "p_value": 1.9435867083875876e-228}