{"correlation": -0.02806008815661331, "p_value": 7.332141422831613e-19}