{"correlation": 0.02007724049968182, "p_value": 2.2132675062547533e-10}