{"correlation": 0.0803508216777748, "p_value": 1.038528678665645e-142}