{"correlation": 0.019663486570664628, "p_value": 5.133687976769721e-10}