{"correlation": 0.10160356079624745, "p_value": 2.163607244771584e-227}