{"correlation": 0.06732015996893004, "p_value": 1.1417312745608561e-100}