{"correlation": 0.0021771017247247996, "p_value": 0.491426041180278}