{"correlation": 0.03105950030683305, "p_value": 9.393588703149431e-23}