{"correlation": 0.08275623773716646, "p_value": 2.7378296992968482e-151}