{"correlation": 0.07088163939987957, "p_value": 2.0365706440668895e-111}