{"correlation": 0.05221072720504147, "p_value": 3.0219767620630934e-61}