{"correlation": -0.03590393441851937, "p_value": 7.367169958568322e-30}