{"correlation": -0.11755112608086007, "p_value": 3.507170625630169e-304}