{"correlation": 0.06441997672754989, "p_value": 2.5075352309408417e-92}