{"correlation": 0.07646866967030702, "p_value": 2.105970620849824e-129}