{"correlation": -0.004999762286064496, "p_value": 0.11408104906604388}