{"correlation": 0.03748401124307875, "p_value": 2.140478040195631e-32}