{"correlation": -0.060251021598310396, "p_value": 5.55521821253944e-81}