{"correlation": 0.09211222369413362, "p_value": 4.296428801651255e-187}