{"correlation": 0.0033633537830637505, "p_value": 0.2878080123620012}