{"correlation": 0.10069605743768786, "p_value": 2.3012163542271623e-223}