{"correlation": 0.09533079001029403, "p_value": 2.6160597219140155e-200}