{"correlation": 0.019215474465144315, "p_value": 1.2528097665541229e-09}