{"correlation": 0.04040443281536509, "p_value": 2.2773653282481775e-37}