{"correlation": 0.007512815539842718, "p_value": 0.017579845842957287}