{"correlation": 0.11331282338194246, "p_value": 1.172441700787665e-282}