{"correlation": 0.08320725957220297, "p_value": 6.314619094862162e-153}