{"correlation": 0.11605325468604447, "p_value": 1.755819850864306e-296}