{"correlation": 0.09753685313953986, "p_value": 1.2391923691047684e-209}