{"correlation": 0.020273244028366784, "p_value": 1.4770671897214317e-10}