{"correlation": 0.10127051296097432, "p_value": 6.565310323227798e-226}