{"correlation": 0.11537721522575838, "p_value": 4.856882054736618e-293}