{"correlation": -0.08115136088742349, "p_value": 1.547557526338512e-145}