{"correlation": 0.08438767780422045, "p_value": 2.973247163204732e-157}