{"correlation": 0.11781904863982656, "p_value": 1.4357089803544723e-305}