{"correlation": 0.10365912735734709, "p_value": 1.1968477956326054e-236}