{"correlation": 0.07468052365067927, "p_value": 1.695334572153681e-123}