{"correlation": 0.03274693355233917, "p_value": 4.099496174145885e-25}