{"correlation": 0.08441739052090644, "p_value": 2.309490753621402e-157}