{"correlation": 0.061728693076310515, "p_value": 6.462214547864192e-85}