{"correlation": -0.05865292422892808, "p_value": 7.801400390463994e-77}