{"correlation": 0.014853242402026364, "p_value": 2.673742861701239e-06}