{"correlation": 0.0339193152369399, "p_value": 7.95608891345705e-27}