{"correlation": 0.0833591875798002, "p_value": 1.7655233072395179e-153}