{"correlation": -0.06673855898131509, "p_value": 5.753968913119516e-99}