{"correlation": 0.09576484842667823, "p_value": 3.982165853329556e-202}