{"correlation": 0.07191890341809182, "p_value": 1.184728612018724e-114}