{"correlation": -0.060109027382812305, "p_value": 1.3113918575732372e-80}