{"correlation": 0.04253944017527624, "p_value": 3.075996644700853e-41}