{"correlation": 0.08406526013720622, "p_value": 4.584083342897138e-156}