{"correlation": -0.003373848901537863, "p_value": 0.28630639999821034}