{"correlation": 0.034510616572577715, "p_value": 1.0344634704010578e-27}