{"correlation": 0.09183754694060457, "p_value": 5.490313950913851e-186}