{"correlation": -0.05971525747529651, "p_value": 1.4047144044656198e-79}