{"correlation": 0.08296725903360438, "p_value": 4.705319135154484e-152}