{"correlation": 0.07671596778597105, "p_value": 3.1303922624766973e-130}