{"correlation": 0.022748573140156717, "p_value": 6.465416796072232e-13}