{"correlation": 0.029495836332938195, "p_value": 1.122859465164968e-20}