{"correlation": 0.008030557435840208, "p_value": 0.01114934157802771}