{"correlation": 0.09440060456733428, "p_value": 1.9246506106761632e-196}