{"correlation": 0.021906035556643406, "p_value": 4.393207543922695e-12}