{"correlation": 0.02069824627828274, "p_value": 6.066763575250312e-11}