{"correlation": 0.04739082143762383, "p_value": 9.118975161841213e-51}