{"correlation": 0.07183623476461033, "p_value": 2.153780634947496e-114}