{"correlation": 0.015850057214203874, "p_value": 5.457248301278602e-07}