{"correlation": 0.10950982272228342, "p_value": 4.938910963449683e-264}