{"correlation": 0.02354529060715886, "p_value": 9.903591368685698e-14}