{"correlation": 0.08474183132366638, "p_value": 1.4553572679211383e-158}