{"correlation": 0.023307579170360637, "p_value": 1.7447721066484658e-13}