{"correlation": 0.11883282712789331, "p_value": 7.5184978743773e-311}