{"correlation": -0.04943782443432275, "p_value": 4.293333358505082e-55}