{"correlation": 0.03219281142484904, "p_value": 2.5193036222503575e-24}