{"correlation": -0.07095734974913023, "p_value": 1.1867385070736733e-111}