{"correlation": 0.10637967745526854, "p_value": 3.430336519626099e-249}