{"correlation": -0.02523030243357375, "p_value": 1.5245099664855365e-15}