{"correlation": 0.0888424870041086, "p_value": 3.865575553594945e-174}