{"correlation": -0.054415173046576726, "p_value": 2.2388550556458296e-66}