{"correlation": 0.03198066490927541, "p_value": 5.008104345073617e-24}