{"correlation": 0.09079088803579519, "p_value": 8.417121496256186e-182}