{"correlation": 0.09710066645041038, "p_value": 8.994961929287637e-208}