{"correlation": 0.08717466033945034, "p_value": 1.0283047923453466e-167}