{"correlation": 0.1146946613094946, "p_value": 1.3819220908627458e-289}