{"correlation": 0.028695098443068168, "p_value": 1.1842831710520807e-19}