{"correlation": 0.09572016013403092, "p_value": 6.132388371008451e-202}