{"correlation": -0.004986561764520236, "p_value": 0.11503943960739307}