{"correlation": -0.01796408419383698, "p_value": 1.3647939836028483e-08}