{"correlation": 0.1175662055125627, "p_value": 2.9304119741851433e-304}