{"correlation": 0.047738410232164075, "p_value": 1.7299219902316937e-51}