{"correlation": 0.018864567653560132, "p_value": 2.4855145863317758e-09}