{"correlation": 0.06782568768145573, "p_value": 3.6794061221375755e-102}