{"correlation": -0.031948562606947846, "p_value": 5.554661167739392e-24}