{"correlation": 0.03514324193273811, "p_value": 1.1222598917909285e-28}