{"correlation": -0.005629790485745613, "p_value": 0.07520233914457544}