{"correlation": 0.11062111347128518, "p_value": 2.0823562762060386e-269}