{"correlation": -0.038384160547958825, "p_value": 6.871417836879961e-34}