{"correlation": 0.04897636615215944, "p_value": 4.209062100557325e-54}