{"correlation": 0.03125727776740947, "p_value": 5.041528700191864e-23}