{"correlation": -0.08672923395893667, "p_value": 5.0951488752416177e-166}