{"correlation": 0.026045119891532537, "p_value": 1.832214264617121e-16}