{"correlation": 0.03307151400924087, "p_value": 1.3953457598685091e-25}