{"correlation": 0.015522650560547654, "p_value": 9.294981418668871e-07}