{"correlation": 0.043833203245212164, "p_value": 1.1142668745522936e-43}