{"correlation": -0.012658584295200438, "p_value": 6.314909796934862e-05}