{"correlation": -0.0015407683039932675, "p_value": 0.6263023230589988}