{"correlation": 0.10538016113920713, "p_value": 1.5205380123413067e-244}