{"correlation": 0.09394681909948088, "p_value": 1.4345776358127794e-194}