{"correlation": 0.09372860604227999, "p_value": 1.131968564261674e-193}