{"correlation": 0.023879750524068134, "p_value": 4.4223902632778386e-14}