{"correlation": 0.09923633228472124, "p_value": 5.779326217254649e-217}