{"correlation": 0.09487231124567504, "p_value": 2.129707666383749e-198}