{"correlation": 0.00995949614918985, "p_value": 0.001645979869098356}