{"correlation": 0.08462352727804673, "p_value": 3.992789588053001e-158}