{"correlation": 0.06322525725619695, "p_value": 5.350078727149239e-89}