{"correlation": 0.07967859126165498, "p_value": 2.3348588138144133e-140}