{"correlation": 0.07909982926458897, "p_value": 2.3829577892503763e-138}