{"correlation": 0.048282581296949754, "p_value": 1.251025226878365e-52}