{"correlation": 0.015616011948426566, "p_value": 7.993887681507493e-07}