{"correlation": -0.06569565167314237, "p_value": 5.963552344564224e-96}