{"correlation": 0.04234208428564147, "p_value": 7.144325051465146e-41}