{"correlation": 0.08266060237158963, "p_value": 6.0726065266709566e-151}