{"correlation": 0.02485335754597404, "p_value": 3.973582439910378e-15}