{"correlation": 0.11695685191617129, "p_value": 4.091063727512783e-301}