{"correlation": 0.06944961172555009, "p_value": 4.986161441573378e-107}