{"correlation": 0.07644118775662224, "p_value": 2.601861483864754e-129}