{"correlation": 0.0987349246562877, "p_value": 8.674901462384909e-215}