{"correlation": 0.10485636311826821, "p_value": 3.973814456230604e-242}