{"correlation": 0.10751897180938705, "p_value": 1.528368123513109e-254}