{"correlation": -0.10720722214791664, "p_value": 4.5108639583523985e-253}