{"correlation": 0.027531780737180236, "p_value": 3.2415881751064652e-18}