{"correlation": 0.08949385530278749, "p_value": 1.1078212613417054e-176}