{"correlation": -0.010751019247331982, "p_value": 0.0006792931775969917}