{"correlation": 0.05699226571225874, "p_value": 1.212701068486434e-72}