{"correlation": -0.042941980039414226, "p_value": 5.4485483180473084e-42}