{"correlation": 0.04687060465472602, "p_value": 1.072971358183337e-49}