{"correlation": 0.11879594912626454, "p_value": 1.17232767075607e-310}