{"correlation": 0.07952846580282244, "p_value": 7.776052552616283e-140}