{"correlation": -0.029266198422192587, "p_value": 2.221068108747204e-20}