{"correlation": 0.056771006517693186, "p_value": 4.296635599918784e-72}