{"correlation": 0.04036592979102254, "p_value": 2.663182874056775e-37}