{"correlation": -0.06563157065472351, "p_value": 9.104125358931103e-96}