{"correlation": 0.061913796208878005, "p_value": 2.0455413353037636e-85}