{"correlation": 0.06979550232152223, "p_value": 4.425232841262371e-108}