{"correlation": 0.042631613461041995, "p_value": 2.0724379626071886e-41}