{"correlation": 0.10692930463959947, "p_value": 9.142866662412099e-252}