{"correlation": 0.031201560848680667, "p_value": 6.009961870640189e-23}