{"correlation": 0.008470119123752947, "p_value": 0.0074305215517599535}