{"correlation": 0.05462166908236028, "p_value": 7.221144931150588e-67}