{"correlation": 0.09957127958990075, "p_value": 2.0034025359156214e-218}