{"correlation": 0.01909320199271793, "p_value": 1.5927644261676959e-09}