{"correlation": 0.023052586098044527, "p_value": 3.183325919667964e-13}