{"correlation": -0.11098359085735902, "p_value": 3.575365585769405e-271}