{"correlation": -0.025290617229388534, "p_value": 1.3061504197319818e-15}