{"correlation": -0.004472048909912558, "p_value": 0.15755762271265744}