{"correlation": 0.08169002756285897, "p_value": 1.8691115492084841e-147}