{"correlation": -0.01019985272964449, "p_value": 0.001265899064520729}