{"correlation": 0.0051604804382948686, "p_value": 0.10291007409763682}