{"correlation": 0.039818159483719556, "p_value": 2.4288846654027694e-36}