{"correlation": 0.09899828200443657, "p_value": 6.259598411019917e-216}