{"correlation": 0.08060881490599313, "p_value": 1.2838483219320953e-143}