{"correlation": 0.042700110086471794, "p_value": 1.544518151734372e-41}