{"correlation": 0.08766978902893802, "p_value": 1.3110772761663701e-169}