{"correlation": 0.10467645785001353, "p_value": 2.6705104770375537e-241}