{"correlation": 0.08126734863661107, "p_value": 5.99427043972162e-146}