{"correlation": 0.02769052871789236, "p_value": 2.0799227656256806e-18}