{"correlation": 0.05426416404633633, "p_value": 5.107639164242966e-66}