{"correlation": -0.018505680759852972, "p_value": 4.946717201534976e-09}