{"correlation": 0.010041751019257694, "p_value": 0.001505450482613699}