{"correlation": 0.02330473382926117, "p_value": 1.7565802381873563e-13}