{"correlation": 0.05193807261672811, "p_value": 1.2592224716336935e-60}