{"correlation": 0.04922012024090665, "p_value": 1.2637525010000888e-54}