{"correlation": 0.04480200799250341, "p_value": 1.48433576633918e-45}