{"correlation": 0.06695368791294593, "p_value": 1.355168135601991e-99}