{"correlation": 0.03773096861532948, "p_value": 8.399756028896783e-33}