{"correlation": 0.0871122637360139, "p_value": 1.7786758616211877e-167}