{"correlation": 0.04732081164686513, "p_value": 1.2726711781928506e-50}