{"correlation": 0.05291553200733921, "p_value": 7.295983287825907e-63}