{"correlation": 0.11771971401976673, "p_value": 4.699128103896411e-305}