{"correlation": 0.047928163445039834, "p_value": 6.945512086427127e-52}