{"correlation": 0.005403066880380951, "p_value": 0.0877154269278725}