{"correlation": 0.10239702930071402, "p_value": 6.084569549035254e-231}