{"correlation": -0.09032075327495387, "p_value": 6.157232160656306e-180}