{"correlation": 0.08964573305992134, "p_value": 2.8111121379993114e-177}