{"correlation": 0.10303339043628743, "p_value": 8.241863379686703e-234}