{"correlation": 0.048538374610708, "p_value": 3.6023779163648786e-53}