{"correlation": 0.02194130392941076, "p_value": 4.060260230779192e-12}