{"correlation": 0.11397739368796092, "p_value": 5.592980348819346e-286}