{"correlation": 0.0645215445375231, "p_value": 1.2982010921195252e-92}