{"correlation": 0.03708993908167271, "p_value": 9.403595951327034e-32}