{"correlation": 0.08137986943777231, "p_value": 2.385449051213069e-146}