{"correlation": 0.07139599646121922, "p_value": 5.13458041086595e-113}