{"correlation": -0.030562800402684796, "p_value": 4.407159349458993e-22}