{"correlation": -0.011467799246037153, "p_value": 0.00028968687888543567}