{"correlation": -0.11467814101799037, "p_value": 1.674270241570412e-289}