{"correlation": -0.011633104818363459, "p_value": 0.00023636355272927642}