{"correlation": -0.005912064792503818, "p_value": 0.06170086815640004}