{"correlation": -0.0036206365125712554, "p_value": 0.2525184054462568}