{"correlation": 0.1113379280328947, "p_value": 6.637674293150257e-273}