{"correlation": 0.056005844028769444, "p_value": 3.284795920825793e-70}