{"correlation": -0.017705342828456955, "p_value": 2.194077963850802e-08}