{"correlation": -0.00262883624858346, "p_value": 0.4060825124456377}