{"correlation": 0.03572134664365753, "p_value": 1.4239188819352794e-29}