{"correlation": 0.08406511039309436, "p_value": 4.589899777183405e-156}