{"correlation": -0.04841270906158953, "p_value": 6.646108214822201e-53}