{"correlation": 0.03336774564363819, "p_value": 5.170653959465895e-26}