{"correlation": 0.059849075694510936, "p_value": 6.285848497812443e-80}