{"correlation": 0.11535091433611104, "p_value": 6.604575063792997e-293}