{"correlation": 0.06961856258812178, "p_value": 1.529870187550811e-107}