{"correlation": 0.008801527392541999, "p_value": 0.0054083355223482794}