{"correlation": -0.08666325932876114, "p_value": 9.067145259073069e-166}