{"correlation": 0.07911930593339145, "p_value": 2.040582370992345e-138}