{"correlation": 0.10040440457216344, "p_value": 4.449054029644013e-222}