{"correlation": 0.05939034615297711, "p_value": 9.823079340359017e-79}