{"correlation": 0.0711064829527781, "p_value": 4.088986807535177e-112}