{"correlation": 0.06305090853256459, "p_value": 1.617928815746591e-88}