{"correlation": 0.0869509595589077, "p_value": 7.319756172971649e-167}