{"correlation": 0.0859493597519153, "p_value": 4.505435459223513e-163}