{"correlation": 0.04310821524613175, "p_value": 2.653390356800252e-42}