{"correlation": 0.026496170093035877, "p_value": 5.512864882906578e-17}