{"correlation": 0.11017943492151056, "p_value": 2.8940574489199994e-267}