{"correlation": 0.00725177844878667, "p_value": 0.021914284185477036}