{"correlation": 0.0963046061691238, "p_value": 2.129565337341988e-204}