{"correlation": 0.10088437328157274, "p_value": 3.383665176518602e-224}