{"correlation": -0.08337343066144118, "p_value": 1.56651144242471e-153}