{"correlation": 0.0622049578578823, "p_value": 3.326290295008073e-86}