{"correlation": -0.09735318876710486, "p_value": 7.546089620089223e-209}