{"correlation": -0.09449395610791518, "p_value": 7.907441232584863e-197}