{"correlation": -0.10152872404363034, "p_value": 4.662694696044209e-227}