{"correlation": 0.04300852476561418, "p_value": 4.086369849830359e-42}