{"correlation": -0.11977947592064478, "p_value": 7.99683103e-316}