{"correlation": 0.09136816696204753, "p_value": 4.194271170330886e-184}