{"correlation": 0.05732330735865596, "p_value": 1.8105174800047148e-73}