{"correlation": 0.07101283801830063, "p_value": 7.985404998437881e-112}