{"correlation": -0.06169682410922232, "p_value": 7.8748251627264e-85}