{"correlation": 0.044394673204838045, "p_value": 9.22645376909854e-45}