{"correlation": 0.06261633764984571, "p_value": 2.5181282433216643e-87}