{"correlation": 0.09026078336682157, "p_value": 1.06286465162825e-179}