{"correlation": 0.1175667059716091, "p_value": 2.9129892966497833e-304}