{"correlation": 0.06899391710247424, "p_value": 1.1898213757139214e-105}