{"correlation": 0.08940197862596429, "p_value": 2.5366987064190046e-176}