{"correlation": 0.0350466642722302, "p_value": 1.5793280665872367e-28}