{"correlation": 0.05048340694985025, "p_value": 2.2500183784255992e-57}