{"correlation": 0.035634019984594825, "p_value": 1.9491713619537372e-29}