{"correlation": 0.06548630129375194, "p_value": 2.3718548270285283e-95}