{"correlation": 0.0658843070925087, "p_value": 1.7121692087517266e-96}