{"correlation": 0.08444772052117143, "p_value": 1.7843572697519778e-157}