{"correlation": 0.09645306742933754, "p_value": 5.025100540516951e-205}