{"correlation": -0.02452314205843942, "p_value": 9.091963722604546e-15}