{"correlation": 0.07156233104076581, "p_value": 1.5528230874686184e-113}