{"correlation": 0.0916936008231571, "p_value": 2.0802770743785797e-185}