{"correlation": 0.09769029806952374, "p_value": 2.7320875808460374e-210}