{"correlation": 0.04395587061788695, "p_value": 6.48301756443649e-44}