{"correlation": 0.10446664424021479, "p_value": 2.4530062966419497e-240}