{"correlation": 0.08014450562478699, "p_value": 5.499849722944552e-142}