{"correlation": 0.0528921254020373, "p_value": 8.26302288673457e-63}