{"correlation": 0.058999853747829366, "p_value": 1.0029736364318918e-77}