{"correlation": 0.10691616873007205, "p_value": 1.0538147129190567e-251}