{"correlation": 0.08781267747685934, "p_value": 3.7057703084192005e-170}