{"correlation": 0.08561559962245274, "p_value": 8.063852860891728e-162}