{"correlation": 0.009637289559545745, "p_value": 0.002320642221961786}