{"correlation": 0.048274106236909226, "p_value": 1.3035608272040845e-52}