{"correlation": -0.007049240158863579, "p_value": 0.025891285498834696}