{"correlation": 0.11157298315271641, "p_value": 4.681786948569571e-274}