{"correlation": 0.08921383200669357, "p_value": 1.380075325884857e-175}