{"correlation": 0.10270419874097612, "p_value": 2.5235889056061174e-232}