{"correlation": 0.08371407760292851, "p_value": 8.91315251725326e-155}