{"correlation": 0.1153776448340124, "p_value": 4.8325556934115967e-293}