{"correlation": 0.004816185986884293, "p_value": 0.12798526585368622}