{"correlation": 0.005531006251212087, "p_value": 0.08046259989665885}