{"correlation": -0.0483439551207534, "p_value": 9.285348364260748e-53}