{"correlation": 0.028383556361814163, "p_value": 2.911210575055782e-19}