{"correlation": 0.06262303894312671, "p_value": 2.4141128733919995e-87}