{"correlation": 0.07984812107017561, "p_value": 5.9845403944137e-141}