{"correlation": 0.08226862907365529, "p_value": 1.5745099573773765e-149}