{"correlation": 0.04979393383415956, "p_value": 7.2677237808769e-56}