{"correlation": 0.06305380067052825, "p_value": 1.5885393357829743e-88}