{"correlation": 0.03452526366405882, "p_value": 9.830528631412614e-28}