{"correlation": 0.10830116389988616, "p_value": 2.996817965641413e-258}