{"correlation": 0.07148136055233828, "p_value": 2.7803908557487135e-113}