{"correlation": 0.09987779439308461, "p_value": 9.145633092114856e-220}