{"correlation": 0.04604902616241112, "p_value": 4.9830287170033854e-48}