{"correlation": -0.056935605486277144, "p_value": 1.677419576527839e-72}