{"correlation": 0.021475707450726394, "p_value": 1.1380046486046022e-11}