{"correlation": 0.11388132539430458, "p_value": 1.6943863182748015e-285}