{"correlation": 0.028456574037840097, "p_value": 2.3599175515054076e-19}