{"correlation": 0.0546291895246856, "p_value": 6.929051409526133e-67}