{"correlation": 0.11597214892737968, "p_value": 4.5550951999611597e-296}