{"correlation": 0.03621490405571774, "p_value": 2.3799938372088037e-30}