{"correlation": 0.0798706081317157, "p_value": 4.994736470776683e-141}