{"correlation": 0.05568066525617135, "p_value": 2.0378315811779145e-69}