{"correlation": 0.11336323374483377, "p_value": 6.574207488544579e-283}