{"correlation": 0.03070951672128332, "p_value": 2.798764676250769e-22}