{"correlation": 0.082490569175669, "p_value": 2.497384756694352e-150}