{"correlation": 0.019168683906012996, "p_value": 1.373599445999751e-09}