{"correlation": -0.08856281000513037, "p_value": 4.712074296627125e-173}