{"correlation": -0.07453327882614867, "p_value": 5.120268939253518e-123}