{"correlation": 0.10650650154281396, "p_value": 8.76074568368113e-250}