{"correlation": 0.11571244826551984, "p_value": 9.59807877465617e-295}