{"correlation": 0.04597751507602357, "p_value": 6.937369776919193e-48}