{"correlation": 0.014688317326352831, "p_value": 3.445828331194564e-06}