{"correlation": 0.10872923814519173, "p_value": 2.7288003168183135e-260}