{"correlation": 0.11939517090574663, "p_value": 8.447937853e-314}