{"correlation": -0.01597543869146849, "p_value": 4.43827768450321e-07}