{"correlation": 0.10205567654025811, "p_value": 2.0668547708834973e-229}