{"correlation": 0.07867858558053935, "p_value": 6.759867215486267e-137}