{"correlation": -0.040754562368750545, "p_value": 5.450177778979794e-38}