{"correlation": 0.06346834943096967, "p_value": 1.1377447163455523e-89}