{"correlation": 0.09322252169253668, "p_value": 1.337452688676895e-191}