{"correlation": 0.04478472212435359, "p_value": 1.6045454904042373e-45}