{"correlation": 0.062405921551998526, "p_value": 9.447611195553577e-87}