{"correlation": 0.043687913779613174, "p_value": 2.1121932087527618e-43}