{"correlation": -0.02673863898025994, "p_value": 2.866668544370054e-17}