{"correlation": 0.02218635310122519, "p_value": 2.3402912410362894e-12}