{"correlation": 0.06280119134781029, "p_value": 7.85228849649276e-88}