{"correlation": 0.1186794129422839, "p_value": 4.76731989649805e-310}