{"correlation": 0.041280540143856397, "p_value": 6.215865870849404e-39}