{"correlation": 0.02018944886375229, "p_value": 1.7566558860234389e-10}