{"correlation": -0.08398610380399295, "p_value": 8.95816005568942e-156}