{"correlation": -0.0016505408746229633, "p_value": 0.6019279506681395}