{"correlation": 0.026227361101847275, "p_value": 1.1305276016553643e-16}