{"correlation": 0.015322855952229096, "p_value": 1.2798846346799849e-06}