{"correlation": 0.07756941077116819, "p_value": 4.148709055199405e-133}