{"correlation": 0.018019942346251313, "p_value": 1.2307891778756268e-08}