{"correlation": -0.024475735235084343, "p_value": 1.023015137359508e-14}