{"correlation": 0.12039137983274706, "p_value": 4.64204e-319}