{"correlation": -0.0008340698595477297, "p_value": 0.7920913846350501}