{"correlation": -0.11555965623086785, "p_value": 5.7482922858780405e-294}