{"correlation": -0.02219422056081899, "p_value": 2.2990325224262283e-12}