{"correlation": 0.011031833805922592, "p_value": 0.0004892787419500568}