{"correlation": 0.004304777478367601, "p_value": 0.1736814827264998}