{"correlation": 0.10704570238244138, "p_value": 2.595249125449614e-252}