{"correlation": -0.02936019854920379, "p_value": 1.681026235565102e-20}