{"correlation": 0.075494014339029, "p_value": 3.6304536867973424e-126}