{"correlation": -0.06707374344924352, "p_value": 6.034776354173588e-100}