{"correlation": -0.06599977646102007, "p_value": 7.962750167337345e-97}