{"correlation": 0.03525289202260119, "p_value": 7.605749032520928e-29}