{"correlation": 0.10233378566116332, "p_value": 1.1702854352749347e-230}