{"correlation": -0.0353787913660402, "p_value": 4.858616994994038e-29}