{"correlation": 0.09770181842079126, "p_value": 2.4386679053389724e-210}