{"correlation": 0.10893767261416959, "p_value": 2.7501547527281777e-261}