{"correlation": 0.06165829286822317, "p_value": 9.999775022773049e-85}