{"correlation": -0.0062091715362536425, "p_value": 0.04972312706870102}