{"correlation": 0.054174857619220154, "p_value": 8.309741587743225e-66}