{"correlation": -0.0036976775333862045, "p_value": 0.24256413104093602}