{"correlation": 0.09190733928632765, "p_value": 2.8758622642280426e-186}