{"correlation": 0.06469840191388267, "p_value": 4.115513629587129e-93}