{"correlation": 0.0389484610803445, "p_value": 7.636850776985572e-35}