{"correlation": -0.07291450414337981, "p_value": 8.390537381032525e-118}