{"correlation": 0.10648766038169756, "p_value": 1.0731322041769488e-249}