{"correlation": -0.09442949055623198, "p_value": 1.4616880135699321e-196}