{"correlation": 0.0960346853251352, "p_value": 2.9241804671257833e-203}