{"correlation": 0.010894582958848292, "p_value": 0.0005749202929942194}