{"correlation": -0.01825586796860888, "p_value": 7.927860263305762e-09}