{"correlation": 0.04865106244273832, "p_value": 2.0772795081837204e-53}