{"correlation": 0.08808509316815594, "p_value": 3.312708675388304e-171}