{"correlation": 0.045322258743408284, "p_value": 1.4047081900020216e-46}