{"correlation": 0.10376563688538717, "p_value": 3.9194674968565827e-237}