{"correlation": 0.09415099601424996, "p_value": 2.067283596899167e-195}