{"correlation": 0.07638185041239162, "p_value": 4.106280899853853e-129}