{"correlation": -0.02517898041324543, "p_value": 1.7383397975546335e-15}