{"correlation": 0.11246656333740929, "p_value": 1.8612538853571153e-278}