{"correlation": 0.05962377121524014, "p_value": 2.4315781161508008e-79}