{"correlation": -0.05001677200344582, "p_value": 2.3762027620945036e-56}