{"correlation": 0.11726748690466048, "p_value": 1.0250096162456229e-302}