{"correlation": 0.05319700500512511, "p_value": 1.6262252347081423e-63}