{"correlation": 0.04990401728844569, "p_value": 4.186211495306553e-56}