{"correlation": 0.084971263668606, "p_value": 2.0472733935026438e-159}