{"correlation": 0.07217110614663184, "p_value": 1.9047420795331071e-115}