{"correlation": 0.10455435561785674, "p_value": 9.712213530052881e-241}