{"correlation": -0.09926488805845758, "p_value": 4.3410180255212146e-217}