{"correlation": 0.028782308568175135, "p_value": 9.190987653182559e-20}