{"correlation": 0.09489269818042916, "p_value": 1.7520962148693567e-198}