{"correlation": 0.061527981869156416, "p_value": 2.240704081416099e-84}