{"correlation": -0.05521988540951618, "p_value": 2.6574685611818956e-68}