{"correlation": 0.07899881626439652, "p_value": 5.323686319118063e-138}