{"correlation": -0.02994131232879008, "p_value": 2.945673373584955e-21}