{"correlation": 0.1049093228087722, "p_value": 2.2665696114367875e-242}