{"correlation": 0.10528550379574557, "p_value": 4.166099906163074e-244}