{"correlation": 0.00010274290118164782, "p_value": 0.9740969094349166}