{"correlation": 0.10881531836015185, "p_value": 1.0583317675567966e-260}