{"correlation": 0.07955441582269461, "p_value": 6.317038551946965e-140}