{"correlation": 0.023962587573008468, "p_value": 3.6157515155559546e-14}