{"correlation": -0.03413580088828255, "p_value": 3.785097432705356e-27}