{"correlation": 0.025719893867115554, "p_value": 4.301879984262298e-16}