{"correlation": 0.05939334083350484, "p_value": 9.649028038274667e-79}