{"correlation": 0.05773317587375538, "p_value": 1.6925684125713494e-74}