{"correlation": -0.005818465268259576, "p_value": 0.06593611570012464}