{"correlation": 0.037125709996448236, "p_value": 8.226671079396053e-32}