{"correlation": 0.08386456194055561, "p_value": 2.502926440500018e-155}