{"correlation": 0.0055729409810706294, "p_value": 0.0781941670282569}