{"correlation": -0.09396843024957988, "p_value": 1.1688578875753704e-194}