{"correlation": 0.03714268053618197, "p_value": 7.720672359959256e-32}