{"correlation": 0.05629704642014525, "p_value": 6.34968597860361e-71}