{"correlation": 0.00859749613288089, "p_value": 0.006584376260297532}