{"correlation": 0.10279871699395125, "p_value": 9.459171226024662e-233}