{"correlation": 0.07505618318222529, "p_value": 1.0005329580589806e-124}