{"correlation": 0.011240685392926983, "p_value": 0.0003814890001269333}