{"correlation": -0.0655711909169299, "p_value": 1.3557960697160345e-95}