{"correlation": -0.06077335906775941, "p_value": 2.3167860109071675e-82}