{"correlation": 0.03352021248284671, "p_value": 3.091496906009336e-26}