{"correlation": 0.09575047220757106, "p_value": 4.575632071345453e-202}