{"correlation": 0.013949567999157753, "p_value": 1.0395716362595987e-05}