{"correlation": 0.07403768626585905, "p_value": 2.0795822511360945e-121}