{"correlation": 0.046941933502172385, "p_value": 7.66451082453013e-50}