{"correlation": 0.03761418663986833, "p_value": 1.3082824918281122e-32}