{"correlation": 0.10528715821400794, "p_value": 4.0933836797234364e-244}