{"correlation": 0.05720476345951404, "p_value": 3.581958877887685e-73}