{"correlation": 0.021203774796147847, "p_value": 2.0572530892396217e-11}