{"correlation": 0.027256373125236315, "p_value": 6.958554907943875e-18}