{"correlation": 0.11365212751840582, "p_value": 2.3756023275062375e-284}