{"correlation": 0.04203441965520313, "p_value": 2.6370751563873975e-40}