{"correlation": 0.037904309334216506, "p_value": 4.340557883376127e-33}