{"correlation": 0.1045811610148633, "p_value": 7.316078400375223e-241}