{"correlation": 0.060040411582101584, "p_value": 1.9846149934953874e-80}