{"correlation": 0.07280075467554943, "p_value": 1.9313922218555814e-117}