{"correlation": 0.04658831757310971, "p_value": 4.042316831420585e-49}