{"correlation": 0.11363324067892407, "p_value": 2.952337320043923e-284}