{"correlation": 0.06747365497395659, "p_value": 4.034536305132703e-101}