{"correlation": 0.053094587515096256, "p_value": 2.810499893192945e-63}