{"correlation": 0.0657946768288914, "p_value": 3.0990307537914766e-96}