{"correlation": 0.03980059560136862, "p_value": 2.6059959614420425e-36}