{"correlation": 0.05957758251500628, "p_value": 3.2067116593451136e-79}