{"correlation": 0.10586009250868995, "p_value": 9.045421355262608e-247}