{"correlation": -0.04479589802183715, "p_value": 1.525765607759742e-45}