{"correlation": 0.05280693650998359, "p_value": 1.2991886832597703e-62}