{"correlation": 0.10300538115692766, "p_value": 1.1031888598895452e-233}