{"correlation": 0.03461651757544603, "p_value": 7.152252660739145e-28}