{"correlation": 0.10515873833822355, "p_value": 1.604403698897878e-243}