{"correlation": 0.11800805833472862, "p_value": 1.49971316011034e-306}