{"correlation": 0.09466584013377169, "p_value": 1.5336106692570305e-197}