{"correlation": 0.08293454988902199, "p_value": 6.183975805814954e-152}