{"correlation": -0.07460226488748348, "p_value": 3.051462666263193e-123}