{"correlation": -0.030217753447622828, "p_value": 1.27134076994944e-21}