{"correlation": -0.07455135907971734, "p_value": 4.470953962425983e-123}