{"correlation": 0.07709443554199508, "p_value": 1.6727190869630958e-131}