{"correlation": 0.08525532296845767, "p_value": 1.7920276191966712e-160}