{"correlation": 0.034478908735613226, "p_value": 1.1550694662703193e-27}