{"correlation": 0.09337190222413412, "p_value": 3.279002562296865e-192}