{"correlation": 0.012210008121618513, "p_value": 0.00011387939251376276}