{"correlation": -0.11148370623459582, "p_value": 1.2826210334913021e-273}