{"correlation": 0.09959787655727315, "p_value": 1.533244965742196e-218}