{"correlation": 0.05507842042971896, "p_value": 5.821296967108334e-68}