{"correlation": 0.007695432764239766, "p_value": 0.015012941854551954}