{"correlation": 0.09208284426236987, "p_value": 5.644401681477525e-187}