{"correlation": 0.09727640897098462, "p_value": 1.604229568466777e-208}