{"correlation": 0.029593274393256007, "p_value": 8.393503225784601e-21}