{"correlation": 0.018719329058672223, "p_value": 3.2887899342438705e-09}