{"correlation": 0.10413742840938599, "p_value": 7.887145229337823e-239}