{"correlation": -0.10857510348762238, "p_value": 1.4849122716362716e-259}