{"correlation": 0.05078079673977178, "p_value": 4.9525591764043856e-58}