{"correlation": 0.010259048273152424, "p_value": 0.001185650668856515}