{"correlation": 0.012404776394930152, "p_value": 8.836478742957601e-05}