{"correlation": 0.0872145928417971, "p_value": 7.239896959050144e-168}