{"correlation": -0.10876913099204942, "p_value": 1.7594540352431127e-260}