{"correlation": 0.09106078148484552, "p_value": 7.0879729180809434e-183}