{"correlation": 0.032683947321461536, "p_value": 5.046971322416304e-25}