{"correlation": 0.08017593483614667, "p_value": 4.267679058765082e-142}