{"correlation": -0.012674860052896617, "p_value": 6.179017987911947e-05}