{"correlation": 0.057463953257340085, "p_value": 8.04343493915095e-74}