{"correlation": 0.029866205813076682, "p_value": 3.696259828773953e-21}