{"correlation": 0.08521146172630766, "p_value": 2.6116579687098104e-160}