{"correlation": 0.02502490857281046, "p_value": 2.5738764132041063e-15}