{"correlation": 0.09935690404438621, "p_value": 1.7252629820033062e-217}