{"correlation": 0.015791794610404853, "p_value": 6.004247643582243e-07}