{"correlation": 0.10099202791802869, "p_value": 1.1290669707367424e-224}