{"correlation": 0.09433874271848554, "p_value": 3.4684914237372526e-196}