{"correlation": 0.09933177793269242, "p_value": 2.219825582152788e-217}