{"correlation": 0.09479185306149031, "p_value": 4.5989380384690216e-198}