{"correlation": 0.08862665498343322, "p_value": 2.664433759050981e-173}