{"correlation": 0.11875881062939303, "p_value": 1.8334433868458e-310}