{"correlation": 0.0340154034799114, "p_value": 5.724686389636945e-27}