{"correlation": 0.11010990829413886, "p_value": 6.281162537100346e-267}