{"correlation": 0.012724033724308588, "p_value": 5.785071335925788e-05}