{"correlation": 0.0779679213139737, "p_value": 1.8331329219978832e-134}