{"correlation": -0.01650526487030995, "p_value": 1.8223073465540884e-07}