{"correlation": 0.014885253940005644, "p_value": 2.5445049942227926e-06}