{"correlation": 0.042653627527736174, "p_value": 1.8856715126660958e-41}