{"correlation": 0.11757125004539959, "p_value": 2.7594565074203933e-304}