{"correlation": 0.07071716508157472, "p_value": 6.569908226910686e-111}