{"correlation": 0.0713377656683783, "p_value": 7.79909678254141e-113}