{"correlation": 0.006854009740010987, "p_value": 0.030300756554030615}