{"correlation": 0.0179556353707425, "p_value": 1.3862592484004513e-08}