{"correlation": 0.08375562656036253, "p_value": 6.278248047421538e-155}