{"correlation": 0.114066637252788, "p_value": 1.995713104165133e-286}