{"correlation": -0.015849384107266776, "p_value": 5.463284317361333e-07}