{"correlation": 0.033772644450828115, "p_value": 1.3125908170245435e-26}