{"correlation": -0.05922545331348621, "p_value": 2.6251119549936596e-78}