{"correlation": 0.10391380507640824, "p_value": 8.278430817346986e-238}