{"correlation": 0.10362496502662062, "p_value": 1.7117173028133743e-236}