{"correlation": -0.09283504746078913, "p_value": 5.073502724139898e-190}