{"correlation": 0.10899252016726614, "p_value": 1.5023916430436831e-261}