{"correlation": 0.003508673960124545, "p_value": 0.2674865735067988}