{"correlation": 0.11470705108751683, "p_value": 1.196661191750588e-289}