{"correlation": 0.09923035421548551, "p_value": 6.136086021573208e-217}