{"correlation": 0.05529908900580258, "p_value": 1.7116632526157473e-68}