{"correlation": 0.06753174985436464, "p_value": 2.7198043348314244e-101}