{"correlation": 0.03337835735951965, "p_value": 4.9891998834258875e-26}