{"correlation": 0.05223098386986119, "p_value": 2.717148865184914e-61}