{"correlation": 0.11404413200578073, "p_value": 2.588170744575541e-286}