{"correlation": 0.026786256312149058, "p_value": 2.5194616073770807e-17}