{"correlation": 0.09193904305831999, "p_value": 2.1435200713843334e-186}