{"correlation": 0.10066916237684623, "p_value": 3.025066242980955e-223}