{"correlation": -0.061300178638477976, "p_value": 9.144111021365776e-84}