{"correlation": -0.10462604457868066, "p_value": 4.5518249171161945e-241}