{"correlation": 0.04199553340405087, "p_value": 3.108241398166337e-40}