{"correlation": 0.1160379119215234, "p_value": 2.1029180873622315e-296}