{"correlation": -0.03686337559737794, "p_value": 2.186792051424101e-31}