{"correlation": 0.10245350718113273, "p_value": 3.3916064869374894e-231}