{"correlation": 0.04283980294658452, "p_value": 8.467449286344167e-42}