{"correlation": 0.07814407209458138, "p_value": 4.5935125134297604e-135}