{"correlation": 0.0453897934651403, "p_value": 1.0322945644262924e-46}