{"correlation": -0.004214094261747215, "p_value": 0.1829227237226494}