{"correlation": 0.07032281534191652, "p_value": 1.077206093320513e-109}