{"correlation": -0.0734704962504169, "p_value": 1.398931086102956e-119}