{"correlation": 0.10581080223942556, "p_value": 1.5327681587953788e-246}