{"correlation": 0.06272890745561596, "p_value": 1.2389933457856743e-87}