{"correlation": 0.07674024288344755, "p_value": 2.595316459740735e-130}