{"correlation": 0.06786825659927417, "p_value": 2.7519915944187385e-102}