{"correlation": -0.018002674234432837, "p_value": 1.2707880362616231e-08}