{"correlation": 0.0665227531931708, "p_value": 2.442744030591084e-98}