{"correlation": 0.05747142173092486, "p_value": 7.703827945030122e-74}