{"correlation": 0.012511802313215957, "p_value": 7.674951295345484e-05}