{"correlation": 0.004175828230225718, "p_value": 0.1869298124667099}