{"correlation": 0.08853551897805029, "p_value": 6.01171759405856e-173}