{"correlation": 0.036667051516015535, "p_value": 4.524881382911969e-31}