{"correlation": 0.019024187634383634, "p_value": 1.8227322887226628e-09}