{"correlation": 0.11355641823191041, "p_value": 7.144007003732234e-284}