{"correlation": 0.06905739589867618, "p_value": 7.6579243386760025e-106}