{"correlation": -0.06020640462139801, "p_value": 7.2779466878592395e-81}