{"correlation": 0.008987787810415357, "p_value": 0.0045040292549652135}