{"correlation": -0.07565738239839127, "p_value": 1.0480674620791373e-126}