{"correlation": 0.10955301337133745, "p_value": 3.060299581575132e-264}