{"correlation": 0.018634087556815095, "p_value": 3.872572198577638e-09}