{"correlation": 0.04366624340070479, "p_value": 2.3231730915417103e-43}