{"correlation": 0.11483388829906979, "p_value": 2.739168002942764e-290}