{"correlation": 0.09592119531370391, "p_value": 8.777967672842331e-203}