{"correlation": 0.0686459338013346, "p_value": 1.3225433913964131e-104}