{"correlation": 0.11291928815737397, "p_value": 1.0630558745416763e-280}