{"correlation": 0.06960512332200175, "p_value": 1.680800492485002e-107}