{"correlation": 0.06396868416836737, "p_value": 4.614585370785839e-91}