{"correlation": -0.033320127408878714, "p_value": 6.068824711652891e-26}