{"correlation": 0.021253434825007533, "p_value": 1.8474108026332392e-11}