{"correlation": 0.1105789429397581, "p_value": 3.338399520070039e-269}