{"correlation": -0.0812444276457825, "p_value": 7.230750839137059e-146}