{"correlation": 0.11802647633436403, "p_value": 1.2031586711848995e-306}