{"correlation": 0.019188290395847244, "p_value": 1.321663291600537e-09}