{"correlation": -0.07607512855643941, "p_value": 4.3182791519833264e-128}