{"correlation": 0.0023352748176954734, "p_value": 0.460495621915154}