{"correlation": 0.018877683376821008, "p_value": 2.4232012390380942e-09}