{"correlation": 0.04496490989843209, "p_value": 7.115024728472425e-46}