{"correlation": 0.11976403440746418, "p_value": 9.64639686e-316}