{"correlation": 0.07237544421461524, "p_value": 4.31172802420848e-116}