{"correlation": 0.07262909641418544, "p_value": 6.779621767121857e-117}