{"correlation": 0.05065351867349229, "p_value": 9.476306580376586e-58}