{"correlation": 0.06849756430036674, "p_value": 3.679130803857919e-104}