{"correlation": 0.11468928004114869, "p_value": 1.471067071171149e-289}