{"correlation": 0.01887868080447946, "p_value": 2.4185251774613843e-09}