{"correlation": 0.06102005227433971, "p_value": 5.11761691252171e-83}