{"correlation": -0.06226398265093941, "p_value": 2.2992760860250354e-86}