{"correlation": 0.11415328421084821, "p_value": 7.33214601300066e-287}