{"correlation": 0.05185072115580365, "p_value": 1.9860438163038697e-60}