{"correlation": 0.09800497648982533, "p_value": 1.2206518878838846e-211}