{"correlation": -0.03244739367946975, "p_value": 1.098091412633914e-24}