{"correlation": 0.009157586810654322, "p_value": 0.0038014518850987638}