{"correlation": -0.006707254834817354, "p_value": 0.03402670007606203}