{"correlation": -0.03538215489956173, "p_value": 4.800688695129991e-29}