{"correlation": 0.028110270979939123, "p_value": 6.357553208970496e-19}