{"correlation": 0.0647764403513788, "p_value": 2.476511330876317e-93}