{"correlation": 0.11986199737732847, "p_value": 2.9340701e-316}