{"correlation": 0.024937814937969812, "p_value": 3.209900112524716e-15}