{"correlation": 0.08838804300020192, "p_value": 2.2391261542620607e-172}