{"correlation": 0.003819101026236688, "p_value": 0.22744127800925173}