{"correlation": 0.0670242594082659, "p_value": 8.424584461420167e-100}