{"correlation": -0.04709063671135427, "p_value": 3.7947464211304453e-50}