{"correlation": 0.10904361977995489, "p_value": 8.551263095168827e-262}