{"correlation": -0.04242369840574669, "p_value": 5.044538557754643e-41}