{"correlation": 0.02772635868590387, "p_value": 1.881057362483352e-18}