{"correlation": 0.0459037311691636, "p_value": 9.755074942867978e-48}