{"correlation": 0.02794147096607289, "p_value": 1.0261486979545264e-18}