{"correlation": -0.06936192288760241, "p_value": 9.195752404944938e-107}