{"correlation": 0.05201985852854615, "p_value": 8.213399666266674e-61}