{"correlation": 0.049326151927222554, "p_value": 7.474123504804258e-55}