{"correlation": 0.08162218538122183, "p_value": 3.265157911668782e-147}