{"correlation": 0.05262734953050473, "p_value": 3.3647154264961757e-62}