{"correlation": 0.10923347398177885, "p_value": 1.0511244380220341e-262}