{"correlation": 0.06837801056978803, "p_value": 8.3768411996954e-104}