{"correlation": 0.07530182871187689, "p_value": 1.5602929342380658e-125}