{"correlation": -0.00872174249735625, "p_value": 0.005843548698693996}