{"correlation": 0.10131125673905385, "p_value": 4.3272291416182944e-226}