{"correlation": 0.0638087562671615, "p_value": 1.2889567920673149e-90}