{"correlation": 0.09493383788347329, "p_value": 1.1815619850942258e-198}