{"correlation": -0.10249114736982701, "p_value": 2.2970089646267373e-231}