{"correlation": 0.08969015323358746, "p_value": 1.8814388745219964e-177}