{"correlation": -0.015185771056182568, "p_value": 1.5904557817038465e-06}