{"correlation": 0.034166292733595637, "p_value": 3.407794130085558e-27}