{"correlation": 0.048721022107980655, "p_value": 1.4749616173756858e-53}