{"correlation": 0.04818405599890264, "p_value": 2.0172614466405806e-52}