{"correlation": 0.11349659165221085, "p_value": 1.4211131538168784e-283}