{"correlation": 0.00965215923926909, "p_value": 0.0022846297749174694}