{"correlation": 0.1155574140072724, "p_value": 5.901177530450091e-294}