{"correlation": 0.11230941889460948, "p_value": 1.1124948462382284e-277}