{"correlation": 0.02260131214341702, "p_value": 9.083064279080004e-13}