{"correlation": 0.05345033565271309, "p_value": 4.183147159091587e-64}