{"correlation": 0.09228987977326243, "p_value": 8.235005435382541e-188}