{"correlation": 0.09590895382660061, "p_value": 9.882182529733772e-203}