{"correlation": 0.10049524766502338, "p_value": 1.770187946292097e-222}