{"correlation": 0.07415366230590538, "p_value": 8.759701937567693e-122}