{"correlation": 0.10489891067097494, "p_value": 2.531155620743141e-242}