{"correlation": 0.04057804542170095, "p_value": 1.1224356088642756e-37}