{"correlation": -0.05694233826745892, "p_value": 1.614015547540231e-72}