{"correlation": -0.07648657058433767, "p_value": 1.8349228918010333e-129}