{"correlation": -0.0810991689393902, "p_value": 2.370301570766496e-145}