{"correlation": 0.05258917725343031, "p_value": 4.117290150895658e-62}