{"correlation": 0.012283680308742138, "p_value": 0.00010350430640606906}