{"correlation": -0.07069959712909474, "p_value": 7.444240174379011e-111}