{"correlation": 0.020586786128926494, "p_value": 7.6744604718334e-11}