{"correlation": -0.030684110791137024, "p_value": 3.0281633051942057e-22}