{"correlation": 0.10289651182126697, "p_value": 3.423681936989786e-233}