{"correlation": 0.06180063151108487, "p_value": 4.134333902521332e-85}