{"correlation": 0.06407746210604709, "p_value": 2.2912125043861404e-91}