{"correlation": 0.056563523488035464, "p_value": 1.4007337566655836e-71}