{"correlation": -0.019906068476975364, "p_value": 3.141098482297416e-10}