{"correlation": 0.0742917171191103, "p_value": 3.124265139164779e-122}