{"correlation": 0.00902880007837842, "p_value": 0.0043243195588034055}