{"correlation": 0.049312729506771624, "p_value": 7.988448482323062e-55}