{"correlation": 0.10487564604902376, "p_value": 3.239210027815727e-242}