{"correlation": -0.0027027475085131475, "p_value": 0.3930130253363501}