{"correlation": 0.06971859147929574, "p_value": 7.590514447046125e-108}