{"correlation": 0.06953449646248647, "p_value": 2.7550157882307935e-107}