{"correlation": 0.00764514000469763, "p_value": 0.015684662882646343}