{"correlation": 0.08034403750609681, "p_value": 1.0971172163416423e-142}