{"correlation": 0.10601756932496532, "p_value": 1.6746255697308225e-247}