{"correlation": -0.08298949551127933, "p_value": 3.907341634105311e-152}