{"correlation": 0.006903369618928356, "p_value": 0.029128981892088082}