{"correlation": 0.10606724863501076, "p_value": 9.831081956963477e-248}