{"correlation": -0.046906471391790286, "p_value": 9.060445055993566e-50}