{"correlation": 0.10114945132307065, "p_value": 2.2633727238797962e-225}