{"correlation": 0.05006026812532485, "p_value": 1.9092506419037436e-56}