{"correlation": 0.11783205648646139, "p_value": 1.2291381329540606e-305}