{"correlation": -0.02850875236174249, "p_value": 2.0304936707066616e-19}