{"correlation": 0.10649141521857118, "p_value": 1.0306108530954318e-249}