{"correlation": 0.05716369183432244, "p_value": 4.53567565163582e-73}