{"correlation": 0.09376038234271933, "p_value": 8.38162981400826e-194}