{"correlation": -0.04002051215463956, "p_value": 1.0771688360854447e-36}