{"correlation": 0.11257358844137574, "p_value": 5.4995823504097175e-279}