{"correlation": 0.0984196429109169, "p_value": 1.999941282568511e-213}