{"correlation": 0.09663246377323978, "p_value": 8.750014051556906e-206}