{"correlation": 0.06310801664706531, "p_value": 1.1263807163826048e-88}