{"correlation": 0.02528259588477357, "p_value": 1.3333090498658963e-15}