{"correlation": 0.04580471333579108, "p_value": 1.5400064193882024e-47}