{"correlation": 0.10124621643601184, "p_value": 8.417474041104743e-226}