{"correlation": 0.08008742743382137, "p_value": 8.71560983034015e-142}