{"correlation": 0.12033397332661834, "p_value": 9.35484e-319}