{"correlation": 0.014517568650854544, "p_value": 4.468481423865988e-06}