{"correlation": 0.08470805726128611, "p_value": 1.9416141892493585e-158}