{"correlation": -0.013553502380990137, "p_value": 1.839049850676586e-05}