{"correlation": 0.08909292441417085, "p_value": 4.090816359930204e-175}