{"correlation": 0.07196864884481421, "p_value": 8.26554694895033e-115}