{"correlation": 0.11260948423558348, "p_value": 3.652835347731099e-279}