{"correlation": 0.06274136738030117, "p_value": 1.1453613843938737e-87}