{"correlation": 0.092533391674023, "p_value": 8.511175122019305e-189}