{"correlation": 0.08137506482796193, "p_value": 2.481238855290286e-146}