{"correlation": 0.0008359870115725577, "p_value": 0.7916244993754915}