{"correlation": 0.029340379454530083, "p_value": 1.7828517501186097e-20}