{"correlation": 0.014188219530717618, "p_value": 7.318519671956853e-06}