{"correlation": 0.020302280514697357, "p_value": 1.3907291661314713e-10}