{"correlation": -0.0736679267296295, "p_value": 3.244632580820431e-120}