{"correlation": 0.07025984198274832, "p_value": 1.6813058900641312e-109}