{"correlation": 0.0947194999316082, "p_value": 9.184787721279563e-198}