{"correlation": -0.00421647215004023, "p_value": 0.1826758367557484}