{"correlation": -0.09668548046826089, "p_value": 5.216605934006699e-206}