{"correlation": 0.09993294142351135, "p_value": 5.243011499590515e-220}