{"correlation": 0.05071661129486669, "p_value": 6.871196811664834e-58}