{"correlation": 0.11343809295573412, "p_value": 2.7831075889932358e-283}