{"correlation": -0.0749838338654104, "p_value": 1.7274908143523231e-124}