{"correlation": 0.11200528110819573, "p_value": 3.5153265723613592e-276}