{"correlation": 0.1050198133175076, "p_value": 7.018446380724805e-243}