{"correlation": 0.062165609805385574, "p_value": 4.253860052496576e-86}