{"correlation": 0.02735088230519384, "p_value": 5.3584422070078184e-18}