{"correlation": 0.06618344009955625, "p_value": 2.349717840706742e-97}