{"correlation": 0.027729841802012836, "p_value": 1.862757190155992e-18}