{"correlation": 0.08588731896048228, "p_value": 7.708805636968253e-163}