{"correlation": 0.08860040886728421, "p_value": 3.368340478070898e-173}