{"correlation": 0.0342166815823106, "p_value": 2.8643338056327604e-27}