{"correlation": -0.06632173564570049, "p_value": 9.352396519337451e-98}