{"correlation": 0.07794836834578285, "p_value": 2.1371096406945366e-134}