{"correlation": -0.01919186229214221, "p_value": 1.3124099754165541e-09}