{"correlation": -0.024075885506917, "p_value": 2.7422348573866624e-14}