{"correlation": 0.06980357705782875, "p_value": 4.181370195167535e-108}