{"correlation": 0.11634961541254334, "p_value": 5.359616725768497e-298}