{"correlation": -0.07332386144943173, "p_value": 4.130824475778474e-119}