{"correlation": -0.026515667470254956, "p_value": 5.231589275258654e-17}