{"correlation": 0.04517375303335648, "p_value": 2.7610273936912706e-46}