{"correlation": 0.09608690610965631, "p_value": 1.762574239086139e-203}