{"correlation": 0.09186450613134216, "p_value": 4.277056279691308e-186}