{"correlation": 0.022327026147140744, "p_value": 1.7011764561976875e-12}