{"correlation": 0.0591015260310167, "p_value": 5.485392192708167e-78}