{"correlation": 0.014804999673621737, "p_value": 2.8804787089589993e-06}