{"correlation": 0.1019113371394362, "p_value": 9.14434342992991e-229}