{"correlation": -0.06973104338892681, "p_value": 6.955844342499947e-108}