{"correlation": 0.024729343118611427, "p_value": 5.4291612311805996e-15}