{"correlation": 0.09840728623560054, "p_value": 2.2611876033549784e-213}