{"correlation": 0.047645729294692026, "p_value": 2.697941508261367e-51}