{"correlation": 0.04656741739648034, "p_value": 4.458020532811042e-49}