{"correlation": 0.024586626150306285, "p_value": 7.760876279126707e-15}