{"correlation": -0.01826277100601325, "p_value": 7.825843951049006e-09}