{"correlation": -0.07533783392834549, "p_value": 1.187665113188357e-125}