{"correlation": 0.07046265604372821, "p_value": 4.002404294028673e-110}