{"correlation": -0.03278514911123416, "p_value": 3.6129275796143084e-25}