{"correlation": 0.026615337185026143, "p_value": 4.000498081708532e-17}