{"correlation": 0.055801139382281345, "p_value": 1.0376174006268782e-69}