{"correlation": 0.04004330247467889, "p_value": 9.826560471084413e-37}