{"correlation": -0.01422847451342455, "p_value": 6.894099770635359e-06}