{"correlation": -0.07065703765742995, "p_value": 1.0074303148725057e-110}