{"correlation": 0.05073917684553582, "p_value": 6.1243345878814544e-58}