{"correlation": 0.0279123657106398, "p_value": 1.1141331917974798e-18}