{"correlation": 0.08139040092817554, "p_value": 2.1882028799867438e-146}