{"correlation": -0.009868382642285727, "p_value": 0.0018156689531140847}