{"correlation": -0.0565940488864975, "p_value": 1.1775146866540282e-71}