{"correlation": 0.08835290489103649, "p_value": 3.061989178499963e-172}