{"correlation": -0.06919179781434118, "p_value": 3.0084527568377165e-106}