{"correlation": 0.04032091764551577, "p_value": 3.197261749234604e-37}