{"correlation": 0.05960562456701834, "p_value": 2.7108936754628556e-79}