{"correlation": 0.10793545282577827, "p_value": 1.6350778046584862e-256}