{"correlation": 0.10321911439229692, "p_value": 1.1899145671504129e-234}