{"correlation": 0.110577731526027, "p_value": 3.383962870365455e-269}