{"correlation": 0.12017206098520052, "p_value": 6.73874e-318}