{"correlation": 0.11077203036986417, "p_value": 3.83990331912794e-270}