{"correlation": 0.09362625352285585, "p_value": 2.977781347108858e-193}