{"correlation": 0.11750001739927254, "p_value": 6.446757125650164e-304}