{"correlation": 0.07961073524603368, "p_value": 4.0230069157255145e-140}