{"correlation": 0.0739640737801255, "p_value": 3.59748063192095e-121}