{"correlation": 0.07024507974283085, "p_value": 1.866148599766715e-109}