{"correlation": 0.11069202346370308, "p_value": 9.41226599454422e-270}