{"correlation": 0.06026264368387052, "p_value": 5.177615989861564e-81}