{"correlation": 0.02068582750829815, "p_value": 6.228135814199371e-11}