{"correlation": 0.09474302718520058, "p_value": 7.335151513904228e-198}