{"correlation": 0.07681844400963816, "p_value": 1.418273879281185e-130}