{"correlation": 0.10408286978007174, "p_value": 1.4003359957508843e-238}