{"correlation": 0.11270735207683003, "p_value": 1.1963202878678578e-279}