{"correlation": 0.012249562736090817, "p_value": 0.00010819289875092436}