{"correlation": 0.02676016983163679, "p_value": 2.7041875288238086e-17}