{"correlation": 0.04114740873931863, "p_value": 1.0796848154522802e-38}