{"correlation": 0.03350033455212733, "p_value": 3.306347636000456e-26}