{"correlation": 0.09620269057985566, "p_value": 5.7311979884176356e-204}