{"correlation": 0.09350270198767777, "p_value": 9.557228374387372e-193}