{"correlation": 0.10729164916801835, "p_value": 1.805431896356361e-253}