{"correlation": -0.05115949042380104, "p_value": 7.1151246649730085e-59}