{"correlation": -0.04084641378647539, "p_value": 3.7377893251820217e-38}