{"correlation": -0.05041775903331602, "p_value": 3.138893989340592e-57}