{"correlation": -0.03308861079214603, "p_value": 1.3179595555189085e-25}