{"correlation": 0.04908897457628662, "p_value": 2.4160931678906544e-54}