{"correlation": 0.07126303842969958, "p_value": 1.3328900281903665e-112}