{"correlation": -0.05779820165713657, "p_value": 1.160325558153422e-74}