{"correlation": -0.0628611495536575, "p_value": 5.376811981502243e-88}