{"correlation": -0.019644471910365856, "p_value": 5.333926750200811e-10}