{"correlation": 0.08124141325908826, "p_value": 7.41127521107931e-146}