{"correlation": -0.03974979398714001, "p_value": 3.193815172794653e-36}