{"correlation": 0.04833417637374272, "p_value": 9.737274388554254e-53}