{"correlation": 0.07859534432138068, "p_value": 1.3064758404244328e-136}