{"correlation": 0.028250026130631108, "p_value": 4.2679511441722207e-19}