{"correlation": 0.04261453864193133, "p_value": 2.2298723548011799e-41}