{"correlation": 0.09555098629503417, "p_value": 3.1381281082126143e-201}