{"correlation": 0.06517667864745336, "p_value": 1.812719283192541e-94}