{"correlation": 0.09712434464253458, "p_value": 7.131831932265902e-208}