{"correlation": -0.01183048698585332, "p_value": 0.00018476410549840672}