{"correlation": 0.08395717522878728, "p_value": 1.1441594942154498e-155}