{"correlation": 0.051042910975781994, "p_value": 1.2949522539877036e-58}