{"correlation": -0.058557891540999045, "p_value": 1.36549445121575e-76}