{"correlation": 0.09179023344525493, "p_value": 8.508503843717259e-186}