{"correlation": 0.050489376709386816, "p_value": 2.182871982819926e-57}