{"correlation": 0.09278015580861591, "p_value": 8.481285680519998e-190}