{"correlation": 0.10024196163346001, "p_value": 2.3070710498935715e-221}