{"correlation": -0.016885116520727023, "p_value": 9.466476313731597e-08}