{"correlation": 0.07437904949641709, "p_value": 1.625836737250231e-122}