{"correlation": -0.08013399604553645, "p_value": 5.9865561779998826e-142}