{"correlation": 0.10208581019223337, "p_value": 1.5148172677079276e-229}