{"correlation": 0.08099787298083203, "p_value": 5.4177502768977545e-145}