{"correlation": -0.003085788095277859, "p_value": 0.32945054264108986}