{"correlation": 0.07518250182915576, "p_value": 3.850929792838558e-125}