{"correlation": -0.05801294499578722, "p_value": 3.3249065710992877e-75}