{"correlation": -0.09422334535260506, "p_value": 1.0395248441718455e-195}