{"correlation": 0.11341148997603485, "p_value": 3.777675134180169e-283}