{"correlation": 0.08279149587734733, "p_value": 2.0405874604365227e-151}