{"correlation": 0.05301827431330627, "p_value": 4.2221012964483684e-63}