{"correlation": 0.08134353793586138, "p_value": 3.2124749336027174e-146}