{"correlation": -0.09143002059462203, "p_value": 2.371766864326416e-184}