{"correlation": 0.013086087681778574, "p_value": 3.536483356990544e-05}