{"correlation": 0.08183468231805491, "p_value": 5.6804694032252525e-148}