{"correlation": 0.09031733466523138, "p_value": 6.3519251888929775e-180}