{"correlation": 0.09999722836318115, "p_value": 2.7398631136817846e-220}