{"correlation": -0.02594083697633726, "p_value": 2.411728358181961e-16}