{"correlation": 0.01012224439326059, "p_value": 0.0013787096182975127}