{"correlation": 0.08283079824866683, "p_value": 1.4702702611183025e-151}