{"correlation": 0.1188627146066505, "p_value": 5.2448995286806e-311}