{"correlation": 0.045049579838286766, "p_value": 4.849899971506008e-46}