{"correlation": 0.05547055425580788, "p_value": 6.589964877825491e-69}