{"correlation": -0.07765796682201134, "p_value": 2.077188092297568e-133}