{"correlation": 0.00916869103923699, "p_value": 0.0037591756447091316}