{"correlation": 0.08210696224654149, "p_value": 6.001604863577623e-149}