{"correlation": 0.06200082837856115, "p_value": 1.1895964358016481e-85}