{"correlation": 0.051207918530333664, "p_value": 5.545907876801926e-59}