{"correlation": 0.09536352351128391, "p_value": 1.9093059381318526e-200}