{"correlation": 0.11353133315649495, "p_value": 9.532346698054075e-284}