{"correlation": -0.0033040817583749526, "p_value": 0.29638809867669863}