{"correlation": 0.03481377659294208, "p_value": 3.586050992846213e-28}