{"correlation": 0.11271023859219237, "p_value": 1.1575579303780208e-279}