{"correlation": -0.07881748812100088, "p_value": 2.247730672443956e-137}