{"correlation": 0.06976925656686103, "p_value": 5.32024909187354e-108}