{"correlation": -0.0050081941049629425, "p_value": 0.11347217535735493}