{"correlation": 0.08424478780757907, "p_value": 1.0007126641770294e-156}