{"correlation": 0.100806566595393, "p_value": 7.474350396629801e-224}