{"correlation": -0.06221931059842979, "p_value": 3.0407317628299664e-86}