{"correlation": 0.08720859380028577, "p_value": 7.631858284522485e-168}