{"correlation": 0.061991560573046604, "p_value": 1.2603274982783779e-85}