{"correlation": 0.05113866756376509, "p_value": 7.919150765720508e-59}