{"correlation": 0.09484593986516267, "p_value": 2.7411696200874704e-198}