{"correlation": 0.03174735639900725, "p_value": 1.0606970267381716e-23}