{"correlation": 0.10593782273611121, "p_value": 3.9355170263135506e-247}