{"correlation": 0.005306851609403843, "p_value": 0.09351005746175133}