{"correlation": 0.0398145457893244, "p_value": 2.4643193312630014e-36}