{"correlation": -0.08238957932794448, "p_value": 5.775988362177439e-150}