{"correlation": 0.023058719992015714, "p_value": 3.1378479122334445e-13}