{"correlation": 0.11248534553131942, "p_value": 1.5028769704837768e-278}