{"correlation": 0.06436065046650653, "p_value": 3.6815990369806326e-92}