{"correlation": 0.09464763146933364, "p_value": 1.8248940105708693e-197}