{"correlation": -0.09960677040041105, "p_value": 1.4020467927650934e-218}