{"correlation": 0.04902037202232791, "p_value": 3.3887804200599506e-54}