{"correlation": -0.03566015840487518, "p_value": 1.774468044173729e-29}