{"correlation": 0.08303378244705523, "p_value": 2.6982116111356696e-152}