{"correlation": 0.047396782294933326, "p_value": 8.863596801062173e-51}