{"correlation": 0.0025811006838593596, "p_value": 0.41465969111125883}