{"correlation": 0.06567990061980408, "p_value": 6.61733570260858e-96}