{"correlation": -0.08707648633328355, "p_value": 2.4348416639905843e-167}