{"correlation": -0.008253797726138833, "p_value": 0.009092982529928198}