{"correlation": -0.06499422622766335, "p_value": 5.981832158707374e-94}