{"correlation": 0.037285805678246256, "p_value": 4.514915632710808e-32}