{"correlation": 0.014685307874807763, "p_value": 3.4617321295813977e-06}