{"correlation": 0.07412307523060635, "p_value": 1.1004650484745251e-121}