{"correlation": 0.10853208744728918, "p_value": 2.3814326814967162e-259}