{"correlation": 0.11548769724269557, "p_value": 1.334372599172648e-293}