{"correlation": -0.08082536167155202, "p_value": 2.2089918321258108e-144}