{"correlation": 0.024039336922066182, "p_value": 2.998510160876598e-14}