{"correlation": 0.08312224671514006, "p_value": 1.2870741012341963e-152}