{"correlation": 0.02495508405517247, "p_value": 3.0725666570840005e-15}