{"correlation": 0.022195509087403975, "p_value": 2.2923435364761486e-12}