{"correlation": 0.005377386810631998, "p_value": 0.08923293133790022}