{"correlation": 0.04641192023439344, "p_value": 9.222163425339454e-49}