{"correlation": 0.10578469772528042, "p_value": 2.0264589309661985e-246}