{"correlation": 0.09891171885142071, "p_value": 1.486484017007166e-215}