{"correlation": 0.11085340613476433, "p_value": 1.5416620827951068e-270}