{"correlation": 0.03226276205005005, "p_value": 2.0066271292746037e-24}