{"correlation": 0.10999093344851578, "p_value": 2.362736610549323e-266}