{"correlation": 0.10018420999430984, "p_value": 4.1390432136857263e-221}