{"correlation": 0.10960416695364467, "p_value": 1.7356589214375404e-264}