{"correlation": 0.021762857846255184, "p_value": 6.0421387287018905e-12}