{"correlation": -0.029691745591811036, "p_value": 6.2489358642917794e-21}