{"correlation": 0.06763812907334639, "p_value": 1.3199637743061569e-101}