{"correlation": -0.0859972412958263, "p_value": 2.975797673145868e-163}