{"correlation": 0.09078558028947922, "p_value": 8.836192024788453e-182}