{"correlation": 0.03997599995325403, "p_value": 1.2885867274718164e-36}