{"correlation": 0.0709815933533789, "p_value": 9.981529303666603e-112}