{"correlation": 0.0988873472708061, "p_value": 1.8960630680693304e-215}