{"correlation": 0.0373508364454919, "p_value": 3.535800804533427e-32}