{"correlation": -0.09234731264640283, "p_value": 4.82422699456156e-188}