{"correlation": 0.10601760542540568, "p_value": 1.6739776981150163e-247}