{"correlation": 0.0028870609639680576, "p_value": 0.3615497999330105}