{"correlation": -0.003869115182986025, "p_value": 0.22141177689691513}