{"correlation": 0.02542034033283505, "p_value": 9.355541234142226e-16}