{"correlation": 0.04728305512076093, "p_value": 1.5230102092720968e-50}