{"correlation": 0.06686929305617116, "p_value": 2.3910511027313758e-99}