{"correlation": 0.0413432809976898, "p_value": 4.7888017902675227e-39}