{"correlation": 0.0657339403541885, "p_value": 4.630605115211902e-96}