{"correlation": -0.05041344050963638, "p_value": 3.208349615196956e-57}