{"correlation": -0.011725281105318782, "p_value": 0.00021077974574802184}