{"correlation": 0.04544193671658113, "p_value": 8.135331542279584e-47}