{"correlation": 0.0584172544227569, "p_value": 3.12140868902865e-76}