{"correlation": 0.008000543667586282, "p_value": 0.011455204106164704}