{"correlation": 0.11755983495949691, "p_value": 3.161507612799277e-304}