{"correlation": 0.023220693405292887, "p_value": 2.143047286089564e-13}