{"correlation": -0.034839535319600545, "p_value": 3.27597132451117e-28}