{"correlation": 0.10484050934013, "p_value": 4.70086273290205e-242}