{"correlation": 0.05186628088462294, "p_value": 1.8313193635737572e-60}