{"correlation": 0.07482678874479073, "p_value": 5.642440031749988e-124}