{"correlation": 0.08278353010046548, "p_value": 2.1807200488896215e-151}