{"correlation": 0.11137936174329541, "p_value": 4.161026244485902e-273}