{"correlation": -0.026792975654245186, "p_value": 2.4739324651444065e-17}