{"correlation": 0.05155179048954446, "p_value": 9.390140845244452e-60}