{"correlation": 0.07848091282576504, "p_value": 3.2284202686354267e-136}