{"correlation": -0.08113710613545994, "p_value": 1.73871772706778e-145}