{"correlation": 0.010067755529831017, "p_value": 0.001463376975410646}