{"correlation": -0.038733143719197276, "p_value": 1.7725737595185885e-34}