{"correlation": 0.08462640924061113, "p_value": 3.895886988949719e-158}