{"correlation": -0.048012832505978785, "p_value": 4.616975347321581e-52}