{"correlation": 0.08763975271742978, "p_value": 1.709483102605308e-169}