{"correlation": 0.08274970431178023, "p_value": 2.891042642519809e-151}