{"correlation": 0.051831611488216314, "p_value": 2.193994955240287e-60}