{"correlation": -0.10818302184138814, "p_value": 1.0924738074243235e-257}