{"correlation": 0.0696823253106568, "p_value": 9.787647085964952e-108}