{"correlation": 0.019402121711756867, "p_value": 8.659668620982279e-10}