{"correlation": 0.036053869119146535, "p_value": 4.277780158183861e-30}