{"correlation": -0.015022305210458891, "p_value": 2.055892890668782e-06}