{"correlation": 0.052935628181024555, "p_value": 6.556238579829207e-63}