{"correlation": 0.0093966965923259, "p_value": 0.002980361796400439}