{"correlation": 0.03886054698585795, "p_value": 1.0776259412847371e-34}