{"correlation": 0.05376593392432219, "p_value": 7.637845332355486e-65}