{"correlation": 0.015534260792716215, "p_value": 9.122716339538933e-07}