{"correlation": 0.04676636555496938, "p_value": 1.7526874455580625e-49}