{"correlation": 0.09395476950594925, "p_value": 1.330450152435214e-194}