{"correlation": 0.009839354812160582, "p_value": 0.001873017570929078}