{"correlation": 0.09487648725025326, "p_value": 2.0462517955271055e-198}