{"correlation": 0.08162346221703784, "p_value": 3.231070257313501e-147}