{"correlation": 0.07121884833676846, "p_value": 1.8294307392400337e-112}