{"correlation": -0.07326937855062134, "p_value": 6.17327827058117e-119}