{"correlation": 0.11149157102975941, "p_value": 1.1736943686989235e-273}