{"correlation": -0.0761327167444242, "p_value": 2.7782310335386847e-128}