{"correlation": 0.031995781985565415, "p_value": 4.76952114631349e-24}