{"correlation": 0.03201232612996567, "p_value": 4.521304203876563e-24}