{"correlation": 0.01502671796408661, "p_value": 2.041765263820299e-06}