{"correlation": -0.059877361501836604, "p_value": 5.302082264743181e-80}