{"correlation": -0.03432749288953847, "p_value": 1.953056165317384e-27}