{"correlation": 0.08070559723650902, "p_value": 5.850170238566587e-144}