{"correlation": 0.07476639739566389, "p_value": 8.889044169206736e-124}