{"correlation": -0.051420453137598084, "p_value": 1.8529689396986165e-59}