{"correlation": 0.030334137676951617, "p_value": 8.905169728689429e-22}