{"correlation": 0.11645308460817985, "p_value": 1.5817692102851905e-298}