{"correlation": 0.09395874236555254, "p_value": 1.2812812663810257e-194}