{"correlation": 0.10638605539987467, "p_value": 3.2028930566093697e-249}