{"correlation": 0.031113603602893065, "p_value": 7.926200916898607e-23}