{"correlation": 0.10630930433786605, "p_value": 7.310727064050457e-249}