{"correlation": 0.12025092109544658, "p_value": 2.57665e-318}