{"correlation": 0.10405736233101902, "p_value": 1.8312430149640413e-238}