{"correlation": 0.11957047425479095, "p_value": 1.01017032e-314}