{"correlation": 0.11500060035944522, "p_value": 3.934139460900824e-291}