{"correlation": 0.08329751539252313, "p_value": 2.962567912653696e-153}