{"correlation": 0.021241171913277807, "p_value": 1.8971916290600428e-11}