{"correlation": 0.09798316344481914, "p_value": 1.5146334990781888e-211}