{"correlation": 0.016144444280018495, "p_value": 3.351042756426744e-07}