{"correlation": -0.01595116059714001, "p_value": 4.6200476107938265e-07}