{"correlation": 0.09872515527608842, "p_value": 9.562196223175843e-215}