{"correlation": -0.007673027477984186, "p_value": 0.015308996897377242}