{"correlation": 0.11121281433951648, "p_value": 2.7162585827116905e-272}