{"correlation": 0.08145751882409107, "p_value": 1.2620994462013915e-146}