{"correlation": 0.07387023720987747, "p_value": 7.228839770875022e-121}