{"correlation": 0.0021442857964873293, "p_value": 0.4979800477491642}