{"correlation": 0.08274021379393988, "p_value": 3.1289782909636635e-151}