{"correlation": 0.05358844367905178, "p_value": 1.989988877876712e-64}