{"correlation": 0.09094203869933125, "p_value": 2.1072777348146083e-182}