{"correlation": 0.03609071438624377, "p_value": 3.741574369785744e-30}