{"correlation": -0.007994173526075975, "p_value": 0.011521070617427036}