{"correlation": 0.10337412203481086, "p_value": 2.3595748594504225e-235}