{"correlation": 0.1098816311648936, "p_value": 7.96988907484779e-266}