{"correlation": 0.0655843489295704, "p_value": 1.2431319146110576e-95}