{"correlation": 0.11171810340818525, "p_value": 9.082042531390934e-275}