{"correlation": 0.0587317748818496, "p_value": 4.8995171810357755e-77}