{"correlation": 0.04867719120490659, "p_value": 1.8280058579434804e-53}