{"correlation": -0.10122951497437363, "p_value": 9.985166579010633e-226}