{"correlation": 0.08586955434021103, "p_value": 8.989676663503825e-163}