{"correlation": 0.08196055158334682, "p_value": 2.011653878133604e-148}