{"correlation": 0.11795354297148464, "p_value": 2.8783053906725835e-306}