{"correlation": 0.11122519820690754, "p_value": 2.3628199668766394e-272}