{"correlation": 0.012328164263691993, "p_value": 9.767870127498842e-05}