{"correlation": -0.0509978397590012, "p_value": 1.6317071112570848e-58}