{"correlation": 0.0327034663820558, "p_value": 4.732227218703295e-25}