{"correlation": 0.06000538174912355, "p_value": 2.4516701019015215e-80}