{"correlation": 0.09867365572590127, "p_value": 1.5974838370555367e-214}