{"correlation": -0.11300608558323245, "p_value": 3.939315472175071e-281}