{"correlation": 0.06258520098572726, "p_value": 3.063195752991296e-87}