{"correlation": 0.038628036568313255, "p_value": 2.6692349240136584e-34}