{"correlation": 0.0668731296154547, "p_value": 2.330158633252595e-99}