{"correlation": 0.03175806334747387, "p_value": 1.024910054531743e-23}