{"correlation": 0.05478994476549148, "p_value": 2.862644931834553e-67}