{"correlation": 0.08147592332203023, "p_value": 1.085235271887756e-146}