{"correlation": 0.07161787175305144, "p_value": 1.0409362409625137e-113}