{"correlation": 0.09644858028547947, "p_value": 5.249455156087858e-205}