{"correlation": 0.05730074927969686, "p_value": 2.0617558531004097e-73}