{"correlation": 0.049610867119468896, "p_value": 1.814023239174464e-55}