{"correlation": 0.031130783429976237, "p_value": 7.509570132774358e-23}