{"correlation": 0.07661489256189694, "p_value": 6.827838162142651e-130}