{"correlation": 0.09820365871632011, "p_value": 1.7061343203848964e-212}