{"correlation": 0.09431492896340278, "p_value": 4.350721102051843e-196}