{"correlation": 0.018274329600303018, "p_value": 7.657876862883764e-09}