{"correlation": 0.09652699481826715, "p_value": 2.4461683356009627e-205}