{"correlation": -0.022602741251404813, "p_value": 9.053241164933256e-13}