{"correlation": 0.03274988361444831, "p_value": 4.0597279092926616e-25}