{"correlation": 0.07978936473790123, "p_value": 9.59589110849056e-141}