{"correlation": 0.1144423058326238, "p_value": 2.583635742062929e-288}