{"correlation": 0.0725893501647656, "p_value": 9.063357134772049e-117}