{"correlation": 0.08380078941516168, "p_value": 4.288657425432985e-155}