{"correlation": -0.011093353624693067, "p_value": 0.0004548908978366398}