{"correlation": 0.06735491217860465, "p_value": 9.023413777903399e-101}