{"correlation": 0.11401996964064079, "p_value": 3.4211731614512773e-286}