{"correlation": 0.03635452368185914, "p_value": 1.4285308424267012e-30}