{"correlation": 0.11156639953095641, "p_value": 5.043134938560627e-274}