{"correlation": -0.014200081126034606, "p_value": 7.190930223628841e-06}