{"correlation": 0.020681873669641037, "p_value": 6.28038841699275e-11}