{"correlation": 0.07451143710681232, "p_value": 6.031402684042257e-123}