{"correlation": 0.07299293276885238, "p_value": 4.718552439792562e-118}