{"correlation": 0.10671048015022519, "p_value": 9.718520206830459e-251}