{"correlation": 0.11721241024364873, "p_value": 1.9720953398003999e-302}