{"correlation": 0.03868754569746297, "p_value": 2.1173340914561475e-34}