{"correlation": 0.0568795591917946, "p_value": 2.3113470680247747e-72}