{"correlation": 0.0950225695637365, "p_value": 5.048494388910013e-199}