{"correlation": 0.11706791896323625, "p_value": 1.0961326946439784e-301}