{"correlation": 0.02127340484062029, "p_value": 1.769067639446688e-11}