{"correlation": 0.0138934533218797, "p_value": 1.1281094723038442e-05}