{"correlation": 0.03268588159761543, "p_value": 5.014877217685958e-25}