{"correlation": 0.09475404253359208, "p_value": 6.602017267516844e-198}