{"correlation": -0.023840909239324103, "p_value": 4.8591940189994904e-14}