{"correlation": 0.08148700934443391, "p_value": 9.90878769464152e-147}