{"correlation": 0.0015102309922910813, "p_value": 0.6331577462799424}