{"correlation": 0.08279754419232382, "p_value": 1.9402241981931476e-151}