{"correlation": 0.08852816251541729, "p_value": 6.419604874427264e-173}