{"correlation": -0.0727212937910108, "p_value": 3.4551591410098934e-117}