{"correlation": 0.03615618867325473, "p_value": 2.9481638917122996e-30}