{"correlation": -0.052268738726245316, "p_value": 2.228428129262957e-61}