{"correlation": 0.05778000924448431, "p_value": 1.28964956911082e-74}