{"correlation": 0.041733171871019735, "p_value": 9.385923407699057e-40}