{"correlation": 0.012719293049192884, "p_value": 5.821988545733649e-05}