{"correlation": 0.025432806099843216, "p_value": 9.05950400802925e-16}