{"correlation": 0.03876709894863461, "p_value": 1.5526331512410007e-34}