{"correlation": 0.03940530382003692, "p_value": 1.260012679433456e-35}