{"correlation": 0.10561503202543591, "p_value": 1.2420204693207865e-245}