{"correlation": 0.021922036701272348, "p_value": 4.238959126450396e-12}