{"correlation": 0.04995162439274933, "p_value": 3.2964712268906706e-56}