{"correlation": 0.07946359750830455, "p_value": 1.3068321896204109e-139}