{"correlation": 0.05496760465829554, "p_value": 1.0744320809616871e-67}