{"correlation": -0.09191184727740535, "p_value": 2.7581728043663473e-186}