{"correlation": 0.051561026076546605, "p_value": 8.95129288777713e-60}