{"correlation": 0.031710678427624685, "p_value": 1.1929297223318063e-23}