{"correlation": -0.0199679937215448, "p_value": 2.768335081000587e-10}