{"correlation": 0.06567918261166357, "p_value": 6.648785816078223e-96}