{"correlation": 0.057474450272976915, "p_value": 7.57022270602264e-74}