{"correlation": 0.09178204338951285, "p_value": 9.178607038153488e-186}