{"correlation": 0.05789281382032249, "p_value": 6.693908293373301e-75}