{"correlation": 0.11096886679035284, "p_value": 4.218330212192011e-271}