{"correlation": 0.09983404838018715, "p_value": 1.4216585383560295e-219}