{"correlation": 0.11732773033892681, "p_value": 5.0085277264177536e-303}