{"correlation": 0.0510245051692049, "p_value": 1.4231813365782162e-58}