{"correlation": 0.07953661669220657, "p_value": 7.284777112681844e-140}