{"correlation": 0.019703205926300336, "p_value": 4.738793856788777e-10}