{"correlation": 0.01185115855762301, "p_value": 0.00018002085058429774}