{"correlation": 0.056425295619354374, "p_value": 3.0706536564039573e-71}