{"correlation": 0.03385448535166006, "p_value": 9.929334820290775e-27}