{"correlation": 0.07757924784146646, "p_value": 3.841993249484684e-133}