{"correlation": 0.05302979680367836, "p_value": 3.970619533004517e-63}