{"correlation": 0.10500125595149065, "p_value": 8.546523591011385e-243}