{"correlation": -0.016900851908299288, "p_value": 9.210316808633079e-08}