{"correlation": 0.051138645994315834, "p_value": 7.920028868329487e-59}