{"correlation": -0.07953272960294804, "p_value": 7.515071710874168e-140}