{"correlation": 0.06668540828414912, "p_value": 8.218732710435498e-99}