{"correlation": 0.0896080546797941, "p_value": 3.9512102644947315e-177}