{"correlation": 0.08879421349436198, "p_value": 5.955388161248131e-174}