{"correlation": 0.06108079496111028, "p_value": 3.525159129087601e-83}