{"correlation": 0.053893226234320676, "p_value": 3.835876565896193e-65}