{"correlation": 0.06211852355738587, "p_value": 5.70853955567811e-86}