{"correlation": 0.10898125912440214, "p_value": 1.7010012844832227e-261}