{"correlation": 0.013711824098956283, "p_value": 1.4667176781403696e-05}