{"correlation": 0.054336260434611865, "p_value": 3.446126656266838e-66}