{"correlation": 0.11974378443336968, "p_value": 1.233554953e-315}