{"correlation": 0.0856919559852741, "p_value": 4.1722055857462503e-162}