{"correlation": -0.044717680189777224, "p_value": 2.169687229670177e-45}