{"correlation": 0.09587749937044582, "p_value": 1.3398176623235774e-202}