{"correlation": -0.1117002568971439, "p_value": 1.1112776893075994e-274}