{"correlation": -0.026921872830719246, "p_value": 1.742148571907756e-17}