{"correlation": 0.022691158167678558, "p_value": 7.383592987676949e-13}