{"correlation": 0.1180831194655063, "p_value": 6.108774500823699e-307}