{"correlation": 0.10370562178520511, "p_value": 7.353045585449903e-237}