{"correlation": 0.03323426439386219, "p_value": 8.096235518153632e-26}