{"correlation": 0.08439634633656233, "p_value": 2.762016858851649e-157}