{"correlation": -0.0009171541939031173, "p_value": 0.7719283655355484}