{"correlation": 0.046931130034322026, "p_value": 8.065429892836072e-50}