{"correlation": 0.08120097007249154, "p_value": 1.03167067420069e-145}