{"correlation": 0.01868825091690164, "p_value": 3.490955190850817e-09}