{"correlation": -0.03081414822851178, "p_value": 2.0219542565409928e-22}