{"correlation": 0.05115023253721784, "p_value": 7.46203198903852e-59}