{"correlation": 0.02576552154488452, "p_value": 3.8187988011656655e-16}