{"correlation": -0.007729496091646112, "p_value": 0.014572502325438797}