{"correlation": 0.029323019725815067, "p_value": 1.877036513606599e-20}