{"correlation": 0.06502809360400146, "p_value": 4.7940026283828586e-94}