{"correlation": 0.11782882990773412, "p_value": 1.2774272820970756e-305}