{"correlation": 0.09434801166519242, "p_value": 3.175600630723866e-196}