{"correlation": -0.095486590672336, "p_value": 5.837548776420808e-201}