{"correlation": 0.09231825968875719, "p_value": 6.323024985118762e-188}