{"correlation": -0.09532471755065616, "p_value": 2.7734177396640965e-200}