{"correlation": 0.0657978525813076, "p_value": 3.0346030747246837e-96}