{"correlation": -0.06508139363065389, "p_value": 3.3829763501788475e-94}