{"correlation": 0.012906161228535178, "p_value": 4.523445453882268e-05}