{"correlation": 0.06944274256591106, "p_value": 5.2312054333188424e-107}