{"correlation": -0.0060846830383411475, "p_value": 0.05448077205276415}