{"correlation": 0.051444085411607866, "p_value": 1.6398619353314082e-59}