{"correlation": 0.09299610093009585, "p_value": 1.121491280984361e-190}