{"correlation": 0.07403761991624574, "p_value": 2.0806103175258347e-121}