{"correlation": 0.046361437255780485, "p_value": 1.167071644125702e-48}