{"correlation": -0.10166243274330505, "p_value": 1.1821705020904246e-227}