{"correlation": 0.09428472738593195, "p_value": 5.798905024711604e-196}