{"correlation": 0.10697027611612521, "p_value": 5.870082571554775e-252}