{"correlation": 0.048724888637860765, "p_value": 1.4472893745345625e-53}