{"correlation": 0.08300575805687888, "p_value": 3.410690701170362e-152}