{"correlation": 0.08045708586513935, "p_value": 4.393593595767172e-143}