{"correlation": -0.011306691965417516, "p_value": 0.0003523336011784252}