{"correlation": 0.09944783999873294, "p_value": 6.925502738083465e-218}