{"correlation": 0.0960919759166624, "p_value": 1.6780170031886152e-203}