{"correlation": 0.09615425019600668, "p_value": 9.171494386020314e-204}