{"correlation": 0.04554619979245322, "p_value": 5.049062425258711e-47}