{"correlation": 0.061654509739733084, "p_value": 1.0237011402626653e-84}