{"correlation": 0.019148569037756604, "p_value": 1.4289481849997456e-09}