{"correlation": -0.00471498168983471, "p_value": 0.13619522439133983}