{"correlation": 0.10338751464887781, "p_value": 2.0515012197010576e-235}