{"correlation": -0.1112561133751975, "p_value": 1.668272039010592e-272}