{"correlation": 0.08503143470817023, "p_value": 1.2229207004229748e-159}