{"correlation": 0.013726457024004792, "p_value": 1.4361948955833511e-05}