{"correlation": 0.0161780500774817, "p_value": 3.1678966553124596e-07}