{"correlation": 0.012653676574447228, "p_value": 6.356438015996358e-05}