{"correlation": -0.02724123086389758, "p_value": 7.25546520612626e-18}