{"correlation": 0.029504030771383798, "p_value": 1.095752652487621e-20}