{"correlation": -0.1021782848946514, "p_value": 5.834056017694497e-230}