{"correlation": 0.07192622688913262, "p_value": 1.1235914364591652e-114}