{"correlation": 0.06050495698403044, "p_value": 1.189575004307583e-81}