{"correlation": 0.1013648324894291, "p_value": 2.5005331268226697e-226}