{"correlation": 0.11352486518219665, "p_value": 1.0268143647515162e-283}