{"correlation": 0.12008817497110212, "p_value": 1.872412e-317}