{"correlation": -0.0627802201271508, "p_value": 8.963657663295594e-88}