{"correlation": 0.08809152071548738, "p_value": 3.128959431810093e-171}