{"correlation": -0.0038311769971750877, "p_value": 0.2259748402045337}