{"correlation": -0.0165967703995917, "p_value": 1.558324038340156e-07}