{"correlation": 0.07298268973542169, "p_value": 5.087125825569642e-118}