{"correlation": -0.04135384137547687, "p_value": 4.582937831652632e-39}