{"correlation": 0.10058571254079124, "p_value": 7.064332482378856e-223}