{"correlation": -0.006308728216462836, "p_value": 0.04617363777874584}