{"correlation": 0.011761847777297392, "p_value": 0.00020137030855536272}