{"correlation": 0.04325394415865024, "p_value": 1.4089049858593478e-42}