{"correlation": 0.10725362143399647, "p_value": 2.7273673709136336e-253}