{"correlation": -0.05952272661597073, "p_value": 4.4530785210275e-79}