{"correlation": -0.045276326427364066, "p_value": 1.7316584707584696e-46}