{"correlation": 0.10555033214654025, "p_value": 2.47771061207276e-245}