{"correlation": -0.1029793360362794, "p_value": 1.4466492727190112e-233}