{"correlation": 0.09246877378674459, "p_value": 1.5552609654029674e-188}