{"correlation": -0.03567696486870803, "p_value": 1.6704393327869857e-29}