{"correlation": 0.05152816148383279, "p_value": 1.0612959109977514e-59}