{"correlation": -0.05016539654450415, "p_value": 1.1242473938155937e-56}