{"correlation": 0.06430758540785808, "p_value": 5.189106316206696e-92}