{"correlation": 0.0896690342895134, "p_value": 2.277253467873906e-177}