{"correlation": 0.0926624857485029, "p_value": 2.5490613610531737e-189}