{"correlation": 0.018240098087485387, "p_value": 8.165789826985797e-09}