{"correlation": 0.04562653780157847, "p_value": 3.4935081178732906e-47}