{"correlation": 0.04980990946352275, "p_value": 6.709080340235777e-56}