{"correlation": 0.04572034910996706, "p_value": 2.270561196286215e-47}