{"correlation": 0.1193083792199787, "p_value": 2.41484525707e-313}