{"correlation": -0.01780420458456721, "p_value": 1.8314935525250462e-08}