{"correlation": 0.11823096188723196, "p_value": 1.039796112683921e-307}