{"correlation": 0.04203255780086814, "p_value": 2.6579219681905938e-40}