{"correlation": -0.09074436102990108, "p_value": 1.2885296417607956e-181}