{"correlation": 0.06391522508788768, "p_value": 6.506943627869432e-91}