{"correlation": 0.012575307280800897, "p_value": 7.055633372964413e-05}