{"correlation": 0.0657163870557924, "p_value": 5.200127134038231e-96}