{"correlation": -0.07695751119922659, "p_value": 4.835121326382238e-131}