{"correlation": 0.08164368889672699, "p_value": 2.7361236105366015e-147}