{"correlation": 0.028866361110839962, "p_value": 7.193586258543044e-20}