{"correlation": 0.08135821343067193, "p_value": 2.8485936528547896e-146}