{"correlation": 0.08294947854137753, "p_value": 5.458935614071171e-152}