{"correlation": 0.06214151731196938, "p_value": 4.94488997465014e-86}