{"correlation": 0.04749945144213855, "p_value": 5.431163924975419e-51}