{"correlation": 0.09656075267988629, "p_value": 1.7604935921324865e-205}