{"correlation": -0.031400847180495586, "p_value": 3.2012108533278236e-23}