{"correlation": 0.08820838713038341, "p_value": 1.107815323727556e-171}