{"correlation": 0.0720079584677996, "p_value": 6.217940093371025e-115}