{"correlation": 0.10989167787266951, "p_value": 7.127533362848398e-266}