{"correlation": 0.06346756210398033, "p_value": 1.1434745420246345e-89}