{"correlation": 0.030750448322597688, "p_value": 2.464832169191207e-22}