{"correlation": 0.07554317756114655, "p_value": 2.4986670438868538e-126}