{"correlation": 0.053420750236032585, "p_value": 4.903581531827177e-64}