{"correlation": 0.03749344237550045, "p_value": 2.065594430610932e-32}