{"correlation": -0.021802944088111204, "p_value": 5.527486063294369e-12}