{"correlation": 0.10778727619170328, "p_value": 8.233174215762534e-256}