{"correlation": 0.041966164563205774, "p_value": 3.518764937451885e-40}