{"correlation": 0.1143608933636143, "p_value": 6.63586556314318e-288}