{"correlation": 0.0322620149736389, "p_value": 2.0115143313764258e-24}