{"correlation": -0.04192253330932951, "p_value": 4.2301942843174625e-40}