{"correlation": -0.016900411997401082, "p_value": 9.217386145882446e-08}