{"correlation": 0.032458456328756616, "p_value": 1.0590189983855238e-24}