{"correlation": 0.06063187876355301, "p_value": 5.49289195881427e-82}