{"correlation": -0.08537249934245497, "p_value": 6.545479345689197e-161}