{"correlation": -0.012687364582622318, "p_value": 6.076498997654524e-05}