{"correlation": 0.08411582658360249, "p_value": 2.9869849157618257e-156}