{"correlation": -0.02776055029606231, "p_value": 1.708839084764992e-18}