{"correlation": 0.09386477417623727, "p_value": 3.1208504528927276e-194}