{"correlation": 0.07917667293003652, "p_value": 1.29195306808636e-138}