{"correlation": 0.013735714162219944, "p_value": 1.4171993011331381e-05}