{"correlation": 0.020098878907670405, "p_value": 2.1170175366564672e-10}