{"correlation": 0.08466523206627063, "p_value": 2.7979135728842008e-158}