{"correlation": -0.013483866398591341, "p_value": 2.029907404468978e-05}