{"correlation": 0.09061144537137825, "p_value": 4.3437464328552277e-181}