{"correlation": 0.018816858625936843, "p_value": 2.7256208245359262e-09}