{"correlation": -0.016868750053877682, "p_value": 9.74022247546645e-08}