{"correlation": 0.013695420181023835, "p_value": 1.5016698006822941e-05}