{"correlation": 0.12046590012208937, "p_value": 1.86826e-319}