{"correlation": -0.0443572951710716, "p_value": 1.0901534943127777e-44}