{"correlation": -0.11558089830777438, "p_value": 4.4825933192608686e-294}