{"correlation": 0.05076474769944534, "p_value": 5.375304972589536e-58}