{"correlation": 0.08596076896451517, "p_value": 4.081537720367154e-163}