{"correlation": 0.015268713289443797, "p_value": 1.3948561606258453e-06}