{"correlation": -0.10026634183423902, "p_value": 1.802422501042124e-221}