{"correlation": 0.04830177604326919, "p_value": 1.1397049298161703e-52}