{"correlation": 0.06623612555929949, "p_value": 1.6546042568495283e-97}