{"correlation": 0.10510272801921668, "p_value": 2.909510858148339e-243}