{"correlation": -0.027801206055374447, "p_value": 1.52423215843693e-18}