{"correlation": 0.0731371275724359, "p_value": 1.6349351636643135e-118}