{"correlation": 0.06518573689571665, "p_value": 1.708245521546161e-94}