{"correlation": 0.06724328981046486, "p_value": 1.9205319838679318e-100}