{"correlation": -0.11087235762707734, "p_value": 1.2463655025392538e-270}