{"correlation": 0.09577090699655197, "p_value": 3.75570071981348e-202}