{"correlation": 0.02672942873196492, "p_value": 2.939079831578333e-17}