{"correlation": 0.030654717707012908, "p_value": 3.316857555270821e-22}