{"correlation": 0.039016177798352696, "p_value": 5.854514325134675e-35}