{"correlation": 0.1139044023753986, "p_value": 1.29843025486368e-285}