{"correlation": 0.039302263897506434, "p_value": 1.8952408408967665e-35}