{"correlation": 0.05994660638249058, "p_value": 3.494183383429152e-80}