{"correlation": 0.03685755339463095, "p_value": 2.2345848567698763e-31}