{"correlation": 0.031749068542416, "p_value": 1.0548923327868473e-23}