{"correlation": -0.03999979086680483, "p_value": 1.1709160677652565e-36}