{"correlation": 0.1091043159568596, "p_value": 4.3768343576720815e-262}