{"correlation": 0.10606017352511751, "p_value": 1.0605988272943417e-247}