{"correlation": 0.040612426252888655, "p_value": 9.753421221008375e-38}