{"correlation": 0.09257041381064159, "p_value": 6.024242701799861e-189}