{"correlation": 0.04198352554762435, "p_value": 3.2699944073107577e-40}