{"correlation": -0.012746128510039676, "p_value": 5.615917420701709e-05}