{"correlation": 0.10679112818158513, "p_value": 4.0693560059540616e-251}