{"correlation": 0.026321616598637836, "p_value": 8.795644750909413e-17}