{"correlation": -0.030861509343157113, "p_value": 1.7446359619397717e-22}