{"correlation": -0.02338298173961079, "p_value": 1.4587659114392225e-13}