{"correlation": 0.11557779645312401, "p_value": 4.648390413976748e-294}