{"correlation": 0.0005528296443454234, "p_value": 0.8613044755723311}