{"correlation": 0.10153106975023589, "p_value": 4.55185847725922e-227}