{"correlation": -0.001986139980202796, "p_value": 0.5302060167551197}