{"correlation": 0.05308205825848826, "p_value": 3.0048262069205615e-63}