{"correlation": 0.11270341656233127, "p_value": 1.2512674064156897e-279}