{"correlation": 0.06448454559581669, "p_value": 1.6502255398434786e-92}