{"correlation": 0.057652543495212816, "p_value": 2.7015252205193064e-74}