{"correlation": 0.060958581808674805, "p_value": 7.45988500889911e-83}