{"correlation": -0.08937053522861607, "p_value": 3.3675857049520985e-176}