{"correlation": 0.05848053717752318, "p_value": 2.1522383336611933e-76}