{"correlation": 0.11179209973533098, "p_value": 3.932384849060658e-275}