{"correlation": 0.05450942208526951, "p_value": 1.3364803038048886e-66}