{"correlation": 0.06758356265898108, "p_value": 1.9128260392399765e-101}