{"correlation": 0.11443660890687044, "p_value": 2.759992173839439e-288}