{"correlation": 0.0742459218694565, "p_value": 4.399109010985302e-122}