{"correlation": -0.013368523018126598, "p_value": 2.3881564120467594e-05}