{"correlation": -0.06706092486784444, "p_value": 6.57966507761096e-100}