{"correlation": 0.11484609772534064, "p_value": 2.37651012615432e-290}