{"correlation": 0.06373317424387563, "p_value": 2.092561803338401e-90}