{"correlation": 0.025497904943479074, "p_value": 7.657213033844527e-16}