{"correlation": 0.1148513232821159, "p_value": 2.2363480481117714e-290}