{"correlation": -0.021076078184474305, "p_value": 2.70989879833067e-11}