{"correlation": 0.0851979713527713, "p_value": 2.932302580240192e-160}