{"correlation": -0.012383994299936488, "p_value": 9.080479233353409e-05}