{"correlation": 0.05745937029873566, "p_value": 8.259179225248262e-74}