{"correlation": -0.043562465399231726, "p_value": 3.6627856252787364e-43}