{"correlation": 0.10581967164839486, "p_value": 1.394020368504679e-246}