{"correlation": 0.11790937102445458, "p_value": 4.8803154807477123e-306}