{"correlation": -0.06240387341529797, "p_value": 9.569781751305828e-87}