{"correlation": 0.08237154616087973, "p_value": 6.708128470599867e-150}