{"correlation": -0.06380798839218033, "p_value": 1.295321519012901e-90}