{"correlation": 0.051473738222789014, "p_value": 1.406676651687857e-59}