{"correlation": 0.058990607387195027, "p_value": 1.0595014488156819e-77}