{"correlation": 0.10649525322232908, "p_value": 9.888869222186856e-250}