{"correlation": 0.09235016506666328, "p_value": 4.69774930209318e-188}