{"correlation": 0.05494222992140162, "p_value": 1.2360870387210016e-67}