{"correlation": 0.10517044345172036, "p_value": 1.4166836793279355e-243}