{"correlation": 0.03324874951309178, "p_value": 7.71236860352386e-26}