{"correlation": 0.04934602840401216, "p_value": 6.772458268535943e-55}