{"correlation": 0.05920152610831885, "p_value": 3.0268823524079983e-78}