{"correlation": 0.06577168849756684, "p_value": 3.6079339672784665e-96}