{"correlation": 0.09003870331419743, "p_value": 7.99992974529892e-179}