{"correlation": 0.009056824444137263, "p_value": 0.004205286574860159}