{"correlation": 0.10405407581181521, "p_value": 1.895641153949226e-238}