{"correlation": -0.06293604775926638, "p_value": 3.348500721535017e-88}