{"correlation": 0.09095108726537497, "p_value": 1.93947660423948e-182}