{"correlation": 0.0659809006993659, "p_value": 9.025143392672204e-97}