{"correlation": -0.0649789738076935, "p_value": 6.608658852811694e-94}