{"correlation": 0.05504472877161826, "p_value": 7.014514910316959e-68}