{"correlation": 0.06679958130109374, "p_value": 3.819846731011473e-99}