{"correlation": 0.04231566118407771, "p_value": 7.995244907571263e-41}