{"correlation": 0.034589246824321566, "p_value": 7.866130581314484e-28}