{"correlation": 0.11993952489092605, "p_value": 1.1431262e-316}