{"correlation": 0.07857025891765945, "p_value": 1.5932317709784855e-136}