{"correlation": 0.061041222188813284, "p_value": 4.494329051445781e-83}