{"correlation": 0.09914959588277951, "p_value": 1.3777294399242128e-216}