{"correlation": 0.062331716700119374, "p_value": 1.5044277074676223e-86}