{"correlation": 0.08993489451814736, "p_value": 2.05161462565332e-178}