{"correlation": 0.008420857543089638, "p_value": 0.007783079750591783}