{"correlation": 0.02405055657297144, "p_value": 2.9174306707725335e-14}