{"correlation": 0.05579536692275536, "p_value": 1.0717584784268268e-69}