{"correlation": 0.07150596705015733, "p_value": 2.329463420199126e-113}