{"correlation": -0.0715376283756104, "p_value": 1.8549552753485904e-113}