{"correlation": 0.07226668988742922, "p_value": 9.511850475095889e-116}