{"correlation": 0.11080977381353375, "p_value": 2.5149671393048112e-270}