{"correlation": 0.1033910775241015, "p_value": 1.976540625292824e-235}