{"correlation": -0.11793000677108657, "p_value": 3.813572106859062e-306}