{"correlation": -0.0960153674282523, "p_value": 3.526179504620239e-203}