{"correlation": -0.05417214685543732, "p_value": 8.433305228586532e-66}