{"correlation": 0.10281204576651845, "p_value": 8.236144085514107e-233}