{"correlation": 0.08218846389732652, "p_value": 3.0580795759257034e-149}