{"correlation": 0.08296882093028192, "p_value": 4.644306424414818e-152}