{"correlation": 0.08912586884550362, "p_value": 3.0429221064348194e-175}