{"correlation": 0.11470006307916782, "p_value": 1.297866134348777e-289}