{"correlation": 0.10897353317200863, "p_value": 1.85223328057948e-261}