{"correlation": -0.027790376734211832, "p_value": 1.5713869907289497e-18}