{"correlation": -0.01507971049073578, "p_value": 1.8792270372132436e-06}