{"correlation": 0.024539485852396313, "p_value": 8.72922090053556e-15}