{"correlation": 0.050936210483473264, "p_value": 2.2375240302380524e-58}