{"correlation": 0.0014646761159617053, "p_value": 0.6434431854234863}