{"correlation": 0.10135231457202516, "p_value": 2.8424574201519277e-226}