{"correlation": 0.021134183351085554, "p_value": 2.391048625707473e-11}