{"correlation": 0.05181243218383734, "p_value": 2.424510222775037e-60}