{"correlation": -0.042723279438480685, "p_value": 1.3981559552729155e-41}