{"correlation": 0.06153313137282753, "p_value": 2.170461398545953e-84}