{"correlation": 0.11094887318675775, "p_value": 5.280177128850037e-271}