{"correlation": 0.06515686564332364, "p_value": 2.0639867164711977e-94}