{"correlation": -0.10164269061488061, "p_value": 1.4478501354956502e-227}