{"correlation": 0.0937206249833299, "p_value": 1.2206908075249676e-193}