{"correlation": 0.05250302417361937, "p_value": 6.4897763804208115e-62}