{"correlation": 0.06299158809869244, "p_value": 2.3559987788352688e-88}