{"correlation": 0.08396665897595464, "p_value": 1.0559723635424747e-155}