{"correlation": 0.11248974841611464, "p_value": 1.4293805639057697e-278}