{"correlation": 0.11117867678859135, "p_value": 3.98861544205925e-272}