{"correlation": -0.042557804429312236, "p_value": 2.843448662228487e-41}