{"correlation": 0.11740626774961993, "p_value": 1.967886192711968e-303}