{"correlation": 0.003084893380184752, "p_value": 0.32959079317493606}