{"correlation": 0.01807377244954936, "p_value": 1.1137943334051946e-08}