{"correlation": 0.04573225583811695, "p_value": 2.149587455840352e-47}