{"correlation": -0.03418623787464382, "p_value": 3.181424417726794e-27}