{"correlation": -0.002936121628830394, "p_value": 0.35344857192720364}