{"correlation": 0.08886589831354148, "p_value": 3.134365558129982e-174}