{"correlation": 0.006423687471678617, "p_value": 0.042342832673808894}