{"correlation": 0.003955468722431851, "p_value": 0.2112725831213868}