{"correlation": -0.09673172615627199, "p_value": 3.3216385435958183e-206}