{"correlation": 0.1113390242460313, "p_value": 6.556182531559697e-273}