{"correlation": 0.02883038724892302, "p_value": 7.989658284188576e-20}