{"correlation": -0.031875494883423, "p_value": 7.028781294968854e-24}