{"correlation": 0.05194300989511409, "p_value": 1.2271781321750707e-60}