{"correlation": 0.026427271419534295, "p_value": 6.631581072949515e-17}