{"correlation": 0.11841783991037438, "p_value": 1.105309045276333e-308}