{"correlation": 0.06576662867305019, "p_value": 3.7306931678033646e-96}