{"correlation": 0.10544632338715249, "p_value": 7.512749393852697e-245}