{"correlation": 0.05658273850474277, "p_value": 1.255754031481564e-71}