{"correlation": -0.015386752089163106, "p_value": 1.1559105850809043e-06}