{"correlation": 0.10444042752180908, "p_value": 3.2352088443152856e-240}