{"correlation": -0.046196647462144934, "p_value": 2.5127291901981875e-48}