{"correlation": 0.10855843197397394, "p_value": 1.7832604885424402e-259}