{"correlation": 0.033137504266056925, "p_value": 1.1193533557631728e-25}