{"correlation": 0.0984499762645075, "p_value": 1.4794463143289397e-213}