{"correlation": -0.026270220044409705, "p_value": 1.0086926397168622e-16}