{"correlation": 0.01757704758299787, "p_value": 2.7697374415749135e-08}