{"correlation": 0.08831855719849707, "p_value": 4.1573657926866276e-172}