{"correlation": 0.08415601024988434, "p_value": 2.124849379022787e-156}