{"correlation": -0.07928132050400569, "p_value": 5.607379242006423e-139}