{"correlation": -0.05050405526155643, "p_value": 2.0261380644501053e-57}