{"correlation": -0.0027726958513961033, "p_value": 0.38088203127938564}