{"correlation": -0.055901524997340066, "p_value": 5.906097523272517e-70}