{"correlation": 0.04729811611383794, "p_value": 1.4177562308685076e-50}