{"correlation": 0.005152869956821355, "p_value": 0.10341866456009774}