{"correlation": 0.08244317401661524, "p_value": 3.70198925802633e-150}