{"correlation": 0.05930281387742458, "p_value": 1.6558187869999484e-78}