{"correlation": 0.062113227190953746, "p_value": 5.900483875202453e-86}