{"correlation": 0.031085303389973052, "p_value": 8.662961372739292e-23}