{"correlation": 0.06634524574046374, "p_value": 7.9951045866027e-98}