{"correlation": 0.11197162643688639, "p_value": 5.148219402173087e-276}