{"correlation": 0.0869500611183539, "p_value": 7.37760674598839e-167}