{"correlation": 0.047132205429665695, "p_value": 3.1164943191866814e-50}