{"correlation": -0.1031739681239343, "p_value": 1.9053337746046894e-234}