{"correlation": 0.07907518772526169, "p_value": 2.899464914895505e-138}