{"correlation": 0.02880990958177422, "p_value": 8.481072150249839e-20}