{"correlation": 0.08218060644513411, "p_value": 3.2635613080061937e-149}