{"correlation": 0.0840074584668174, "p_value": 7.477384625445273e-156}