{"correlation": 0.056884491836958574, "p_value": 2.2470750887779133e-72}