{"correlation": 0.022919604387477425, "p_value": 4.3447814297573524e-13}