{"correlation": 0.045600136733747326, "p_value": 3.943264450726143e-47}