{"correlation": 0.10549097877379479, "p_value": 4.666843469666098e-245}