{"correlation": -0.08381963113817607, "p_value": 3.657983542330719e-155}