{"correlation": 0.10303445405013775, "p_value": 8.15110203999285e-234}