{"correlation": -0.002503416224748899, "p_value": 0.42884486161271285}