{"correlation": 0.0694176535537969, "p_value": 6.232808884197175e-107}