{"correlation": 0.022483139198856597, "p_value": 1.1913428772327936e-12}