{"correlation": 0.04095783852675549, "p_value": 2.3627816718700966e-38}