{"correlation": 0.061057509923428295, "p_value": 4.066831537534212e-83}