{"correlation": 0.09195242138101019, "p_value": 1.89344434308873e-186}