{"correlation": 0.016978367957906266, "p_value": 8.043262995273435e-08}