{"correlation": 0.07941650612738282, "p_value": 1.9044845620777634e-139}