{"correlation": 0.04509760649511418, "p_value": 3.901071247107376e-46}