{"correlation": 0.0004404150355886646, "p_value": 0.8893025102481664}