{"correlation": 0.026660612454865115, "p_value": 3.5403314796229815e-17}