{"correlation": 0.08040400583848001, "p_value": 6.753026698339004e-143}