{"correlation": -0.010678414496412617, "p_value": 0.0007385450284617665}