{"correlation": 0.09940967931657946, "p_value": 1.0158851651531158e-217}