{"correlation": -0.10356004035629805, "p_value": 3.3776050808170308e-236}