{"correlation": 0.016534035878972196, "p_value": 1.7349642872966724e-07}