{"correlation": 0.006519292412725568, "p_value": 0.039365057204953015}