{"correlation": 0.05282832768820902, "p_value": 1.1597166618355102e-62}