{"correlation": 0.1046138097731682, "p_value": 5.180519435618588e-241}