{"correlation": 0.06655644250198654, "p_value": 1.9497988118146045e-98}