{"correlation": 0.06933751677976546, "p_value": 1.0902149747540865e-106}