{"correlation": 0.019570067753123123, "p_value": 6.193325941434025e-10}