{"correlation": 0.04473836357611851, "p_value": 1.9769181299501348e-45}