{"correlation": 0.07638532492149383, "p_value": 3.9980606148067383e-129}