{"correlation": -0.08529904327941394, "p_value": 1.2308748715142401e-160}