{"correlation": 0.08015264084017638, "p_value": 5.150402359242281e-142}