{"correlation": 0.046708542140410675, "p_value": 2.2999611325410074e-49}