{"correlation": 0.10213154287309463, "p_value": 9.45093334804136e-230}