{"correlation": 0.10896459104295371, "p_value": 2.0441196005889737e-261}