{"correlation": -0.013703121158815224, "p_value": 1.4851634248770603e-05}