{"correlation": 0.028847809497888545, "p_value": 7.59380239477705e-20}