{"correlation": 0.02570978741711259, "p_value": 4.416768712304563e-16}