{"correlation": 0.09174220613513899, "p_value": 1.327021187457153e-185}