{"correlation": 0.02925455645601077, "p_value": 2.2988983957740175e-20}