{"correlation": 0.02060366967462392, "p_value": 7.406576294155708e-11}