{"correlation": 0.052712317819087806, "p_value": 2.145801438786076e-62}