{"correlation": 0.06694811991683348, "p_value": 1.4069287069259353e-99}