{"correlation": -0.027203628061601128, "p_value": 8.047948552083625e-18}