{"correlation": -0.056164915869362265, "p_value": 1.3398977413834718e-70}