{"correlation": 0.06028335250764282, "p_value": 4.567112627234383e-81}