{"correlation": 0.09681709459430281, "p_value": 1.4428621429307137e-206}