{"correlation": 0.06708128620468123, "p_value": 5.735441520238023e-100}