{"correlation": 0.0510350248020401, "p_value": 1.3484201983912621e-58}