{"correlation": -0.03354532906924287, "p_value": 2.8397144871400214e-26}