{"correlation": -0.0672098866646042, "p_value": 2.4070487247477314e-100}