{"correlation": -0.08427419970345879, "p_value": 7.796354406028997e-157}