{"correlation": 0.07102093050176768, "p_value": 7.536894878338083e-112}