{"correlation": -0.06490743087213457, "p_value": 1.054343353263924e-93}