{"correlation": 0.021450399139687024, "p_value": 1.2028428357073656e-11}