{"correlation": 0.11836463396771192, "p_value": 2.0931437296050005e-308}