{"correlation": 0.08974375028653557, "p_value": 1.1586658000823998e-177}