{"correlation": 0.07946127284247285, "p_value": 1.3313619538138951e-139}