{"correlation": 0.11549325767192241, "p_value": 1.250328251151465e-293}