{"correlation": 0.02571426208515906, "p_value": 4.3655330071688116e-16}