{"correlation": 0.06117266605931565, "p_value": 2.004567733495798e-83}