{"correlation": 0.09455659351836271, "p_value": 4.3511759415076165e-197}