{"correlation": 0.007195261663621882, "p_value": 0.022966692142453064}