{"correlation": 0.04117988045379038, "p_value": 9.438000940615774e-39}