{"correlation": 0.11149350249075032, "p_value": 1.1483889422402009e-273}