{"correlation": -0.028626405428509315, "p_value": 1.445249633784312e-19}