{"correlation": -0.0026851829052363845, "p_value": 0.39609560306254704}