{"correlation": -0.0983955179312315, "p_value": 2.541620932940883e-213}