{"correlation": -0.04030839178297475, "p_value": 3.3639649198661226e-37}