{"correlation": 0.07181941294232783, "p_value": 2.4321245326655867e-114}