{"correlation": -0.027667146071559966, "p_value": 2.220753336840822e-18}