{"correlation": 0.0927266784769289, "p_value": 1.398739822161364e-189}