{"correlation": 0.03172889858101273, "p_value": 1.1253190295450682e-23}