{"correlation": -0.0846453234056718, "p_value": 3.3156608938626392e-158}