{"correlation": 0.08526509753743805, "p_value": 1.647710167826509e-160}