{"correlation": 0.09146493031520929, "p_value": 1.718945636760581e-184}