{"correlation": 0.10622442789450699, "p_value": 1.819766635165765e-248}