{"correlation": 0.09742551439850762, "p_value": 3.706283003823363e-209}