{"correlation": -0.0496566866550464, "p_value": 1.4432910078867962e-55}