{"correlation": 0.09617272754680256, "p_value": 7.665903656564975e-204}