{"correlation": 0.07120184846777414, "p_value": 2.0663196373179945e-112}