{"correlation": 0.0823099026682906, "p_value": 1.1184064183758734e-149}