{"correlation": 0.112563960501573, "p_value": 6.1373696698141316e-279}