{"correlation": 0.07821346608174413, "p_value": 2.6606511195657522e-135}