{"correlation": 0.0530614868807029, "p_value": 3.3533387296423725e-63}