{"correlation": 0.11637443249730607, "p_value": 3.999995997285151e-298}