{"correlation": -0.1189658026249435, "p_value": 1.513535578757e-311}