{"correlation": 0.03291332028026662, "p_value": 2.3624720841530563e-25}