{"correlation": 0.11543112465095169, "p_value": 2.5861192782598563e-293}