{"correlation": 0.00980155495552869, "p_value": 0.001950190778213191}