{"correlation": 0.06923035112018439, "p_value": 2.3003923697702063e-106}