{"correlation": 0.09616162211640247, "p_value": 8.5382996597661e-204}