{"correlation": 0.05746439723604529, "p_value": 8.022835402477489e-74}