{"correlation": 0.09124666666116144, "p_value": 1.2837981446097573e-183}