{"correlation": 0.09913297863797388, "p_value": 1.627074509124651e-216}