{"correlation": 0.07859205844123783, "p_value": 1.3408838756864034e-136}