{"correlation": -0.07982701793862124, "p_value": 7.090819706565186e-141}