{"correlation": 0.08834297045862279, "p_value": 3.3452084357078034e-172}