{"correlation": -0.024501154518361025, "p_value": 9.603461294011318e-15}