{"correlation": -0.07267247782536025, "p_value": 4.93754435416376e-117}