{"correlation": 0.08806490528395348, "p_value": 3.96288709569697e-171}