{"correlation": 0.11323743352013133, "p_value": 2.7837138419259485e-282}