{"correlation": 0.08479089635829473, "p_value": 9.572071681107576e-159}