{"correlation": -0.04064118237881302, "p_value": 8.6714857457169e-38}