{"correlation": 0.08761157037612644, "p_value": 2.1925629527229435e-169}