{"correlation": -0.008813244564302382, "p_value": 0.0053469459050072615}