{"correlation": -0.014901630564116693, "p_value": 2.480728853540611e-06}