{"correlation": 0.0927187911365759, "p_value": 1.5058162466464985e-189}