{"correlation": 0.09285802667570724, "p_value": 4.0911891345157705e-190}