{"correlation": 0.11418319197266232, "p_value": 5.188601802687908e-287}