{"correlation": 0.04467220801458272, "p_value": 2.6617624861724696e-45}