{"correlation": -0.03599791727632122, "p_value": 5.241215721641264e-30}