{"correlation": 0.01740383213049996, "p_value": 3.7839994446328915e-08}