{"correlation": 0.11483397987557326, "p_value": 2.7362518807348924e-290}