{"correlation": 0.06664077991759706, "p_value": 1.1084585231046408e-98}