{"correlation": 0.0676242857063425, "p_value": 1.4502687082145188e-101}