{"correlation": 0.11821694614949133, "p_value": 1.229967913673125e-307}