{"correlation": -0.053705783291235674, "p_value": 1.056974493411341e-64}