{"correlation": 0.05592330225888621, "p_value": 5.225770680137161e-70}