{"correlation": 0.08602759810959287, "p_value": 2.287423413875595e-163}