{"correlation": -0.014428843495308003, "p_value": 5.10889692087778e-06}