{"correlation": 0.0928489334335961, "p_value": 4.4548729381424914e-190}