{"correlation": -0.07138624758205095, "p_value": 5.506913970533353e-113}