{"correlation": 0.07302608949777786, "p_value": 3.6986621221512574e-118}