{"correlation": 0.059941043252891194, "p_value": 3.613292043766815e-80}