{"correlation": 0.0929718266672069, "p_value": 1.4082172045863265e-190}