{"correlation": 0.10625527609355966, "p_value": 1.306494238440996e-248}