{"correlation": 0.004375714953751343, "p_value": 0.16669911308191956}