{"correlation": -0.07056012303634975, "p_value": 2.005045798086515e-110}