{"correlation": -0.04880115420791753, "p_value": 9.958207570823397e-54}