{"correlation": 0.07930297256600267, "p_value": 4.7173641684943305e-139}