{"correlation": 0.06899186006525539, "p_value": 1.206924754964129e-105}