{"correlation": 0.06701247708394657, "p_value": 9.120755895496625e-100}