{"correlation": -0.0908393248854204, "p_value": 5.401813463853326e-182}