{"correlation": -0.03851633219057822, "p_value": 4.119114483480585e-34}