{"correlation": 0.053727033881208516, "p_value": 9.424007434424793e-65}