{"correlation": 0.11274976439443439, "p_value": 7.372700199335908e-280}