{"correlation": -0.10702474808508915, "p_value": 3.2559611429788894e-252}