{"correlation": 0.0011878017633430377, "p_value": 0.7073720957920321}