{"correlation": 0.06294793517673372, "p_value": 3.105877552749139e-88}