{"correlation": 0.04366606701146547, "p_value": 2.3249736900823593e-43}