{"correlation": -0.11221645834105913, "p_value": 3.199760088318533e-277}