{"correlation": 0.060622053553846714, "p_value": 5.831829461828868e-82}