{"correlation": 0.0348577089211399, "p_value": 3.073350695504745e-28}