{"correlation": 0.06276176695448579, "p_value": 1.0070604757627445e-87}