{"correlation": 0.08563046386217447, "p_value": 7.093375942293885e-162}