{"correlation": 0.10119778428016958, "p_value": 1.3811518456205554e-225}