{"correlation": -0.060720343269098684, "p_value": 3.202414126353822e-82}