{"correlation": 0.055545166688793855, "p_value": 4.346093740633083e-69}