{"correlation": 0.030500669933750817, "p_value": 5.338080380802502e-22}