{"correlation": 0.08333196440564743, "p_value": 2.2188224330782978e-153}