{"correlation": 0.10504619327709694, "p_value": 5.304007949627994e-243}