{"correlation": -0.033756856717147565, "p_value": 1.385090900781626e-26}