{"correlation": 0.05202649716917004, "p_value": 7.933165252705421e-61}