{"correlation": 0.11834776044631441, "p_value": 2.562825288882543e-308}