{"correlation": 0.01882356214683748, "p_value": 2.690568306956614e-09}