{"correlation": 0.07891975257670306, "p_value": 9.980186288908883e-138}