{"correlation": 0.05726209492060545, "p_value": 2.5756617748292668e-73}