{"correlation": 0.06711480566109056, "p_value": 4.574578612544256e-100}