{"correlation": 0.11486815650431233, "p_value": 1.8385994668847415e-290}