{"correlation": -0.018018720418059825, "p_value": 1.233578894147101e-08}