{"correlation": 0.0528511647593301, "p_value": 1.027249276744023e-62}