{"correlation": -0.012108513276226883, "p_value": 0.0001297874777457856}