{"correlation": 0.0451544267356667, "p_value": 3.0143514759266804e-46}