{"correlation": -0.03693341316517088, "p_value": 1.6855600682022652e-31}