{"correlation": 0.012088421063516293, "p_value": 0.0001331754792873969}