{"correlation": 0.029429430098646268, "p_value": 1.3684332933683716e-20}