{"correlation": 0.01636587912574733, "p_value": 2.3092463437885455e-07}