{"correlation": 0.030549829483699685, "p_value": 4.587198877645024e-22}