{"correlation": 0.01987720685201694, "p_value": 3.331163672303467e-10}