{"correlation": 0.10460010572960858, "p_value": 5.988258104602205e-241}