{"correlation": -0.08881979608475567, "p_value": 4.736454095483171e-174}