{"correlation": 0.04109389492928441, "p_value": 1.3473151727627898e-38}