{"correlation": 0.05958402105441866, "p_value": 3.085417960280658e-79}