{"correlation": 0.10946967343392346, "p_value": 7.70523458956129e-264}