{"correlation": 0.06536527336348272, "p_value": 5.258207274878632e-95}