{"correlation": 0.03971051783171676, "p_value": 3.7370441401843596e-36}