{"correlation": 0.04116579670302305, "p_value": 1.0005123518338967e-38}