{"correlation": 0.11875147309976411, "p_value": 2.0027755143817e-310}