{"correlation": 0.018715055996948983, "p_value": 3.31589505504471e-09}