{"correlation": 0.007967653071635114, "p_value": 0.011798915390547633}