{"correlation": 0.01374400567542983, "p_value": 1.4003887965082826e-05}