{"correlation": 0.10687590397706118, "p_value": 1.628493208307672e-251}