{"correlation": 0.07566765195849515, "p_value": 9.692407857272183e-127}