{"correlation": 0.10758347833441893, "p_value": 7.577184126217947e-255}