{"correlation": 0.06814235710750408, "p_value": 4.222692584982528e-103}