{"correlation": 0.016444559492201076, "p_value": 2.020760458087089e-07}