{"correlation": 0.11003717402249764, "p_value": 1.4121032742584818e-266}