{"correlation": 0.06339141243160853, "p_value": 1.858266248250805e-89}