{"correlation": 0.11186881774593295, "p_value": 1.6500507289833543e-275}