{"correlation": 0.09710297301586332, "p_value": 8.793896766342819e-208}