{"correlation": -0.043967430071844456, "p_value": 6.159968892468054e-44}