{"correlation": -0.10515660583307347, "p_value": 1.6411884496857547e-243}