{"correlation": 0.09488210453794695, "p_value": 1.939121743281118e-198}