{"correlation": 0.04475429892856553, "p_value": 1.8401093919900328e-45}