{"correlation": -0.011015543210226379, "p_value": 0.0004987824610688829}