{"correlation": 0.052498170263116734, "p_value": 6.65815688871622e-62}