{"correlation": 0.10212785517846559, "p_value": 9.817463421354588e-230}