{"correlation": -0.009202556667606117, "p_value": 0.003632867235905249}