{"correlation": 0.11316467075189572, "p_value": 6.40957134472384e-282}