{"correlation": -0.05983520629238979, "p_value": 6.832743642792465e-80}