{"correlation": 0.031755095172118185, "p_value": 1.0347093455626987e-23}