{"correlation": 0.02097963071957776, "p_value": 3.3333007278861015e-11}