{"correlation": 0.11414044625303836, "p_value": 8.505191280451255e-287}