{"correlation": 0.03988650957817518, "p_value": 1.846411060226474e-36}