{"correlation": 0.008566635690280612, "p_value": 0.006781014415195942}