{"correlation": 0.0386357318359695, "p_value": 2.590519931141097e-34}