{"correlation": 0.021160925428393408, "p_value": 2.256937567011318e-11}