{"correlation": 0.07469210699246989, "p_value": 1.5540024819975837e-123}