{"correlation": 0.1005307037444248, "p_value": 1.2351006768745615e-222}