{"correlation": 0.0458261642011661, "p_value": 1.3950874584966067e-47}