{"correlation": 0.07497625665959036, "p_value": 1.82912308414717e-124}