{"correlation": 0.024065720031897525, "p_value": 2.8112683361440043e-14}