{"correlation": 0.06463489389750993, "p_value": 6.21926494351544e-93}