{"correlation": 0.0941868449346221, "p_value": 1.4705874417466865e-195}