{"correlation": -0.048235639135987364, "p_value": 1.571013080859119e-52}