{"correlation": -0.03615871679963975, "p_value": 2.9211335032351507e-30}