{"correlation": 0.10048044819107776, "p_value": 2.0570742132506555e-222}