{"correlation": 0.11999206735658816, "p_value": 6.0324575e-317}