{"correlation": 0.08318333158563547, "p_value": 7.716560363140356e-153}