{"correlation": 0.1035276743511491, "p_value": 4.739023415622021e-236}