{"correlation": -0.06886261712598635, "p_value": 2.9563287558638907e-105}