{"correlation": 0.09740369354849987, "p_value": 4.5932911634596037e-209}