{"correlation": 0.11315077670085777, "p_value": 7.515619759313528e-282}