{"correlation": 0.038867587306265404, "p_value": 1.0483440369558436e-34}