{"correlation": -0.004793604785162726, "p_value": 0.1297829231946483}