{"correlation": 0.1114113961481063, "p_value": 2.8996197995631124e-273}