{"correlation": 0.042494504328078234, "p_value": 3.727890305443886e-41}