{"correlation": 0.031765431537260254, "p_value": 1.0009798001685568e-23}