{"correlation": 0.04423768109295936, "p_value": 1.857537300050488e-44}