{"correlation": 0.08319226779311928, "p_value": 7.159898558613363e-153}