{"correlation": 0.02464108295022318, "p_value": 6.7733269044659756e-15}