{"correlation": 0.04875876749419702, "p_value": 1.22590381358813e-53}