{"correlation": -0.017780240977595986, "p_value": 1.9136318844460464e-08}