{"correlation": 0.06992601673059735, "p_value": 1.76882513126965e-108}