{"correlation": -0.012605821132160487, "p_value": 6.775160179423563e-05}