{"correlation": 0.07046876345110234, "p_value": 3.832856021730296e-110}