{"correlation": 0.1142588870571187, "p_value": 2.16157344718044e-287}