{"correlation": -0.09752596477120984, "p_value": 1.3794118231294643e-209}