{"correlation": -0.0004988417715279947, "p_value": 0.8747312086216725}