{"correlation": 0.06576632299092221, "p_value": 3.73824157059299e-96}