{"correlation": 0.08934348518959061, "p_value": 4.296753765877914e-176}