{"correlation": 0.05279445210512948, "p_value": 1.3881856186195058e-62}