{"correlation": 0.04636662352318543, "p_value": 1.1391913100235903e-48}