{"correlation": 0.010692114526835618, "p_value": 0.0007270096114671526}