{"correlation": 0.09762770564080143, "p_value": 5.0637952076858436e-210}