{"correlation": 0.07427666651006332, "p_value": 3.4962380419144276e-122}