{"correlation": -0.010532049617369595, "p_value": 0.000872852556815932}