{"correlation": 0.10143573805538768, "p_value": 1.2095291917209683e-226}