{"correlation": 0.045044395864268734, "p_value": 4.965149770112794e-46}