{"correlation": 0.061190597947543744, "p_value": 1.795256157729195e-83}