{"correlation": -0.05561873484008894, "p_value": 2.88142596736942e-69}