{"correlation": 0.05265908473133611, "p_value": 2.844590054895702e-62}