{"correlation": 0.0876932710836801, "p_value": 1.0653929026759723e-169}