{"correlation": -0.0064593341072058975, "p_value": 0.041211003120765914}