{"correlation": 0.09145288563382384, "p_value": 1.9209053899101991e-184}