{"correlation": 0.07928466742317217, "p_value": 5.459572300274895e-139}