{"correlation": 0.10260673805343147, "p_value": 6.934777712522992e-232}