{"correlation": 0.11259157262118945, "p_value": 4.4803045929003326e-279}