{"correlation": -0.004454972803657332, "p_value": 0.15914973006004038}