{"correlation": 0.09077096200625412, "p_value": 1.0101254766884952e-181}