{"correlation": 0.0827318994143444, "p_value": 3.353440877031038e-151}