{"correlation": 0.0831023185524895, "p_value": 1.5207267537571877e-152}