{"correlation": 0.017915242259902816, "p_value": 1.4934982954995322e-08}