{"correlation": 0.07300070817782388, "p_value": 4.4566747674086665e-118}