{"correlation": 0.0291267192365498, "p_value": 3.352624353249401e-20}