{"correlation": 0.058423611675081345, "p_value": 3.007035691969749e-76}