{"correlation": -0.07791629662489005, "p_value": 2.748430109938859e-134}