{"correlation": 0.0970862016568103, "p_value": 1.0364867619136238e-207}