{"correlation": 0.05945756615296288, "p_value": 6.574716526687325e-79}