{"correlation": 0.029452566567917695, "p_value": 1.277372402042959e-20}