{"correlation": 0.08405422951143589, "p_value": 5.032873172633826e-156}