{"correlation": 0.042133587151106634, "p_value": 1.732852364958109e-40}