{"correlation": 0.10079382759438417, "p_value": 8.509420751691417e-224}