{"correlation": -0.04289723205135363, "p_value": 6.609837012261155e-42}