{"correlation": 0.10624078062657205, "p_value": 1.5266335448658932e-248}