{"correlation": 0.08558444829806372, "p_value": 1.0549232144033094e-161}