{"correlation": -0.033211669584271075, "p_value": 8.733150294848877e-26}