{"correlation": 0.08402143091936073, "p_value": 6.643487397065765e-156}