{"correlation": 0.07796866330499472, "p_value": 1.8224896008925386e-134}