{"correlation": 0.09240506921816324, "p_value": 2.8166624182043873e-188}