{"correlation": -0.015512347960331706, "p_value": 9.45046373339483e-07}