{"correlation": 0.10011837198659329, "p_value": 8.055633735078305e-221}