{"correlation": -0.0368963189763606, "p_value": 1.9348738684786735e-31}