{"correlation": 0.06951517176512932, "p_value": 3.1535974578820395e-107}