{"correlation": 0.10540862842720888, "p_value": 1.1227289790378868e-244}