{"correlation": 0.03600240605862879, "p_value": 5.15655936339032e-30}