{"correlation": 0.05870686384894179, "p_value": 5.6755237949491035e-77}