{"correlation": 0.0903687528628973, "p_value": 3.976518284986465e-180}