{"correlation": -0.10627424531162548, "p_value": 1.065599679382675e-248}