{"correlation": 0.03822069179468868, "p_value": 1.2908269370576164e-33}