{"correlation": 0.025474968171729367, "p_value": 8.125011137001566e-16}