{"correlation": 0.07377577215612428, "p_value": 1.4580657935880224e-120}