{"correlation": 0.06555310829816308, "p_value": 1.527426941747466e-95}