{"correlation": 0.10955916041061398, "p_value": 2.8587274925874125e-264}