{"correlation": 0.04701864448375889, "p_value": 5.334695354950339e-50}