{"correlation": 0.09370884507344138, "p_value": 1.364490134106023e-193}