{"correlation": 0.045469524030790305, "p_value": 7.17144801911655e-47}