{"correlation": 0.027647014406130356, "p_value": 2.3495174665740988e-18}