{"correlation": -0.07409633100075556, "p_value": 1.3433232172639398e-121}