{"correlation": 0.07806280774430405, "p_value": 8.701604532075229e-135}