{"correlation": 0.06276632768185195, "p_value": 9.784945721822782e-88}