{"correlation": 0.07474151662149811, "p_value": 1.0718419356832149e-123}