{"correlation": 0.0726382457676983, "p_value": 6.3412067673313464e-117}