{"correlation": 0.10488841876869177, "p_value": 2.8289876424836975e-242}