{"correlation": 0.04470293711568132, "p_value": 2.318402565590923e-45}