{"correlation": 0.07616522902314597, "p_value": 2.165537441535303e-128}