{"correlation": 0.10848553594239539, "p_value": 3.96955979390841e-259}