{"correlation": 0.008170565026917837, "p_value": 0.009816342518019841}