{"correlation": 0.0009338703265118395, "p_value": 0.7678897357950952}