{"correlation": 0.03678623200526299, "p_value": 2.911364873018605e-31}