{"correlation": -0.017740148658518917, "p_value": 2.0591158299673374e-08}