{"correlation": -0.11320323483590447, "p_value": 4.119943613595893e-282}