{"correlation": 0.04414558218353071, "p_value": 2.7971970948923283e-44}