{"correlation": 0.06089960480658462, "p_value": 1.070538500029154e-82}