{"correlation": 0.11915922263969037, "p_value": 1.46552758261e-312}