{"correlation": 0.08549193705226096, "p_value": 2.3413767362816825e-161}