{"correlation": 0.06554111487249101, "p_value": 1.653052924908894e-95}