{"correlation": 0.04467385492859215, "p_value": 2.642139302916093e-45}