{"correlation": 0.09796592700967958, "p_value": 1.7961628806371251e-211}