{"correlation": 0.09023439213688095, "p_value": 1.3513433599049152e-179}