{"correlation": 0.11078079241397637, "p_value": 3.4806478842209534e-270}