{"correlation": 0.08390163014431644, "p_value": 1.8298901018326093e-155}