{"correlation": 0.08301053186105718, "p_value": 3.277249034187622e-152}