{"correlation": 0.05507830703667155, "p_value": 5.824952364474031e-68}