{"correlation": 0.11812815841943149, "p_value": 3.562768046359169e-307}