{"correlation": 0.032672688834855246, "p_value": 5.237856129256344e-25}