{"correlation": 0.07337968611013557, "p_value": 2.73605745312326e-119}