{"correlation": 0.10019671697986211, "p_value": 3.6470351438741124e-221}