{"correlation": 0.03255319957313383, "p_value": 7.7612449671479745e-25}