{"correlation": 0.04875572011439558, "p_value": 1.2443532700339715e-53}