{"correlation": 0.030507287939350786, "p_value": 5.2303159486842855e-22}