{"correlation": 0.07573079399732173, "p_value": 5.9915984300427885e-127}