{"correlation": 0.030415913598203274, "p_value": 6.928699483527886e-22}