{"correlation": 0.07311632118576669, "p_value": 1.9053578089083274e-118}