{"correlation": -0.005135374129389181, "p_value": 0.10459544596990984}