{"correlation": 0.05397260156178387, "p_value": 2.494560538936683e-65}