{"correlation": 0.10667259309251852, "p_value": 1.4625553420877532e-250}