{"correlation": 0.11291651909610126, "p_value": 1.0972480892014224e-280}