{"correlation": 0.03985892982613648, "p_value": 2.062537128171868e-36}