{"correlation": 0.020996892409303587, "p_value": 3.2122541287107354e-11}