{"correlation": 0.11149595163695872, "p_value": 1.1170833680813542e-273}