{"correlation": 0.028750733846235697, "p_value": 1.0075338034014018e-19}