{"correlation": 0.032438195214934226, "p_value": 1.1316646080267131e-24}