{"correlation": 0.0963120405780401, "p_value": 1.981112271710336e-204}