{"correlation": -0.04834199647653447, "p_value": 9.374162686037467e-53}