{"correlation": 0.03385170557047863, "p_value": 1.0024018300614818e-26}