{"correlation": 0.10865483715240684, "p_value": 6.1836128235459735e-260}