{"correlation": 0.03865055660330929, "p_value": 2.445320340688868e-34}