{"correlation": 0.041062691096949225, "p_value": 1.532815175176085e-38}