{"correlation": 0.11611050725504363, "p_value": 8.954599228809894e-297}