{"correlation": 0.10393202944908214, "p_value": 6.836318078158201e-238}