{"correlation": 0.0534007929727183, "p_value": 5.458127745768009e-64}