{"correlation": 0.03181370570822228, "p_value": 8.573222533820131e-24}