{"correlation": -0.027352705352621378, "p_value": 5.331455438237391e-18}