{"correlation": 0.03993699999570428, "p_value": 1.5074217651181534e-36}