{"correlation": 0.0630938329445737, "p_value": 1.2324237823244601e-88}