{"correlation": 0.11278009349102941, "p_value": 5.21492058066824e-280}