{"correlation": 0.07230618779052599, "p_value": 7.137234425991008e-116}