{"correlation": 0.07882525809328428, "p_value": 2.113341955341389e-137}