{"correlation": -0.013180937623054757, "p_value": 3.1022661873638696e-05}