{"correlation": 0.11255078881628583, "p_value": 7.1312806201691e-279}