{"correlation": -0.020673225912574596, "p_value": 6.396173191779583e-11}