{"correlation": 0.04096518889579698, "p_value": 2.292263827572062e-38}