{"correlation": 0.05982605666841173, "p_value": 7.219252007963036e-80}