{"correlation": 0.12004513127873738, "p_value": 3.162369e-317}