{"correlation": -0.017404045159585064, "p_value": 3.782554392704684e-08}