{"correlation": 0.10124449006273373, "p_value": 8.56740759103492e-226}