{"correlation": -0.06501034948656953, "p_value": 5.383602674078663e-94}