{"correlation": 0.03815780077495874, "p_value": 1.6440189417777428e-33}