{"correlation": -0.018294866478530365, "p_value": 7.368046315435267e-09}