{"correlation": 0.11839398737818518, "p_value": 1.471707893256852e-308}