{"correlation": 0.0985991988663298, "p_value": 3.3532064341648928e-214}