{"correlation": 0.011244711006148001, "p_value": 0.0003796481951872706}