{"correlation": 0.01278142001246978, "p_value": 5.355414299645354e-05}