{"correlation": 0.07340646863301098, "p_value": 2.245130923187461e-119}