{"correlation": 0.0064303799353732545, "p_value": 0.0421283549645708}