{"correlation": -0.08896911671894948, "p_value": 1.2426941438992268e-174}