{"correlation": 0.007201115479559067, "p_value": 0.022855686455534242}