{"correlation": 0.11734432555675806, "p_value": 4.111548335181914e-303}