{"correlation": 0.05252021227974295, "p_value": 5.926924860920141e-62}