{"correlation": -0.07236297482218391, "p_value": 4.7214490370101325e-116}