{"correlation": -0.1137373283408924, "p_value": 8.907567419224064e-285}