{"correlation": 0.09742195846061355, "p_value": 3.838182052783997e-209}