{"correlation": -0.09511923046661314, "p_value": 1.9974112451372696e-199}