{"correlation": 0.08886495333484651, "p_value": 3.1610099547756046e-174}