{"correlation": 0.11384383205820803, "p_value": 2.6107624018459636e-285}