{"correlation": 0.06837901517229904, "p_value": 8.31917447275186e-104}