{"correlation": 0.05596769576471642, "p_value": 4.071346415480506e-70}