{"correlation": 0.027011819455408613, "p_value": 1.3626472469012033e-17}