{"correlation": 0.059451411609841305, "p_value": 6.821035509412009e-79}