{"correlation": 0.10865386064618676, "p_value": 6.2503383776331995e-260}