{"correlation": -0.05729310988621092, "p_value": 2.1544875892125766e-73}