{"correlation": -0.02018567622939968, "p_value": 1.7703911472081212e-10}