{"correlation": 0.05817818353606476, "p_value": 1.2668910037467402e-75}