{"correlation": 0.0494826114110437, "p_value": 3.43622432365868e-55}