{"correlation": 0.05529277223882559, "p_value": 1.77282256313772e-68}