{"correlation": 0.0769295120126371, "p_value": 6.005797655233577e-131}