{"correlation": 0.003912727658919364, "p_value": 0.2162482626353629}