{"correlation": -0.015981918449783524, "p_value": 4.3909423499598417e-07}