{"correlation": 0.05203682661533693, "p_value": 7.515958109239085e-61}