{"correlation": -0.024358249993964888, "p_value": 1.3690319045389408e-14}