{"correlation": 0.07763037954163302, "p_value": 2.5769506862703718e-133}