{"correlation": 0.01891152070186545, "p_value": 2.2693821473870503e-09}