{"correlation": 0.002103405240450847, "p_value": 0.5062093388086002}