{"correlation": 0.048546477514525226, "p_value": 3.4627046236824717e-53}