{"correlation": 0.0783268505275287, "p_value": 1.0890167644357096e-135}