{"correlation": 0.02301478307477348, "p_value": 3.478238703913021e-13}