{"correlation": 0.008734104141757784, "p_value": 0.005774114891277247}