{"correlation": 0.08541353716963421, "p_value": 4.598425631569402e-161}