{"correlation": 0.06431174734697857, "p_value": 5.051337988769032e-92}