{"correlation": 0.0317436317961307, "p_value": 1.0734340591860547e-23}