{"correlation": -0.021683752372553957, "p_value": 7.199240989778171e-12}