{"correlation": 0.07148082874332308, "p_value": 2.791042699509174e-113}