{"correlation": -0.048643059041538275, "p_value": 2.160201696001144e-53}