{"correlation": 0.10447348991333881, "p_value": 2.2819503061148524e-240}