{"correlation": 0.03474608352159272, "p_value": 4.54670549576911e-28}