{"correlation": 0.06789750663475484, "p_value": 2.2538961013328436e-102}