{"correlation": 0.01788420913111355, "p_value": 1.5813192745263218e-08}