{"correlation": 0.08747246026522226, "p_value": 7.481055805827225e-169}