{"correlation": 0.08139758118181362, "p_value": 2.063144189425989e-146}