{"correlation": 0.10408941648189453, "p_value": 1.3071436701397122e-238}