{"correlation": 0.0732888893292277, "p_value": 5.346239947879583e-119}