{"correlation": 0.03395816593895944, "p_value": 6.965470673537462e-27}