{"correlation": 0.11418278643417985, "p_value": 5.212991405704914e-287}