{"correlation": 0.10886498624853946, "p_value": 6.125244255964963e-261}