{"correlation": 0.012219966750945782, "p_value": 0.00011242173161997906}