{"correlation": 0.10257333760121295, "p_value": 9.803652383018333e-232}