{"correlation": 0.04154229475722852, "p_value": 2.088288248410434e-39}