{"correlation": 0.04821598233497416, "p_value": 1.7281083637899942e-52}