{"correlation": 0.09824090233425867, "p_value": 1.1792985344478963e-212}