{"correlation": 0.06912537415220445, "p_value": 4.775068129741841e-106}