{"correlation": 0.057963025460641804, "p_value": 4.447739254207348e-75}