{"correlation": 0.03399966266545554, "p_value": 6.042215224229292e-27}