{"correlation": 0.03079054604451824, "p_value": 2.1760180461931896e-22}