{"correlation": -0.009942114533281941, "p_value": 0.0016771794992834791}