{"correlation": 0.011216155473767258, "p_value": 0.00039288738497603545}