{"correlation": 0.07114933558186083, "p_value": 3.0093259282654625e-112}