{"correlation": 0.1005035877116575, "p_value": 1.626504401427179e-222}