{"correlation": 0.0429692221951657, "p_value": 4.84344834360373e-42}