{"correlation": -0.016820378444759098, "p_value": 1.059482843191925e-07}