{"correlation": -0.008776021799848616, "p_value": 0.005544172154340381}