{"correlation": 0.011300786556851445, "p_value": 0.00035485460769470536}