{"correlation": 0.11837837404066066, "p_value": 1.7749924579415584e-308}