{"correlation": 0.02712696278088529, "p_value": 9.937670805827578e-18}