{"correlation": 0.10965655506379984, "p_value": 9.707308240007505e-265}