{"correlation": 0.025911528239586836, "p_value": 2.6048840877448734e-16}