{"correlation": 0.07134885963375147, "p_value": 7.202270731416311e-113}