{"correlation": -0.10582085795750203, "p_value": 1.3764398884528351e-246}