{"correlation": 0.09381418326347615, "p_value": 5.0380749022180676e-194}