{"correlation": 0.11535586827872055, "p_value": 6.233099585151781e-293}