{"correlation": 0.03336378818827675, "p_value": 5.239985919891017e-26}