{"correlation": 0.09901812956319933, "p_value": 5.133068503642066e-216}