{"correlation": 0.09402595958852969, "p_value": 6.773931160674959e-195}