{"correlation": -6.724272603259593e-05, "p_value": 0.983045355359258}