{"correlation": 0.05298507206404283, "p_value": 5.039035425837718e-63}