{"correlation": -0.11643210078681646, "p_value": 2.0261223307625684e-298}