{"correlation": 0.024002109264877863, "p_value": 3.283738686479382e-14}