{"correlation": 0.039805193803484726, "p_value": 2.5584248712960618e-36}