{"correlation": -0.04077886138677063, "p_value": 4.933038880344592e-38}