{"correlation": 0.10686508081126453, "p_value": 1.830554161534287e-251}