{"correlation": 0.0909175274908065, "p_value": 2.638292674878018e-182}