{"correlation": 0.08969407005564807, "p_value": 1.8159712022462947e-177}