{"correlation": 0.11557512035251775, "p_value": 4.796345961370078e-294}