{"correlation": 0.013650186021763933, "p_value": 1.602212642663207e-05}