{"correlation": 0.018767607861156835, "p_value": 2.9971439952684933e-09}