{"correlation": -0.029380404342811563, "p_value": 1.5831352534944517e-20}