{"correlation": 0.10366224643091043, "p_value": 1.158373704293836e-236}