{"correlation": 0.09856122885527123, "p_value": 4.893102153464068e-214}