{"correlation": 0.09604359849280086, "p_value": 2.6821749159231486e-203}