{"correlation": 0.04551173956865473, "p_value": 5.911986047011598e-47}