{"correlation": 0.0662524797288065, "p_value": 1.4838398129852798e-97}