{"correlation": -0.03282022740473107, "p_value": 3.216897126933073e-25}