{"correlation": -0.0015928907531159772, "p_value": 0.6146756887290851}