{"correlation": 0.0014180751126055392, "p_value": 0.654035965255073}