{"correlation": 0.11128739230591787, "p_value": 1.1729532095632271e-272}