{"correlation": 0.07788514264316002, "p_value": 3.508913943941127e-134}