{"correlation": -0.09525567453557732, "p_value": 5.386743211635957e-200}