{"correlation": 0.005976050537437167, "p_value": 0.058937190431079874}