{"correlation": 0.021057279008865, "p_value": 2.821702897812071e-11}