{"correlation": 0.04281459626336783, "p_value": 9.438832500690875e-42}