{"correlation": 0.09760376815799911, "p_value": 6.410844412817118e-210}