{"correlation": -0.02011472121037381, "p_value": 2.0491542718261925e-10}