{"correlation": 0.08813062128394139, "p_value": 2.2110401956975604e-171}