{"correlation": 0.10686835007918344, "p_value": 1.7670116020283082e-251}