{"correlation": 0.051585223957184616, "p_value": 7.89598820404002e-60}