{"correlation": 0.020759474174537048, "p_value": 5.3290663237590886e-11}