{"correlation": 0.10146749807345859, "p_value": 8.734986680331578e-227}