{"correlation": 0.1169124468466838, "p_value": 6.924008187635275e-301}