{"correlation": 0.03555142739869896, "p_value": 2.621314114927001e-29}