{"correlation": -0.03331598471221732, "p_value": 6.153914806463029e-26}