{"correlation": 0.10342229218694003, "p_value": 1.4264265265879828e-235}