{"correlation": 0.052043662132903366, "p_value": 7.251965040120896e-61}