{"correlation": 0.11705921982179772, "p_value": 1.2152960456568778e-301}