{"correlation": 0.021878866135819203, "p_value": 4.6678125043641935e-12}