{"correlation": 0.05916963812812454, "p_value": 3.659161568227313e-78}