{"correlation": 0.032240510497205034, "p_value": 2.157359923577958e-24}