{"correlation": 0.09523197843705541, "p_value": 6.76437869265224e-200}