{"correlation": 0.052078748254869855, "p_value": 6.035544271083702e-61}