{"correlation": -0.05709833673879913, "p_value": 6.601261741205247e-73}