{"correlation": 0.0650076144026191, "p_value": 5.480706556674042e-94}