{"correlation": 0.08517666692089618, "p_value": 3.5205934744989236e-160}