{"correlation": 0.11885524122371538, "p_value": 5.739147106963e-311}