{"correlation": 0.05823073384870974, "p_value": 9.315863952667762e-76}