{"correlation": 0.11972481130979158, "p_value": 1.553106514e-315}