{"correlation": 0.10639585685561509, "p_value": 2.8823838207986495e-249}