{"correlation": 0.07082362766807195, "p_value": 3.0792474274862713e-111}