{"correlation": 0.10165892063755473, "p_value": 1.2255872820716145e-227}