{"correlation": 0.025027318303291805, "p_value": 2.5581710438378278e-15}