{"correlation": 0.03563901557100655, "p_value": 1.9145118600761207e-29}