{"correlation": 0.006360684178475303, "p_value": 0.044407595464959065}