{"correlation": 0.03848552814858269, "p_value": 4.641597547839785e-34}