{"correlation": 0.10914183722808814, "p_value": 2.8924556242816733e-262}