{"correlation": 0.07062278053148627, "p_value": 1.2850494707600269e-110}