{"correlation": 0.04544981351901942, "p_value": 7.847675034394989e-47}