{"correlation": -0.034484010475602886, "p_value": 1.1347629214786228e-27}