{"correlation": 0.005172584994914267, "p_value": 0.10210525517991183}