{"correlation": 0.10495521196652105, "p_value": 1.3931031913575543e-242}