{"correlation": 0.117282515907961, "p_value": 8.573403893336867e-303}