{"correlation": 0.08034209160982889, "p_value": 1.1145231356155226e-142}