{"correlation": 0.11549437366793455, "p_value": 1.2341086431238941e-293}