{"correlation": -0.025648814302972375, "p_value": 5.1768876668631e-16}