{"correlation": 0.11391796348681549, "p_value": 1.1103991260684124e-285}