{"correlation": -0.011542095313828361, "p_value": 0.000264459885911254}