{"correlation": -0.0972723206289103, "p_value": 1.6699371176642965e-208}