{"correlation": 0.06771059698232311, "p_value": 8.061027170920967e-102}