{"correlation": 0.11779829729849559, "p_value": 1.8394088015474518e-305}