{"correlation": 0.06621328557176437, "p_value": 1.9263842489489507e-97}