{"correlation": -0.0037709448492073048, "p_value": 0.23335652043082314}