{"correlation": 0.10367224122055514, "p_value": 1.0432164655920136e-236}