{"correlation": 0.06485689624758176, "p_value": 1.4660337716298611e-93}