{"correlation": 0.08472135030712893, "p_value": 1.7333826619838297e-158}