{"correlation": 0.025530181282854354, "p_value": 7.043571357455235e-16}