{"correlation": -0.02508286537151607, "p_value": 2.2212022939817997e-15}