{"correlation": -0.08607568505614498, "p_value": 1.5075564751506186e-163}