{"correlation": 0.0761301668114813, "p_value": 2.8330399984494107e-128}