{"correlation": 0.013507141333478107, "p_value": 1.964109313920108e-05}