{"correlation": 0.10258004021220411, "p_value": 9.145752734289597e-232}