{"correlation": 0.08966060622318983, "p_value": 2.457523844192044e-177}