{"correlation": 0.003975052357337489, "p_value": 0.20902062602793126}