{"correlation": -0.09787980975974533, "p_value": 4.20783928523776e-211}