{"correlation": 0.053469800599746, "p_value": 3.7677219364110827e-64}