{"correlation": 0.06630970151747441, "p_value": 1.0133775803594404e-97}