{"correlation": -0.032446416901215844, "p_value": 1.1016091721158157e-24}