{"correlation": 0.10357939154768343, "p_value": 2.7583499449258205e-236}