{"correlation": 0.08807912892668411, "p_value": 3.4928385049875904e-171}