{"correlation": -0.09106753927832147, "p_value": 6.6615125926173344e-183}