{"correlation": 0.06697521379437314, "p_value": 1.1723197981640585e-99}