{"correlation": -0.04703754179268945, "p_value": 4.878675915663903e-50}