{"correlation": 0.08282116990998656, "p_value": 1.5932301665779526e-151}