{"correlation": 0.029063456635700563, "p_value": 4.0384674272330345e-20}