{"correlation": 0.016875889542663416, "p_value": 9.619877689810718e-08}