{"correlation": 0.09998075335558909, "p_value": 3.235768925388858e-220}