{"correlation": 0.008608595638921376, "p_value": 0.00651491546848337}