{"correlation": -0.05604725747999681, "p_value": 2.6015195822344623e-70}