{"correlation": 0.059799608113161935, "p_value": 8.463504079481917e-80}