{"correlation": 0.015231548895185746, "p_value": 1.4794553736572738e-06}