{"correlation": 0.015681896723882996, "p_value": 7.183259357186502e-07}