{"correlation": -0.03294379254063011, "p_value": 2.1350101118111593e-25}