{"correlation": 0.03787567426013131, "p_value": 4.841725791214285e-33}