{"correlation": 0.11238523787131023, "p_value": 4.696724941678521e-278}