{"correlation": 0.05412557484317121, "p_value": 1.086624041423172e-65}