{"correlation": 0.057134069738015, "p_value": 5.376972152279171e-73}