{"correlation": 0.027372289789425217, "p_value": 5.049874187803756e-18}