{"correlation": 0.03711720103538615, "p_value": 8.492634565112765e-32}