{"correlation": -0.07866921638736203, "p_value": 7.2805207272977035e-137}