{"correlation": 0.10385306583128034, "p_value": 1.5663435564663955e-237}