{"correlation": 0.06749872597438046, "p_value": 3.403343811788851e-101}