{"correlation": 0.1017232470712725, "p_value": 6.329340047337461e-228}