{"correlation": -0.0888581790621194, "p_value": 3.358755699842162e-174}