{"correlation": -0.06385044411706628, "p_value": 9.86419183125269e-91}