{"correlation": 0.03789909022535845, "p_value": 4.427895997626771e-33}