{"correlation": 0.1088607665973415, "p_value": 6.416599751111822e-261}