{"correlation": -0.0632546698798407, "p_value": 4.437637984231599e-89}