{"correlation": 0.0874681185011024, "p_value": 7.77293228106472e-169}