{"correlation": -0.03001041382143807, "p_value": 2.38931761717899e-21}