{"correlation": -0.06498715783333406, "p_value": 6.264583910245553e-94}