{"correlation": 0.016097919243829778, "p_value": 3.621547837031398e-07}