{"correlation": 0.01667844173242129, "p_value": 1.3542545995773571e-07}