{"correlation": 0.004512502952792002, "p_value": 0.15383404291463193}