{"correlation": -0.07241448505485212, "p_value": 3.244691189852396e-116}