{"correlation": 0.06975766389992036, "p_value": 5.771068663891705e-108}