{"correlation": 0.006512148519760395, "p_value": 0.03958124714075542}