{"correlation": 0.1013438298476637, "p_value": 3.1003991378289582e-226}