{"correlation": 0.10335073946165942, "p_value": 3.0123172827539337e-235}