{"correlation": 0.017041021589744965, "p_value": 7.205878022858165e-08}