{"correlation": -0.08858222040556415, "p_value": 3.962349195896835e-173}