{"correlation": 0.08391435104244827, "p_value": 1.6433543316815218e-155}