{"correlation": -0.015657939109863187, "p_value": 7.468412189727772e-07}