{"correlation": 0.1199870872072876, "p_value": 6.409313e-317}