{"correlation": 0.10319557045261187, "p_value": 1.5210774202021382e-234}