{"correlation": 0.0029793256596558895, "p_value": 0.34641024359991995}