{"correlation": 0.021182163832401766, "p_value": 2.1556999219430066e-11}