{"correlation": 0.07186182237103117, "p_value": 1.790142326306876e-114}