{"correlation": 0.06841357390831966, "p_value": 6.559191537722795e-104}