{"correlation": 0.04379377311176065, "p_value": 1.3257356008099445e-43}