{"correlation": 0.04642238014723482, "p_value": 8.782740273260942e-49}