{"correlation": 0.11376464191695963, "p_value": 6.50307292947808e-285}