{"correlation": 0.033448954141079096, "p_value": 3.9327206772360524e-26}