{"correlation": 0.05548736721924989, "p_value": 6.000216569779662e-69}