{"correlation": 0.057466852382462706, "p_value": 7.909868544334648e-74}