{"correlation": 0.07991266372833639, "p_value": 3.561285999923726e-141}