{"correlation": 0.06896078787875218, "p_value": 1.4972239910446584e-105}