{"correlation": 0.010023895029791959, "p_value": 0.0015349825016053819}