{"correlation": 0.10203624353173243, "p_value": 2.525321492501371e-229}