{"correlation": 0.06084170762324972, "p_value": 1.5256407378747056e-82}