{"correlation": 0.02088606113573872, "p_value": 4.0713121653632426e-11}