{"correlation": 0.03138257205672546, "p_value": 3.392122616743186e-23}