{"correlation": 0.10734862403831663, "p_value": 9.728150541895178e-254}