{"correlation": 0.0031967853583284495, "p_value": 0.3123513140851148}