{"correlation": 0.07742750907988481, "p_value": 1.2549044986693106e-132}