{"correlation": 0.09153887906468429, "p_value": 8.68812670754401e-185}