{"correlation": 0.09386883148608409, "p_value": 3.003221947851369e-194}