{"correlation": 0.06960039706109329, "p_value": 1.737337925546503e-107}