{"correlation": -0.021387597011149135, "p_value": 1.3797726483079206e-11}