{"correlation": -0.06313464867192356, "p_value": 9.512452468693022e-89}