{"correlation": 0.1181329952263646, "p_value": 3.3622853452700146e-307}