{"correlation": 0.052213473470366666, "p_value": 2.978733853292139e-61}