{"correlation": 0.05052034658758103, "p_value": 1.8652773635675376e-57}