{"correlation": 0.023674155972413482, "p_value": 7.268652088533597e-14}