{"correlation": 0.09251844023136502, "p_value": 9.785547486854987e-189}