{"correlation": 0.004509904713734447, "p_value": 0.15407116869350948}