{"correlation": -0.06051260401863797, "p_value": 1.1355138628394155e-81}