{"correlation": 0.07473526034122742, "p_value": 1.1234745972155063e-123}