{"correlation": 0.11635770822918313, "p_value": 4.871896770900826e-298}