{"correlation": 0.08850346776932971, "p_value": 8.00192386127103e-173}