{"correlation": 0.06839510907493464, "p_value": 7.447540655823819e-104}