{"correlation": 0.1187746816337484, "p_value": 1.5145253879953e-310}