{"correlation": -0.0017121959618940615, "p_value": 0.5884281314155596}