{"correlation": 0.10759288249447907, "p_value": 6.840191501125345e-255}