{"correlation": 0.08679274530346325, "p_value": 2.924198893991732e-166}