{"correlation": 0.08885193188165544, "p_value": 3.5520471897638976e-174}