{"correlation": 0.09304381778913773, "p_value": 7.167365824591074e-191}