{"correlation": -0.08644417455931368, "p_value": 6.127938187613304e-165}