{"correlation": -0.054026597948567866, "p_value": 1.8608664004070963e-65}