{"correlation": 0.05755561284036176, "p_value": 4.735230397838423e-74}