{"correlation": -0.09208020421123594, "p_value": 5.784494747701681e-187}