{"correlation": 0.07528777495007705, "p_value": 1.7355973750585454e-125}