{"correlation": 0.10530371385791869, "p_value": 3.432025092714357e-244}