{"correlation": 0.06556123866404868, "p_value": 1.447728049359551e-95}