{"correlation": -0.03766395182082643, "p_value": 1.08335294750468e-32}