{"correlation": 0.10607582019201191, "p_value": 8.967663642169832e-248}