{"correlation": 0.11569648858833263, "p_value": 1.1572603049990426e-294}