{"correlation": 0.03326399365340064, "p_value": 7.327861419963267e-26}