{"correlation": 0.09861171149244558, "p_value": 2.9604711113278753e-214}