{"correlation": 0.034058868961996704, "p_value": 4.9312648285765194e-27}