{"correlation": -0.07700242380192363, "p_value": 3.414214624931663e-131}