{"correlation": -0.049077508462934315, "p_value": 2.556733833073901e-54}