{"correlation": -0.007695633406452706, "p_value": 0.015010313587700833}