{"correlation": 0.0668725945371108, "p_value": 2.3385574402376e-99}