{"correlation": -0.019099356450903694, "p_value": 1.5736877171528145e-09}