{"correlation": 0.028672112988790535, "p_value": 1.2659535368963014e-19}