{"correlation": 0.06718437366202634, "p_value": 2.859905903484842e-100}