{"correlation": 0.03624436749214915, "p_value": 2.137294321630728e-30}