{"correlation": 0.09363354469480288, "p_value": 2.7796171902890454e-193}