{"correlation": 0.019759518908272267, "p_value": 4.2293043346127297e-10}