{"correlation": -0.020188970838174784, "p_value": 1.758390485525082e-10}