{"correlation": 0.005625524648910419, "p_value": 0.07542354599762345}