{"correlation": 0.09127922334380695, "p_value": 9.514313679991e-184}