{"correlation": 0.09036134390654535, "p_value": 4.2542097757500746e-180}