{"correlation": -0.07619514400106617, "p_value": 1.7217331859652394e-128}