{"correlation": 0.022238994309890677, "p_value": 2.0774616770479094e-12}