{"correlation": 0.0023576492260881264, "p_value": 0.45620998675299257}