{"correlation": 0.04949613787196372, "p_value": 3.2125897619768733e-55}