{"correlation": 0.11204113731135566, "p_value": 2.3408816554999013e-276}