{"correlation": 0.11541001224409514, "p_value": 3.3102143110450983e-293}