{"correlation": -0.05873041371030309, "p_value": 4.939044951588031e-77}