{"correlation": 0.11380783171528189, "p_value": 3.953540578710832e-285}