{"correlation": 0.10573558177182456, "p_value": 3.4261758861849583e-246}