{"correlation": 0.07421459542346016, "p_value": 5.558704175684127e-122}