{"correlation": -0.07310221946569231, "p_value": 2.1135885238232427e-118}