{"correlation": -0.08438735711651964, "p_value": 2.981363606030966e-157}