{"correlation": -0.004176955107100848, "p_value": 0.18681089065385145}