{"correlation": 0.11138522702755498, "p_value": 3.894789638762737e-273}