{"correlation": 0.0009598421488688814, "p_value": 0.7616274444272817}