{"correlation": 0.02680581011372377, "p_value": 2.3892127767627654e-17}