{"correlation": 0.10018986425002327, "p_value": 3.9088956268733873e-221}