{"correlation": 0.09943929443335395, "p_value": 7.546029035511794e-218}