{"correlation": 0.01866159495503267, "p_value": 3.6739504586207616e-09}