{"correlation": 0.06885573754393451, "p_value": 3.1005764196676966e-105}