{"correlation": 0.11027069348703768, "p_value": 1.0458138176047085e-267}