{"correlation": -0.09472803654073265, "p_value": 8.465197323281993e-198}