{"correlation": -0.030846014368446778, "p_value": 1.8309474273137125e-22}