{"correlation": 0.033426685862521004, "p_value": 4.239474925231777e-26}