{"correlation": 0.013505451775823369, "p_value": 1.9688164804849287e-05}