{"correlation": -0.09201656415642749, "p_value": 1.044327397865052e-186}