{"correlation": 0.05369516892001314, "p_value": 1.119298603643636e-64}