{"correlation": -0.06547290478043807, "p_value": 2.5905413961017185e-95}