{"correlation": 0.06604941915291364, "p_value": 5.727192043693772e-97}