{"correlation": 0.08788996008132204, "p_value": 1.8694103305016945e-170}