{"correlation": 0.09783082075292114, "p_value": 6.826973604249963e-211}