{"correlation": 0.05585858077029515, "p_value": 7.517111268283414e-70}