{"correlation": 0.00341947555488298, "p_value": 0.2798398540732971}