{"correlation": 0.05184421936194316, "p_value": 2.0544932683583698e-60}