{"correlation": 0.06417164724904612, "p_value": 1.2484484042068148e-91}