{"correlation": 0.0993526649275061, "p_value": 1.8002187055700343e-217}