{"correlation": 0.07403720410049547, "p_value": 2.0870648136662474e-121}