{"correlation": 0.08256295667145737, "p_value": 1.368356257814449e-150}