{"correlation": -0.059597265798983244, "p_value": 2.850100879688124e-79}