{"correlation": 0.07557937020605617, "p_value": 1.897555120914551e-126}