{"correlation": 0.10411202172742293, "p_value": 1.030470109571243e-238}