{"correlation": 0.044113228034633245, "p_value": 3.229173155795667e-44}