{"correlation": 0.04582009011373013, "p_value": 1.434686864922781e-47}