{"correlation": 0.09919859730246902, "p_value": 8.434482047361812e-217}