{"correlation": 0.04722972553452701, "p_value": 1.962231213024637e-50}