{"correlation": 0.07176407502431291, "p_value": 3.6269373712408544e-114}