{"correlation": 0.057669600513414625, "p_value": 2.447240748923775e-74}