{"correlation": -0.0563283621702303, "p_value": 5.318324531832712e-71}