{"correlation": 0.04867645272318155, "p_value": 1.8346240720667616e-53}