{"correlation": -0.0019855611381975674, "p_value": 0.5303258857978522}