{"correlation": -0.09414238815439155, "p_value": 2.243400168199691e-195}