{"correlation": -0.02426075256023292, "p_value": 1.7416857742122567e-14}