{"correlation": 0.030334243826832093, "p_value": 8.902273074922525e-22}