{"correlation": -0.06384966968223005, "p_value": 9.913349548604798e-91}