{"correlation": 0.009324781520912073, "p_value": 0.003208452085557574}