{"correlation": -0.0818386375478647, "p_value": 5.4982980212545584e-148}