{"correlation": 0.0895849714729613, "p_value": 4.867195042598217e-177}