{"correlation": 0.02102204901450412, "p_value": 3.043513117229886e-11}