{"correlation": 0.10521943240806095, "p_value": 8.414563143693256e-244}