{"correlation": 0.007057281441175031, "p_value": 0.02572223009779688}