{"correlation": -0.024701842028340148, "p_value": 5.817050690334915e-15}