{"correlation": 0.004360385580898088, "p_value": 0.1681898209156937}