{"correlation": -0.01664977091755564, "p_value": 1.4227595067949282e-07}