{"correlation": -0.043131265989107256, "p_value": 2.4009160964281118e-42}