{"correlation": -0.04713495448584125, "p_value": 3.076155249396963e-50}