{"correlation": -0.034372896768882236, "p_value": 1.6688531198870143e-27}