{"correlation": 0.09437458573029026, "p_value": 2.465791381654169e-196}