{"correlation": 0.06958320791168766, "p_value": 1.9594407423925744e-107}