{"correlation": -0.05097552215432251, "p_value": 1.8294397614090272e-58}