{"correlation": -0.024479745470633477, "p_value": 1.0128674504580775e-14}