{"correlation": 0.06755861222626587, "p_value": 2.2662138919969748e-101}