{"correlation": 0.1083813049809758, "p_value": 1.2452107450074066e-258}