{"correlation": 0.10232695868481537, "p_value": 1.2558703448894628e-230}