{"correlation": 0.01017417672696859, "p_value": 0.001302241854010099}