{"correlation": 0.06667785893752465, "p_value": 8.645445614981078e-99}