{"correlation": 0.029443535257870163, "p_value": 1.3121820799746122e-20}