{"correlation": 0.08083094556478047, "p_value": 2.1108525984595144e-144}