{"correlation": 0.06300920444087313, "p_value": 2.1072745594718638e-88}