{"correlation": 0.036454473192461125, "p_value": 9.900872770378056e-31}