{"correlation": 0.04657164543283107, "p_value": 4.37062572534607e-49}