{"correlation": 0.028197630959323886, "p_value": 4.956819838089549e-19}