{"correlation": 0.05795423465944601, "p_value": 4.6814452112449455e-75}