{"correlation": 0.09233101859227189, "p_value": 5.614737247323015e-188}