{"correlation": 0.03897218700412103, "p_value": 6.958184882757337e-35}