{"correlation": 0.041709097214532725, "p_value": 1.0384114957400252e-39}