{"correlation": 0.03843667237189289, "p_value": 5.6084118787735474e-34}