{"correlation": 0.056719618023494775, "p_value": 5.759933880312266e-72}