{"correlation": 0.0809677043572069, "p_value": 6.928762662851516e-145}