{"correlation": 0.05129471820897131, "p_value": 3.546239372528969e-59}