{"correlation": 0.049084176255857176, "p_value": 2.473985542993086e-54}