{"correlation": 0.09860329573946748, "p_value": 3.219199272403398e-214}