{"correlation": -0.08562670113409265, "p_value": 7.327421110854896e-162}