{"correlation": 0.09294462079979446, "p_value": 1.8174113648254594e-190}