{"correlation": 0.09023610982587313, "p_value": 1.3303901547300361e-179}