{"correlation": 0.05710825513695353, "p_value": 6.235971048589096e-73}