{"correlation": 0.04339665643369537, "p_value": 7.564147859808729e-43}