{"correlation": -0.047326341224197294, "p_value": 1.2396228983630413e-50}