{"correlation": 0.08021573711726476, "p_value": 3.094728543236085e-142}