{"correlation": -0.0021268045438913676, "p_value": 0.5014903033731627}