{"correlation": 0.032771682216617075, "p_value": 3.777484405200217e-25}