{"correlation": 0.007804441820030135, "p_value": 0.013643348751314685}