{"correlation": 0.06327141031671255, "p_value": 3.989464255307977e-89}