{"correlation": 0.02799343219824157, "p_value": 8.85803108821924e-19}