{"correlation": 0.0802442709751935, "p_value": 2.4576710326787078e-142}