{"correlation": 0.1071573996767425, "p_value": 7.740868148481918e-253}