{"correlation": 0.08583654453874928, "p_value": 1.1960606558155914e-162}