{"correlation": -0.08332533300333171, "p_value": 2.3458166712411747e-153}