{"correlation": 0.06980691652329638, "p_value": 4.084479581069092e-108}