{"correlation": 0.10727550715157108, "p_value": 2.150997793829097e-253}