{"correlation": 0.11206842028167542, "p_value": 1.717814674351721e-276}