{"correlation": 0.11047390523501356, "p_value": 1.0808360622326066e-268}