{"correlation": 0.11855487945789574, "p_value": 2.131222833181875e-309}