{"correlation": 0.11061360877631583, "p_value": 2.2648520681761727e-269}