{"correlation": 0.0560301447599128, "p_value": 2.864753601298605e-70}