{"correlation": 0.09644648139306763, "p_value": 5.357806495112801e-205}