{"correlation": 0.008287699889217728, "p_value": 0.008812251781770118}