{"correlation": 0.09940846261232904, "p_value": 1.0283685484026149e-217}