{"correlation": 0.03797166000841945, "p_value": 3.355758837695521e-33}