{"correlation": -0.05137319903516958, "p_value": 2.3653392395574316e-59}