{"correlation": -0.00034810694310957757, "p_value": 0.912398121472299}