{"correlation": 0.09118435394078467, "p_value": 2.2772497185552485e-183}