{"correlation": 0.08408216066946197, "p_value": 3.972764983020775e-156}