{"correlation": 0.04328437281621594, "p_value": 1.2341312609604896e-42}