{"correlation": 0.11361282303647821, "p_value": 3.7341412663086304e-284}