{"correlation": 0.029555981532330827, "p_value": 9.383443847413141e-21}