{"correlation": 0.029084528336410953, "p_value": 3.7958761624865006e-20}