{"correlation": 0.026751984309799488, "p_value": 2.7648595595327527e-17}