{"correlation": 0.04570171214137619, "p_value": 2.4736567135616805e-47}