{"correlation": -0.012945117895862569, "p_value": 4.289812171330834e-05}