{"correlation": 0.11727097089877489, "p_value": 9.834349614137547e-303}