{"correlation": 0.10686036372638688, "p_value": 1.926281484049811e-251}