{"correlation": 0.008275225405177897, "p_value": 0.008914634894249785}