{"correlation": -0.08845109958427864, "p_value": 1.2764942322082667e-172}