{"correlation": 0.0675275740918237, "p_value": 2.798028882040238e-101}