{"correlation": 0.06290083593786967, "p_value": 4.183834766712017e-88}