{"correlation": 0.08346339561616035, "p_value": 7.356196563402345e-154}