{"correlation": 0.1094916888405756, "p_value": 6.037826984965558e-264}