{"correlation": 0.09548586457772264, "p_value": 5.8785321676586754e-201}