{"correlation": 0.08101159551267678, "p_value": 4.844063474001333e-145}