{"correlation": -0.0920114081964397, "p_value": 1.0955080102534122e-186}