{"correlation": 0.07800762457868132, "p_value": 1.3422728289063794e-134}