{"correlation": -0.008174649362208674, "p_value": 0.009779684075199064}