{"correlation": 0.09669593790854165, "p_value": 4.7105025019365236e-206}