{"correlation": 0.08664548726887955, "p_value": 1.0589279139491405e-165}