{"correlation": 0.039574204030817836, "p_value": 6.438314798465062e-36}