{"correlation": 0.09140738314771284, "p_value": 2.9221581356285927e-184}