{"correlation": 0.06484522141856078, "p_value": 1.5819845245408415e-93}