{"correlation": 0.04447277842246025, "p_value": 6.507907593877441e-45}