{"correlation": 0.06567025178219425, "p_value": 7.052663762203158e-96}