{"correlation": 0.06502309606884331, "p_value": 4.953217926243788e-94}