{"correlation": 0.1128702534128855, "p_value": 1.861953147679145e-280}