{"correlation": 0.037086382604211376, "p_value": 9.529375790949956e-32}