{"correlation": 0.0666644079060029, "p_value": 9.46124972847666e-99}