{"correlation": 0.05488286213361103, "p_value": 1.715352892633484e-67}