{"correlation": -0.08750150923525396, "p_value": 5.79069182794736e-169}