{"correlation": 0.11301409792414, "p_value": 3.594224513714456e-281}