{"correlation": -0.07563662491970212, "p_value": 1.2274736996501319e-126}