{"correlation": 0.11027444748482418, "p_value": 1.002910425619222e-267}