{"correlation": 0.06284891215244032, "p_value": 5.809062634355723e-88}