{"correlation": 0.06331908547646023, "p_value": 2.945560551803811e-89}