{"correlation": 0.09368300738391638, "p_value": 1.7419290893317073e-193}