{"correlation": 0.023935411354013995, "p_value": 3.862987355217671e-14}