{"correlation": 0.04497810562445105, "p_value": 6.7028086432793424e-46}