{"correlation": 0.06108862562864622, "p_value": 3.359672845219449e-83}