{"correlation": 0.08210465286851096, "p_value": 6.117306488216945e-149}