{"correlation": 0.07033469226848357, "p_value": 9.904062833835927e-110}