{"correlation": 0.006681371737149818, "p_value": 0.03472292845936946}