{"correlation": 0.06254830422381641, "p_value": 3.86330619847424e-87}