{"correlation": 0.1075977097257145, "p_value": 6.490161802748022e-255}