{"correlation": 0.06147815439062952, "p_value": 3.0490855770342557e-84}