{"correlation": 0.10456956764895112, "p_value": 8.269841576340907e-241}