{"correlation": 0.10477808957329487, "p_value": 9.106821299452835e-242}