{"correlation": 0.09586718728774703, "p_value": 1.480384156390816e-202}