{"correlation": 0.050599754470099685, "p_value": 1.2458558145175455e-57}