{"correlation": 0.031224194216679543, "p_value": 5.596150125199261e-23}