{"correlation": 0.045474627961536465, "p_value": 7.006006325872978e-47}