{"correlation": 0.07507461508460864, "p_value": 8.705001389005318e-125}