{"correlation": 0.03143908130666202, "p_value": 2.835536258619151e-23}