{"correlation": 0.0603702304604649, "p_value": 2.6967954550446735e-81}