{"correlation": 0.06558353901848511, "p_value": 1.2497886192343698e-95}