{"correlation": 0.07857326617883101, "p_value": 1.5557842700989789e-136}