{"correlation": 0.07834499293191938, "p_value": 9.438573021036227e-136}