{"correlation": 0.10329038408613027, "p_value": 5.656775013184326e-235}