{"correlation": 0.11599861713518438, "p_value": 3.337481247403269e-296}