{"correlation": 0.07520754325484033, "p_value": 3.186241795102119e-125}