{"correlation": 0.08835858387962298, "p_value": 2.910980356358973e-172}