{"correlation": -0.05952827443491522, "p_value": 4.3076907885151073e-79}