{"correlation": 0.06875462212551894, "p_value": 6.241630464351237e-105}