{"correlation": 0.06199934883229303, "p_value": 1.2006166699662424e-85}