{"correlation": 0.07626392996001327, "p_value": 1.0157765398374017e-128}