{"correlation": 0.08440424504844775, "p_value": 2.5826226766750107e-157}