{"correlation": 0.036101934796874714, "p_value": 3.591948837216038e-30}