{"correlation": -0.0898962091520188, "p_value": 2.9133648724554793e-178}