{"correlation": 0.05160522073009241, "p_value": 7.118137402638234e-60}