{"correlation": 0.11359833604247088, "p_value": 4.411327536466205e-284}