{"correlation": 0.014401035181149451, "p_value": 5.327093085173909e-06}