{"correlation": 0.07185015060076015, "p_value": 1.9477188581797615e-114}