{"correlation": 0.023231195750510622, "p_value": 2.0905259541452055e-13}