{"correlation": -0.006213987369750543, "p_value": 0.0495463087633418}