{"correlation": 0.11286900370181341, "p_value": 1.8887349030154087e-280}