{"correlation": 0.04268009115995114, "p_value": 1.68318753796086e-41}