{"correlation": 0.11681202987435477, "p_value": 2.27407060309032e-300}