{"correlation": 0.09166386284914085, "p_value": 2.738572768367772e-185}