{"correlation": 0.04188279005614608, "p_value": 5.0018694706817806e-40}