{"correlation": 0.11436915766515816, "p_value": 6.0301118482215405e-288}