{"correlation": 0.05377312301948815, "p_value": 7.3467801838869625e-65}