{"correlation": 0.092841943539713, "p_value": 4.756236577218984e-190}