{"correlation": -0.045267817955522725, "p_value": 1.8000559935551803e-46}