{"correlation": 0.11475461772343801, "p_value": 6.885103737919816e-290}