{"correlation": -0.10408218957608062, "p_value": 1.4103915189714297e-238}