{"correlation": 0.09776419793721593, "p_value": 1.3178829435239648e-210}