{"correlation": 0.07811651262604676, "p_value": 5.705210298233304e-135}