{"correlation": 0.11724100214977007, "p_value": 1.404133800131932e-302}