{"correlation": 0.026829284702596004, "p_value": 2.241598544132482e-17}