{"correlation": 0.08512882441560818, "p_value": 5.3071818751271695e-160}