{"correlation": 0.08233511829651782, "p_value": 9.074240165179566e-150}