{"correlation": -0.10332850458943996, "p_value": 3.799608257608631e-235}