{"correlation": 0.09490639449473298, "p_value": 1.5367487740554686e-198}