{"correlation": 0.11905293775190304, "p_value": 5.28930737472e-312}