{"correlation": 0.08585640063627431, "p_value": 1.0073139718114636e-162}