{"correlation": 0.03641253643489731, "p_value": 1.1548614637097755e-30}