{"correlation": 0.004248332794629673, "p_value": 0.17939166261101153}