{"correlation": 0.03713820683205368, "p_value": 7.850981636906991e-32}