{"correlation": -0.018825056542928046, "p_value": 2.682814203416055e-09}