{"correlation": 0.03326675733037668, "p_value": 7.260215797869511e-26}