{"correlation": 0.09971333011503142, "p_value": 4.7976245874461944e-219}