{"correlation": -0.01881375005661461, "p_value": 2.7420259871062348e-09}