{"correlation": 0.10266571682645811, "p_value": 3.761941614721137e-232}