{"correlation": -0.01512444515920106, "p_value": 1.7517624298135816e-06}