{"correlation": -0.1097883477857256, "p_value": 2.247385546478619e-265}