{"correlation": -0.09433739039322944, "p_value": 3.5134224222702943e-196}