{"correlation": 0.1193366101232664, "p_value": 1.7161593198e-313}