{"correlation": 0.0115737968445127, "p_value": 0.00025433552841775954}