{"correlation": -0.05853196449301915, "p_value": 1.5905571660628784e-76}