{"correlation": -0.09970532634172374, "p_value": 5.200266975225599e-219}