{"correlation": 0.10302178159699436, "p_value": 9.30059975408156e-234}