{"correlation": 0.09767616373878504, "p_value": 3.140683886896977e-210}