{"correlation": 0.11395753468839939, "p_value": 7.033716099986368e-286}