{"correlation": -0.01789177451048226, "p_value": 1.5594586296382028e-08}