{"correlation": 0.05052797735282267, "p_value": 1.7943703714827964e-57}