{"correlation": -0.013834732816140036, "p_value": 1.2284458725223832e-05}