{"correlation": 0.05789958203472745, "p_value": 6.435387676300316e-75}