{"correlation": -0.03253199749749728, "p_value": 8.320889280176799e-25}