{"correlation": 0.012265811113562997, "p_value": 0.00010593552020063794}