{"correlation": -0.01673754830384791, "p_value": 1.222952064115998e-07}