{"correlation": -0.08210202617635469, "p_value": 6.2516153826972065e-149}