{"correlation": 0.05568014325553558, "p_value": 2.0437934991530242e-69}