{"correlation": 0.031637812236677554, "p_value": 1.5059430869255708e-23}