{"correlation": -0.037833459971927746, "p_value": 5.687139356466103e-33}