{"correlation": -0.07565204116837904, "p_value": 1.0915630654886511e-126}