{"correlation": 0.017817283650105584, "p_value": 1.788118283902964e-08}