{"correlation": 0.056353409614127326, "p_value": 4.6150324844998614e-71}