{"correlation": 0.11999322684373268, "p_value": 5.9479447e-317}