{"correlation": 0.049446257346841174, "p_value": 4.117098250469351e-55}