{"correlation": -0.005830719746078722, "p_value": 0.06536834353679712}