{"correlation": -0.06688520128678768, "p_value": 2.148473761939614e-99}