{"correlation": -0.05680196139267707, "p_value": 3.600790397069837e-72}