{"correlation": 0.05449939970655296, "p_value": 1.4119123130902287e-66}