{"correlation": -0.04336070862518628, "p_value": 8.84879774881651e-43}