{"correlation": 0.07971751874718083, "p_value": 1.7084979973806782e-140}