{"correlation": -0.0324742871300927, "p_value": 1.0054904244527525e-24}