{"correlation": 0.04924643737665922, "p_value": 1.1094115098300124e-54}