{"correlation": 0.11677422564813993, "p_value": 3.557245125797992e-300}