{"correlation": -0.015237050753532226, "p_value": 1.4666272364483466e-06}