{"correlation": 0.041813229613774656, "p_value": 6.704037188015095e-40}