{"correlation": 0.08998997055958662, "p_value": 1.2449565324397783e-178}