{"correlation": -0.04995198885189154, "p_value": 3.2904437941372205e-56}