{"correlation": 0.11070991303129864, "p_value": 7.702914198271648e-270}