{"correlation": -0.06545786064190375, "p_value": 2.8601866338926834e-95}