{"correlation": 0.06010220357193823, "p_value": 1.366586203730887e-80}