{"correlation": 0.05035660076584885, "p_value": 4.278680595325639e-57}