{"correlation": 0.0648878407924052, "p_value": 1.1980998261217806e-93}