{"correlation": 0.02985416903894157, "p_value": 3.8329952715623975e-21}