{"correlation": 0.0091904595928285, "p_value": 0.0036775356405073616}