{"correlation": 0.02840353080736091, "p_value": 2.748871279182817e-19}