{"correlation": 0.04542210814737948, "p_value": 8.906765021676672e-47}