{"correlation": 0.06625429397203005, "p_value": 1.46601461738666e-97}