{"correlation": 0.09470173724298722, "p_value": 1.0883899316986332e-197}