{"correlation": 0.1026576057047338, "p_value": 4.092145192613071e-232}