{"correlation": 0.05831425162296752, "p_value": 5.711876532518661e-76}