{"correlation": 0.04516830631354097, "p_value": 2.8301965070479362e-46}