{"correlation": 0.06641690037298606, "p_value": 4.9558890252164726e-98}