{"correlation": 0.09631392495346562, "p_value": 1.9451559847145134e-204}