{"correlation": 0.031349633643073506, "p_value": 3.765110500014488e-23}