{"correlation": 0.10413494148390237, "p_value": 8.096308551859978e-239}