{"correlation": 0.005292401502045954, "p_value": 0.09440626537828992}