{"correlation": 0.05013305242082402, "p_value": 1.3233537339901707e-56}