{"correlation": -0.035315168600033725, "p_value": 6.094715957014858e-29}