{"correlation": 0.11257155495074941, "p_value": 5.628525342546347e-279}