{"correlation": 0.09614981703441096, "p_value": 9.574637711890809e-204}