{"correlation": 0.07131972190570687, "p_value": 8.877015795363914e-113}