{"correlation": -0.05559317687449217, "p_value": 3.323863478140393e-69}