{"correlation": 0.038656578219281, "p_value": 2.388677949411293e-34}