{"correlation": -0.04654480893795052, "p_value": 4.9557239697411e-49}