{"correlation": 0.0284068942812565, "p_value": 2.7224292275982913e-19}