{"correlation": 0.06099367133463658, "p_value": 6.016264898369776e-83}