{"correlation": 0.033000200424352796, "p_value": 1.769727484462182e-25}