{"correlation": 0.11409966103341494, "p_value": 1.3626898795011545e-286}