{"correlation": 0.09232293522481676, "p_value": 6.053665728158693e-188}