{"correlation": 0.07064538139927719, "p_value": 1.0944292943127278e-110}