{"correlation": 0.034776384601607195, "p_value": 4.088650541275543e-28}