{"correlation": 0.036993970746316274, "p_value": 1.3452832077485932e-31}