{"correlation": -0.11827831434515579, "p_value": 5.894328274553211e-308}