{"correlation": 0.08097585745161776, "p_value": 6.483163084629552e-145}