{"correlation": 0.03535883929548844, "p_value": 5.216779503099339e-29}