{"correlation": 0.0017885452605624808, "p_value": 0.5719075234815789}