{"correlation": 0.08177615858154072, "p_value": 9.199464889610856e-148}