{"correlation": 0.05960342641677316, "p_value": 2.746830763936742e-79}