{"correlation": 0.07656877716788398, "p_value": 9.742217531629966e-130}