{"correlation": -0.03942437438208649, "p_value": 1.1681856409990426e-35}