{"correlation": 0.0655865701501892, "p_value": 1.2250565582246498e-95}