{"correlation": 0.013678431822197513, "p_value": 1.5387035889862683e-05}