{"correlation": -0.02352264222482125, "p_value": 1.0455137135910496e-13}