{"correlation": -0.036724869038692175, "p_value": 3.654072914219908e-31}