{"correlation": 0.11110645200399749, "p_value": 8.987853900760322e-272}