{"correlation": 0.09347714945084216, "p_value": 1.216150619845976e-192}