{"correlation": 0.1079920012639058, "p_value": 8.817882877750413e-257}