{"correlation": 0.04957722266367109, "p_value": 2.1453133456963387e-55}