{"correlation": 0.0332597562945173, "p_value": 7.432792949668856e-26}