{"correlation": 0.09429438860059908, "p_value": 5.289722444987935e-196}