{"correlation": 0.11588243576665763, "p_value": 1.3064927450582265e-295}