{"correlation": 0.06955713550443719, "p_value": 2.3515628441442216e-107}