{"correlation": 0.0646663215743125, "p_value": 5.070199403153281e-93}