{"correlation": -0.028038896094780275, "p_value": 7.786741759117493e-19}