{"correlation": 0.032581514665789825, "p_value": 7.071608950738388e-25}