{"correlation": -0.0012859253369151983, "p_value": 0.684449930044961}