{"correlation": 0.08138070069059972, "p_value": 2.3692550598580634e-146}