{"correlation": -0.021091636921384993, "p_value": 2.620655985880334e-11}