{"correlation": -0.03619580800938965, "p_value": 2.551706791475957e-30}