{"correlation": 0.09222884583164935, "p_value": 1.453117267497677e-187}