{"correlation": 0.11544965752577392, "p_value": 2.082203291412067e-293}