{"correlation": -0.09171389304327908, "p_value": 1.7243358528838983e-185}