{"correlation": -0.005701098184641115, "p_value": 0.07158244606628554}