{"correlation": 0.0490077543061517, "p_value": 3.606161463649283e-54}