{"correlation": 0.10916286453256047, "p_value": 2.2931103074091543e-262}