{"correlation": 0.07315142420685662, "p_value": 1.4716753613978677e-118}