{"correlation": 0.017092413381605956, "p_value": 6.582639973434441e-08}