{"correlation": 0.05921020820917161, "p_value": 2.874462824768223e-78}