{"correlation": -0.01688572388188111, "p_value": 9.456462243548573e-08}