{"correlation": 0.11067890484606571, "p_value": 1.0902141208030505e-269}