{"correlation": 0.07371277785759249, "p_value": 2.3267761936328934e-120}