{"correlation": 0.07026818394009532, "p_value": 1.5850549585235318e-109}