{"correlation": -0.07227283689329389, "p_value": 9.096140779342555e-116}