{"correlation": 0.09506807668391316, "p_value": 3.263086993914062e-199}