{"correlation": 0.037732473715760245, "p_value": 8.351850205390473e-33}