{"correlation": 0.0076403217069689455, "p_value": 0.01575038431104795}