{"correlation": 0.060146573214101794, "p_value": 1.0451581595889532e-80}