{"correlation": -0.04138306968133957, "p_value": 4.057909863272255e-39}