{"correlation": -0.04716665533155101, "p_value": 2.6469030469406576e-50}