{"correlation": 0.05598526905285189, "p_value": 3.6880686276203557e-70}