{"correlation": 0.10626155109955704, "p_value": 1.2213189591619208e-248}