{"correlation": 0.045832916619785856, "p_value": 1.3523414633216507e-47}