{"correlation": 0.0733917962879101, "p_value": 2.502046656111489e-119}