{"correlation": 0.06215860659953105, "p_value": 4.4441485475668965e-86}