{"correlation": -0.02991093299083678, "p_value": 3.2291405840217722e-21}