{"correlation": 0.10872001778446118, "p_value": 3.020043454254158e-260}