{"correlation": 0.050282737422601954, "p_value": 6.216902034208442e-57}