{"correlation": 0.06843487920666357, "p_value": 5.664784963327624e-104}