{"correlation": 0.018650481450229548, "p_value": 3.752973850626312e-09}