{"correlation": 0.057605264059881874, "p_value": 3.552584506761453e-74}