{"correlation": 0.003659015614850919, "p_value": 0.24752450621676508}