{"correlation": 0.11279842054582419, "p_value": 4.230169044135702e-280}