{"correlation": -0.056904536858408294, "p_value": 2.0037133675086921e-72}