{"correlation": 0.07341709025894166, "p_value": 2.075738079389973e-119}