{"correlation": 0.09848498840971745, "p_value": 1.0445676828599793e-213}