{"correlation": -0.051953220675825314, "p_value": 1.1634618937124636e-60}