{"correlation": 0.08930008388479034, "p_value": 6.351288301486877e-176}