{"correlation": 0.07685968004843537, "p_value": 1.0310272418882617e-130}