{"correlation": 0.10862785455458203, "p_value": 8.318114026727485e-260}