{"correlation": 0.07992481159905984, "p_value": 3.2296704362578474e-141}