{"correlation": -0.09633739162941096, "p_value": 1.548387126648194e-204}