{"correlation": 0.08460898208179406, "p_value": 4.519833357121975e-158}