{"correlation": 0.01960137508629333, "p_value": 5.816397284957897e-10}