{"correlation": 0.0910777381174134, "p_value": 6.065929747722004e-183}