{"correlation": 0.09287967109454705, "p_value": 3.340399943719307e-190}