{"correlation": 0.027734347472117515, "p_value": 1.8393451371077442e-18}