{"correlation": 0.08690551494661111, "p_value": 1.0898952236752141e-166}