{"correlation": 0.09685383052328254, "p_value": 1.0076121204484951e-206}