{"correlation": -0.055121102795657066, "p_value": 4.595804919091154e-68}