{"correlation": 0.011568529014158401, "p_value": 0.0002559923144915}