{"correlation": 0.06991024756696973, "p_value": 1.9762533383792434e-108}