{"correlation": 0.00345164290024489, "p_value": 0.27534096780451084}