{"correlation": 0.09530547239378333, "p_value": 3.3373432496722123e-200}