{"correlation": 0.07463750328381029, "p_value": 2.3421038305134865e-123}