{"correlation": 0.08736850229190957, "p_value": 1.8695005145502167e-168}