{"correlation": 0.018373927279860314, "p_value": 6.348630849149532e-09}