{"correlation": -0.038204148954496274, "p_value": 1.375669138928506e-33}