{"correlation": -0.09581721855087147, "p_value": 2.4002870017075474e-202}