{"correlation": 0.06797328387834624, "p_value": 1.3431167641629013e-102}