{"correlation": 0.04889142177162901, "p_value": 6.392471713361987e-54}