{"correlation": 0.063933333522293, "p_value": 5.792110704071142e-91}