{"correlation": 0.017667591305542643, "p_value": 2.350167924136731e-08}