{"correlation": 0.06949769758453739, "p_value": 3.563320983661059e-107}