{"correlation": 0.000503280991218679, "p_value": 0.8736257623961872}