{"correlation": -0.029813798651828708, "p_value": 4.3291587573385065e-21}