{"correlation": -0.004752281343240013, "p_value": 0.13312330806781142}