{"correlation": 0.11214566306129792, "p_value": 7.149508266161183e-277}