{"correlation": 0.03346084753955303, "p_value": 3.778006266273822e-26}