{"correlation": 0.10484786839036335, "p_value": 4.348180482871916e-242}