{"correlation": 0.06256761278445755, "p_value": 3.4215648348936534e-87}