{"correlation": -0.09417272351403809, "p_value": 1.6817494954543546e-195}