{"correlation": -0.05489395312488632, "p_value": 1.6135412913556485e-67}