{"correlation": -0.05357500889261816, "p_value": 2.1393111464081937e-64}