{"correlation": 0.07806023611111933, "p_value": 8.879217832043248e-135}