{"correlation": 0.11256687576613025, "p_value": 5.936820229303313e-279}