{"correlation": -0.0788982371238373, "p_value": 1.184027511382964e-137}