{"correlation": 0.11355754728311272, "p_value": 7.05185679297236e-284}