{"correlation": 0.0837987465546723, "p_value": 4.363250769043899e-155}