{"correlation": 0.07264928922366051, "p_value": 5.849556265002644e-117}