{"correlation": 0.03497046799698981, "p_value": 2.0665864688668787e-28}