{"correlation": 0.04085486276241478, "p_value": 3.6101866143786867e-38}