{"correlation": 0.0932483504704576, "p_value": 1.0490205370295302e-191}