{"correlation": 0.10218888427026639, "p_value": 5.229367466058162e-230}