{"correlation": 0.09610286785144269, "p_value": 1.5098090599396057e-203}