{"correlation": -0.1084226002587123, "p_value": 7.917582666986468e-259}