{"correlation": 0.021922357601288568, "p_value": 4.2359206556035545e-12}