{"correlation": 0.03171772261094031, "p_value": 1.1663262340809862e-23}