{"correlation": 0.09794297913567035, "p_value": 2.253701965696634e-211}