{"correlation": 0.08307048722017792, "p_value": 1.984886358568452e-152}