{"correlation": 0.06176371167300552, "p_value": 5.199780595896137e-85}