{"correlation": 0.11186821038115943, "p_value": 1.6614384023866882e-275}