{"correlation": 0.05702024666901111, "p_value": 1.0330617094294312e-72}