{"correlation": 0.08125473755974508, "p_value": 6.645860082741575e-146}