{"correlation": -0.11388547460644897, "p_value": 1.6152159119212888e-285}