{"correlation": -0.003692399263328324, "p_value": 0.24323718906258132}