{"correlation": 0.11348283326815345, "p_value": 1.664543614380061e-283}