{"correlation": 0.07586164695594012, "p_value": 2.2084654246635414e-127}