{"correlation": -0.032466451826169404, "p_value": 1.0316401251139002e-24}