{"correlation": 0.10544483246767718, "p_value": 7.633101308170507e-245}