{"correlation": 0.02700950026203969, "p_value": 1.3713206423881056e-17}