{"correlation": -0.10567807394737458, "p_value": 6.334496041829102e-246}