{"correlation": 0.02679689902963137, "p_value": 2.4477246899958113e-17}