{"correlation": 0.0593063680132943, "p_value": 1.6211075236083815e-78}