{"correlation": -0.04518233536611967, "p_value": 2.6554366852731206e-46}