{"correlation": 0.11786839850247559, "p_value": 7.962891961031872e-306}