{"correlation": 0.11285926040342831, "p_value": 2.1111744738828181e-280}