{"correlation": 0.02710083335093073, "p_value": 1.067692789498847e-17}