{"correlation": 0.05371511337381884, "p_value": 1.005054316937508e-64}