{"correlation": 0.09750396604521624, "p_value": 1.7129212533829584e-209}