{"correlation": -0.09247565532980263, "p_value": 1.4585791491692353e-188}