{"correlation": 0.1035112378296554, "p_value": 5.628114909784492e-236}