{"correlation": 0.07106931372464602, "p_value": 5.333816237863731e-112}