{"correlation": 0.01060015772024612, "p_value": 0.0008077617634151451}