{"correlation": -0.009721037201256985, "p_value": 0.002124400375100741}