{"correlation": 0.09400604742301963, "p_value": 8.182028207740459e-195}