{"correlation": -0.05666388898168771, "p_value": 7.912753772062936e-72}