{"correlation": 0.09755819485054784, "p_value": 1.0043220541674338e-209}