{"correlation": -0.009099805766302302, "p_value": 0.004028491114862435}