{"correlation": 0.04709486692509404, "p_value": 3.7194923545122887e-50}