{"correlation": 0.10305746447346066, "p_value": 6.414508165438261e-234}