{"correlation": 0.025623519912534396, "p_value": 5.528806454035591e-16}