{"correlation": 0.01697264398531688, "p_value": 8.124300668392895e-08}