{"correlation": -0.06848717717504699, "p_value": 3.951993995393962e-104}