{"correlation": 0.09766683568100706, "p_value": 3.4432322476717385e-210}