{"correlation": -0.04768923139556577, "p_value": 2.1902156699074753e-51}