{"correlation": 0.007628243831242616, "p_value": 0.015916191837266107}