{"correlation": 0.06451132696490948, "p_value": 1.3871519945279618e-92}