{"correlation": -0.010999509620071613, "p_value": 0.0005083040761731895}