{"correlation": 0.10284854241986546, "p_value": 5.636876018752162e-233}