{"correlation": 0.015075583455231696, "p_value": 1.8914253574761862e-06}