{"correlation": 0.048841761943985464, "p_value": 8.158710071988959e-54}