{"correlation": 0.08109529716604662, "p_value": 2.4464388273705395e-145}