{"correlation": 0.0884581347878752, "p_value": 1.1988870121941697e-172}