{"correlation": -0.09746989304995719, "p_value": 2.3952737532918635e-209}