{"correlation": 0.0810148739974345, "p_value": 4.7162330511492524e-145}