{"correlation": -0.05636775070273729, "p_value": 4.254934515374398e-71}