{"correlation": 0.056306858241692515, "p_value": 6.00673347912795e-71}