{"correlation": 0.05790537577823775, "p_value": 6.222011696079584e-75}