{"correlation": -0.10122752630923207, "p_value": 1.0190287198077264e-225}