{"correlation": 0.09602758156101472, "p_value": 3.132583224577047e-203}