{"correlation": 0.11381962495948804, "p_value": 3.4510820229856466e-285}