{"correlation": 0.11289772100949673, "p_value": 1.3602871474108798e-280}