{"correlation": 0.11101748462017855, "p_value": 2.443197389846998e-271}