{"correlation": -0.013690337712368154, "p_value": 1.5126592873864366e-05}