{"correlation": 0.042767280258103446, "p_value": 1.1571230333656004e-41}