{"correlation": 0.032756120617012496, "p_value": 3.976904204652349e-25}