{"correlation": 0.0577212374418164, "p_value": 1.8139680221059535e-74}