{"correlation": 0.04333843531253428, "p_value": 9.751378556856073e-43}