{"correlation": 0.026054807158262253, "p_value": 1.785934325420132e-16}