{"correlation": 0.033217106196724654, "p_value": 8.575504976467358e-26}