{"correlation": 0.09552858017125546, "p_value": 3.8947857759756116e-201}