{"correlation": 0.022472267120802854, "p_value": 1.2213636967632092e-12}