{"correlation": -0.02369050772448999, "p_value": 6.988063620964348e-14}