{"correlation": 0.09032148261796247, "p_value": 6.1164731228225145e-180}