{"correlation": 0.032898175091189155, "p_value": 2.4842994566828287e-25}