{"correlation": 0.10195999071503367, "p_value": 5.54060970895711e-229}