{"correlation": -0.03437208899702279, "p_value": 1.673531706999844e-27}