{"correlation": -0.10631141674260847, "p_value": 7.14659928772212e-249}