{"correlation": 0.03046367879138687, "p_value": 5.982150662231145e-22}