{"correlation": 0.01892626947866727, "p_value": 2.2053523273691234e-09}