{"correlation": -0.11113564471429782, "p_value": 6.47249161657048e-272}