{"correlation": -0.005696275457747407, "p_value": 0.07182268225277584}