{"correlation": 0.11199461840384899, "p_value": 3.967040855338767e-276}