{"correlation": 0.06970430766350413, "p_value": 8.390022255493454e-108}