{"correlation": 0.059619727974806525, "p_value": 2.491216505285489e-79}