{"correlation": 0.11215646518824277, "p_value": 6.32434003784198e-277}