{"correlation": 0.0989850692299525, "p_value": 7.143331531481415e-216}