{"correlation": 0.04647437858882421, "p_value": 6.888996784384856e-49}