{"correlation": 0.10457169306721568, "p_value": 8.086135247319416e-241}