{"correlation": 0.032738527964567714, "p_value": 4.214936822340766e-25}