{"correlation": 0.0724485189943205, "p_value": 2.532074407624333e-116}