{"correlation": 0.10459292474811713, "p_value": 6.460576819755516e-241}