{"correlation": 0.08436165207819231, "p_value": 3.7093636805377676e-157}