{"correlation": -0.016574407860099456, "p_value": 1.6191967897427731e-07}