{"correlation": -0.0658020080824297, "p_value": 2.952312993011155e-96}