{"correlation": -0.10551505480364456, "p_value": 3.6099625237369784e-245}