{"correlation": 0.11312667752548025, "p_value": 9.905125143435325e-282}