{"correlation": -0.010210329242565291, "p_value": 0.0012513410218009339}