{"correlation": 0.04694751996798445, "p_value": 7.46504243698254e-50}