{"correlation": 0.008641999389957616, "p_value": 0.0063098332739773486}