{"correlation": 0.020337986061545094, "p_value": 1.2913021761350268e-10}