{"correlation": 0.023025550706598605, "p_value": 3.391607847780481e-13}