{"correlation": 0.09311086911371312, "p_value": 3.8191629342020836e-191}