{"correlation": 0.03595499290004197, "p_value": 6.123712593958624e-30}