{"correlation": 0.10318228257785135, "p_value": 1.747125072148046e-234}