{"correlation": -0.0018008113860448652, "p_value": 0.5692740503607997}