{"correlation": 0.07413979359854797, "p_value": 9.714538023548128e-122}