{"correlation": 0.10631206917166869, "p_value": 7.096655422546708e-249}