{"correlation": -0.024057845385814864, "p_value": 2.865917103251981e-14}