{"correlation": 0.03298656638700453, "p_value": 1.8518948649218758e-25}