{"correlation": 0.11315253258072039, "p_value": 7.36593947170524e-282}