{"correlation": 0.1124111555583951, "p_value": 3.497172463188711e-278}