{"correlation": 0.049112754648064944, "p_value": 2.1484973839798638e-54}