{"correlation": 0.09046050786373311, "p_value": 1.7228315847322894e-180}