{"correlation": 0.027017051673425364, "p_value": 1.3432779582946076e-17}