{"correlation": 0.07265818177107208, "p_value": 5.4814624495871885e-117}