{"correlation": 0.10393091683957306, "p_value": 6.916678158999704e-238}