{"correlation": 0.007386746913304443, "p_value": 0.019569198700193424}