{"correlation": 0.05052693136228024, "p_value": 1.8039288391710892e-57}