{"correlation": 0.0698296702576305, "p_value": 3.481356579871243e-108}