{"correlation": 0.09342447625594132, "p_value": 1.9981545458343054e-192}