{"correlation": 0.057936521151459794, "p_value": 5.190206782062846e-75}