{"correlation": 0.09849667494226678, "p_value": 9.299692286414996e-214}