{"correlation": 0.036467000465932035, "p_value": 9.455565383764891e-31}