{"correlation": 0.029457165212588565, "p_value": 1.2600001493169368e-20}