{"correlation": 0.08582562205305855, "p_value": 1.3145450722096994e-162}