{"correlation": 0.051674933914848065, "p_value": 4.95690137203352e-60}