{"correlation": -0.019110616897733468, "p_value": 1.5393589571007188e-09}