{"correlation": 0.0637342527683222, "p_value": 2.078151294561154e-90}