{"correlation": 0.09489521928214513, "p_value": 1.7103097430420137e-198}