{"correlation": -0.005510784308004083, "p_value": 0.08157544192355164}