{"correlation": 0.07302399850677513, "p_value": 3.755916959366106e-118}