{"correlation": 0.03891608511434549, "p_value": 8.67020002853216e-35}