{"correlation": -0.06856368459703074, "p_value": 2.332643079592914e-104}