{"correlation": 0.03665729704753298, "p_value": 4.690880983925057e-31}