{"correlation": 0.10997690674483167, "p_value": 2.761900609809778e-266}