{"correlation": -0.09135151179085158, "p_value": 4.889831720278421e-184}