{"correlation": 0.09137573231505068, "p_value": 3.9118611079888553e-184}