{"correlation": 0.11615057238644544, "p_value": 5.588742299922475e-297}