{"correlation": 0.1009422150798582, "p_value": 1.876475098398758e-224}