{"correlation": 0.09830463552267268, "p_value": 6.266334147926881e-213}