{"correlation": 0.04855988192541768, "p_value": 3.243388629669961e-53}