{"correlation": 0.08142873549906057, "p_value": 1.598121800831849e-146}