{"correlation": 0.04917831089182384, "p_value": 1.5540690920852502e-54}