{"correlation": 0.025276492545554016, "p_value": 1.3543456324140708e-15}