{"correlation": 0.05950506203399466, "p_value": 4.949396486150623e-79}