{"correlation": 0.029537495347242232, "p_value": 9.916114253180903e-21}