{"correlation": 0.01898233994941596, "p_value": 1.9776070246463646e-09}