{"correlation": 0.10861412145519751, "p_value": 9.672921659065254e-260}