{"correlation": 0.01775852915682505, "p_value": 1.9911322183397534e-08}