{"correlation": 0.0906595492283554, "p_value": 2.798648794602483e-181}