{"correlation": 0.07525509806568824, "p_value": 2.2229831875493855e-125}