{"correlation": 0.017067584590158003, "p_value": 6.876929075671367e-08}