{"correlation": -0.0494008365311966, "p_value": 5.1594161020661846e-55}