{"correlation": -0.047023720666784806, "p_value": 5.208188105317304e-50}