{"correlation": 0.004135877624411135, "p_value": 0.19118209510718373}