{"correlation": 0.09621725396291908, "p_value": 4.97547740007616e-204}