{"correlation": 0.07690090245952802, "p_value": 7.494644316615555e-131}