{"correlation": 0.04860336384204966, "p_value": 2.622807524508227e-53}