{"correlation": 0.10698378068502631, "p_value": 5.072223111400646e-252}