{"correlation": -0.05690720772978276, "p_value": 1.9733364499913673e-72}