{"correlation": 0.07258507229256343, "p_value": 9.350940195811094e-117}