{"correlation": -0.11212708838806179, "p_value": 8.827712148529516e-277}