{"correlation": 0.08801777500434388, "p_value": 6.020579501922476e-171}