{"correlation": 0.10048459662976927, "p_value": 1.9722691018158206e-222}