{"correlation": -0.06294087573526641, "p_value": 3.247761213611733e-88}