{"correlation": 0.062285327881920635, "p_value": 2.0116807750549875e-86}