{"correlation": 0.04479705320678852, "p_value": 1.5178454057513074e-45}