{"correlation": 0.020638418494609206, "p_value": 6.883691702332272e-11}