{"correlation": 0.08120519590411404, "p_value": 9.966322699640958e-146}