{"correlation": 0.0013981660235042675, "p_value": 0.658582952825396}