{"correlation": 0.03541876671626426, "p_value": 4.2128018361125974e-29}