{"correlation": -0.11792530477246309, "p_value": 4.0340452694373984e-306}