{"correlation": 0.07209296257610699, "p_value": 3.3580276630258434e-115}