{"correlation": 0.09514024147209754, "p_value": 1.6325989016093911e-199}