{"correlation": 0.11971953048173878, "p_value": 1.655935596e-315}