{"correlation": 0.1160320483434033, "p_value": 2.252992979261272e-296}