{"correlation": 0.09832282139435401, "p_value": 5.231448968426022e-213}