{"correlation": -0.10658979004971314, "p_value": 3.571454893742191e-250}