{"correlation": -0.011080033171543413, "p_value": 0.0004621395532391177}