{"correlation": 0.06958942265399799, "p_value": 1.8760456908949587e-107}