{"correlation": 0.014234460198376066, "p_value": 6.833037707314132e-06}