{"correlation": 0.06389532511430723, "p_value": 7.394363713152121e-91}