{"correlation": 0.061977178780184376, "p_value": 1.378481610577024e-85}