{"correlation": -0.06896677007351391, "p_value": 1.4363768569961958e-105}