{"correlation": 0.03799259190936213, "p_value": 3.097551286395023e-33}