{"correlation": 0.10610772685932227, "p_value": 6.3686170299532755e-248}