{"correlation": 0.08483866295431766, "p_value": 6.364368482117203e-159}