{"correlation": 0.08174615712886751, "p_value": 1.1777118283946125e-147}