{"correlation": -0.014710042428574738, "p_value": 3.333080317753686e-06}