{"correlation": 0.1020668021119707, "p_value": 1.8428510597896457e-229}