{"correlation": 0.08972526131367262, "p_value": 1.3696140762687714e-177}