{"correlation": 0.10055834080468175, "p_value": 9.328643577239003e-223}