{"correlation": -0.022804769694161318, "p_value": 5.675614444849532e-13}