{"correlation": 0.02622714232182313, "p_value": 1.1311853246408498e-16}