{"correlation": 0.09467611969361397, "p_value": 1.3901861258793263e-197}