{"correlation": -0.08738235342653271, "p_value": 1.6548407757729005e-168}