{"correlation": -0.06021324784722188, "p_value": 6.982680835598998e-81}