{"correlation": 0.0309625286640193, "p_value": 1.2727138567777591e-22}