{"correlation": -0.08387491307345078, "p_value": 2.293350093091752e-155}