{"correlation": -0.05272196433285372, "p_value": 2.0388740993211134e-62}