{"correlation": 0.03322834198359661, "p_value": 8.258584339140863e-26}