{"correlation": 0.006566237148858118, "p_value": 0.03796920137176402}