{"correlation": 0.07394055304131066, "p_value": 4.285498407319693e-121}