{"correlation": -0.10218828853113346, "p_value": 5.261629231305503e-230}