{"correlation": 0.10544314310883376, "p_value": 7.771801394697206e-245}