{"correlation": 0.05534347317939369, "p_value": 1.3373281988155996e-68}