{"correlation": 0.06317551859824998, "p_value": 7.338418662399399e-89}