{"correlation": 0.05110036566596706, "p_value": 9.64172962984371e-59}