{"correlation": 0.07190148660909569, "p_value": 1.343795802024329e-114}