{"correlation": 0.10706059598118883, "p_value": 2.2088006896354896e-252}