{"correlation": 0.08213124978959034, "p_value": 4.909508068355074e-149}