{"correlation": 0.09358115886356916, "p_value": 4.558427185208558e-193}