{"correlation": 0.02123139135568546, "p_value": 1.9378348000086397e-11}