{"correlation": 0.022282958336619123, "p_value": 1.8803282511409633e-12}