{"correlation": 0.06779688145903286, "p_value": 4.4780064617410335e-102}