{"correlation": -0.07928073999943412, "p_value": 5.633419098604795e-139}