{"correlation": 0.1106454885263792, "p_value": 1.5850240767883073e-269}