{"correlation": 0.10003605516314217, "p_value": 1.8510234010952803e-220}