{"correlation": 0.04011727656451257, "p_value": 7.291123314044639e-37}