{"correlation": 0.10415893285198001, "p_value": 6.289498319336839e-239}