{"correlation": 0.01317111856879447, "p_value": 3.1447491649943805e-05}