{"correlation": 0.09087101216432411, "p_value": 4.040815327929891e-182}