{"correlation": 0.02757980068682042, "p_value": 2.835167007394206e-18}