{"correlation": 0.10302541199357942, "p_value": 8.955667489722402e-234}