{"correlation": 0.05753648147538073, "p_value": 5.289302766273161e-74}