{"correlation": 0.0032655408337767073, "p_value": 0.30205810809547795}