{"correlation": -0.05174023256588809, "p_value": 3.5303188558355486e-60}