{"correlation": -0.05819236590544784, "p_value": 1.166051092054902e-75}