{"correlation": 0.008405477398376123, "p_value": 0.007896183492610152}