{"correlation": 0.09291689487869241, "p_value": 2.356788735889091e-190}