{"correlation": 0.060648881250642606, "p_value": 4.9521259019623227e-82}