{"correlation": 0.006398186329461163, "p_value": 0.04316856861456545}