{"correlation": 0.09511847605192897, "p_value": 2.0119261360278773e-199}