{"correlation": 0.10946036024914237, "p_value": 8.542410221716217e-264}