{"correlation": -0.11840671197692955, "p_value": 1.263264651270583e-308}