{"correlation": 0.08576705463254447, "p_value": 2.1809753575216362e-162}