{"correlation": 0.021187792395405417, "p_value": 2.129624066571411e-11}