{"correlation": 0.05552752257664443, "p_value": 4.795923574036316e-69}