{"correlation": 0.012391273898423795, "p_value": 8.994294936495757e-05}