{"correlation": 0.08864753451456367, "p_value": 2.2110039383200866e-173}