{"correlation": 0.11014970390379965, "p_value": 4.031272284866372e-267}