{"correlation": 0.025049552900716743, "p_value": 2.4176389149582466e-15}