{"correlation": 0.04501887185594877, "p_value": 5.573581098256805e-46}