{"correlation": 0.10350131258820078, "p_value": 6.243804187509456e-236}