{"correlation": 0.007990151082612808, "p_value": 0.01156283512656952}