{"correlation": 0.09471059894814396, "p_value": 1.0000232052988493e-197}