{"correlation": -0.06262723808811785, "p_value": 2.351130709320429e-87}