{"correlation": 0.10307401484846769, "p_value": 5.398934252384646e-234}