{"correlation": -0.11203160211883681, "p_value": 2.6082213484071728e-276}