{"correlation": 0.08762943415770337, "p_value": 1.8725934360327167e-169}