{"correlation": -0.001466401871771873, "p_value": 0.6430522781560419}