{"correlation": 0.0355046098633262, "p_value": 3.099731615119089e-29}