{"correlation": 0.033225136299003546, "p_value": 8.34780227254621e-26}