{"correlation": 0.10363864953020252, "p_value": 1.483173790416134e-236}