{"correlation": 0.020885550242483647, "p_value": 4.0757509491528007e-11}