{"correlation": 0.07012367551789245, "p_value": 4.396678593827337e-109}