{"correlation": -0.028101500305954572, "p_value": 6.518136927169809e-19}