{"correlation": 0.048825234777728314, "p_value": 8.848294263597535e-54}