{"correlation": 0.05976146423736386, "p_value": 1.0643664970020141e-79}