{"correlation": -0.08207287898466452, "p_value": 7.9548951985276e-149}