{"correlation": 0.09940262401342652, "p_value": 1.0904379932920845e-217}