{"correlation": 0.001589046071123802, "p_value": 0.6155300471833587}