{"correlation": -0.0015130871899624422, "p_value": 0.6325151995813664}