{"correlation": -0.11915754950776325, "p_value": 1.495452410376e-312}