{"correlation": 0.04744875763218522, "p_value": 6.918009562437896e-51}