{"correlation": 0.05522221619309118, "p_value": 2.623311594618914e-68}