{"correlation": 0.1060011252076695, "p_value": 1.9973782282777053e-247}