{"correlation": 0.07996288100705519, "p_value": 2.3773274753089034e-141}