{"correlation": 0.06335631863498115, "p_value": 2.32384827016157e-89}