{"correlation": 0.08118252374343868, "p_value": 1.1995978793860713e-145}