{"correlation": 0.037024739491300016, "p_value": 1.1994865125813753e-31}