{"correlation": 0.10623362400378177, "p_value": 1.6486175146238733e-248}