{"correlation": 0.08552377241553151, "p_value": 1.77975773935233e-161}