{"correlation": 0.06704167761908232, "p_value": 7.491364180449156e-100}