{"correlation": 0.09584504597874866, "p_value": 1.8339628454374584e-202}