{"correlation": 0.09146153609559421, "p_value": 1.7736095564410657e-184}