{"correlation": 0.05536613871766731, "p_value": 1.17888481883137e-68}