{"correlation": 0.09452518970343052, "p_value": 5.870777773711136e-197}