{"correlation": 0.045523906796036295, "p_value": 5.591718353244038e-47}