{"correlation": 0.0047679566185958935, "p_value": 0.13184844569121834}