{"correlation": 0.008832098686868546, "p_value": 0.005249483741862363}