{"correlation": 0.10269825743262546, "p_value": 2.6840681129691096e-232}