{"correlation": 0.11921037439060757, "p_value": 7.89858886617e-313}