{"correlation": 0.11285042740699829, "p_value": 2.3353715814164085e-280}