{"correlation": -0.10171397793441449, "p_value": 6.961825668669471e-228}