{"correlation": -0.054505329581734194, "p_value": 1.366784180773742e-66}