{"correlation": -0.02042853553865608, "p_value": 1.0692721873304866e-10}