{"correlation": 0.05447926709113811, "p_value": 1.576499513299066e-66}