{"correlation": -0.06686476737871486, "p_value": 2.4649251391252843e-99}