{"correlation": 0.054520234644739034, "p_value": 1.2595995436723968e-66}