{"correlation": 0.10862014580735678, "p_value": 9.053389063693607e-260}