{"correlation": 0.11020782543162388, "p_value": 2.108748529706518e-267}