{"correlation": 0.10021851362726791, "p_value": 2.9251036345740607e-221}