{"correlation": 0.048697750883432124, "p_value": 1.6529979504039332e-53}