{"correlation": 0.0360113322470933, "p_value": 4.9922272858235786e-30}