{"correlation": 0.07480457720823026, "p_value": 6.669352290931106e-124}