{"correlation": 0.059113731545369315, "p_value": 5.101701083058366e-78}