{"correlation": 0.01940590689957432, "p_value": 8.594753318646732e-10}