{"correlation": -0.09923871897200263, "p_value": 5.642750262261325e-217}