{"correlation": 0.0207174319679519, "p_value": 5.825468060066381e-11}