{"correlation": 0.07180160383754877, "p_value": 2.7660150147064565e-114}