{"correlation": 0.024785207654770748, "p_value": 4.717947029066151e-15}