{"correlation": 0.08115304030782905, "p_value": 1.5264650693366667e-145}