{"correlation": 0.09378557082683014, "p_value": 6.604606670846502e-194}