{"correlation": -0.00143573278837807, "p_value": 0.6500138813790969}