{"correlation": 0.10816873058282657, "p_value": 1.277384644003026e-257}