{"correlation": -0.020332639344631732, "p_value": 1.3057357978801325e-10}