{"correlation": 0.11210221862934244, "p_value": 1.1706584895565603e-276}