{"correlation": 0.11411531825386981, "p_value": 1.1371499305291944e-286}