{"correlation": 0.037809118646516635, "p_value": 6.239653213073244e-33}