{"correlation": 0.10111479526118912, "p_value": 3.2248144201892353e-225}