{"correlation": -0.07021295671665904, "p_value": 2.341456141790537e-109}