{"correlation": -0.004762059451376682, "p_value": 0.1323269447388567}