{"correlation": 0.11515940493284055, "p_value": 6.178588387527711e-292}