{"correlation": -0.04699259642443505, "p_value": 6.033602057580468e-50}