{"correlation": 0.09081868006408388, "p_value": 6.526086090443484e-182}