{"correlation": 0.10225152048771263, "p_value": 2.7385598214677866e-230}