{"correlation": 0.03098822509040455, "p_value": 1.1744062777751306e-22}