{"correlation": 0.07316810388242491, "p_value": 1.3016569015160655e-118}