{"correlation": 0.05500479032590107, "p_value": 8.748337469185666e-68}