{"correlation": 0.010281626739759858, "p_value": 0.0011563005103227045}