{"correlation": 0.0018294447778484972, "p_value": 0.5631492425414351}