{"correlation": 0.0035968922841327616, "p_value": 0.2556429423801906}