{"correlation": 0.06896982499121063, "p_value": 1.4062624388240408e-105}