{"correlation": 0.0445431473150374, "p_value": 4.749374828830888e-45}