{"correlation": 0.11593618053889056, "p_value": 6.950385616266356e-296}