{"correlation": 0.07279774739375557, "p_value": 1.9744009873727955e-117}