{"correlation": 0.07145201181525168, "p_value": 3.4334581433760815e-113}