{"correlation": -0.11230701248440365, "p_value": 1.143352317444711e-277}