{"correlation": 0.0322269956759824, "p_value": 2.2543296585059927e-24}