{"correlation": 0.06903999107802139, "p_value": 8.641702499909812e-106}