{"correlation": -0.07689772873505829, "p_value": 7.681009671679057e-131}