{"correlation": 0.09780745473071291, "p_value": 8.598718588710427e-211}