{"correlation": 0.09892932478138601, "p_value": 1.2467859479792834e-215}