{"correlation": -0.004102848069924921, "p_value": 0.19475112220481475}