{"correlation": 0.0358482316063215, "p_value": 9.010750039513513e-30}