{"correlation": 0.05384189449286788, "p_value": 5.064853160739374e-65}