{"correlation": 0.07945435182918212, "p_value": 1.4071474524077428e-139}