{"correlation": 0.06765256455755539, "p_value": 1.196513959354061e-101}