{"correlation": 0.054003674919923576, "p_value": 2.107483985419497e-65}