{"correlation": -0.03928349425732982, "p_value": 2.0413137407122854e-35}