{"correlation": 0.05339765283449374, "p_value": 5.550899149392724e-64}