{"correlation": 0.051246732649765286, "p_value": 4.541203359803238e-59}