{"correlation": 0.01357174849287109, "p_value": 1.791942125886812e-05}