{"correlation": 0.06043200802375388, "p_value": 1.8533417987439043e-81}