{"correlation": 0.10821787270202689, "p_value": 7.4604448076483045e-258}