{"correlation": 0.11672965772014479, "p_value": 6.027059513207962e-300}