{"correlation": 0.07811436380377897, "p_value": 5.802422498744666e-135}