{"correlation": 0.10565252315343472, "p_value": 8.322418818046749e-246}