{"correlation": 0.04152283894853426, "p_value": 2.265180668478079e-39}