{"correlation": 0.08300786081419277, "p_value": 3.351256717260779e-152}