{"correlation": 0.05463140231961453, "p_value": 6.845370643497717e-67}