{"correlation": 0.08816076100355003, "p_value": 1.6916375798547518e-171}