{"correlation": -0.06418549392679963, "p_value": 1.1417489103018211e-91}