{"correlation": 0.0942193757756269, "p_value": 1.0794989651331806e-195}