{"correlation": 0.07956560256761855, "p_value": 5.775645483405812e-140}