{"correlation": 0.07372148286676238, "p_value": 2.181303565832549e-120}