{"correlation": 0.09646601276994277, "p_value": 4.430095480080022e-205}