{"correlation": -0.08065918767939352, "p_value": 8.529110266314516e-144}