{"correlation": 0.00999894033544481, "p_value": 0.0015771494971846805}