{"correlation": 0.09927479695101085, "p_value": 3.930572421185395e-217}