{"correlation": 0.11823197119578563, "p_value": 1.0272942350430098e-307}