{"correlation": 0.11592591306814941, "p_value": 7.841209002057137e-296}