{"correlation": 0.09157322556886194, "p_value": 6.327122218299353e-185}