{"correlation": -0.07972193093692337, "p_value": 1.649056748212325e-140}