{"correlation": 0.04770292718098467, "p_value": 2.0509889586888506e-51}