{"correlation": 0.040794561831052414, "p_value": 4.6251496248422267e-38}