{"correlation": 0.118082334142116, "p_value": 6.16646589908882e-307}