{"correlation": 0.0316869050858067, "p_value": 1.2872280405795806e-23}