{"correlation": 0.06651888600264896, "p_value": 2.5067518385009337e-98}