{"correlation": -0.05960405444218503, "p_value": 2.736515109070633e-79}