{"correlation": 0.0882196116755223, "p_value": 1.002594330825091e-171}