{"correlation": -0.0367475494974427, "p_value": 3.3598717818601833e-31}