{"correlation": 0.084009063711859, "p_value": 7.376499682236781e-156}