{"correlation": 0.05242387857001565, "p_value": 9.851199739189681e-62}