{"correlation": 0.01617529718873581, "p_value": 3.182528502174386e-07}