{"correlation": 0.06317188126628043, "p_value": 7.509907873267103e-89}