{"correlation": 0.021335612151448302, "p_value": 1.5453028544104368e-11}