{"correlation": 0.07398475347302522, "p_value": 3.084294100881127e-121}