{"correlation": 0.11711558938931234, "p_value": 6.225855775455886e-302}