{"correlation": -0.004054308268394417, "p_value": 0.20008444770467063}