{"correlation": 0.0721274028380006, "p_value": 2.6157022055154528e-115}