{"correlation": 0.09180488549175277, "p_value": 7.429256195233186e-186}