{"correlation": 0.0821146157239878, "p_value": 5.633554814736577e-149}