{"correlation": 0.07793897501529874, "p_value": 2.300549143196656e-134}