{"correlation": 0.06213869089364087, "p_value": 5.0329691972920575e-86}