{"correlation": 0.08698919077758925, "p_value": 5.235763438016313e-167}