{"correlation": 0.053366683525396925, "p_value": 6.554348947066602e-64}