{"correlation": 0.11753779671725022, "p_value": 4.110748078804492e-304}