{"correlation": 0.06560274267643344, "p_value": 1.1011212379154871e-95}