{"correlation": 0.11049937238881596, "p_value": 8.130148440858556e-269}