{"correlation": -0.08658764614255168, "p_value": 1.7543515876057847e-165}