{"correlation": 0.04521330390011246, "p_value": 2.306757049992006e-46}