{"correlation": 0.09694517739234706, "p_value": 4.123788848045725e-207}