{"correlation": 0.031234832192320705, "p_value": 5.411524414797031e-23}