{"correlation": 0.061916564729747686, "p_value": 2.010596595725015e-85}