{"correlation": 0.06529806326391599, "p_value": 8.176445569681801e-95}