{"correlation": 0.029239634627018788, "p_value": 2.4026095903587014e-20}