{"correlation": 0.03815281890293511, "p_value": 1.6757918772849497e-33}