{"correlation": -0.04887788143156838, "p_value": 6.832328031076906e-54}