{"correlation": 0.06302112925414247, "p_value": 1.9539528745891873e-88}