{"correlation": 0.05816649346074548, "p_value": 1.3565136291314207e-75}