{"correlation": 0.07297319188937366, "p_value": 5.4545100184550176e-118}