{"correlation": 0.06819794856320426, "p_value": 2.884595009146819e-103}