{"correlation": 0.06938472416309766, "p_value": 7.843316048641109e-107}