{"correlation": 0.11672187952878212, "p_value": 6.607861405706132e-300}