{"correlation": 0.05542970426965597, "p_value": 8.2748217730764e-69}