{"correlation": 0.10303934722580602, "p_value": 7.746248199693859e-234}