{"correlation": -0.06956951035984689, "p_value": 2.156540796438479e-107}