{"correlation": 0.10233284674134409, "p_value": 1.1817011479064424e-230}