{"correlation": 0.01973204822658459, "p_value": 4.4707829941883944e-10}