{"correlation": -0.025034025557719285, "p_value": 2.5149518280596073e-15}