{"correlation": 0.04698069792206655, "p_value": 6.382489029771827e-50}