{"correlation": 0.09029826116187027, "p_value": 7.5566157254389555e-180}