{"correlation": 0.10609109557194037, "p_value": 7.612478863051874e-248}