{"correlation": 0.08843962143101856, "p_value": 1.414028073502612e-172}