{"correlation": 0.06198948412444891, "p_value": 1.2767412895702421e-85}