{"correlation": 0.02097033104712764, "p_value": 3.4003528527929925e-11}