{"correlation": -0.03519489185697658, "p_value": 9.344901550846714e-29}