{"correlation": 0.03818735359738663, "p_value": 1.4674720972571858e-33}