{"correlation": 0.05902197542856721, "p_value": 8.796393789851506e-78}