{"correlation": -0.0969972051427872, "p_value": 2.478230267915012e-207}