{"correlation": 0.039184586087801926, "p_value": 3.017013673321761e-35}