{"correlation": -0.054385696907733254, "p_value": 2.6303993010373626e-66}