{"correlation": 0.015270212420264344, "p_value": 1.3915431370963509e-06}