{"correlation": 0.06305512614050059, "p_value": 1.5752486495007627e-88}