{"correlation": 0.09174570024764, "p_value": 1.2848080979314988e-185}