{"correlation": 0.050725774917536326, "p_value": 6.557546524706165e-58}