{"correlation": 0.11772973973788114, "p_value": 4.169309875806e-305}