{"correlation": 0.017244723970908205, "p_value": 5.027024568879187e-08}