{"correlation": 0.1119926120750327, "p_value": 4.058306632145012e-276}