{"correlation": 0.09496062552411699, "p_value": 9.141243670842023e-199}