{"correlation": 0.1039691134332612, "p_value": 4.6304942296941564e-238}