{"correlation": 0.03979976911112413, "p_value": 2.6146392111124662e-36}