{"correlation": -0.025141158870526176, "p_value": 1.914571630441751e-15}