{"correlation": 0.09798603865832073, "p_value": 1.4721631643304123e-211}