{"correlation": 0.047363257886713514, "p_value": 1.0398457635216644e-50}