{"correlation": 0.11254557621731923, "p_value": 7.567666010067746e-279}