{"correlation": 0.06893544786542857, "p_value": 1.784816221718822e-105}