{"correlation": 0.03792787071765076, "p_value": 3.9670943553892105e-33}