{"correlation": -0.08208509782001526, "p_value": 7.190710837005223e-149}