{"correlation": 0.07337399871484077, "p_value": 2.853375483047632e-119}