{"correlation": 0.06369287451044453, "p_value": 2.7088247566661085e-90}