{"correlation": -0.047785980637280165, "p_value": 1.3766296678413426e-51}