{"correlation": 0.11260692154603004, "p_value": 3.761130781660279e-279}