{"correlation": 0.05922664420922973, "p_value": 2.6065671356284216e-78}