{"correlation": -0.044172220555313536, "p_value": 2.485071268473315e-44}