{"correlation": -0.03837187574334024, "p_value": 7.205505683690321e-34}