{"correlation": -0.06965656725315097, "p_value": 1.1723570066722794e-107}