{"correlation": 0.017324730047370528, "p_value": 4.3592735419144503e-08}