{"correlation": 0.09375867292950246, "p_value": 8.518246680605158e-194}