{"correlation": 0.09183838118695589, "p_value": 5.448056879964321e-186}