{"correlation": -0.0727916447261156, "p_value": 2.06463897319125e-117}