{"correlation": 0.11988738988178792, "p_value": 2.15485407e-316}