{"correlation": -0.09837559549542059, "p_value": 3.097788499768491e-213}