{"correlation": 0.0731812766044748, "p_value": 1.181359637197311e-118}