{"correlation": 0.08734063183649485, "p_value": 2.3893608564089554e-168}