{"correlation": 0.001550000092287654, "p_value": 0.6242361526427039}