{"correlation": 0.07063252110371424, "p_value": 1.1991383369693765e-110}