{"correlation": 0.04391616649856711, "p_value": 7.726458566838598e-44}