{"correlation": 0.12017588632413222, "p_value": 6.431796e-318}