{"correlation": -0.02579057445270301, "p_value": 3.57671612475071e-16}