{"correlation": 0.10137646356469787, "p_value": 2.219771926557162e-226}