{"correlation": 0.056205318587899476, "p_value": 1.0665532846772338e-70}