{"correlation": 0.10846071991425396, "p_value": 5.211909526915824e-259}