{"correlation": 0.10243356491185263, "p_value": 4.169143381628535e-231}