{"correlation": 0.08410149272134364, "p_value": 3.372676556246177e-156}