{"correlation": -0.04506887288432425, "p_value": 4.4438876933161385e-46}