{"correlation": -0.02475288167850209, "p_value": 5.11746872940125e-15}