{"correlation": 0.002594138778012149, "p_value": 0.41230642248893473}