{"correlation": 0.09787089724797941, "p_value": 4.595184143391094e-211}