{"correlation": 0.11631125855699019, "p_value": 8.423307933518798e-298}