{"correlation": -0.0769421094423357, "p_value": 5.447646166736277e-131}