{"correlation": 0.015093232626102876, "p_value": 1.8397868229501734e-06}