{"correlation": -0.045931149906730036, "p_value": 8.595019370044895e-48}