{"correlation": 0.0886009733227014, "p_value": 3.351403603318504e-173}