{"correlation": 0.09455215961815376, "p_value": 4.5391710950570234e-197}