{"correlation": 0.09350753133965452, "p_value": 9.131647677445693e-193}