{"correlation": 0.05477989077453237, "p_value": 3.025595666182235e-67}