{"correlation": 0.08197541010193748, "p_value": 1.7794578416418374e-148}