{"correlation": 0.10347339241654374, "p_value": 8.360948862409092e-236}