{"correlation": 0.07602026728041694, "p_value": 6.571238849066565e-128}