{"correlation": 0.09831233713969893, "p_value": 5.8051969178548824e-213}