{"correlation": 0.015920991239400432, "p_value": 4.855946902025702e-07}