{"correlation": 0.10057918801432385, "p_value": 7.5484258285715e-223}