{"correlation": 0.08741376272027356, "p_value": 1.2549013529076905e-168}