{"correlation": 0.09130431493340711, "p_value": 7.551996703919302e-184}