{"correlation": -0.015559487977006948, "p_value": 8.758944048902005e-07}