{"correlation": 0.10052140982973051, "p_value": 1.3573203009952308e-222}