{"correlation": 0.034394847945037985, "p_value": 1.5465614637352971e-27}