{"correlation": 0.0815396775327116, "p_value": 6.430891070137325e-147}