{"correlation": 0.09990586756759517, "p_value": 6.890090846620208e-220}