{"correlation": 0.015216165775819395, "p_value": 1.5158977368960715e-06}