{"correlation": 0.059702931982433705, "p_value": 1.512566147003899e-79}