{"correlation": 0.07745459983115198, "p_value": 1.0160339936601195e-132}