{"correlation": -0.006905086852880333, "p_value": 0.029088927638571672}