{"correlation": -0.08302589848922648, "p_value": 2.8820991481129213e-152}