{"correlation": 0.1035988626139998, "p_value": 2.24971786630363e-236}