{"correlation": 0.050852418225162205, "p_value": 3.435109863857288e-58}