{"correlation": 0.07808855487562946, "p_value": 7.107624469667078e-135}