{"correlation": 0.10386983730447913, "p_value": 1.3135131851046218e-237}