{"correlation": 0.022117480439512463, "p_value": 2.733889357001058e-12}