{"correlation": 0.11457819438832303, "p_value": 5.342893041990682e-289}