{"correlation": 0.03294073883565425, "p_value": 2.1567895232572396e-25}