{"correlation": 0.11306798125665264, "p_value": 1.9398527379306247e-281}