{"correlation": 0.058449910278254635, "p_value": 2.5766415246794796e-76}