{"correlation": 0.0721175729185873, "p_value": 2.8090565004919643e-115}