{"correlation": 0.07482038757539307, "p_value": 5.921022019928552e-124}