{"correlation": -0.07971507254676652, "p_value": 1.7423702142668532e-140}