{"correlation": -0.035049309788321534, "p_value": 1.564635690005266e-28}