{"correlation": 0.0057321903966360485, "p_value": 0.07004939982150714}