{"correlation": 0.04758910832646778, "p_value": 3.53802287541553e-51}