{"correlation": -0.1165492334734397, "p_value": 5.084116117889458e-299}