{"correlation": 0.08012946383317433, "p_value": 6.209501263652479e-142}