{"correlation": 0.1053874755636972, "p_value": 1.4065521049921323e-244}