{"correlation": 0.04362643516561249, "p_value": 2.7668404617423014e-43}