{"correlation": 0.11940623181489393, "p_value": 7.3891586846e-314}