{"correlation": 0.009347871604611277, "p_value": 0.0031335407504521793}