{"correlation": 0.11016872461232116, "p_value": 3.2610908763353596e-267}