{"correlation": 0.08122776044477575, "p_value": 8.286931961538722e-146}