{"correlation": 0.06747955964247203, "p_value": 3.876093218056774e-101}