{"correlation": 0.03826547157723087, "p_value": 1.0863599751927907e-33}