{"correlation": 0.0013466728402826342, "p_value": 0.6704017081168341}