{"correlation": 0.07700892165469068, "p_value": 3.2465362520055886e-131}