{"correlation": 0.04492784828032076, "p_value": 8.412671559812845e-46}