{"correlation": 0.03613029514551821, "p_value": 3.2397139177724766e-30}