{"correlation": 0.04417860225564008, "p_value": 2.4155957740019444e-44}