{"correlation": 0.051771372132031646, "p_value": 3.002328909405099e-60}