{"correlation": 0.09263458935718795, "p_value": 3.3081988096183485e-189}