{"correlation": 0.10683221918394416, "p_value": 2.610842511441063e-251}