{"correlation": 0.025417783860606932, "p_value": 9.417419687482097e-16}