{"correlation": 0.10939193442878621, "p_value": 1.8221135702646894e-263}