{"correlation": 0.04189154400186072, "p_value": 4.820690944353463e-40}