{"correlation": 0.03811584585790235, "p_value": 1.9314503052196222e-33}