{"correlation": 0.08261892909008649, "p_value": 8.590236663818466e-151}