{"correlation": 0.10874082060375347, "p_value": 2.4023830394907692e-260}