{"correlation": 0.08853837194978156, "p_value": 5.860589837145367e-173}