{"correlation": 0.04613901742218208, "p_value": 3.2835245343560006e-48}