{"correlation": -0.06948450301657691, "p_value": 3.90753214342753e-107}