{"correlation": 0.10911151421645482, "p_value": 4.0425314250902985e-262}