{"correlation": -0.056189632714081596, "p_value": 1.1653628812964602e-70}