{"correlation": 0.08194145272079191, "p_value": 2.3550789904572845e-148}