{"correlation": 0.09796197638376583, "p_value": 1.8677276440377481e-211}