{"correlation": -0.030212138425002963, "p_value": 1.2933228391114283e-21}