{"correlation": 0.06774531608857484, "p_value": 6.363556387637489e-102}