{"correlation": 0.04883390332974438, "p_value": 8.479662453026722e-54}