{"correlation": 0.09428984744658038, "p_value": 5.523242954330819e-196}