{"correlation": 0.0040572924325295145, "p_value": 0.199753515913489}