{"correlation": 0.03550629440740054, "p_value": 3.081102413894029e-29}