{"correlation": 0.016496728276760894, "p_value": 1.849030313286009e-07}