{"correlation": 0.12014541184673272, "p_value": 9.324125e-318}