{"correlation": 0.08672970625209976, "p_value": 5.074161199315383e-166}