{"correlation": -0.017455502975091422, "p_value": 3.448734299882732e-08}