{"correlation": 0.015837869966112306, "p_value": 5.567538437899399e-07}