{"correlation": -0.02254511826136079, "p_value": 1.0335353317480891e-12}