{"correlation": 0.08054006046422103, "p_value": 2.2426163863507325e-143}