{"correlation": -0.11252915779509533, "p_value": 9.124312666103656e-279}