{"correlation": 0.04496784016305949, "p_value": 7.021361274630446e-46}