{"correlation": -0.05812482156153745, "p_value": 1.7305896744727062e-75}