{"correlation": 0.0678011050188685, "p_value": 4.350902072966713e-102}