{"correlation": 0.11833403972433819, "p_value": 3.021354693863815e-308}