{"correlation": 0.0631632031555491, "p_value": 7.935373345184867e-89}