{"correlation": 0.0110192621143191, "p_value": 0.0004965978621632316}