{"correlation": 0.02674381716880859, "p_value": 2.826733352376667e-17}