{"correlation": 0.012998619380516612, "p_value": 3.987547166675545e-05}