{"correlation": 0.07284786356617313, "p_value": 1.3676823659761362e-117}