{"correlation": 0.027485754915015752, "p_value": 3.6849201359787474e-18}