{"correlation": -0.016190460016192287, "p_value": 3.1027391541208804e-07}