{"correlation": 0.10817877020564516, "p_value": 1.144498814425924e-257}