{"correlation": 0.08235586281276228, "p_value": 7.640084189351599e-150}