{"correlation": 0.06129176272013702, "p_value": 9.63078491186266e-84}