{"correlation": 0.001334135106883257, "p_value": 0.6732919111080817}