{"correlation": 0.10561086505911428, "p_value": 1.2985262538457936e-245}