{"correlation": 0.035393181973377943, "p_value": 4.6155391057044505e-29}