{"correlation": 0.06181598148062545, "p_value": 3.7582559338635717e-85}