{"correlation": -0.0950522999695459, "p_value": 3.7961883039431606e-199}