{"correlation": 0.09000607450191395, "p_value": 1.0757123964497268e-178}