{"correlation": 0.05707195030240959, "p_value": 7.680289083210827e-73}