{"correlation": -0.0009424810023274072, "p_value": 0.7658118390816079}