{"correlation": -0.07454714749134651, "p_value": 4.614448844779238e-123}