{"correlation": 0.10104124590141142, "p_value": 6.833171766022703e-225}