{"correlation": 0.07420086586949838, "p_value": 6.158747748666509e-122}