{"correlation": 0.0663068090368335, "p_value": 1.0331095567047842e-97}