{"correlation": 0.08475439680594245, "p_value": 1.3073116843958607e-158}