{"correlation": 0.08456740647969901, "p_value": 6.44143693474255e-158}