{"correlation": 0.04273574435633989, "p_value": 1.325209747513097e-41}