{"correlation": 0.09274716895099308, "p_value": 1.1547829877271123e-189}