{"correlation": 0.10961502587646202, "p_value": 1.5387376875150426e-264}