{"correlation": 0.11222436987210477, "p_value": 2.9247188809631356e-277}