{"correlation": 0.05525459118116486, "p_value": 2.1917287545616744e-68}