{"correlation": 0.1142812844989613, "p_value": 1.6680121423529873e-287}