{"correlation": 0.09082068940295829, "p_value": 6.407101981662487e-182}