{"correlation": 0.027392545700239346, "p_value": 4.774083912108899e-18}