{"correlation": 0.05719959411251059, "p_value": 3.690015339952127e-73}