{"correlation": 0.08886235220797287, "p_value": 3.235524781565019e-174}