{"correlation": 0.10911507718649702, "p_value": 3.886624029033915e-262}