{"correlation": 0.0039863035875053795, "p_value": 0.2077347189045853}