{"correlation": -0.07903358896417757, "p_value": 4.0372950571290715e-138}