{"correlation": 0.05631220580021536, "p_value": 5.827660468670303e-71}