{"correlation": 0.1063592653410441, "p_value": 4.2724674672987576e-249}