{"correlation": 0.0750817024393395, "p_value": 8.251180055513255e-125}