{"correlation": 0.01941568573808548, "p_value": 8.429236948567859e-10}