{"correlation": 0.09792546466018211, "p_value": 2.6797695673318237e-211}