{"correlation": -0.06168821259352403, "p_value": 8.306803655021234e-85}