{"correlation": -0.04082228726158368, "p_value": 4.1273788081783285e-38}