{"correlation": 0.09435487734245367, "p_value": 2.974698718269215e-196}