{"correlation": 0.05769195963364161, "p_value": 2.1497095285500042e-74}