{"correlation": 0.04695239908065992, "p_value": 7.29506342417012e-50}