{"correlation": 0.11083113118450066, "p_value": 1.9792758293383557e-270}