{"correlation": -0.061082662530656126, "p_value": 3.484968000233373e-83}