{"correlation": 0.03060131998318342, "p_value": 3.912701300553355e-22}