{"correlation": 0.09438438799325655, "p_value": 2.246059619383152e-196}