{"correlation": 0.09817124724737755, "p_value": 2.352570786868209e-212}