{"correlation": 0.03166664096923651, "p_value": 1.373408425004278e-23}