{"correlation": -0.018586463996231293, "p_value": 4.241427681989909e-09}