{"correlation": 0.10153389748068489, "p_value": 4.421739651977762e-227}