{"correlation": 0.05779610571174099, "p_value": 1.174539941986318e-74}