{"correlation": 0.05790659070019624, "p_value": 6.17817035158955e-75}