{"correlation": 0.10849056998461863, "p_value": 3.756215639423252e-259}