{"correlation": 0.017005723282342382, "p_value": 7.666663944191214e-08}