{"correlation": -0.010392478960306378, "p_value": 0.0010217002322134982}