{"correlation": 0.0893242476709982, "p_value": 5.109511066189927e-176}