{"correlation": 0.07762725935484313, "p_value": 2.6405463925794615e-133}