{"correlation": 0.08641953607766724, "p_value": 7.594625673564061e-165}