{"correlation": 0.0483374760244397, "p_value": 9.582383961228244e-53}