{"correlation": 0.09255056403060857, "p_value": 7.250712468453886e-189}