{"correlation": 0.07784727299015613, "p_value": 4.721411293329298e-134}