{"correlation": 0.005534763521002177, "p_value": 0.08025719672610492}