{"correlation": -0.043012780570201435, "p_value": 4.011811463400192e-42}