{"correlation": 0.0629437223714604, "p_value": 3.189786602048263e-88}