{"correlation": 0.07376730862411456, "p_value": 1.5525947121582185e-120}