{"correlation": -0.07653741765144002, "p_value": 1.2404593089050801e-129}