{"correlation": 0.10201251031850515, "p_value": 3.2251776129817653e-229}