{"correlation": -0.08554295874568073, "p_value": 1.508532002800054e-161}