{"correlation": 0.018331842925583427, "p_value": 6.872872488032153e-09}