{"correlation": 0.10601708408936253, "p_value": 1.6833581369824874e-247}