{"correlation": 0.06726418575479272, "p_value": 1.667444364121451e-100}