{"correlation": 0.043906188899871225, "p_value": 8.074572087640551e-44}