{"correlation": 0.00787158330809307, "p_value": 0.01285580104397158}