{"correlation": 0.05835357271699954, "p_value": 4.535781626740743e-76}