{"correlation": 0.003445815284121534, "p_value": 0.2761523286299199}