{"correlation": 0.03548213781130462, "p_value": 3.3592033566027515e-29}