{"correlation": 0.07966170774376405, "p_value": 2.67344889855016e-140}