{"correlation": 0.07849710670769175, "p_value": 2.840698501304624e-136}