{"correlation": 0.08387504193555667, "p_value": 2.290854674365768e-155}