{"correlation": 0.03997559924800745, "p_value": 1.2906660893391134e-36}