{"correlation": -0.0969291001016043, "p_value": 4.826272969660194e-207}