{"correlation": 0.11904783375299138, "p_value": 5.62540204927e-312}