{"correlation": 0.07333708283470662, "p_value": 3.746934802263308e-119}