{"correlation": 0.08528358655216468, "p_value": 1.4057117408890825e-160}