{"correlation": -0.039237384280246555, "p_value": 2.449400127595251e-35}