{"correlation": 0.11424130867865431, "p_value": 2.649134850195656e-287}