{"correlation": 0.08567590685284104, "p_value": 4.792232280803242e-162}