{"correlation": 0.0815095650122218, "p_value": 8.234363250417586e-147}