{"correlation": 0.08172249795408691, "p_value": 1.4309000994797063e-147}