{"correlation": 0.038423362271179894, "p_value": 5.9048485681972946e-34}