{"correlation": -0.049907238105807064, "p_value": 4.119112764240681e-56}