{"correlation": 0.09207757006433126, "p_value": 5.927735660923752e-187}