{"correlation": 0.10962396006748215, "p_value": 1.393576785000607e-264}