{"correlation": 0.08483755003531199, "p_value": 6.425194023070206e-159}