{"correlation": 0.0760751051208367, "p_value": 4.319053983224067e-128}