{"correlation": -0.035915401162783876, "p_value": 7.067728326994008e-30}