{"correlation": 0.12023304050449975, "p_value": 3.20442e-318}