{"correlation": 0.09034594517328554, "p_value": 4.89486977632271e-180}