{"correlation": 0.08951097905384953, "p_value": 9.492263450871511e-177}