{"correlation": 0.08837765749157679, "p_value": 2.4561711578794094e-172}