{"correlation": 0.11216800521818765, "p_value": 5.547663941122883e-277}