{"correlation": -0.0329611353544797, "p_value": 2.0153898049715858e-25}