{"correlation": 0.10616754808160087, "p_value": 3.35158821078844e-248}