{"correlation": 0.10787470528972665, "p_value": 3.1729725638891245e-256}