{"correlation": -0.00295203292080308, "p_value": 0.3508460296553352}