{"correlation": 0.0931552043843684, "p_value": 2.5181881914956102e-191}