{"correlation": 0.09431436159743703, "p_value": 4.374272366382882e-196}