{"correlation": 0.0428047833437573, "p_value": 9.846283653477714e-42}