{"correlation": 0.07516942037237685, "p_value": 4.251485237131753e-125}