{"correlation": 0.08467352661618902, "p_value": 2.6068050247341334e-158}