{"correlation": 0.08901991976803096, "p_value": 7.878363086833837e-175}