{"correlation": 0.09783610637888453, "p_value": 6.479736806115184e-211}