{"correlation": 0.06035037764291318, "p_value": 3.0420030417048326e-81}