{"correlation": 0.07767878908450884, "p_value": 1.7651578728085022e-133}