{"correlation": 0.0005944698819424517, "p_value": 0.8509756897660415}