{"correlation": 0.10743332436148405, "p_value": 3.877273447677749e-254}