{"correlation": 0.1109964583903812, "p_value": 3.094197541516778e-271}