{"correlation": 0.07307104147417239, "p_value": 2.65814416994961e-118}