{"correlation": 0.10936402967519568, "p_value": 2.4813190444598623e-263}