{"correlation": -0.06667702461744035, "p_value": 8.693940036502444e-99}