{"correlation": 0.07154013741185403, "p_value": 1.82176494366571e-113}