{"correlation": 0.10188036474981371, "p_value": 1.2578134124361139e-228}