{"correlation": 0.10173476508750341, "p_value": 5.622797576738842e-228}