{"correlation": 0.022328094699650875, "p_value": 1.69704723713549e-12}