{"correlation": -0.03666594595598359, "p_value": 4.543398629765641e-31}