{"correlation": 0.03128226271001943, "p_value": 4.659074102655738e-23}