{"correlation": -0.071551173398493, "p_value": 1.682674044464913e-113}