{"correlation": 0.06799200954365169, "p_value": 1.1817309086409392e-102}