{"correlation": -0.11965008215423942, "p_value": 3.846622956e-315}