{"correlation": -0.04424172606835365, "p_value": 1.8244029993367952e-44}