{"correlation": 0.04409123135568209, "p_value": 3.560146068444969e-44}