{"correlation": 0.08645361851119554, "p_value": 5.643995653471537e-165}