{"correlation": 0.01756331220804989, "p_value": 2.8394256806692978e-08}