{"correlation": 0.08865513877746513, "p_value": 2.065756563119494e-173}