{"correlation": 0.051581809063926974, "p_value": 8.037044097690334e-60}