{"correlation": 0.0463396051631739, "p_value": 1.2920789641532597e-48}