{"correlation": 0.07426773615236475, "p_value": 3.7375200336602076e-122}