{"correlation": 0.0924919508824211, "p_value": 1.2529030378309377e-188}