{"correlation": 0.03968888219062385, "p_value": 4.074538825676681e-36}