{"correlation": 0.06456087721788632, "p_value": 1.0057783221738187e-92}