{"correlation": 0.06927732591513198, "p_value": 1.6584998294846525e-106}