{"correlation": 0.11269988591942899, "p_value": 1.3027042758923622e-279}