{"correlation": 0.1180907173922818, "p_value": 5.577728617191633e-307}