{"correlation": 0.0716782438508114, "p_value": 6.73694159604282e-114}