{"correlation": 0.05714949667406194, "p_value": 4.9210555350509955e-73}