{"correlation": 0.013003032961158791, "p_value": 3.963535768570491e-05}