{"correlation": 0.10724525881076548, "p_value": 2.986306000830593e-253}