{"correlation": -0.04940060424150601, "p_value": 5.165371477865582e-55}