{"correlation": 0.056523148624025465, "p_value": 1.7620077336671622e-71}