{"correlation": 0.08650802911587936, "p_value": 3.5129120013025846e-165}