{"correlation": -0.03415861503710607, "p_value": 3.4991287454462106e-27}