{"correlation": 0.01686535360983684, "p_value": 9.797983986732573e-08}