{"correlation": 0.08825004722580937, "p_value": 7.648463591496702e-172}