{"correlation": -0.05574292006623253, "p_value": 1.4380447210654648e-69}