{"correlation": 0.04844830836518416, "p_value": 5.588422611569835e-53}