{"correlation": -0.036695527353641406, "p_value": 4.072915109374616e-31}