{"correlation": 0.10551515519140268, "p_value": 3.606098965928946e-245}