{"correlation": -0.02513270357604153, "p_value": 1.9563140063275524e-15}