{"correlation": -0.03448464517248375, "p_value": 1.1322615198962884e-27}