{"correlation": 0.11543841282183269, "p_value": 2.3748434126012278e-293}