{"correlation": 0.017612406562357952, "p_value": 2.5978875381092505e-08}