{"correlation": -0.10397223364614734, "p_value": 4.481141237279425e-238}