{"correlation": -0.07034089386078736, "p_value": 9.478942644466821e-110}