{"correlation": 0.06753759366730466, "p_value": 2.6139825368974164e-101}