{"correlation": -0.07392711667116059, "p_value": 4.735954589607056e-121}