{"correlation": 0.11920345187536734, "p_value": 8.5878768458e-313}