{"correlation": 0.08623871797978187, "p_value": 3.6610482930447385e-164}