{"correlation": -0.05341194999445372, "p_value": 5.14083039693164e-64}