{"correlation": 0.03577634268686658, "p_value": 1.1679846879405276e-29}