{"correlation": 0.11520087651216264, "p_value": 3.808455149553067e-292}