{"correlation": 0.06037842928051371, "p_value": 2.56589753407488e-81}