{"correlation": 0.015926192351401428, "p_value": 4.814466185536321e-07}