{"correlation": 0.01094920841884768, "p_value": 0.0005392866671901848}