{"correlation": 0.0997774900164517, "p_value": 2.513973189444758e-219}