{"correlation": 0.11086890428237885, "p_value": 1.2956077099764837e-270}