{"correlation": 0.09209138906957862, "p_value": 5.213795091834544e-187}