{"correlation": -0.09036951664706762, "p_value": 3.948941386436083e-180}