{"correlation": 0.04879294772241207, "p_value": 1.0367294829372783e-53}