{"correlation": 0.0768289300031164, "p_value": 1.3078270796634035e-130}