{"correlation": 0.10088128442573932, "p_value": 3.491856734327383e-224}