{"correlation": -0.021965019755960876, "p_value": 3.850418281357424e-12}