{"correlation": 0.07079527763407151, "p_value": 3.768196593709242e-111}