{"correlation": -0.004136571335572844, "p_value": 0.19110765528054424}