{"correlation": 0.10118764240658205, "p_value": 1.5320129729051852e-225}