{"correlation": 0.07405374380258296, "p_value": 1.8451137887035785e-121}