{"correlation": 0.06257643569291499, "p_value": 3.23685134084923e-87}