{"correlation": -0.0674632674860421, "p_value": 4.3291132868600174e-101}