{"correlation": 0.09206168369046196, "p_value": 6.869914485342018e-187}