{"correlation": 0.035026023026519415, "p_value": 1.6987624716000996e-28}