{"correlation": 0.032701218128765606, "p_value": 4.76746520891463e-25}