{"correlation": 0.07262293562330953, "p_value": 7.091749165368396e-117}