{"correlation": -0.07422175820246109, "p_value": 5.269198419218989e-122}