{"correlation": 0.09617041239741532, "p_value": 7.84010506569951e-204}