{"correlation": 0.06414508956748806, "p_value": 1.481715377070556e-91}