{"correlation": 0.0027158591318849484, "p_value": 0.39072144652623075}