{"correlation": -0.04816397587696174, "p_value": 2.2233073460093478e-52}