{"correlation": 0.0568979840901688, "p_value": 2.080230139240388e-72}