{"correlation": 0.11548730516354858, "p_value": 1.3405075186513493e-293}