{"correlation": 0.033761707998182226, "p_value": 1.3624002917958936e-26}