{"correlation": -0.03062318064793871, "p_value": 3.656938266827701e-22}