{"correlation": 0.046490245090012004, "p_value": 6.396594836619623e-49}