{"correlation": 0.1194445872410426, "p_value": 4.643956054e-314}