{"correlation": 0.1091396438897678, "p_value": 2.963359012223883e-262}