{"correlation": -0.11425182144496471, "p_value": 2.3457269873399687e-287}