{"correlation": 0.08904483794920388, "p_value": 6.299601926346932e-175}