{"correlation": 0.10834373861756555, "p_value": 1.879616814591983e-258}