{"correlation": -0.004804336243968899, "p_value": 0.12892617774843776}