{"correlation": 0.024492296970778867, "p_value": 9.817424808256068e-15}