{"correlation": 0.028584892622675336, "p_value": 1.629711943308525e-19}