{"correlation": -0.02204615871650627, "p_value": 3.209810515854478e-12}