{"correlation": 0.0798856689206622, "p_value": 4.4249894386221914e-141}