{"correlation": 0.09200501790895635, "p_value": 1.1624311277494135e-186}