{"correlation": 0.03265743430857849, "p_value": 5.507951464751769e-25}