{"correlation": -0.02486790168072382, "p_value": 3.8303814758807706e-15}