{"correlation": 0.056616657265737995, "p_value": 1.0353893300207083e-71}