{"correlation": 0.10977516564938444, "p_value": 2.601768486989365e-265}