{"correlation": 0.08338548138913339, "p_value": 1.4157334122558324e-153}