{"correlation": 0.054186161826055804, "p_value": 7.813621124395208e-66}