{"correlation": 0.10062333180571101, "p_value": 4.820180675491943e-223}