{"correlation": 0.06792646980668482, "p_value": 1.849413844149363e-102}