{"correlation": 0.04745500733079062, "p_value": 6.714776694133926e-51}