{"correlation": 0.024980373802622337, "p_value": 2.8818281331701232e-15}