{"correlation": 0.10062401816834803, "p_value": 4.7866747786044785e-223}