{"correlation": 0.0647698285620935, "p_value": 2.5854704270888366e-93}