{"correlation": 0.01958892929311469, "p_value": 5.963480479916605e-10}