{"correlation": 0.05898552209730243, "p_value": 1.091933137190682e-77}