{"correlation": 0.044275154919844406, "p_value": 1.5721484807491513e-44}