{"correlation": 0.08433913449546818, "p_value": 4.491527575594233e-157}