{"correlation": -0.013348203545117749, "p_value": 2.4571993122255195e-05}