{"correlation": 0.023344803169188938, "p_value": 1.5972933496011188e-13}