{"correlation": 0.07470185067726505, "p_value": 1.4442666317276511e-123}