{"correlation": 0.07354657151853879, "p_value": 7.970015543920414e-120}