{"correlation": 0.08427131126485304, "p_value": 7.989886320647607e-157}