{"correlation": 0.022465118460371067, "p_value": 1.2415063358547272e-12}