{"correlation": 0.11227120865407257, "p_value": 1.7176588720284293e-277}