{"correlation": 0.10681805548531076, "p_value": 3.0424727605698953e-251}