{"correlation": 0.03709453014623137, "p_value": 9.243660976910921e-32}