{"correlation": 0.10680883551430284, "p_value": 3.361053495542806e-251}