{"correlation": 0.012380595361927274, "p_value": 9.120986378637458e-05}