{"correlation": 0.07059943591137662, "p_value": 1.51678202012606e-110}