{"correlation": 0.024487570484767816, "p_value": 9.933510568325653e-15}