{"correlation": 0.07772003523380103, "p_value": 1.2784833125098251e-133}