{"correlation": -0.003613415006574315, "p_value": 0.2534658644331351}