{"correlation": 0.04843275951525485, "p_value": 6.028032262202388e-53}