{"correlation": 0.048138114402071996, "p_value": 2.5198326651257326e-52}