{"correlation": -0.023698614521933725, "p_value": 6.852930436212623e-14}