{"correlation": 0.11523075178518434, "p_value": 2.687323392915841e-292}