{"correlation": 0.07037822750971165, "p_value": 7.278166288185327e-110}