{"correlation": 0.04578769537185928, "p_value": 1.665557385195965e-47}