{"correlation": 0.08612120012551487, "p_value": 1.015759169498635e-163}