{"correlation": 0.10797910035273543, "p_value": 1.0152148635521354e-256}