{"correlation": 0.027858416553935526, "p_value": 1.297369452192636e-18}