{"correlation": 0.12004160525485276, "p_value": 3.301065e-317}