{"correlation": -0.046631712952772186, "p_value": 3.2983895210271532e-49}