{"correlation": 0.055159125821817465, "p_value": 3.722570678351123e-68}