{"correlation": -0.07596723062123271, "p_value": 9.85810492393413e-128}