{"correlation": 0.03898101701620914, "p_value": 6.72120833321296e-35}