{"correlation": 0.10555661178221062, "p_value": 2.3171225978470857e-245}