{"correlation": 0.09780583856638322, "p_value": 8.737029034447773e-211}