{"correlation": 0.07353304006005873, "p_value": 8.809228611540969e-120}