{"correlation": -0.043536451776567585, "p_value": 4.1048983936930536e-43}