{"correlation": 0.03596259686892435, "p_value": 5.957285998255549e-30}