{"correlation": 0.07318559681506266, "p_value": 1.144374989377843e-118}