{"correlation": 0.11048281575643742, "p_value": 9.783542859688251e-269}