{"correlation": -0.07558461755648015, "p_value": 1.8233162723410775e-126}