{"correlation": 0.09743524056465813, "p_value": 3.3681884864316635e-209}