{"correlation": 0.07384286842966337, "p_value": 8.859115034752798e-121}