{"correlation": 0.07761680709974968, "p_value": 2.8652214428245715e-133}