{"correlation": 0.09342175733384732, "p_value": 2.0500142107656792e-192}