{"correlation": 0.05272723046544405, "p_value": 1.982759156673691e-62}