{"correlation": 0.10306554946007301, "p_value": 5.896543232651708e-234}