{"correlation": 0.057484920232203134, "p_value": 7.125885477310953e-74}