{"correlation": 0.0686246255542178, "p_value": 1.5320856994744964e-104}