{"correlation": 0.058915202557403006, "p_value": 1.656346419810577e-77}