{"correlation": -0.008192073069599369, "p_value": 0.009624666431096949}