{"correlation": 0.09345574263201899, "p_value": 1.4881297961741922e-192}