{"correlation": 0.11114337194309717, "p_value": 5.933669591311245e-272}