{"correlation": 0.06211990564671091, "p_value": 5.659484593727684e-86}