{"correlation": 0.07126595222536797, "p_value": 1.3053393573763033e-112}