{"correlation": 0.07698330260061369, "p_value": 3.959482440751366e-131}