{"correlation": -0.08814850569877886, "p_value": 1.8862416409379608e-171}