{"correlation": -0.03575798364962407, "p_value": 1.2478910350035278e-29}