{"correlation": 0.028535253283321786, "p_value": 1.8810223796133944e-19}