{"correlation": 0.10522599934694502, "p_value": 7.84685981363179e-244}