{"correlation": 0.08027685685201866, "p_value": 1.8887139886574924e-142}