{"correlation": -0.042900536345759285, "p_value": 6.516248202832335e-42}