{"correlation": 0.0722946948065548, "p_value": 7.759470372384917e-116}