{"correlation": 0.11502178984724631, "p_value": 3.073562772980312e-291}