{"correlation": 0.1085018270302203, "p_value": 3.3196801756911857e-259}