{"correlation": 0.06336915128594513, "p_value": 2.141449314451702e-89}