{"correlation": 0.11018087524227117, "p_value": 2.847955510378951e-267}