{"correlation": -0.0651063812686831, "p_value": 2.8726216711190256e-94}