{"correlation": 0.02574166124641557, "p_value": 4.064340770584643e-16}