{"correlation": 0.005037520691390452, "p_value": 0.11137437565104849}