{"correlation": 0.10949138072213921, "p_value": 6.058470803483852e-264}