{"correlation": 0.07357783033335952, "p_value": 6.323956211571415e-120}