{"correlation": -0.07826719340353362, "p_value": 1.742715819797138e-135}