{"correlation": 0.0877579516583068, "p_value": 6.013881525063612e-170}