{"correlation": 0.08543283471740096, "p_value": 3.894760108909909e-161}