{"correlation": 0.07194179902074291, "p_value": 1.0038589815817938e-114}