{"correlation": -0.04291212237643195, "p_value": 6.198385052383844e-42}