{"correlation": 0.08901477747766427, "p_value": 8.250409818742258e-175}