{"correlation": -0.03195307607986384, "p_value": 5.474388724408756e-24}