{"correlation": 0.09021877871581177, "p_value": 1.5575759931160336e-179}