{"correlation": 0.09933128730142253, "p_value": 2.2307763868153903e-217}