{"correlation": 0.05213782628388084, "p_value": 4.4292503479739024e-61}