{"correlation": 0.0850534767197639, "p_value": 1.0124729124409437e-159}