{"correlation": 0.06778505990593131, "p_value": 4.8538083416664265e-102}