{"correlation": 0.11816307337113699, "p_value": 2.3452795826322896e-307}