{"correlation": 0.06840533417511198, "p_value": 6.941732362433114e-104}