{"correlation": -0.05091343271381364, "p_value": 2.5142387349579735e-58}