{"correlation": 0.026611453170711424, "p_value": 4.042617771199883e-17}