{"correlation": 0.03689568429728146, "p_value": 1.9394436713280603e-31}