{"correlation": 0.09792848712608711, "p_value": 2.600884264948346e-211}