{"correlation": -0.032489678134995634, "p_value": 9.560212736205181e-25}