{"correlation": -0.06834095630395834, "p_value": 1.0806988433246128e-103}