{"correlation": 0.006521767863525787, "p_value": 0.039290378862957054}