{"correlation": 0.08859067063530145, "p_value": 3.6743768352107935e-173}