{"correlation": 0.10971231311912517, "p_value": 5.228341752461478e-265}