{"correlation": 0.06555141510138549, "p_value": 1.5445675886902866e-95}