{"correlation": 0.08557142727334464, "p_value": 1.1802629315426398e-161}