{"correlation": 0.09308064654371451, "p_value": 5.072485119535727e-191}