{"correlation": 0.05241218459629799, "p_value": 1.0477255496804907e-61}