{"correlation": 0.029376753842991314, "p_value": 1.6003937188266565e-20}