{"correlation": 0.030237481980860643, "p_value": 1.196997106315491e-21}