{"correlation": 0.061382421049681356, "p_value": 5.506879017805361e-84}