{"correlation": 0.10342599600619456, "p_value": 1.37226530319782e-235}