{"correlation": -0.0005039707709984237, "p_value": 0.8734540168105835}