{"correlation": 0.06044513203601213, "p_value": 1.7113119316893104e-81}