{"correlation": 0.10020921633642318, "p_value": 3.213708492611797e-221}