{"correlation": 0.09127627958431907, "p_value": 9.77562929408485e-184}