{"correlation": 0.054414372128651876, "p_value": 2.248683762393877e-66}