{"correlation": 0.112401515781371, "p_value": 3.9026329549561616e-278}