{"correlation": 0.030088058184362707, "p_value": 1.8874648687436115e-21}