{"correlation": 0.026372074226142215, "p_value": 7.686933076747542e-17}