{"correlation": -0.04575710466164153, "p_value": 1.9173943066073921e-47}