{"correlation": 0.06513061439067434, "p_value": 2.4511860049143217e-94}