{"correlation": 0.11079223700386863, "p_value": 3.0614984751724397e-270}