{"correlation": 0.08308277539022607, "p_value": 1.790944463585176e-152}