{"correlation": 0.10715333264935474, "p_value": 8.089646095553463e-253}