{"correlation": 0.0645842683973973, "p_value": 8.640794136074584e-93}