{"correlation": 0.09751273076143126, "p_value": 1.5713439591728963e-209}