{"correlation": 0.11146609681057178, "p_value": 1.5645430592721805e-273}