{"correlation": 0.10785686820513019, "p_value": 3.854589289253273e-256}