{"correlation": 0.10264548566764368, "p_value": 4.640276896821847e-232}