{"correlation": -0.11110700528625383, "p_value": 8.932108534234963e-272}