{"correlation": -0.0017679543457838282, "p_value": 0.5763412595227418}