{"correlation": 0.06853877498063414, "p_value": 2.7696499857135818e-104}