{"correlation": 0.052959403425246174, "p_value": 5.777008593329812e-63}