{"correlation": 0.1177503203610674, "p_value": 3.2613805933213197e-305}