{"correlation": 0.05701114501329271, "p_value": 1.0883747898526683e-72}