{"correlation": -0.06319429352495493, "p_value": 6.513436003580365e-89}