{"correlation": 0.09442062128400958, "p_value": 1.5905581468516544e-196}