{"correlation": 0.027019332669219156, "p_value": 1.3349191569609678e-17}