{"correlation": 0.0754091724662796, "p_value": 6.913733340499771e-126}