{"correlation": 0.05280886950405216, "p_value": 1.2859268440214533e-62}