{"correlation": 0.0431949627976962, "p_value": 1.820798157093713e-42}