{"correlation": -0.10877231707034316, "p_value": 1.69884163028576e-260}