{"correlation": 0.07830347457737259, "p_value": 1.3093734633988429e-135}