{"correlation": -0.022307208590357744, "p_value": 1.7795687317675252e-12}