{"correlation": 0.004370291167509059, "p_value": 0.16722541072371186}