{"correlation": 0.07415633748820188, "p_value": 8.586597566898538e-122}