{"correlation": 0.10483622265174254, "p_value": 4.9193296105000904e-242}