{"correlation": -0.05365489273309054, "p_value": 1.3909574605282204e-64}