{"correlation": 0.09219186954991966, "p_value": 2.0494646697438293e-187}