{"correlation": 0.016990501723820956, "p_value": 7.874058238791446e-08}