{"correlation": -0.09645565298546736, "p_value": 4.90020068600842e-205}