{"correlation": 0.11388989712962358, "p_value": 1.5348960402072709e-285}