{"correlation": 0.05138836211465439, "p_value": 2.1871684213564537e-59}