{"correlation": 0.04438553827595459, "p_value": 9.610530836903826e-45}