{"correlation": 0.0369366478446679, "p_value": 1.6653951342499338e-31}