{"correlation": 0.028389656916488436, "p_value": 2.8606495866462077e-19}