{"correlation": 0.04408929627423646, "p_value": 3.590829096640532e-44}