{"correlation": 0.11317023208456929, "p_value": 6.01386606574879e-282}