{"correlation": 0.11366698257214795, "p_value": 2.002258681863817e-284}