{"correlation": 0.04728261734336814, "p_value": 1.5261832614361344e-50}