{"correlation": -0.06883281967118428, "p_value": 3.633714886056487e-105}