{"correlation": 0.08794609200330705, "p_value": 1.136829192504985e-170}