{"correlation": 0.0904995886783094, "p_value": 1.2061670504519179e-180}