{"correlation": -0.08015206334929949, "p_value": 5.174460277803237e-142}