{"correlation": 0.093358055653916, "p_value": 3.7357356122826706e-192}