{"correlation": 0.01293732467887784, "p_value": 4.335614287799981e-05}