{"correlation": 0.030028355527586936, "p_value": 2.262746832188504e-21}