{"correlation": -0.06487901350354694, "p_value": 1.2691142922684321e-93}