{"correlation": -0.07336114533457858, "p_value": 3.137338983375295e-119}