{"correlation": 0.11664020229258341, "p_value": 1.7356418642074377e-299}