{"correlation": 0.05646094637043751, "p_value": 2.5083870145574294e-71}