{"correlation": 0.11309006105894613, "p_value": 1.5065359710792486e-281}