{"correlation": 0.025950288788101912, "p_value": 2.352501857834398e-16}