{"correlation": -0.0493352826620487, "p_value": 7.143232758321902e-55}