{"correlation": 0.09727019818765904, "p_value": 1.7051020878962278e-208}