{"correlation": -0.027932084690304497, "p_value": 1.0537460609775572e-18}