{"correlation": 0.11776818311804914, "p_value": 2.635172760007215e-305}