{"correlation": 0.07381557769068407, "p_value": 1.0849941802819935e-120}