{"correlation": 0.06206996946432736, "p_value": 7.729428155362869e-86}