{"correlation": 0.046479503704524514, "p_value": 6.725952468033299e-49}