{"correlation": 0.028691867589873347, "p_value": 1.195440266419089e-19}