{"correlation": 0.09427478714212124, "p_value": 6.373933332974835e-196}