{"correlation": -0.043641250051554205, "p_value": 2.592653873180985e-43}