{"correlation": 0.0931168171384516, "p_value": 3.61165603837473e-191}