{"correlation": 0.08186045395278685, "p_value": 4.593396528564412e-148}