{"correlation": -0.05571701196381746, "p_value": 1.6626399073821734e-69}