{"correlation": -0.04340596837016744, "p_value": 7.262797334317945e-43}