{"correlation": -0.02687628941396189, "p_value": 1.9725464812378283e-17}