{"correlation": 0.06436015415631785, "p_value": 3.6934409527169325e-92}