{"correlation": 0.04922654406616532, "p_value": 1.224211996398549e-54}