{"correlation": 0.07466274000021218, "p_value": 1.9376847773754312e-123}