{"correlation": 0.048746499228445046, "p_value": 1.3018794178472428e-53}