{"correlation": 0.06606798415364286, "p_value": 5.062797284862463e-97}