{"correlation": 0.07769881323631236, "p_value": 1.5093253331229205e-133}