{"correlation": 0.07340040982431456, "p_value": 2.347865540527853e-119}