{"correlation": 0.11808326847949588, "p_value": 6.097888675107564e-307}