{"correlation": 0.03443173373662268, "p_value": 1.3607645797355961e-27}