{"correlation": 0.006638084571529118, "p_value": 0.0359144972331869}