{"correlation": -0.013422333635409772, "p_value": 2.2141199532288465e-05}