{"correlation": 0.08639458688611533, "p_value": 9.437265785793315e-165}