{"correlation": 0.1031676522094555, "p_value": 2.03501150456675e-234}