{"correlation": 0.039945137516574705, "p_value": 1.4589030575566463e-36}