{"correlation": -0.03105455568430123, "p_value": 9.540407733646828e-23}