{"correlation": -0.02702876548486949, "p_value": 1.3008938492748401e-17}