{"correlation": 0.07190414420965392, "p_value": 1.318212322182874e-114}