{"correlation": 0.05485430367252147, "p_value": 2.0079516693619392e-67}