{"correlation": -0.05366585247925162, "p_value": 1.3111185319124959e-64}