{"correlation": 0.03365176701011252, "p_value": 1.9798131167788242e-26}