{"correlation": 0.1127011644037798, "p_value": 1.283838860034824e-279}