{"correlation": -0.1191609658141716, "p_value": 1.434986323077e-312}