{"correlation": -0.03079741690274724, "p_value": 2.1300073158961297e-22}