{"correlation": 0.07421355777155333, "p_value": 5.601940568822854e-122}