{"correlation": 0.09607530010714627, "p_value": 1.9725172061727474e-203}