{"correlation": 0.059246538900459084, "p_value": 2.315391676255339e-78}