{"correlation": 0.11642528652257854, "p_value": 2.195726008074644e-298}