{"correlation": 0.07102125048147444, "p_value": 7.519686902841878e-112}