{"correlation": -0.09147443693474777, "p_value": 1.574634361381761e-184}