{"correlation": 0.0261474020803626, "p_value": 1.397851480851756e-16}