{"correlation": 0.02944306516695221, "p_value": 1.3140194284694292e-20}