{"correlation": 0.0665273025117045, "p_value": 2.369530482277249e-98}