{"correlation": 0.04305553659652633, "p_value": 3.3339057237631384e-42}