{"correlation": 0.10755059892473436, "p_value": 1.0835502902407874e-254}