{"correlation": 0.11181487009222757, "p_value": 3.0390701821180566e-275}