{"correlation": 0.0836111678627954, "p_value": 2.1215755748199576e-154}