{"correlation": -0.007772758545442302, "p_value": 0.014029565128145979}