{"correlation": 0.10737849162006502, "p_value": 7.033821845786504e-254}