{"correlation": 0.046216868793013254, "p_value": 2.287393682825178e-48}