{"correlation": -0.04850218624180958, "p_value": 4.297881174631052e-53}