{"correlation": -0.049182514519506004, "p_value": 1.5221035126923148e-54}