{"correlation": -0.05561673475216811, "p_value": 2.913823343601153e-69}