{"correlation": 0.0939363018425022, "p_value": 1.5849327851524808e-194}