{"correlation": 0.028769116367510433, "p_value": 9.550737391794472e-20}