{"correlation": 0.0938420563240939, "p_value": 3.8697749726625584e-194}