{"correlation": 0.0845340917673416, "p_value": 8.554930980240308e-158}