{"correlation": 0.060239912519552574, "p_value": 5.941792068476759e-81}