{"correlation": 0.027990039994978604, "p_value": 8.943563381286021e-19}