{"correlation": 0.05542210164722604, "p_value": 8.632814625202581e-69}