{"correlation": 0.10899518341308392, "p_value": 1.4589145372395834e-261}