{"correlation": 0.10342382147679748, "p_value": 1.4038094545586027e-235}