{"correlation": 0.022723057289991522, "p_value": 6.858728780885915e-13}