{"correlation": 0.03453816688584618, "p_value": 9.398675913885606e-28}