{"correlation": -0.005401034899497392, "p_value": 0.08783473874923828}