{"correlation": 0.07587049665266822, "p_value": 2.0641850887246416e-127}