{"correlation": 0.07470071235331342, "p_value": 1.4566767640846529e-123}