{"correlation": 0.04961431070781391, "p_value": 1.783133733431343e-55}