{"correlation": 0.11058187294291447, "p_value": 3.2307152565180294e-269}