{"correlation": 0.07236043942875141, "p_value": 4.8093957501580646e-116}