{"correlation": 0.10918618533662025, "p_value": 1.7723965678144682e-262}