{"correlation": 0.08329552507041565, "p_value": 3.0124526420931237e-153}