{"correlation": 0.06534719185747206, "p_value": 5.921576832967062e-95}