{"correlation": 0.04208649476410973, "p_value": 2.1155037795342006e-40}