{"correlation": 0.04548738594771678, "p_value": 6.608888219099611e-47}