{"correlation": 0.11432524116262024, "p_value": 1.0027780656883198e-287}