{"correlation": 0.0921530472017251, "p_value": 2.940158219400976e-187}