{"correlation": -0.03785221881824157, "p_value": 5.294739500897345e-33}