{"correlation": 0.07407443791409166, "p_value": 1.581438035387525e-121}