{"correlation": 0.07325999882998123, "p_value": 6.615167147940877e-119}