{"correlation": 0.05619378761792865, "p_value": 1.1383345995598919e-70}