{"correlation": 0.07156055327054878, "p_value": 1.5728218453157494e-113}