{"correlation": -0.03716072102378257, "p_value": 7.216627653745399e-32}