{"correlation": -0.07635570661773122, "p_value": 5.02007127479557e-129}