{"correlation": 0.057695682991877245, "p_value": 2.1037920141597737e-74}