{"correlation": 0.05455801619049734, "p_value": 1.0239664582973151e-66}