{"correlation": 0.08087398483167409, "p_value": 1.4869279480046162e-144}