{"correlation": 0.10629259654092046, "p_value": 8.748809186734606e-249}