{"correlation": 0.09522111737966119, "p_value": 7.508460791058194e-200}