{"correlation": 0.11370300252923458, "p_value": 1.3226098669010204e-284}