{"correlation": 0.054903294861735216, "p_value": 1.532475852941242e-67}