{"correlation": 0.02456790903224767, "p_value": 8.132001708349806e-15}