{"correlation": 0.11387887984633509, "p_value": 1.7428535990114447e-285}