{"correlation": 0.08668146123862322, "p_value": 7.734462732278846e-166}