{"correlation": 0.06499596790387825, "p_value": 5.914138982120511e-94}