{"correlation": 0.061001753505420406, "p_value": 5.725392980264357e-83}