{"correlation": 0.012136480294362496, "p_value": 0.00012520662135958674}