{"correlation": -0.043990364563884485, "p_value": 5.565678808072657e-44}