{"correlation": 0.0427467508303386, "p_value": 1.2639526925598554e-41}