{"correlation": 0.028151034881030948, "p_value": 5.661028396856657e-19}