{"correlation": 0.07190850485280169, "p_value": 1.2772834191226952e-114}