{"correlation": 0.08152546433327573, "p_value": 7.22686349860946e-147}