{"correlation": 0.0231901271789443, "p_value": 2.303393677381706e-13}