{"correlation": 0.09950912475889032, "p_value": 3.7419093116312554e-218}