{"correlation": -0.08903068710000271, "p_value": 7.152730286247588e-175}