{"correlation": -0.05982084240729202, "p_value": 7.449192923011683e-80}