{"correlation": 0.07772067145054433, "p_value": 1.2721362512053297e-133}