{"correlation": 0.029727790607758698, "p_value": 5.60786574206309e-21}