{"correlation": 0.022697656120894673, "p_value": 7.273573906416647e-13}