{"correlation": 0.03932282725460702, "p_value": 1.7471090741855076e-35}