{"correlation": 0.11221939061182992, "p_value": 3.094929347948856e-277}