{"correlation": 0.027007228855241053, "p_value": 1.3798681233074123e-17}