{"correlation": 0.11335973468875939, "p_value": 6.84363092726128e-283}