{"correlation": 0.11114424045788618, "p_value": 5.875981593459486e-272}