{"correlation": 0.05974029590528494, "p_value": 1.208662452876593e-79}