{"correlation": 0.07168711176199243, "p_value": 6.319652665385011e-114}