{"correlation": -0.007597210615968489, "p_value": 0.016349279554184838}