{"correlation": 0.06218618084377059, "p_value": 3.7406312426533366e-86}