{"correlation": 0.10754534171941339, "p_value": 1.1473149015854077e-254}