{"correlation": -0.0651362486670812, "p_value": 2.3623955308566686e-94}