{"correlation": -0.029494250435653308, "p_value": 1.128181608887154e-20}