{"correlation": -0.06877443436981504, "p_value": 5.4424804858407e-105}