{"correlation": 0.07707864016124806, "p_value": 1.8907914506499494e-131}