{"correlation": -0.031165457760757798, "p_value": 6.733592401669474e-23}