{"correlation": 0.09193662600746541, "p_value": 2.1920994909619347e-186}