{"correlation": 0.0522699469602034, "p_value": 2.2143269885574088e-61}