{"correlation": 0.02269622168415646, "p_value": 7.29772159124681e-13}