{"correlation": 0.07553916769788412, "p_value": 2.5760011787301673e-126}