{"correlation": 0.10315244172489632, "p_value": 2.3846586229263084e-234}