{"correlation": 0.09001142384186593, "p_value": 1.0247416996176786e-178}