{"correlation": 0.013704893590523194, "p_value": 1.4813889381110186e-05}