{"correlation": 0.11893369459238766, "p_value": 2.229226811538e-311}