{"correlation": -0.030763394860624058, "p_value": 2.3676602197910884e-22}