{"correlation": 0.03603675532630933, "p_value": 4.552127333803032e-30}