{"correlation": 0.04257938522172691, "p_value": 2.5924264980479e-41}