{"correlation": 0.06526720010821088, "p_value": 1.0012441000590067e-94}