{"correlation": 0.061911701712799534, "p_value": 2.072380340955821e-85}