{"correlation": 0.013426586122866999, "p_value": 2.2008936810857902e-05}