{"correlation": 0.0510825904257087, "p_value": 1.056334132817759e-58}