{"correlation": 0.047388811350062995, "p_value": 9.206733588600578e-51}