{"correlation": 0.11528880982567945, "p_value": 1.3643499021102752e-292}