{"correlation": 0.06925388706648725, "p_value": 1.9526479089920597e-106}