{"correlation": 0.001142982764006593, "p_value": 0.7179324801008953}