{"correlation": 0.0434235209726278, "p_value": 6.7268652609737e-43}