{"correlation": 0.10837489536550207, "p_value": 1.3358537570990435e-258}