{"correlation": 0.051488227926694455, "p_value": 1.3050592270393443e-59}