{"correlation": 0.10735312958552831, "p_value": 9.26375774211669e-254}