{"correlation": -0.040634689162437246, "p_value": 8.904856498967658e-38}