{"correlation": 0.11345643783967899, "p_value": 2.2542800310694715e-283}