{"correlation": -0.06488760457772338, "p_value": 1.1999475030618388e-93}