{"correlation": 0.11055061551759617, "p_value": 4.583400945572683e-269}