{"correlation": 0.09550614366536667, "p_value": 4.835053519176096e-201}