{"correlation": 0.09442643344839087, "p_value": 1.5048848214525415e-196}