{"correlation": 0.08606578652409264, "p_value": 1.64268846985598e-163}