{"correlation": 0.09563270197730979, "p_value": 1.4267347333184795e-201}