{"correlation": -0.04612080337679056, "p_value": 3.5730055469260703e-48}