{"correlation": -0.010966961820471747, "p_value": 0.0005281560632029024}