{"correlation": -0.02189306332558166, "p_value": 4.5222846313918676e-12}