{"correlation": 0.08004309734283513, "p_value": 1.2459150709620422e-141}