{"correlation": 0.1150876925219644, "p_value": 1.4258694760764656e-291}