{"correlation": 0.01873292330770618, "p_value": 3.2039851520845815e-09}