{"correlation": 0.08339824387756306, "p_value": 1.271822239995108e-153}