{"correlation": 0.10623070428095713, "p_value": 1.701137968157037e-248}