{"correlation": -0.08271743303603718, "p_value": 3.7829826119329994e-151}