{"correlation": 0.05172945126411072, "p_value": 3.733902633812538e-60}