{"correlation": 0.10223199336005237, "p_value": 3.35059017821063e-230}