{"correlation": 0.07758454737002789, "p_value": 3.686249551878116e-133}