{"correlation": 0.12026868457299769, "p_value": 2.07477e-318}