{"correlation": 0.00799590447304669, "p_value": 0.011503139656442441}