{"correlation": 0.09645319935653737, "p_value": 5.018651251634225e-205}