{"correlation": -0.03612401917559306, "p_value": 3.314582374600943e-30}