{"correlation": 0.10829865075691006, "p_value": 3.0804670401843655e-258}