{"correlation": 0.02722862049829558, "p_value": 7.512245631698556e-18}