{"correlation": 0.04565996458901514, "p_value": 2.9965951823933174e-47}