{"correlation": 0.021572186910225055, "p_value": 9.207772321950567e-12}