{"correlation": 0.0753285201159546, "p_value": 1.274547834721235e-125}