{"correlation": 0.0549921903692024, "p_value": 9.379395247805132e-68}