{"correlation": 0.09065595283253253, "p_value": 2.8921808223702507e-181}