{"correlation": 0.09096531652509846, "p_value": 1.702186288964855e-182}