{"correlation": 0.047182380741912625, "p_value": 2.4566546384666167e-50}