{"correlation": 0.06521038109841892, "p_value": 1.4534274410632805e-94}