{"correlation": 0.040562100161775895, "p_value": 1.197945067399993e-37}