{"correlation": 0.11546775956046665, "p_value": 1.6848875114519046e-293}