{"correlation": -0.006858384566571184, "p_value": 0.0301952899355323}