{"correlation": 0.10025983080511412, "p_value": 1.9252601834246262e-221}