{"correlation": 0.1177454435852173, "p_value": 3.4568295030232146e-305}