{"correlation": 0.10997777932214198, "p_value": 2.735212253958426e-266}