{"correlation": 0.08348992970560075, "p_value": 5.885218902666953e-154}