{"correlation": 0.04007043310474923, "p_value": 8.808349826572324e-37}