{"correlation": 0.10046395466230298, "p_value": 2.4318443645462653e-222}