{"correlation": 0.07386819204869116, "p_value": 7.339554073341379e-121}