{"correlation": 0.04804339700766284, "p_value": 3.983464516939575e-52}