{"correlation": -0.001417867378951071, "p_value": 0.654083343174989}