{"correlation": 0.06210978222424336, "p_value": 6.0287736946699835e-86}