{"correlation": 0.030683103760947277, "p_value": 3.0376297488745215e-22}