{"correlation": 0.07353978342184224, "p_value": 8.380528395405101e-120}