{"correlation": 0.07754872616099209, "p_value": 4.875713857980534e-133}