{"correlation": 0.06888999423280481, "p_value": 2.4456708085957947e-105}