{"correlation": -0.03497929476940545, "p_value": 2.0032640061204434e-28}