{"correlation": -0.011616912626025874, "p_value": 0.00024114823698762001}