{"correlation": 0.024882364452324446, "p_value": 3.693023074469652e-15}