{"correlation": 0.018879718905770126, "p_value": 2.4136677667793324e-09}