{"correlation": 0.03121497952763429, "p_value": 5.761105414224573e-23}