{"correlation": 0.09857315232705419, "p_value": 4.345626912651759e-214}