{"correlation": -0.02718091940786438, "p_value": 8.567294826451738e-18}