{"correlation": 0.06454422622807982, "p_value": 1.1205548565318665e-92}