{"correlation": -0.052690011590071036, "p_value": 2.414940313779073e-62}