{"correlation": 0.025776825313349284, "p_value": 3.707635722843935e-16}