{"correlation": 0.011386415601315534, "p_value": 0.00031989876439165993}