{"correlation": 0.11372083944000107, "p_value": 1.0770383924264213e-284}