{"correlation": 0.05112887326464011, "p_value": 8.328026834377251e-59}