{"correlation": 0.08529068504768296, "p_value": 1.32253441768955e-160}