{"correlation": 0.07458195920664493, "p_value": 3.553808393623772e-123}