{"correlation": -0.0014229306036134836, "p_value": 0.6529289682277704}