{"correlation": 0.09193483284711483, "p_value": 2.2288487004469803e-186}