{"correlation": 0.028435813916716297, "p_value": 2.5052045934007376e-19}