{"correlation": 0.034867736686482596, "p_value": 2.9669236491519063e-28}