{"correlation": 0.01080611047933025, "p_value": 0.0006373161342171736}