{"correlation": 0.10034337374405251, "p_value": 8.259584776627505e-222}