{"correlation": 0.07160400534191133, "p_value": 1.1502774432071934e-113}