{"correlation": -0.07707327820137458, "p_value": 1.9710952074603147e-131}