{"correlation": 0.04831474976927555, "p_value": 1.0701070428130582e-52}