{"correlation": -0.008475510549474688, "p_value": 0.0073928188835278436}