{"correlation": 0.07886759290504866, "p_value": 1.5102252388771851e-137}