{"correlation": 0.06824776070241909, "p_value": 2.049608643538045e-103}