{"correlation": 0.08783961015716465, "p_value": 2.919743175434714e-170}