{"correlation": 0.1187545816562794, "p_value": 1.92920897161127e-310}