{"correlation": 0.09139443400983108, "p_value": 3.2925842400593646e-184}