{"correlation": 0.09348915242603294, "p_value": 1.0860015750586504e-192}