{"correlation": 0.06359490919439746, "p_value": 5.069865453767041e-90}