{"correlation": 0.041155931048316864, "p_value": 1.0422446833606787e-38}