{"correlation": 0.08321514743479104, "p_value": 5.910671206837028e-153}