{"correlation": 0.0017658730342510157, "p_value": 0.5767903185257961}