{"correlation": 0.0937467933941803, "p_value": 9.531122514894088e-194}