{"correlation": 0.0666373366620936, "p_value": 1.134329542267266e-98}