{"correlation": 0.009623395251623385, "p_value": 0.0023547615355397076}