{"correlation": 0.03581803012008094, "p_value": 1.0049047881511905e-29}