{"correlation": 0.07013766726510444, "p_value": 3.983496479054864e-109}