{"correlation": -0.02220821257826362, "p_value": 2.2274107113732573e-12}