{"correlation": 0.005136137661621434, "p_value": 0.1045438693279444}