{"correlation": 0.09354580953588429, "p_value": 6.363715540374531e-193}