{"correlation": 0.10200408900895383, "p_value": 3.517579189708507e-229}