{"correlation": 0.08217928427171103, "p_value": 3.299468265483932e-149}