{"correlation": -0.03767098366388036, "p_value": 1.0548345875403216e-32}