{"correlation": -0.023565770529598743, "p_value": 9.4295367761898e-14}