{"correlation": 0.02791946755125727, "p_value": 1.0920007391835736e-18}