{"correlation": 0.08790851907033152, "p_value": 1.5859903855762493e-170}