{"correlation": 0.05534612839571524, "p_value": 1.3177207220024639e-68}