{"correlation": 0.07641805263196276, "p_value": 3.1086030597836765e-129}