{"correlation": 0.06726432033804962, "p_value": 1.6659272294938186e-100}