{"correlation": -0.07428443313136224, "p_value": 3.299076514750762e-122}