{"correlation": 0.07691991389544145, "p_value": 6.469070959174029e-131}