{"correlation": -0.02604490583616895, "p_value": 1.8332501305008888e-16}