{"correlation": -0.059243125075625604, "p_value": 2.362943270606458e-78}