{"correlation": -0.01613207581069453, "p_value": 3.420988628076148e-07}