{"correlation": 0.038997647267836666, "p_value": 6.296453108115407e-35}