{"correlation": -0.07468944757992703, "p_value": 1.5853733809966404e-123}