{"correlation": 0.063613242753677, "p_value": 4.509050274151019e-90}