{"correlation": 0.06580426525932172, "p_value": 2.9085518405099463e-96}