{"correlation": 0.08771823535079395, "p_value": 8.544292816039567e-170}