{"correlation": 0.05493708892014215, "p_value": 1.271680758918785e-67}