{"correlation": 0.10848509836215978, "p_value": 3.988666869262776e-259}