{"correlation": 0.060619907503520025, "p_value": 5.908592907651449e-82}