{"correlation": 0.02830511197874703, "p_value": 3.6456198912496986e-19}