{"correlation": 0.021395403372250713, "p_value": 1.3564647412472765e-11}