{"correlation": 0.11307810029154158, "p_value": 1.7276499836679575e-281}