{"correlation": -0.01561752474947551, "p_value": 7.974323355772543e-07}