{"correlation": 0.10463729605902927, "p_value": 4.041175825103662e-241}