{"correlation": 0.008242628266970475, "p_value": 0.00918720581017552}