{"correlation": 0.11097308927203484, "p_value": 4.022957253991071e-271}