{"correlation": 0.0230043050472165, "p_value": 3.5646243677265547e-13}