{"correlation": -0.04912654433540071, "p_value": 2.0070663492797955e-54}