{"correlation": 0.040825996617320705, "p_value": 4.064955030233004e-38}