{"correlation": -0.036157254155351884, "p_value": 2.9367417669517287e-30}