{"correlation": 0.0380854277570077, "p_value": 2.1705526967026783e-33}