{"correlation": 0.07828560320019884, "p_value": 1.5074086722221306e-135}