{"correlation": 0.0822159598917603, "p_value": 2.4355391255953585e-149}