{"correlation": 0.11577573680051811, "p_value": 4.569671208398615e-295}