{"correlation": 0.08827913872587544, "p_value": 5.904401475867453e-172}