{"correlation": -0.02257924485374572, "p_value": 9.555999259108634e-13}