{"correlation": 0.029296478997618752, "p_value": 2.0306230128284782e-20}