{"correlation": 0.08271865696247604, "p_value": 3.74460636220582e-151}