{"correlation": 0.050576482435289234, "p_value": 1.4023750747080483e-57}