{"correlation": 0.0855710664269433, "p_value": 1.1839404781454127e-161}