{"correlation": -0.01734650581438541, "p_value": 4.1929577689734045e-08}