{"correlation": -0.046518392810982516, "p_value": 5.607707377767003e-49}