{"correlation": 0.0815224583879096, "p_value": 7.407415931893723e-147}