{"correlation": 0.08647444311207031, "p_value": 4.707502055878922e-165}