{"correlation": -0.02155647569184661, "p_value": 9.531508682763761e-12}