{"correlation": 0.11783890385704904, "p_value": 1.132617988256397e-305}