{"correlation": 0.06244031072869903, "p_value": 7.613834084603179e-87}