{"correlation": -0.062485606365426945, "p_value": 5.729056804617745e-87}