{"correlation": -0.01024438133070431, "p_value": 0.001205083676238906}