{"correlation": 0.06014873232884492, "p_value": 1.0316036897666142e-80}