{"correlation": 0.035726023183367164, "p_value": 1.400145956019196e-29}