{"correlation": 0.015970021374429447, "p_value": 4.4782292222770396e-07}