{"correlation": 0.028260203969603662, "p_value": 4.145554005862202e-19}