{"correlation": 0.11267345385331992, "p_value": 1.761201954694948e-279}