{"correlation": 0.0034997919959291377, "p_value": 0.26869957762333974}