{"correlation": 0.06440692238509527, "p_value": 2.7287337749989257e-92}