{"correlation": -0.10315432765064445, "p_value": 2.3382395847811436e-234}