{"correlation": 0.06699806039406275, "p_value": 1.0051124883157659e-99}