{"correlation": 0.05421281936683371, "p_value": 6.757460205750353e-66}