{"correlation": -0.05988571750809085, "p_value": 5.042008387226735e-80}