{"correlation": 0.00964525176653304, "p_value": 0.0023012946325308785}