{"correlation": -0.05406223599734998, "p_value": 1.533347082072591e-65}