{"correlation": 0.024436182702150186, "p_value": 1.1286156189168696e-14}