{"correlation": 0.0889710920194037, "p_value": 1.2208734154824916e-174}