{"correlation": -0.03639454788465735, "p_value": 1.2336282019666445e-30}