{"correlation": 0.02075668575576178, "p_value": 5.3606673275486695e-11}