{"correlation": 0.07070198298297117, "p_value": 7.319006445179035e-111}