{"correlation": 0.02774438717514789, "p_value": 1.7882174941315256e-18}