{"correlation": 0.10039564581294098, "p_value": 4.862265559990571e-222}