{"correlation": -0.021892312096916142, "p_value": 4.529872373701761e-12}