{"correlation": 0.06999352862411065, "p_value": 1.0999822618609332e-108}