{"correlation": 0.03759559714401655, "p_value": 1.4037155184353352e-32}