{"correlation": -0.03880425960051046, "p_value": 1.3429033446569773e-34}