{"correlation": 0.06888478521887977, "p_value": 2.5355377700496512e-105}