{"correlation": -0.09253594908334813, "p_value": 8.310435725939242e-189}