{"correlation": 0.10831995697452616, "p_value": 2.4391801822371328e-258}