{"correlation": -0.02199211255859895, "p_value": 3.6236898170963133e-12}