{"correlation": 0.05920745634012112, "p_value": 2.921926212028604e-78}