{"correlation": -0.016993196429266763, "p_value": 7.836951204058698e-08}