{"correlation": 0.09925701093031872, "p_value": 4.697637393945017e-217}