{"correlation": 0.08767917203143674, "p_value": 1.2067616797010275e-169}