{"correlation": 0.11541157877946814, "p_value": 3.2501396971693656e-293}