{"correlation": 0.11330802315633434, "p_value": 1.2388247094662893e-282}