{"correlation": 0.038595449995834565, "p_value": 3.029757845702971e-34}