{"correlation": 0.11811122880026373, "p_value": 4.3633372984078945e-307}