{"correlation": 0.06131542581065078, "p_value": 8.324029698644554e-84}