{"correlation": 0.05094653989927755, "p_value": 2.1222485049106682e-58}