{"correlation": 0.036801242681263516, "p_value": 2.753800659931015e-31}