{"correlation": 0.04523693601564696, "p_value": 2.07167846349574e-46}