{"correlation": 0.002193909734411255, "p_value": 0.48808716401645175}