{"correlation": -0.07277733519710532, "p_value": 2.2927005809646403e-117}