{"correlation": 0.10375310759697563, "p_value": 4.4697624885815953e-237}