{"correlation": 0.11731006434335867, "p_value": 6.179182732211931e-303}