{"correlation": 0.042367606157228524, "p_value": 6.408092139297094e-41}