{"correlation": -0.0671197180556218, "p_value": 4.425405668104478e-100}