{"correlation": 0.028072314377003804, "p_value": 7.081902403813207e-19}