{"correlation": 0.014344288880736682, "p_value": 5.8003509205201505e-06}