{"correlation": -0.09325023910492551, "p_value": 1.0305496815888701e-191}