{"correlation": 0.04726123573468186, "p_value": 1.6894400529467077e-50}