{"correlation": 0.06143142454809655, "p_value": 4.0694803073254433e-84}