{"correlation": 0.013892120961281661, "p_value": 1.1302967312852442e-05}