{"correlation": 0.0483072270198667, "p_value": 1.1099302547335607e-52}