{"correlation": 0.10663747635928383, "p_value": 2.1359308611318917e-250}