{"correlation": 0.02313363833842102, "p_value": 2.631330200683163e-13}