{"correlation": 0.021620316282171717, "p_value": 8.281648532371018e-12}