{"correlation": 0.11597572609102295, "p_value": 4.367606510322935e-296}