{"correlation": 0.07932641613188221, "p_value": 3.9120554132348414e-139}