{"correlation": 0.020485741794124632, "p_value": 9.487281137337977e-11}