{"correlation": 0.09306565011517753, "p_value": 5.83933776882714e-191}