{"correlation": 0.07563188271623646, "p_value": 1.272585489954448e-126}