{"correlation": 0.061393539235775625, "p_value": 5.141733585238341e-84}