{"correlation": 0.08091072488825074, "p_value": 1.1023727077742422e-144}