{"correlation": -0.02838278190485925, "p_value": 2.917692052309085e-19}