{"correlation": 0.042016962364152366, "p_value": 2.8391013293828738e-40}