{"correlation": -0.09393007505376615, "p_value": 1.681266918912966e-194}