{"correlation": 0.05035178002744408, "p_value": 4.3843719187503897e-57}