{"correlation": 0.043932154309370294, "p_value": 7.199521629555748e-44}