{"correlation": 0.10999130110073252, "p_value": 2.3530886264381048e-266}