{"correlation": 0.09027127940591195, "p_value": 9.660356540094898e-180}