{"correlation": 0.028513453270361866, "p_value": 2.0031489573201668e-19}