{"correlation": 0.0851291165256968, "p_value": 5.2939027157163774e-160}