{"correlation": 0.04140173694067538, "p_value": 3.7543491396423326e-39}