{"correlation": 0.08474086034751845, "p_value": 1.4674709999950724e-158}