{"correlation": 0.10240419970225838, "p_value": 5.649530470867181e-231}