{"correlation": 0.07427991505141748, "p_value": 3.4123795005413114e-122}