{"correlation": 0.09486677531595868, "p_value": 2.2456048650753536e-198}