{"correlation": 0.11770364503943057, "p_value": 5.692158802486176e-305}