{"correlation": 0.04940488669354246, "p_value": 5.056671428436883e-55}