{"correlation": 0.06714129032736131, "p_value": 3.8257201343440034e-100}