{"correlation": 0.09475406122450016, "p_value": 6.6008376649266755e-198}