{"correlation": 0.0814922726023726, "p_value": 9.489947118381675e-147}