{"correlation": 0.06587655272415747, "p_value": 1.8024106104606943e-96}