{"correlation": 0.005532369684361124, "p_value": 0.08038801415770402}