{"correlation": 0.032643888825232004, "p_value": 5.759327454709229e-25}