{"correlation": 0.05575216886556608, "p_value": 1.3654193063270713e-69}