{"correlation": 0.08250531422990914, "p_value": 2.2094350349260621e-150}