{"correlation": 0.04352378162762115, "p_value": 4.3390707407450255e-43}