{"correlation": 0.06491071876728158, "p_value": 1.0319621154714573e-93}