{"correlation": 0.10908403110152519, "p_value": 5.475052070679868e-262}