{"correlation": 0.10425725144469386, "p_value": 2.2330880729913228e-239}