{"correlation": 0.08840636674891882, "p_value": 1.901844057391382e-172}