{"correlation": 0.029105123646724303, "p_value": 3.572706114551066e-20}