{"correlation": 0.09097869352017299, "p_value": 1.5056226461079882e-182}