{"correlation": 0.08007506874685691, "p_value": 9.628790996386426e-142}