{"correlation": 0.06340392445739759, "p_value": 1.715836087046563e-89}