{"correlation": -0.060356880771577734, "p_value": 2.9243272730249875e-81}