{"correlation": 0.0410610440917627, "p_value": 1.5432827630824305e-38}