{"correlation": 0.10938641038628347, "p_value": 1.936984558433363e-263}