{"correlation": 0.02497174202973867, "p_value": 2.9455816080232358e-15}