{"correlation": 0.08342783582011087, "p_value": 9.918661435580805e-154}