{"correlation": 0.07506557377212773, "p_value": 9.320283452652156e-125}