{"correlation": -0.00783374491130449, "p_value": 0.013294537696421185}