{"correlation": 0.0819561814802521, "p_value": 2.0855353929172816e-148}