{"correlation": -0.0161087703424903, "p_value": 3.556633700362695e-07}