{"correlation": 0.054585460794982193, "p_value": 8.808645721008857e-67}