{"correlation": 0.00560016536725698, "p_value": 0.07674955017502759}