{"correlation": 0.11887054602700947, "p_value": 4.7725509660525e-311}