{"correlation": 0.07986894015803332, "p_value": 5.062178099629834e-141}