{"correlation": -0.06896687141889853, "p_value": 1.435367581222447e-105}