{"correlation": 0.08274054789255768, "p_value": 3.120279148899671e-151}