{"correlation": 0.028584102568494783, "p_value": 1.6334391816152462e-19}