{"correlation": 0.08424549226226118, "p_value": 9.947480348472022e-157}