{"correlation": 0.06434445051269609, "p_value": 4.088406985728624e-92}