{"correlation": -0.035443868257819644, "p_value": 3.851598489898468e-29}