{"correlation": 0.0022007690987122215, "p_value": 0.48672808913817034}