{"correlation": 0.015354156669327162, "p_value": 1.217635193769041e-06}