{"correlation": 0.07433881937574242, "p_value": 2.1968133826939463e-122}