{"correlation": 0.08706037478343573, "p_value": 2.8045625340603536e-167}