{"correlation": 0.11347438392248967, "p_value": 1.834259042685555e-283}