{"correlation": 0.017726425115724084, "p_value": 2.111338806494241e-08}