{"correlation": 0.022387919086861496, "p_value": 1.480902193627431e-12}