{"correlation": 0.07102483983452351, "p_value": 7.329323669513058e-112}