{"correlation": 0.039741888976742856, "p_value": 3.296440959556908e-36}