{"correlation": 0.02308173780135888, "p_value": 2.972808955966903e-13}