{"correlation": -0.051931807130153, "p_value": 1.3010901606854405e-60}