{"correlation": 0.09249118728337016, "p_value": 1.2618595843436032e-188}