{"correlation": 0.0984343384448549, "p_value": 1.7282111205410437e-213}