{"correlation": 0.04462362508148938, "p_value": 3.310664457834335e-45}