{"correlation": -0.03579945083962059, "p_value": 1.0745894916127872e-29}