{"correlation": 0.021725993052475957, "p_value": 6.556713394485211e-12}