{"correlation": 0.015928021478524616, "p_value": 4.799959636689145e-07}