{"correlation": 0.06336828909768219, "p_value": 2.153243597965449e-89}