{"correlation": 0.08424597804195773, "p_value": 9.906556244283147e-157}