{"correlation": -0.02036181408923621, "p_value": 1.2288512857960076e-10}