{"correlation": 0.06939066900029521, "p_value": 7.524595993449711e-107}