{"correlation": 0.11433473212561587, "p_value": 8.984151938312344e-288}