{"correlation": 0.03786092948131628, "p_value": 5.121789235746078e-33}