{"correlation": 0.04543332825228027, "p_value": 8.46172011808783e-47}