{"correlation": 0.09029892826252968, "p_value": 7.5108607074525936e-180}