{"correlation": 0.05668001427435367, "p_value": 7.218335399301431e-72}