{"correlation": 0.03853548804781783, "p_value": 3.8241167623791566e-34}