{"correlation": 0.09540661132154507, "p_value": 1.2611498401564434e-200}