{"correlation": 0.11195293312857214, "p_value": 6.363080477273246e-276}