{"correlation": 0.10924446123982913, "p_value": 9.309346700473127e-263}