{"correlation": -0.09092663498539245, "p_value": 2.4269506759470976e-182}