{"correlation": 0.11706660883428807, "p_value": 1.1133027498706627e-301}