{"correlation": 0.09728639201121055, "p_value": 1.454432192681884e-208}