{"correlation": 0.0693948215018253, "p_value": 7.309667492489201e-107}