{"correlation": 0.10138654395351146, "p_value": 2.0020514028811758e-226}