{"correlation": -0.020867597949790234, "p_value": 4.2347679695833746e-11}