{"correlation": 0.044702286574428415, "p_value": 2.3251933478613243e-45}