{"correlation": 0.04253056669094797, "p_value": 3.1950455863748475e-41}