{"correlation": 0.08976037294620254, "p_value": 9.968679634942524e-178}