{"correlation": 0.10944706749316366, "p_value": 9.89712765966113e-264}