{"correlation": 0.08198152377077751, "p_value": 1.6918750507244827e-148}