{"correlation": 0.10413970612081197, "p_value": 7.7003179028759e-239}