{"correlation": 0.030137516356666633, "p_value": 1.6237518568089919e-21}