{"correlation": 0.05005615973031516, "p_value": 1.949133409815651e-56}