{"correlation": -0.025802819945268236, "p_value": 3.4639570944583734e-16}