{"correlation": 0.032709802042557364, "p_value": 4.634307655870807e-25}