{"correlation": -0.0023408439229844692, "p_value": 0.4594268054353997}