{"correlation": 0.0875501004602281, "p_value": 3.772110876878609e-169}