{"correlation": 0.04687342396041324, "p_value": 1.0588087253824923e-49}