{"correlation": -0.08275976998472069, "p_value": 2.6584010123905583e-151}