{"correlation": 0.06340326755476687, "p_value": 1.7230354564495563e-89}