{"correlation": 0.11188195507858203, "p_value": 1.4219534638410702e-275}