{"correlation": 0.10378024386022618, "p_value": 3.362785749664321e-237}