{"correlation": -0.07587316418107101, "p_value": 2.0225698479620794e-127}