{"correlation": -0.09564373928900193, "p_value": 1.2825738377455787e-201}