{"correlation": -0.0792276125628022, "p_value": 8.607127810675442e-139}