{"correlation": 0.10013172945228174, "p_value": 7.037872894639609e-221}