{"correlation": 0.014798255417728156, "p_value": 2.9105743468318025e-06}