{"correlation": -0.0465217621307524, "p_value": 5.520017926687313e-49}