{"correlation": -0.05510482887910656, "p_value": 5.029356605890502e-68}