{"correlation": 0.09205018489858409, "p_value": 7.643877494937618e-187}