{"correlation": -0.03441110944357395, "p_value": 1.4617380012184549e-27}