{"correlation": 0.036352922278890434, "p_value": 1.4369348762954928e-30}