{"correlation": -0.09229205291491827, "p_value": 8.070105666849677e-188}