{"correlation": -0.006501435458752776, "p_value": 0.039907336239520114}