{"correlation": 0.06717153716209268, "p_value": 3.1189551471121483e-100}