{"correlation": 0.006923876172126715, "p_value": 0.028653757032139234}