{"correlation": 0.11751040441835502, "p_value": 5.696642650859255e-304}