{"correlation": 0.09724260467383831, "p_value": 2.23559523875577e-208}