{"correlation": 0.014196952248395848, "p_value": 7.224377938230426e-06}