{"correlation": 0.055741346137607006, "p_value": 1.4507817159969867e-69}