{"correlation": 0.05659380014190191, "p_value": 1.1791819619983668e-71}