{"correlation": 0.031218845019774424, "p_value": 5.691329840241099e-23}