{"correlation": 0.105770342813973, "p_value": 2.362689114969333e-246}