{"correlation": 0.09151153639147391, "p_value": 1.1182146645057534e-184}