{"correlation": 0.012716592274116584, "p_value": 5.8431200231121e-05}