{"correlation": 0.020455858240251645, "p_value": 1.0099388472879389e-10}