{"correlation": 0.025019053903515998, "p_value": 2.6124307559677146e-15}