{"correlation": 0.08094989334716825, "p_value": 8.011452615402183e-145}