{"correlation": -0.0986309945702166, "p_value": 2.443290069668625e-214}