{"correlation": -0.050232806228851276, "p_value": 8.000720395614069e-57}