{"correlation": 0.04865782386311188, "p_value": 2.0097007228296415e-53}