{"correlation": -0.058829858765963715, "p_value": 2.744595044283648e-77}