{"correlation": 0.046806121050290125, "p_value": 1.4537183523584447e-49}