{"correlation": 0.09626226823293976, "p_value": 3.213361012183483e-204}