{"correlation": -0.047539963091289876, "p_value": 4.4754009010929313e-51}