{"correlation": 0.04074852972529384, "p_value": 5.586704521467735e-38}