{"correlation": 0.05994438390893361, "p_value": 3.5412903388625684e-80}