{"correlation": 0.11055479095853638, "p_value": 4.374220558751092e-269}