{"correlation": 0.03538212371189297, "p_value": 4.801222662970808e-29}