{"correlation": 0.10203850748965936, "p_value": 2.4670684888202753e-229}