{"correlation": -0.06998021269666517, "p_value": 1.2080686929906775e-108}