{"correlation": 0.021934715090960403, "p_value": 4.120523028220299e-12}