{"correlation": 0.09825404626102217, "p_value": 1.0351534406691109e-212}