{"correlation": 0.08754745039745465, "p_value": 3.861349907139127e-169}