{"correlation": -0.014232797447331628, "p_value": 6.84994791910191e-06}