{"correlation": 0.024673786759163544, "p_value": 6.240846916216095e-15}