{"correlation": 0.07302256447731922, "p_value": 3.7956936383745363e-118}