{"correlation": 0.034064131640147675, "p_value": 4.84292554029344e-27}