{"correlation": -0.07476018873191041, "p_value": 9.314056615690688e-124}