{"correlation": 0.020245779638323736, "p_value": 1.563539042438165e-10}