{"correlation": 0.0931670090314451, "p_value": 2.2537855509898242e-191}