{"correlation": 0.024481283836331816, "p_value": 1.0090010417065863e-14}