{"correlation": 0.05793825297396061, "p_value": 5.138126319943162e-75}