{"correlation": 0.04569191074657353, "p_value": 2.5876202997440805e-47}