{"correlation": 0.10670438551905123, "p_value": 1.0379098941670189e-250}