{"correlation": -0.08857721171244473, "p_value": 4.1435673950782966e-173}