{"correlation": 0.050829710421066744, "p_value": 3.8578119935550324e-58}