{"correlation": 0.1039397224908313, "p_value": 6.305622656388305e-238}