{"correlation": 0.07134093502159203, "p_value": 7.623728519578812e-113}