{"correlation": 0.03644953555863379, "p_value": 1.0082055941585666e-30}