{"correlation": 0.11148449730791489, "p_value": 1.2712226922243996e-273}