{"correlation": 0.09194766947818074, "p_value": 1.9787437074745607e-186}