{"correlation": 0.08382421766152434, "p_value": 3.519036334412007e-155}