{"correlation": 0.07054780199996238, "p_value": 2.1882449102498174e-110}