{"correlation": 0.10798668014693329, "p_value": 9.345557084359987e-257}