{"correlation": 0.05695798551927833, "p_value": 1.4757391546934096e-72}