{"correlation": 0.007217482484362909, "p_value": 0.02254778956764332}