{"correlation": -0.062164939476301306, "p_value": 4.271716640590634e-86}