{"correlation": 0.027365494374139075, "p_value": 5.1458733693168074e-18}