{"correlation": 0.023591969525380334, "p_value": 8.855500870754817e-14}