{"correlation": -0.11941637864570664, "p_value": 6.5349222007e-314}