{"correlation": 0.09789076639149337, "p_value": 3.7760623080649807e-211}