{"correlation": -0.004436798128045811, "p_value": 0.16085760473016264}