{"correlation": 0.06496805764440254, "p_value": 7.097116769766845e-94}