{"correlation": 0.06793459213311782, "p_value": 1.7495971820068457e-102}