{"correlation": -0.04142911631052732, "p_value": 3.3495001719780804e-39}