{"correlation": 0.0642927627335888, "p_value": 5.710924131874314e-92}