{"correlation": -0.031920735156439464, "p_value": 6.075969440092507e-24}