{"correlation": 0.05567587722954705, "p_value": 2.093173192173548e-69}