{"correlation": 0.02276188395202155, "p_value": 6.269114672755941e-13}