{"correlation": 0.048901986640501514, "p_value": 6.068957444409534e-54}