{"correlation": 0.11916134634314943, "p_value": 1.42840431016e-312}