{"correlation": 0.11453947892937916, "p_value": 8.37271955446225e-289}