{"correlation": -0.11570241343890776, "p_value": 1.0796188475553305e-294}