{"correlation": 0.0874012316898059, "p_value": 1.401355901576494e-168}