{"correlation": -0.05598861412353384, "p_value": 3.619295372721146e-70}