{"correlation": 0.11151147196838904, "p_value": 9.375905299978745e-274}