{"correlation": 0.114603963074916, "p_value": 3.961764879663579e-289}