{"correlation": 0.030562805651454337, "p_value": 4.407087929734231e-22}