{"correlation": 0.1129499226996158, "p_value": 7.48908308599335e-281}