{"correlation": 0.016620928196707564, "p_value": 1.495051812636e-07}