{"correlation": 0.08975016813121953, "p_value": 1.0933016991187337e-177}