{"correlation": 0.03158848256046598, "p_value": 1.7627299310206325e-23}