{"correlation": 0.12010431667168131, "p_value": 1.538239e-317}