{"correlation": -0.026136246812386278, "p_value": 1.43979103085918e-16}