{"correlation": -0.046781367465887416, "p_value": 1.633285991409376e-49}