{"correlation": -0.057951365952408816, "p_value": 4.760329450567177e-75}