{"correlation": 0.08206842027811861, "p_value": 8.253506311942265e-149}