{"correlation": 0.023509837490378483, "p_value": 1.0780208919046082e-13}