{"correlation": 0.0959906705109083, "p_value": 4.479384064855346e-203}