{"correlation": 0.007703463768036771, "p_value": 0.014908057617345545}