{"correlation": 0.05868786493980158, "p_value": 6.348721262520185e-77}