{"correlation": -0.018032698193644732, "p_value": 1.2020305978724902e-08}