{"correlation": 0.11925111370802152, "p_value": 4.82686121126e-313}