{"correlation": -0.03350053811427695, "p_value": 3.304074131170573e-26}