{"correlation": 0.10333454554478136, "p_value": 3.5673397579691895e-235}