{"correlation": 0.024290324828382347, "p_value": 1.6191962095422595e-14}