{"correlation": 0.039281371687439455, "p_value": 2.0585208643848886e-35}