{"correlation": 0.11017501451327771, "p_value": 3.04025435123226e-267}