{"correlation": 0.07626840069491292, "p_value": 9.815134099227374e-129}