{"correlation": 0.06037855868432028, "p_value": 2.563883166185277e-81}