{"correlation": 0.062396025114912546, "p_value": 1.005269578598303e-86}