{"correlation": 0.11544539195261151, "p_value": 2.188712136342408e-293}