{"correlation": -0.022122410581344648, "p_value": 2.703678112666447e-12}