{"correlation": 0.011556091834302614, "p_value": 0.00025994417374245046}