{"correlation": 0.10139180188482984, "p_value": 1.897092286715548e-226}