{"correlation": 0.06923472893572305, "p_value": 2.23133236320708e-106}