{"correlation": 0.11331623420944296, "p_value": 1.1274443836705693e-282}