{"correlation": 0.10019417601544542, "p_value": 3.742022450018246e-221}