{"correlation": 0.0831287585477812, "p_value": 1.2187829469461747e-152}