{"correlation": 0.09805012341956384, "p_value": 7.808344044891567e-212}