{"correlation": 0.07363328824750627, "p_value": 4.194047474674183e-120}