{"correlation": 0.10263413607166348, "p_value": 5.219879371137415e-232}