{"correlation": -0.019996001859299797, "p_value": 2.6142748777086957e-10}