{"correlation": -0.01994594850523457, "p_value": 2.8957986871567816e-10}