{"correlation": 0.030563978117399707, "p_value": 4.391162917798345e-22}