{"correlation": 0.10466890120687689, "p_value": 2.8927817050338795e-241}