{"correlation": -0.0439667622534696, "p_value": 6.178188428880259e-44}