{"correlation": -0.005967561485840641, "p_value": 0.05929783023829305}