{"correlation": 0.10980923831429476, "p_value": 1.781906786035279e-265}