{"correlation": 0.07531833320274958, "p_value": 1.3768551475855324e-125}