{"correlation": -0.0519847770275537, "p_value": 9.86646770813498e-61}