{"correlation": 0.06082141157411189, "p_value": 1.727230050709058e-82}