{"correlation": 0.09481527570358321, "p_value": 3.675838089874938e-198}