{"correlation": -0.026571200114147597, "p_value": 4.505732371913915e-17}