{"correlation": 0.04521988735766477, "p_value": 2.238722544038165e-46}