{"correlation": 0.03942929675597943, "p_value": 1.1455838997442022e-35}