{"correlation": 0.08385079621139481, "p_value": 2.8115540325755684e-155}