{"correlation": 0.10682619048211844, "p_value": 2.7865328437721285e-251}