{"correlation": 0.11854834157677088, "p_value": 2.305432640441893e-309}