{"correlation": 0.035239280584920395, "p_value": 7.982575864946873e-29}