{"correlation": -0.10957716505307767, "p_value": 2.3414806880061607e-264}