{"correlation": 0.04278073714263369, "p_value": 1.0920201274764187e-41}