{"correlation": -0.055637532523206266, "p_value": 2.5939553230930713e-69}