{"correlation": -0.0585484803312871, "p_value": 1.4432603764304118e-76}