{"correlation": 0.03877187846222543, "p_value": 1.5239341355264377e-34}