{"correlation": -0.032362018212185796, "p_value": 1.4517542496191741e-24}