{"correlation": 0.08838454255631706, "p_value": 2.3100523383034904e-172}