{"correlation": 0.1106436707277903, "p_value": 1.617616220599511e-269}