{"correlation": 0.050798376534837854, "p_value": 4.5274157403758125e-58}