{"correlation": 0.018811139231920414, "p_value": 2.755878611514836e-09}