{"correlation": 0.09850873603923621, "p_value": 8.248531457870961e-214}