{"correlation": 0.05685909049995103, "p_value": 2.5982254166983446e-72}