{"correlation": -0.05874044473570158, "p_value": 4.655047408312401e-77}