{"correlation": 0.029057168750011107, "p_value": 4.1137824175236764e-20}