{"correlation": 0.0976072480430998, "p_value": 6.194765239709546e-210}