{"correlation": 0.07581256132460278, "p_value": 3.212001931468973e-127}