{"correlation": 0.10620813201726272, "p_value": 2.1678012210472506e-248}