{"correlation": -0.05492289753254356, "p_value": 1.3753258971020953e-67}