{"correlation": 0.05927258722414511, "p_value": 1.9826295108845093e-78}