{"correlation": -0.022833437941293545, "p_value": 5.31000872353206e-13}