{"correlation": -0.04702229281349137, "p_value": 5.243467684093581e-50}