{"correlation": 0.02417860572599663, "p_value": 2.1318094656165013e-14}