{"correlation": -0.03920747803193882, "p_value": 2.756423944425e-35}