{"correlation": 0.08023054789563293, "p_value": 2.7458055626503435e-142}