{"correlation": 0.10507395344286112, "p_value": 3.949750027365116e-243}