{"correlation": 0.09509655391587499, "p_value": 2.4829989630477965e-199}