{"correlation": 0.04108237382378827, "p_value": 1.413051810145205e-38}