{"correlation": 0.09366985679092407, "p_value": 1.9724245383337154e-193}