{"correlation": 0.11160266541925898, "p_value": 3.3482100414542403e-274}