{"correlation": 0.009287953395330839, "p_value": 0.0033313168020642626}