{"correlation": 0.09168000407573901, "p_value": 2.3589533281541767e-185}