{"correlation": 0.054381286246745895, "p_value": 2.694587092431224e-66}