{"correlation": 0.09726732763091919, "p_value": 1.7538415815655621e-208}