{"correlation": 0.06834566476181714, "p_value": 1.0462875777585472e-103}