{"correlation": 0.11330632197985607, "p_value": 1.2632410958535901e-282}