{"correlation": 0.06013831448784236, "p_value": 1.0986638786836935e-80}