{"correlation": 0.09400781464922987, "p_value": 8.046042180488099e-195}