{"correlation": -0.01417690096493352, "p_value": 7.442284426514419e-06}