{"correlation": 0.08983937051691013, "p_value": 4.875739009497616e-178}