{"correlation": 0.11795268533189153, "p_value": 2.907970511794253e-306}