{"correlation": -0.042131426957397584, "p_value": 1.7487934899260999e-40}