{"correlation": 0.08079114944448106, "p_value": 2.918009763945267e-144}