{"correlation": -0.02483734348401711, "p_value": 4.137356785547422e-15}