{"correlation": 0.07589131817867835, "p_value": 1.7607568178187268e-127}