{"correlation": 0.04139084984857946, "p_value": 3.9285335428086574e-39}