{"correlation": 0.06465647026972478, "p_value": 5.40552588166079e-93}