{"correlation": 0.02100222638282491, "p_value": 3.1757277621002666e-11}