{"correlation": -0.02469315461404933, "p_value": 5.9451590886791675e-15}