{"correlation": -0.10212398086504977, "p_value": 1.0217848724005227e-229}