{"correlation": 0.10338511177314351, "p_value": 2.103653281434987e-235}