{"correlation": 0.03605771008235328, "p_value": 4.2184979503006046e-30}