{"correlation": 0.08579807313268366, "p_value": 1.6680891253324231e-162}