{"correlation": 0.11462155836960235, "p_value": 3.2298467952016296e-289}