{"correlation": -0.021440892629880276, "p_value": 1.2281213107596219e-11}