{"correlation": -0.03610545655239237, "p_value": 3.5462218751870034e-30}