{"correlation": 0.0602610512391831, "p_value": 5.2278007684299e-81}