{"correlation": -0.032243051860017476, "p_value": 2.1395925984952916e-24}