{"correlation": 0.0864184065627773, "p_value": 7.669692958430074e-165}