{"correlation": 0.1092995012078651, "p_value": 5.066001479709561e-263}