{"correlation": 0.021824768622996926, "p_value": 5.265615881945027e-12}