{"correlation": 0.009648964059147844, "p_value": 0.0022923246261029925}