{"correlation": 0.10313635863266059, "p_value": 2.819841406321295e-234}