{"correlation": 0.06795828945696097, "p_value": 1.4880586542473024e-102}