{"correlation": -0.0243157445673576, "p_value": 1.5207099484442625e-14}