{"correlation": 0.06621331140405082, "p_value": 1.9260529821370039e-97}