{"correlation": 0.053153034625684784, "p_value": 2.0570533168015244e-63}