{"correlation": 0.06818658459166478, "p_value": 3.1183742215210326e-103}