{"correlation": 0.0476266740067398, "p_value": 2.9557551244597804e-51}