{"correlation": -0.05233706185597885, "p_value": 1.55597616280509e-61}