{"correlation": 0.009626631960600427, "p_value": 0.002346772582666767}