{"correlation": 0.06858976557238185, "p_value": 1.9486578242707184e-104}