{"correlation": 0.1167149871785739, "p_value": 7.169083683508217e-300}