{"correlation": 0.11972313381287164, "p_value": 1.585059883e-315}