{"correlation": -0.0015426255366418615, "p_value": 0.6258864185768808}