{"correlation": -0.005165952925559979, "p_value": 0.10254559165279488}