{"correlation": -0.014121013039507807, "p_value": 8.08331422793975e-06}