{"correlation": 0.08548573299905761, "p_value": 2.4698934959697593e-161}