{"correlation": 0.07512475872757736, "p_value": 5.959445942950067e-125}