{"correlation": 0.10555867083216908, "p_value": 2.266764596975555e-245}