{"correlation": 0.0058182656257379055, "p_value": 0.06594539903828048}