{"correlation": 0.06680973592057445, "p_value": 3.56798041116726e-99}