{"correlation": 0.08486952170989023, "p_value": 4.888684589903923e-159}