{"correlation": 0.11869841114201812, "p_value": 3.7931308882565e-310}