{"correlation": 0.09199681295882466, "p_value": 1.2543796435294945e-186}