{"correlation": 0.07797544947484268, "p_value": 1.7279648415580788e-134}