{"correlation": 0.09671676323421065, "p_value": 3.844064705648065e-206}