{"correlation": -0.001159707722110125, "p_value": 0.7139852621667834}