{"correlation": -0.11238862262912185, "p_value": 4.519290953233659e-278}