{"correlation": 0.056091836537024, "p_value": 2.023579579591501e-70}