{"correlation": 0.042588920480605946, "p_value": 2.4886568869258125e-41}