{"correlation": 0.07014976208021367, "p_value": 3.65769939860289e-109}