{"correlation": -0.00511866763322907, "p_value": 0.10572903638629778}