{"correlation": 0.1127739018965126, "p_value": 5.59693756626757e-280}