{"correlation": 0.09043220840579734, "p_value": 2.2300823385296985e-180}