{"correlation": 0.038784225084240856, "p_value": 1.45221368570118e-34}