{"correlation": -0.005941439017219331, "p_value": 0.06041909438990171}