{"correlation": 0.10543243684478801, "p_value": 8.711280124514419e-245}