{"correlation": 0.10459427786159825, "p_value": 6.368817164865941e-241}