{"correlation": 0.008753162426543134, "p_value": 0.005668523685120674}