{"correlation": -0.012493787541588985, "p_value": 7.85978470259675e-05}