{"correlation": 0.07123851939509739, "p_value": 1.5889466356219807e-112}