{"correlation": -0.0601629874105225, "p_value": 9.46408411528173e-81}