{"correlation": -0.010915469075552494, "p_value": 0.0005610444596187333}