{"correlation": -0.00015935457551967164, "p_value": 0.9598341413979187}