{"correlation": 0.027231047815370633, "p_value": 7.462131613278254e-18}