{"correlation": 0.11016444791646089, "p_value": 3.4203283422361992e-267}