{"correlation": -0.008664871207131657, "p_value": 0.006172782540127496}