{"correlation": -0.045121779210527437, "p_value": 3.4958899186003588e-46}