{"correlation": 0.03566441366995147, "p_value": 1.7475363310189028e-29}