{"correlation": 0.10495925264839236, "p_value": 1.3346444927825178e-242}