{"correlation": -0.008797707096471057, "p_value": 0.005428488278987627}