{"correlation": 0.09600668861209374, "p_value": 3.8355195085206764e-203}