{"correlation": 0.08165857660611822, "p_value": 2.4208839981884327e-147}