{"correlation": 0.06968932404160168, "p_value": 9.319147359191199e-108}