{"correlation": 0.06017445140212107, "p_value": 8.830134931578376e-81}