{"correlation": 0.08837959695124323, "p_value": 2.41410132989824e-172}