{"correlation": 0.09145104407528479, "p_value": 1.953806705517118e-184}