{"correlation": 0.09917751359310134, "p_value": 1.0417509249534335e-216}