{"correlation": 0.07400410576436371, "p_value": 2.6704631724185147e-121}