{"correlation": 0.09118680106150638, "p_value": 2.22658183363817e-183}