{"correlation": 0.07885039729994406, "p_value": 1.7311093166669173e-137}