{"correlation": 0.04155566666947485, "p_value": 1.9747441326391838e-39}