{"correlation": -0.026913007412247048, "p_value": 1.7847740638142845e-17}