{"correlation": -0.09475825960061675, "p_value": 6.341138292190459e-198}