{"correlation": -0.011521089457742446, "p_value": 0.00027137523006341203}