{"correlation": -0.014769153447339076, "p_value": 3.0439341409515483e-06}