{"correlation": 0.11120960153523254, "p_value": 2.816282927826461e-272}