{"correlation": 0.07243052817433089, "p_value": 2.8867748516370244e-116}