{"correlation": 0.07131509545362404, "p_value": 9.176567866637797e-113}