{"correlation": 0.03916694627906418, "p_value": 3.2343883961988023e-35}