{"correlation": 0.08461877549402778, "p_value": 4.157846527147587e-158}