{"correlation": 0.09614468593029851, "p_value": 1.0063400896260697e-203}