{"correlation": -0.08419551890520773, "p_value": 1.5199809296658734e-156}