{"correlation": 0.026188024167672318, "p_value": 1.2550602511896202e-16}