{"correlation": 0.02991096763775504, "p_value": 3.2288024032658763e-21}