{"correlation": 0.021969542081521593, "p_value": 3.811628790147022e-12}