{"correlation": 0.11313774151443429, "p_value": 8.726077333261571e-282}