{"correlation": -0.005550219242045458, "p_value": 0.07941673624906184}