{"correlation": -0.08252967094474298, "p_value": 1.8045729480557638e-150}