{"correlation": 0.06187000855959864, "p_value": 2.6860973333887824e-85}