{"correlation": 0.0964579086861815, "p_value": 4.793770693422421e-205}