{"correlation": 0.04839881549841834, "p_value": 7.111017268174297e-53}