{"correlation": 0.05656410679337218, "p_value": 1.3960962930774662e-71}