{"correlation": 0.1006940211053478, "p_value": 2.3493715005344257e-223}