{"correlation": -0.03735883892798379, "p_value": 3.430924839808912e-32}