{"correlation": 0.05355949625383105, "p_value": 2.3256666389051688e-64}