{"correlation": 0.0452087062658936, "p_value": 2.355486109941563e-46}