{"correlation": 0.037986314876956154, "p_value": 3.1728383875128746e-33}