{"correlation": 0.031536666377710396, "p_value": 2.079201984042372e-23}