{"correlation": 0.0308417688680759, "p_value": 1.8553248962865623e-22}