{"correlation": -0.021848003328199674, "p_value": 5.000188943867474e-12}