{"correlation": 0.07788053053448156, "p_value": 3.638099724804757e-134}