{"correlation": 0.10698089933348419, "p_value": 5.232821526472637e-252}