{"correlation": 0.09751577635707957, "p_value": 1.5249358969107042e-209}