{"correlation": 0.06831022988275823, "p_value": 1.334724977114002e-103}