{"correlation": 0.025793583514999992, "p_value": 3.548677279312003e-16}