{"correlation": 0.08610483580494131, "p_value": 1.1707269762991063e-163}