{"correlation": 0.08494941119197172, "p_value": 2.4683461072689004e-159}