{"correlation": 0.09266687433632789, "p_value": 2.4466228690589707e-189}