{"correlation": 0.04061577843976234, "p_value": 9.620689672450485e-38}