{"correlation": 0.11351618824883715, "p_value": 1.134513227075447e-283}