{"correlation": 0.04152019413230118, "p_value": 2.2903504302356323e-39}