{"correlation": 0.10480835987840886, "p_value": 6.608713521813291e-242}