{"correlation": 0.006632678234308769, "p_value": 0.03606573916725577}