{"correlation": 0.05598188325327191, "p_value": 3.7590058309793146e-70}