{"correlation": 0.05982621764891348, "p_value": 7.212266792523631e-80}