{"correlation": 0.05431084315080952, "p_value": 3.959162361312237e-66}