{"correlation": 0.11267331851513054, "p_value": 1.7639230679844206e-279}