{"correlation": -0.018375065623245805, "p_value": 6.3350051289348234e-09}