{"correlation": 0.0318617201554542, "p_value": 7.347256920690357e-24}