{"correlation": 0.10353654791857518, "p_value": 4.318864718978598e-236}