{"correlation": 0.11548154181736235, "p_value": 1.4340087176120877e-293}