{"correlation": 0.09967966967712916, "p_value": 6.732856506376473e-219}