{"correlation": 0.08448977422179547, "p_value": 1.2475974429091244e-157}