{"correlation": 0.029069487368949258, "p_value": 3.967513717891245e-20}