{"correlation": -0.021210810639773214, "p_value": 2.0261621909925908e-11}