{"correlation": -0.010650460204627201, "p_value": 0.0007626117048905441}