{"correlation": 0.01862684807948138, "p_value": 3.926559632807608e-09}