{"correlation": 0.019584935955613506, "p_value": 6.011437768628107e-10}