{"correlation": 0.02815312011817032, "p_value": 5.627500264663461e-19}