{"correlation": 0.03659988644779644, "p_value": 5.797807784233242e-31}