{"correlation": 0.05309413820796459, "p_value": 2.8172470525781355e-63}