{"correlation": 0.08911466934278255, "p_value": 3.365011025716015e-175}