{"correlation": 0.017871287768555587, "p_value": 1.619346523175056e-08}