{"correlation": 0.04522689459628741, "p_value": 2.168501369127066e-46}