{"correlation": 0.09314282105825802, "p_value": 2.828907487369765e-191}