{"correlation": 0.1185452103966302, "p_value": 2.393836695378636e-309}