{"correlation": 0.06723922859774607, "p_value": 1.97399873420088e-100}