{"correlation": 0.013328164980879175, "p_value": 2.527144596307653e-05}