{"correlation": 0.09362862067060457, "p_value": 2.911945280667756e-193}