{"correlation": 0.0889935287235882, "p_value": 9.983195481674209e-175}