{"correlation": 0.037359886224926094, "p_value": 3.417430150295631e-32}