{"correlation": -0.10524131018549182, "p_value": 6.667463657107415e-244}