{"correlation": 0.1013952660302101, "p_value": 1.830963143867468e-226}