{"correlation": 0.0038161712781238227, "p_value": 0.22779807026694585}