{"correlation": 0.11738779454306404, "p_value": 2.4516264519188564e-303}