{"correlation": 0.10770327310759105, "p_value": 2.0564496748185005e-255}