{"correlation": 0.10336454316171013, "p_value": 2.607882155216777e-235}