{"correlation": 0.08840719167206278, "p_value": 1.8879153491382588e-172}