{"correlation": 0.06512583074320691, "p_value": 2.529179642952021e-94}