{"correlation": 0.11551169440689009, "p_value": 1.0077092719509429e-293}