{"correlation": 0.07217450335136641, "p_value": 1.858338067901206e-115}