{"correlation": 0.02475025633638788, "p_value": 5.151340808095543e-15}