{"correlation": 0.08143505798798922, "p_value": 1.5173804461933816e-146}