{"correlation": -0.01842115954336109, "p_value": 5.806541652953818e-09}