{"correlation": -0.08233924691690425, "p_value": 8.768845336543707e-150}