{"correlation": 0.09999501146692526, "p_value": 2.8018922626715363e-220}