{"correlation": -0.005778397649931278, "p_value": 0.06782095321277762}