{"correlation": 0.10935796042440393, "p_value": 2.6536651821087767e-263}