{"correlation": 0.1036249825747646, "p_value": 1.7114027813105236e-236}