{"correlation": 0.01366531513485128, "p_value": 1.567891320538714e-05}