{"correlation": -0.04947169082070882, "p_value": 3.6280353047606354e-55}