{"correlation": 0.02132565473504123, "p_value": 1.5791581561085298e-11}