{"correlation": 0.08104681111941836, "p_value": 3.6343600034240766e-145}