{"correlation": 0.1022400614373147, "p_value": 3.0826897966628503e-230}