{"correlation": -0.12013336984348441, "p_value": 1.079754e-317}