{"correlation": 0.051536793714024864, "p_value": 1.0148856543888557e-59}