{"correlation": -0.05562950200119638, "p_value": 2.7130904960302065e-69}