{"correlation": 0.08861313048593793, "p_value": 3.006571190818295e-173}