{"correlation": 0.03246168568737127, "p_value": 1.0478751484285538e-24}