{"correlation": 0.11898539755930757, "p_value": 1.194933713395e-311}