{"correlation": -0.040913069131549594, "p_value": 2.8413281629541766e-38}