{"correlation": 0.0522990089392695, "p_value": 1.9006871443142776e-61}