{"correlation": 0.07049455656254296, "p_value": 3.1923747179376454e-110}