{"correlation": -0.015157072776512105, "p_value": 1.664079095961391e-06}