{"correlation": 0.10990242316663329, "p_value": 6.32481640680964e-266}