{"correlation": 0.07770116134626182, "p_value": 1.4818617133713958e-133}