{"correlation": 0.04442145852738815, "p_value": 8.186105903755234e-45}