{"correlation": 0.09309291987783179, "p_value": 4.5203598787234385e-191}