{"correlation": 0.07050788292425357, "p_value": 2.9045232262232744e-110}