{"correlation": -0.04099290421873766, "p_value": 2.044684024849648e-38}