{"correlation": -0.09007694921170636, "p_value": 5.652956647952167e-179}