{"correlation": 0.046231018243476994, "p_value": 2.1417958517145992e-48}