{"correlation": -0.07842436993047526, "p_value": 5.045578731834453e-136}