{"correlation": 0.06031793223782089, "p_value": 3.703525170549089e-81}