{"correlation": 0.0813048258551945, "p_value": 4.410780144797071e-146}