{"correlation": 0.027790818594133508, "p_value": 1.5694350814661804e-18}