{"correlation": 0.10986471607544798, "p_value": 9.618796333180367e-266}