{"correlation": 0.09684391471449509, "p_value": 1.1101675451041737e-206}