{"correlation": -0.10139962192748403, "p_value": 1.751069509222682e-226}