{"correlation": 0.06934467402163501, "p_value": 1.0371365227406909e-106}