{"correlation": 0.09927432788810207, "p_value": 3.949097395968359e-217}