{"correlation": 0.05145675890501366, "p_value": 1.5358253745960464e-59}