{"correlation": 0.07692946328456995, "p_value": 6.008063885451087e-131}