{"correlation": 0.03497000023809381, "p_value": 2.069996978406352e-28}