{"correlation": -0.005978229923862805, "p_value": 0.058844898015401936}