{"correlation": -0.001343374713694752, "p_value": 0.6711615229790101}