{"correlation": 0.05491104793859673, "p_value": 1.4682883533873044e-67}