{"correlation": 0.06946623688074001, "p_value": 4.439464308567451e-107}