{"correlation": 0.10131643209721602, "p_value": 4.1040045095231805e-226}