{"correlation": 0.07121637085198297, "p_value": 1.8621878143014252e-112}