{"correlation": 0.06778418291266523, "p_value": 4.88291014754098e-102}