{"correlation": -0.05948862697048184, "p_value": 5.460565821393452e-79}