{"correlation": -0.11233968901816142, "p_value": 7.885182453447588e-278}