{"correlation": 0.01723589721137483, "p_value": 5.106499686417909e-08}