{"correlation": -0.09816057358296988, "p_value": 2.6150617284817225e-212}