{"correlation": 0.11449241076221996, "p_value": 1.4452916602985768e-288}