{"correlation": 0.0839702611585706, "p_value": 1.0242845256302069e-155}