{"correlation": 0.09621674716240307, "p_value": 5.0000228074597634e-204}