{"correlation": 0.04017494524408933, "p_value": 5.775518276145665e-37}