{"correlation": 0.021532430428138714, "p_value": 1.004867709079058e-11}