{"correlation": 0.04753157674648033, "p_value": 4.6584272974084675e-51}