{"correlation": 0.02760519091408821, "p_value": 2.6410508560319644e-18}