{"correlation": -0.017672892805375973, "p_value": 2.327614715420103e-08}