{"correlation": -0.03148994218133378, "p_value": 2.4124667193364584e-23}