{"correlation": 0.05465446882860481, "p_value": 6.030841659072816e-67}