{"correlation": 0.11012061094435226, "p_value": 5.5750614601883995e-267}