{"correlation": 0.1093097278288837, "p_value": 4.5242959916001796e-263}