{"correlation": -0.03417357202632642, "p_value": 3.323383649943306e-27}