{"correlation": 0.08065723726786013, "p_value": 8.665283879438364e-144}