{"correlation": 0.03578293036074414, "p_value": 1.1405679226612198e-29}