{"correlation": 0.10858145006693903, "p_value": 1.3849299537920918e-259}