{"correlation": 0.08259527454746426, "p_value": 1.0458548078570944e-150}