{"correlation": 0.026602480923031118, "p_value": 4.141595784823506e-17}