{"correlation": 0.03700674000930538, "p_value": 1.282754943236711e-31}