{"correlation": -0.0599902872473176, "p_value": 2.6853219241870606e-80}