{"correlation": 0.07076184139448957, "p_value": 4.780894599900379e-111}