{"correlation": 0.03403834519265649, "p_value": 5.2913072454735525e-27}