{"correlation": 0.07777679352849921, "p_value": 8.199709053045724e-134}