{"correlation": 0.11521962411953855, "p_value": 3.060042655073541e-292}