{"correlation": 0.10114368553972114, "p_value": 2.400707248315631e-225}