{"correlation": -0.02349308475070268, "p_value": 1.1220545198025303e-13}