{"correlation": -0.035623999794632225, "p_value": 2.0205795466295454e-29}