{"correlation": -0.06314332199597271, "p_value": 9.002928316049814e-89}