{"correlation": -0.016002208470177432, "p_value": 4.2458507320107677e-07}