{"correlation": 0.10945610215867127, "p_value": 8.954878323592528e-264}