{"correlation": 0.0641754444442179, "p_value": 1.2182355097789107e-91}