{"correlation": 0.0783676724208506, "p_value": 7.892608442025295e-136}