{"correlation": 0.07950779773675004, "p_value": 9.175181804702557e-140}