{"correlation": -0.046902644464643026, "p_value": 9.225459033377113e-50}