{"correlation": 0.07189765650450863, "p_value": 1.3815406051863183e-114}