{"correlation": 0.03362370649992844, "p_value": 2.1775584886584377e-26}