{"correlation": 0.09647036779445213, "p_value": 4.246183695600486e-205}