{"correlation": -0.02454959485394789, "p_value": 8.512025570245895e-15}