{"correlation": 0.05289268648178513, "p_value": 8.238411478898575e-63}