{"correlation": 0.11948314591995585, "p_value": 2.9110202687e-314}