{"correlation": 0.08120966020961919, "p_value": 9.609064638155362e-146}