{"correlation": 0.08211466395094587, "p_value": 5.631308570311555e-149}