{"correlation": 0.03410593121366205, "p_value": 4.1948007233513685e-27}