{"correlation": 0.0809000621053436, "p_value": 1.2024092487648213e-144}