{"correlation": 0.06741940792124515, "p_value": 5.828717466516809e-101}