{"correlation": -0.005389512995241021, "p_value": 0.08851374783066998}