{"correlation": 0.09902067955666201, "p_value": 5.003856314087322e-216}