{"correlation": 0.09746454619261381, "p_value": 2.52465082277953e-209}