{"correlation": 0.09254003137151708, "p_value": 7.999757056300889e-189}