{"correlation": 0.08748952378211483, "p_value": 6.436190792616834e-169}