{"correlation": -0.0137373974154118, "p_value": 1.4137711212366068e-05}