{"correlation": 0.02832803602097467, "p_value": 3.4138797381532596e-19}