{"correlation": 0.05715043100909739, "p_value": 4.894715044064399e-73}