{"correlation": -0.008202862693912127, "p_value": 0.009529773690768878}