{"correlation": 0.0813739433148975, "p_value": 2.504145830015751e-146}