{"correlation": 0.08947092374105646, "p_value": 1.362408361394562e-176}