{"correlation": 0.11239519682515987, "p_value": 4.1935738504918835e-278}