{"correlation": 0.08329523765399467, "p_value": 3.0197253216428174e-153}