{"correlation": 0.08042732734631536, "p_value": 5.591054788843193e-143}