{"correlation": -0.05819670642634749, "p_value": 1.1368191312793902e-75}