{"correlation": 0.03888388384022373, "p_value": 9.83561512565528e-35}