{"correlation": 0.09160957135478236, "p_value": 4.5228549151496025e-185}