{"correlation": -0.006309416635377084, "p_value": 0.046149856600606755}