{"correlation": -0.06053217977348106, "p_value": 1.0080267937077241e-81}