{"correlation": -0.07719992774204859, "p_value": 7.373909685473446e-132}