{"correlation": 0.0515373421904225, "p_value": 1.0120061032859638e-59}