{"correlation": -0.05096837699146262, "p_value": 1.8976568211840444e-58}