{"correlation": 0.09350938639402158, "p_value": 8.97325233106251e-193}