{"correlation": 0.10813220802625187, "p_value": 1.9047221726864527e-257}