{"correlation": 0.05489693900466331, "p_value": 1.5871762844321716e-67}