{"correlation": 0.02535238665646702, "p_value": 1.1144880926454538e-15}