{"correlation": -0.03856575224173085, "p_value": 3.400253900692884e-34}