{"correlation": 0.06512447747718877, "p_value": 2.5516894665000454e-94}