{"correlation": 0.09010083702494003, "p_value": 4.5503910910014816e-179}