{"correlation": -0.06563496243543715, "p_value": 8.902619719571775e-96}