{"correlation": -0.030571105238389275, "p_value": 4.29557677294563e-22}