{"correlation": 0.08348620944749661, "p_value": 6.072244186942554e-154}