{"correlation": 0.10793263773271414, "p_value": 1.6861061385605305e-256}