{"correlation": 0.09169952806861457, "p_value": 1.9693258060376964e-185}