{"correlation": 0.09530753688784935, "p_value": 3.271737323158106e-200}