{"correlation": 0.07484448711880162, "p_value": 4.938438885086812e-124}