{"correlation": 0.030367445350241693, "p_value": 8.040530049498309e-22}