{"correlation": 0.07637488543113738, "p_value": 4.332104311670935e-129}