{"correlation": -0.030007733991472704, "p_value": 2.4088143539778583e-21}