{"correlation": 0.013278378725861495, "p_value": 2.7092151993152775e-05}