{"correlation": 0.048903196795400304, "p_value": 6.032957240939972e-54}