{"correlation": 0.03922820184735419, "p_value": 2.539866131271718e-35}