{"correlation": 0.1159804519870457, "p_value": 4.131681017883251e-296}