{"correlation": 0.09102623068979641, "p_value": 9.733620325873007e-183}