{"correlation": -0.07878601907629822, "p_value": 2.885067682050761e-137}