{"correlation": 0.051049477244155775, "p_value": 1.2520484324705396e-58}