{"correlation": -0.08771457855278922, "p_value": 8.825019849635508e-170}