{"correlation": -0.013626023379484977, "p_value": 1.6585165596363073e-05}