{"correlation": 0.09264078443020113, "p_value": 3.122146382183478e-189}