{"correlation": 0.07191372171449213, "p_value": 1.229981114916577e-114}