{"correlation": 0.05545806778895649, "p_value": 7.065025887713494e-69}