{"correlation": 0.07966776446909994, "p_value": 2.5466872768703255e-140}