{"correlation": -0.06812237543669475, "p_value": 4.842224722313823e-103}