{"correlation": 0.09737097102877643, "p_value": 6.336141899070521e-209}