{"correlation": -0.08552421899427445, "p_value": 1.772922367099412e-161}