{"correlation": 0.006787977135283632, "p_value": 0.031931494696434776}