{"correlation": 0.07090838942889167, "p_value": 1.682902158901597e-111}