{"correlation": 0.06250844462727832, "p_value": 4.963289317663392e-87}