{"correlation": 0.03488736487039239, "p_value": 2.7690740830122104e-28}