{"correlation": 0.08109008112007272, "p_value": 2.552885659849819e-145}