{"correlation": 0.03690974290734582, "p_value": 1.8406847224472553e-31}