{"correlation": 0.11631266764733025, "p_value": 8.284584119915368e-298}