{"correlation": -0.055662257660503325, "p_value": 2.2589200070287925e-69}