{"correlation": 0.09996191232897422, "p_value": 3.913696042420553e-220}