{"correlation": 0.005741374229007744, "p_value": 0.06960176744925865}