{"correlation": -0.008269090539506314, "p_value": 0.008965374874750085}