{"correlation": 0.02105071106139277, "p_value": 2.8618187500576998e-11}