{"correlation": 0.0029182254294925583, "p_value": 0.3563903208572959}