{"correlation": 0.0327468966461794, "p_value": 4.0999961239578615e-25}