{"correlation": 0.048436298680312996, "p_value": 5.925036669976689e-53}