{"correlation": 0.06614766855660978, "p_value": 2.9810361061852497e-97}