{"correlation": 0.07345684194222098, "p_value": 1.547476346568244e-119}