{"correlation": 0.10198858412086051, "p_value": 4.126947656391663e-229}