{"correlation": 0.010301277510274265, "p_value": 0.0011313041630757372}