{"correlation": 0.10459301850343386, "p_value": 6.454176552208969e-241}