{"correlation": 0.10698714920799522, "p_value": 4.890704287995029e-252}