{"correlation": 0.08000746348882239, "p_value": 1.660245957945639e-141}