{"correlation": 0.06311991224428601, "p_value": 1.0444967211094654e-88}