{"correlation": 0.10464459780523164, "p_value": 3.7408298272967166e-241}