{"correlation": 0.11367167004119942, "p_value": 1.8970886575158722e-284}