{"correlation": 0.07026293294144999, "p_value": 1.644979877019505e-109}