{"correlation": -0.10177779909169803, "p_value": 3.612727471247444e-228}