{"correlation": 0.10364790880152988, "p_value": 1.3460902414873487e-236}