{"correlation": 0.06242511193484193, "p_value": 8.375873022460369e-87}