{"correlation": 0.01721430371519559, "p_value": 5.306092863049243e-08}