{"correlation": -0.012527124282028767, "p_value": 7.520988116434706e-05}