{"correlation": 0.11520056506841718, "p_value": 3.822321819159805e-292}