{"correlation": 0.023320487188991986, "p_value": 1.6921760388255728e-13}