{"correlation": -0.10543293523820142, "p_value": 8.665128035289555e-245}