{"correlation": 0.10604788734596313, "p_value": 1.2099414402449445e-247}