{"correlation": 0.0953962540625307, "p_value": 1.39337498530892e-200}