{"correlation": 0.03769729552046231, "p_value": 9.545840636216743e-33}