{"correlation": -0.061766259138156546, "p_value": 5.1181847865120825e-85}