{"correlation": 0.07338183865483942, "p_value": 2.6929222339974743e-119}