{"correlation": 0.11988325757301352, "p_value": 2.2658712e-316}