{"correlation": 0.10125219417672321, "p_value": 7.918278509619734e-226}