{"correlation": 0.09848842699333281, "p_value": 1.0094568938321096e-213}