{"correlation": -0.1053506489474419, "p_value": 2.082170156813952e-244}