{"correlation": 0.11109190036179455, "p_value": 1.0585601778000216e-271}