{"correlation": 0.038361167727913065, "p_value": 7.509842894365007e-34}