{"correlation": -0.03969490880807874, "p_value": 3.977597772930015e-36}