{"correlation": 0.11635915447917337, "p_value": 4.7895298964299496e-298}