{"correlation": 0.08802089078751031, "p_value": 5.856444075569047e-171}