{"correlation": 0.0003776853347230908, "p_value": 0.9049885534591687}