{"correlation": -0.036608807131474984, "p_value": 5.610174694540687e-31}