{"correlation": 0.08470541140014495, "p_value": 1.985950654040114e-158}