{"correlation": 0.10245217158590225, "p_value": 3.4388210147008244e-231}