{"correlation": 0.06021569816878935, "p_value": 6.879886741765697e-81}