{"correlation": 0.08365793430583682, "p_value": 1.4307429542373868e-154}