{"correlation": 0.07158968511417563, "p_value": 1.2752398774250559e-113}