{"correlation": 0.11739743336175365, "p_value": 2.1860029524061233e-303}