{"correlation": 0.041450342550115725, "p_value": 3.065770919079434e-39}