{"correlation": 0.0948542547912453, "p_value": 2.531495908126856e-198}