{"correlation": 0.05007751292593802, "p_value": 1.7505220278524871e-56}