{"correlation": 0.08036965434914245, "p_value": 8.917514701846396e-143}