{"correlation": 0.06594099305437261, "p_value": 1.1759737917762985e-96}