{"correlation": 0.06623180203768363, "p_value": 1.702937356384713e-97}