{"correlation": -0.005824885447560228, "p_value": 0.0656381523667964}