{"correlation": 0.09568823124493983, "p_value": 8.3473289127013e-202}