{"correlation": 0.04410470391294749, "p_value": 3.3536327404275164e-44}