{"correlation": 0.11693828598163837, "p_value": 5.097916832890339e-301}