{"correlation": 0.10592638579597458, "p_value": 4.4483385323236757e-247}