{"correlation": 0.08963293240064414, "p_value": 3.155845302590594e-177}