{"correlation": -0.03379489522556724, "p_value": 1.2167568805020992e-26}