{"correlation": 0.05256844146965498, "p_value": 4.5941466345146766e-62}