{"correlation": -0.11917283900402993, "p_value": 1.2432167451e-312}