{"correlation": 0.11966430147989138, "p_value": 3.23707408e-315}