{"correlation": 0.057610185507035866, "p_value": 3.4527780081969534e-74}