{"correlation": 0.03646512167252229, "p_value": 9.52106119253592e-31}