{"correlation": 0.07160951011842023, "p_value": 1.1055616142087489e-113}