{"correlation": 0.05400663068794494, "p_value": 2.073940579158663e-65}