{"correlation": 0.10077338528191926, "p_value": 1.0477850965833418e-223}