{"correlation": 0.09682761064271997, "p_value": 1.3019489453158017e-206}