{"correlation": 0.09074264072478862, "p_value": 1.3089717223938665e-181}