{"correlation": -0.055506032111652004, "p_value": 5.406938898827117e-69}