{"correlation": 0.08926208197207858, "p_value": 8.941289559342623e-176}