{"correlation": 0.024964932491543617, "p_value": 2.9968543548182226e-15}