{"correlation": 0.10089967634230053, "p_value": 2.895081862388242e-224}