{"correlation": 0.07695833205331719, "p_value": 4.804478587744579e-131}