{"correlation": -0.05714000759097089, "p_value": 5.1967064704740177e-73}