{"correlation": 0.05813645758642353, "p_value": 1.6168422559405614e-75}