{"correlation": -0.06945111307574736, "p_value": 4.934148152225813e-107}