{"correlation": 0.11611896262542253, "p_value": 8.106724271277496e-297}