{"correlation": 0.07488406525402036, "p_value": 3.6653145485302435e-124}