{"correlation": 0.07054284371764699, "p_value": 2.2665992702692654e-110}