{"correlation": 0.10495205743811013, "p_value": 1.4405139253416493e-242}