{"correlation": 0.0594599370833775, "p_value": 6.482211009330754e-79}