{"correlation": 0.09741927716453873, "p_value": 3.940730158402707e-209}