{"correlation": 0.08599952534747893, "p_value": 2.9174815391683305e-163}