{"correlation": 0.0201223754748885, "p_value": 2.0171319538228812e-10}