{"correlation": 0.0336529295850055, "p_value": 1.9720161775205678e-26}