{"correlation": 0.07306631351349116, "p_value": 2.752150640483157e-118}