{"correlation": -0.10808636735316317, "p_value": 3.1443073048310355e-257}