{"correlation": 0.00830704780465751, "p_value": 0.008655533092238155}