{"correlation": 0.0252807159171621, "p_value": 1.3397542605317439e-15}