{"correlation": -0.00024121231909134756, "p_value": 0.9392347782826774}