{"correlation": 0.0031122356238561404, "p_value": 0.3253222437172052}