{"correlation": 0.09951336619079353, "p_value": 3.585779502636498e-218}