{"correlation": -0.03968242034510392, "p_value": 4.1810901563389826e-36}