{"correlation": 0.1017255956039791, "p_value": 6.178416618835449e-228}