{"correlation": 0.1005756448554406, "p_value": 7.825056759077271e-223}