{"correlation": 0.024536161226516428, "p_value": 8.801836444273946e-15}