{"correlation": 0.10303653593472188, "p_value": 7.976328606990623e-234}