{"correlation": 0.10346009094353079, "p_value": 9.60849110286587e-236}