{"correlation": -0.00021183432231348118, "p_value": 0.9466237468879016}