{"correlation": 0.039164522298664066, "p_value": 3.265450516264381e-35}