{"correlation": 0.11195577699080683, "p_value": 6.161275811432806e-276}