{"correlation": 0.04725609320301557, "p_value": 1.731231233948218e-50}