{"correlation": 0.0670074866562356, "p_value": 9.432657473300438e-100}