{"correlation": -0.06785531152131861, "p_value": 3.0061555971455853e-102}