{"correlation": 0.04608073718015002, "p_value": 4.30228338862386e-48}