{"correlation": 0.051848071322335924, "p_value": 2.0136619967390408e-60}