{"correlation": 0.06477622696428077, "p_value": 2.479955248834289e-93}