{"correlation": 0.04553212382568755, "p_value": 5.385256854598245e-47}