{"correlation": 0.10663586074898303, "p_value": 2.1734659024305685e-250}