{"correlation": 0.06601141556631826, "p_value": 7.370838647236527e-97}