{"correlation": 0.08627749411920713, "p_value": 2.6135932457848154e-164}