{"correlation": 0.07364060362216517, "p_value": 3.972799204430994e-120}