{"correlation": 0.052735141674904853, "p_value": 1.901338235468778e-62}