{"correlation": 0.11750177779080198, "p_value": 6.3130145991010385e-304}