{"correlation": 0.08637149112108718, "p_value": 1.1538599518608971e-164}