{"correlation": 0.05273280170022989, "p_value": 1.9250676034796294e-62}