{"correlation": -0.004853682767896047, "p_value": 0.12504304224651638}