{"correlation": 0.06309314034821548, "p_value": 1.2378496191345934e-88}