{"correlation": 0.07891518653520839, "p_value": 1.0348850235137595e-137}