{"correlation": 0.03243577633369794, "p_value": 1.140660808093478e-24}