{"correlation": 0.06602826456171286, "p_value": 6.590893122147471e-97}