{"correlation": -0.024529643203186523, "p_value": 8.945930724722815e-15}