{"correlation": 0.10829093682180911, "p_value": 3.3520741090103085e-258}