{"correlation": 0.11179936359746664, "p_value": 3.6220712700735794e-275}