{"correlation": 0.03434529808976353, "p_value": 1.8362961334595102e-27}