{"correlation": -0.004155725754030088, "p_value": 0.18906067597650725}