{"correlation": 0.04491005139952113, "p_value": 9.116973264773309e-46}