{"correlation": 0.11577098411049958, "p_value": 4.831639151660394e-295}