{"correlation": 0.013538876917745243, "p_value": 1.8776592143988148e-05}