{"correlation": 0.07090924960653601, "p_value": 1.6726093162905896e-111}