{"correlation": 0.0096578480164853, "p_value": 0.0022709882125974065}