{"correlation": 0.10629964510473745, "p_value": 8.11053126991323e-249}