{"correlation": 0.008535900268867252, "p_value": 0.0069820854975384625}