{"correlation": 0.09916888352271708, "p_value": 1.1357831820436825e-216}