{"correlation": 0.027031227190205242, "p_value": 1.292155915157157e-17}