{"correlation": 0.11707036622839664, "p_value": 1.0647654019362112e-301}