{"correlation": 0.09765132540453855, "p_value": 4.012099046100143e-210}