{"correlation": 0.07481635046959279, "p_value": 6.1037362650451055e-124}