{"correlation": 0.08114632802941889, "p_value": 1.6125258072431172e-145}