{"correlation": 0.05259739985955112, "p_value": 3.942153378499987e-62}