{"correlation": 0.05471427055687472, "p_value": 4.341388601661356e-67}