{"correlation": 0.08978728786935752, "p_value": 7.813516172235448e-178}