{"correlation": 0.11934663920432662, "p_value": 1.5200357713e-313}