{"correlation": 0.05686619004773042, "p_value": 2.494910199034174e-72}