{"correlation": 0.06844603648235012, "p_value": 5.246069678989558e-104}