{"correlation": -0.08602895098131308, "p_value": 2.2607559352850748e-163}