{"correlation": 0.11741365162111074, "p_value": 1.8023614828354733e-303}