{"correlation": -0.008751608869297038, "p_value": 0.0056770654083626694}