{"correlation": 0.0009115421317271303, "p_value": 0.7732856366078679}