{"correlation": -0.03393898680676016, "p_value": 7.438188880908577e-27}