{"correlation": 0.059708039619739556, "p_value": 1.466905540932223e-79}