{"correlation": 0.06986064877050054, "p_value": 2.8005414749758337e-108}