{"correlation": 0.11081846962212448, "p_value": 2.2812866152759365e-270}