{"correlation": -0.05027438505396358, "p_value": 6.484965791715651e-57}