{"correlation": 0.11201247176504583, "p_value": 3.2400928086466255e-276}