{"correlation": -0.010969028844151728, "p_value": 0.0005268741364050548}