{"correlation": 0.1113488701536112, "p_value": 5.867626081165974e-273}