{"correlation": 0.024655407516858623, "p_value": 6.5348063276543135e-15}