{"correlation": 0.06695798446069164, "p_value": 1.316529578304307e-99}