{"correlation": -0.01818374918058714, "p_value": 9.07402566375649e-09}