{"correlation": 0.05908024873905173, "p_value": 6.22431830940316e-78}