{"correlation": 0.08902994128467077, "p_value": 7.200766428292693e-175}