{"correlation": -0.09378504963779949, "p_value": 6.637254014490222e-194}