{"correlation": 0.05342019945475635, "p_value": 4.918104795571402e-64}