{"correlation": 0.06388049333173726, "p_value": 8.133403425310188e-91}