{"correlation": 0.052995046665481674, "p_value": 4.778313182251712e-63}