{"correlation": 0.057942134671704004, "p_value": 5.023278454977662e-75}