{"correlation": 0.030283683403642618, "p_value": 1.039306751005154e-21}