{"correlation": -0.015261982090043848, "p_value": 1.4098255828551315e-06}