{"correlation": -0.062120920516775986, "p_value": 5.623731400887947e-86}