{"correlation": -0.0339053968896722, "p_value": 8.343966190675984e-27}