{"correlation": 0.1137273892367513, "p_value": 9.987866280594427e-285}