{"correlation": -0.013728605244112098, "p_value": 1.4317652450564467e-05}