{"correlation": 0.0945357894514842, "p_value": 5.306296746429415e-197}