{"correlation": 0.00907180113507691, "p_value": 0.004142899298002317}