{"correlation": -0.07271950326829296, "p_value": 3.500714826336893e-117}