{"correlation": -0.04214798773307301, "p_value": 1.630213934326154e-40}