{"correlation": -0.08534378462221567, "p_value": 8.378876353395741e-161}