{"correlation": 0.038854263082014215, "p_value": 1.1044472821355786e-34}