{"correlation": 0.04256354484273118, "p_value": 2.774409416684233e-41}