{"correlation": -0.03756566826781274, "p_value": 1.5720893632198417e-32}