{"correlation": -0.08199001231042366, "p_value": 1.5773623640667447e-148}