{"correlation": 0.003329003001050768, "p_value": 0.29275992347447805}