{"correlation": 0.0913660175170934, "p_value": 4.278161114328226e-184}