{"correlation": -0.08443140052438737, "p_value": 2.05007836626798e-157}