{"correlation": -0.04144094156688444, "p_value": 3.188358199610937e-39}