{"correlation": 0.05990246035629771, "p_value": 4.558563139676933e-80}