{"correlation": -0.018427007774542183, "p_value": 5.742638203324813e-09}