{"correlation": 0.038347944050685465, "p_value": 7.903351160828722e-34}