{"correlation": 0.0028544000870732384, "p_value": 0.3670069998753113}