{"correlation": 0.1156081845454969, "p_value": 3.256546182379312e-294}