{"correlation": 0.07329156411439469, "p_value": 5.241834635085171e-119}