{"correlation": 0.07174913079339244, "p_value": 4.0400431097487246e-114}