{"correlation": 0.022757957948721895, "p_value": 6.326397156806295e-13}