{"correlation": 0.06268308803921131, "p_value": 1.653884317968812e-87}