{"correlation": 0.019031187447136565, "p_value": 1.7980073494774082e-09}