{"correlation": 0.04269705237120908, "p_value": 1.5649390259275335e-41}