{"correlation": 0.07894103208955781, "p_value": 8.427705408285421e-138}