{"correlation": 0.06608364455227743, "p_value": 4.5625325567463917e-97}