{"correlation": 0.08083390403887127, "p_value": 2.060633038397934e-144}