{"correlation": 0.030223109799807607, "p_value": 1.2507160085643038e-21}