{"correlation": -0.002381479404243463, "p_value": 0.4516702785680085}