{"correlation": 0.11922314627271226, "p_value": 6.76868306253e-313}