{"correlation": 0.09854384524849323, "p_value": 5.817050367150681e-214}