{"correlation": 0.03732828747575089, "p_value": 3.8487473100048864e-32}