{"correlation": 0.08032225668768962, "p_value": 1.3084613478530507e-142}