{"correlation": -0.03423735229319669, "p_value": 2.667108224496532e-27}