{"correlation": 0.05358290513586591, "p_value": 2.050246044884731e-64}