{"correlation": 0.0006377332446057913, "p_value": 0.8402713293774734}