{"correlation": 0.0998532451446436, "p_value": 1.1714814233999967e-219}