{"correlation": -0.041283071354760115, "p_value": 6.150847954889182e-39}