{"correlation": 0.0782850851493111, "p_value": 1.5135748626159146e-135}