{"correlation": 0.060678655137467154, "p_value": 4.129933812017854e-82}