{"correlation": 0.10269300260528907, "p_value": 2.83448044405214e-232}