{"correlation": 0.09818067707297354, "p_value": 2.1426571524319312e-212}