{"correlation": 0.10326342499877592, "p_value": 7.4947352560563e-235}