{"correlation": 0.04753660838009065, "p_value": 4.547739946436993e-51}