{"correlation": 0.054132837342581466, "p_value": 1.0445260757132025e-65}