{"correlation": -0.05799226524781972, "p_value": 3.7509277780170466e-75}