{"correlation": 0.014689050799682097, "p_value": 3.4419628376221715e-06}