{"correlation": 0.10568962485574859, "p_value": 5.599051623817667e-246}