{"correlation": 0.03974059288933604, "p_value": 3.313577161522736e-36}