{"correlation": 0.09564513794632006, "p_value": 1.265376530559661e-201}