{"correlation": 0.08912967711779159, "p_value": 2.9405686459518313e-175}