{"correlation": -0.04118221839276172, "p_value": 9.347000672851604e-39}