{"correlation": 0.06687576789982126, "p_value": 2.2891850381146115e-99}