{"correlation": 0.03241934334355466, "p_value": 1.2036817860146943e-24}