{"correlation": 0.059336247702406364, "p_value": 1.3565541391681396e-78}