{"correlation": 0.10546968454206335, "p_value": 5.8564817750743e-245}