{"correlation": 0.07186306715974991, "p_value": 1.7741065814070475e-114}