{"correlation": 0.05336044194592583, "p_value": 6.777490763139976e-64}