{"correlation": 0.03374777645441754, "p_value": 1.4285730530954672e-26}