{"correlation": 0.06615949824942646, "p_value": 2.7554654645197633e-97}