{"correlation": 0.06763374412718162, "p_value": 1.3599216447328325e-101}