{"correlation": 0.08642912553029222, "p_value": 6.986162064174179e-165}