{"correlation": 0.07452226744350146, "p_value": 5.56100075363036e-123}