{"correlation": 0.05059370860465829, "p_value": 1.28476108615977e-57}