{"correlation": 0.03603133642126625, "p_value": 4.642583753383594e-30}