{"correlation": 0.01989895197015334, "p_value": 3.1869556079035284e-10}