{"correlation": -0.05369824638774338, "p_value": 1.100861000449726e-64}