{"correlation": 0.09452303513381655, "p_value": 5.992654605054281e-197}