{"correlation": -0.029051809176141207, "p_value": 4.1790731912636095e-20}