{"correlation": 0.06687184478426494, "p_value": 2.350376702724993e-99}