{"correlation": 0.07693946050394733, "p_value": 5.560542283550694e-131}