{"correlation": 0.09963384070117906, "p_value": 1.0678136611037051e-218}