{"correlation": 0.030606157527802397, "p_value": 3.854620286382141e-22}