{"correlation": 0.098040724068605, "p_value": 8.569649316821306e-212}