{"correlation": 0.02115818923909314, "p_value": 2.2703140325832757e-11}