{"correlation": -0.0428615825697987, "p_value": 7.708631729678759e-42}