{"correlation": 0.03952183869469117, "p_value": 7.930709235367203e-36}