{"correlation": 0.047634947875972125, "p_value": 2.8409287530517613e-51}