{"correlation": 0.09136129324866454, "p_value": 4.4684793388535203e-184}