{"correlation": 0.10919292373298241, "p_value": 1.6452577832467388e-262}