{"correlation": 0.1093872518897708, "p_value": 1.9190295007919363e-263}