{"correlation": 0.07013259144150823, "p_value": 4.1287061178484486e-109}