{"correlation": 0.09657057698648104, "p_value": 1.5997486580952117e-205}