{"correlation": -0.11196361027241995, "p_value": 5.637873819458527e-276}