{"correlation": 0.06685272641194907, "p_value": 2.6727522864187757e-99}