{"correlation": 0.03867404871867302, "p_value": 2.231612813641542e-34}