{"correlation": 0.11715029240864487, "p_value": 4.123789228905206e-302}