{"correlation": 0.0726099097079233, "p_value": 7.799710596163843e-117}