{"correlation": -0.1076030101013087, "p_value": 6.126403219453778e-255}