{"correlation": 0.06711789626809032, "p_value": 4.4801524111215734e-100}