{"correlation": -0.11368620613825678, "p_value": 1.604780696591789e-284}