{"correlation": 0.08782229536622276, "p_value": 3.403371610148045e-170}