{"correlation": 0.029343278001939033, "p_value": 1.7675876035992453e-20}