{"correlation": 0.0597409002058826, "p_value": 1.2042844864901266e-79}