{"correlation": 0.11669875013089864, "p_value": 8.686746745787786e-300}