{"correlation": -0.02755232481606414, "p_value": 3.0611140769368957e-18}