{"correlation": 0.07910423933628959, "p_value": 2.3007270233859125e-138}