{"correlation": 0.009070711966705733, "p_value": 0.004147407889587317}