{"correlation": 0.034234320565837376, "p_value": 2.6951689805668167e-27}