{"correlation": 0.1128714701604878, "p_value": 1.8362424361978264e-280}