{"correlation": 0.04907242177268177, "p_value": 2.6217087653017314e-54}