{"correlation": 0.019697712110122147, "p_value": 4.791592704661458e-10}