{"correlation": 0.07125829159121931, "p_value": 1.3790208080047607e-112}