{"correlation": 0.06112933212388457, "p_value": 2.616395162322371e-83}