{"correlation": 0.006530174519646262, "p_value": 0.03903766771047676}