{"correlation": 0.05819000151764791, "p_value": 1.1822885339632475e-75}