{"correlation": 0.03593439134318318, "p_value": 6.598160366497318e-30}