{"correlation": -0.08866820925369338, "p_value": 1.838017621743227e-173}