{"correlation": -0.020324515593923228, "p_value": 1.3279683760304046e-10}