{"correlation": 0.0660254474959838, "p_value": 6.715312563394819e-97}