{"correlation": 0.08207964976806854, "p_value": 7.52193917304064e-149}