{"correlation": 0.09006066569218535, "p_value": 6.55378918095968e-179}