{"correlation": 0.11469214475422494, "p_value": 1.422918211437396e-289}