{"correlation": 0.10188424965385537, "p_value": 1.2085118313496964e-228}