{"correlation": 0.0003395047304449511, "p_value": 0.9145544877514346}