{"correlation": 0.04854442637871058, "p_value": 3.497542724711672e-53}