{"correlation": 0.08106867014622259, "p_value": 3.040505511660724e-145}