{"correlation": 0.1127222185185296, "p_value": 1.0096472887564775e-279}