{"correlation": 0.1195916265855885, "p_value": 7.816420115e-315}