{"correlation": 0.033460495237465936, "p_value": 3.782501245299703e-26}