{"correlation": 0.02590717410548897, "p_value": 2.6348513135183017e-16}