{"correlation": 0.05722839480598739, "p_value": 3.126796069274487e-73}