{"correlation": 0.07381499470782521, "p_value": 1.0897018615057547e-120}