{"correlation": 0.09960086101648367, "p_value": 1.487906282502708e-218}