{"correlation": 0.04121819364731441, "p_value": 8.051844319952105e-39}