{"correlation": 0.04148848281182355, "p_value": 2.6146848347267543e-39}