{"correlation": 0.1100861180411635, "p_value": 8.187346553312789e-267}