{"correlation": 0.11330436697127905, "p_value": 1.2918950396337467e-282}