{"correlation": -0.042204252998509016, "p_value": 1.2839631743491513e-40}