{"correlation": -0.06326700114731872, "p_value": 4.10292850006784e-89}