{"correlation": -0.02740765775825324, "p_value": 4.578064107747454e-18}