{"correlation": 0.07749166326857983, "p_value": 7.61019430500853e-133}