{"correlation": 0.09068556467326182, "p_value": 2.2062498361177258e-181}