{"correlation": 0.08648865848779881, "p_value": 4.1590230444037206e-165}