{"correlation": 0.037528684399449806, "p_value": 1.808085921089941e-32}