{"correlation": 0.016343818715643353, "p_value": 2.397027753771939e-07}