{"correlation": 0.10578321859322924, "p_value": 2.0587698195429944e-246}