{"correlation": 0.08231573896766026, "p_value": 1.0655858290136717e-149}