{"correlation": -0.03179854245232915, "p_value": 9.000951454306898e-24}