{"correlation": 0.02820008727147583, "p_value": 4.922200512707444e-19}