{"correlation": 0.09766076856566834, "p_value": 3.655469778980594e-210}