{"correlation": 0.11936886044793037, "p_value": 1.1616165833e-313}