{"correlation": 0.09014850318860837, "p_value": 2.950875843947826e-179}