{"correlation": 0.07618289898495896, "p_value": 1.8912091067247893e-128}