{"correlation": 0.0789018971137586, "p_value": 1.1501040930845342e-137}