{"correlation": 0.07307044787923207, "p_value": 2.669768438600199e-118}