{"correlation": 0.11873282810004122, "p_value": 2.50673230429997e-310}