{"correlation": 0.04761709136425022, "p_value": 3.094531048468641e-51}