{"correlation": 0.10928604271307464, "p_value": 5.878869635120927e-263}