{"correlation": 0.05892126490931193, "p_value": 1.5979356152508298e-77}