{"correlation": -0.04224202547716417, "p_value": 1.0936141341005258e-40}