{"correlation": 0.06612882009057418, "p_value": 3.3791062785034095e-97}