{"correlation": 0.01865280366114888, "p_value": 3.736326046333736e-09}