{"correlation": -0.03384152620006655, "p_value": 1.0378447028641367e-26}