{"correlation": -0.07426492456443984, "p_value": 3.816871288195636e-122}