{"correlation": -0.04113140139029334, "p_value": 1.1536593043504657e-38}