{"correlation": -0.028962662037607452, "p_value": 5.428101560029651e-20}