{"correlation": 0.0688973418015976, "p_value": 2.324286892535821e-105}