{"correlation": 0.11999802271057465, "p_value": 5.6107666e-317}