{"correlation": 0.037313968127286525, "p_value": 4.0616012108454173e-32}