{"correlation": -0.019465807469806716, "p_value": 7.628491743665817e-10}