{"correlation": 0.0631114696349155, "p_value": 1.101973606695096e-88}