{"correlation": 0.07064715912732936, "p_value": 1.0806916611317233e-110}