{"correlation": 0.06911872560045773, "p_value": 5.000935191651309e-106}