{"correlation": 0.07442481157542392, "p_value": 1.1542491503321851e-122}