{"correlation": 0.10133196366287688, "p_value": 3.50082212413826e-226}