{"correlation": -0.014414029891463356, "p_value": 5.224042982515098e-06}