{"correlation": 0.1193806781720859, "p_value": 1.0067967227e-313}