{"correlation": 0.008156010651475445, "p_value": 0.009947971098321186}