{"correlation": 0.0784052236078811, "p_value": 5.868724553378456e-136}