{"correlation": 0.06217756545583424, "p_value": 3.947597590295173e-86}