{"correlation": 0.013516818473450078, "p_value": 1.9373542799243292e-05}