{"correlation": -0.019323951118428617, "p_value": 1.0112352754888551e-09}