{"correlation": 0.053578309030647225, "p_value": 2.101627887053249e-64}