{"correlation": 0.0872276720521369, "p_value": 6.453635684489841e-168}