{"correlation": 0.03184878101483568, "p_value": 7.65941396912856e-24}