{"correlation": 0.04332018988250605, "p_value": 1.0558533912798058e-42}