{"correlation": 0.021208003107347037, "p_value": 2.038512926067631e-11}