{"correlation": -0.03104465937149249, "p_value": 9.841112348395411e-23}