{"correlation": 0.08426674400913738, "p_value": 8.30573933775444e-157}