{"correlation": -0.03154977103899302, "p_value": 1.994212537518796e-23}