{"correlation": -0.013802368508641553, "p_value": 1.2873307658640014e-05}