{"correlation": 0.07087006345277981, "p_value": 2.2117631002286956e-111}