{"correlation": 0.0774021862716181, "p_value": 1.528619337945842e-132}