{"correlation": 0.043177726450082804, "p_value": 1.962376484631108e-42}