{"correlation": -0.046806408277963965, "p_value": 1.4517545309742333e-49}