{"correlation": 0.04637718228954995, "p_value": 1.0844618336033496e-48}