{"correlation": 0.06345669951208911, "p_value": 1.2255296637279303e-89}