{"correlation": -0.0653940576585321, "p_value": 4.351767031280495e-95}