{"correlation": 0.03312969374787737, "p_value": 1.148961994910914e-25}