{"correlation": 0.10792371189305129, "p_value": 1.858661810717765e-256}