{"correlation": 0.025262635829421176, "p_value": 1.4033273234018106e-15}