{"correlation": -0.021511763232101966, "p_value": 1.05150814122413e-11}