{"correlation": 0.05482334532213143, "p_value": 2.3815558041010465e-67}