{"correlation": 0.12028343380716174, "p_value": 1.733153e-318}