{"correlation": 0.09968399691421384, "p_value": 6.44588079317718e-219}