{"correlation": 0.06808343916604878, "p_value": 6.321927255392146e-103}