{"correlation": 0.07772295458737341, "p_value": 1.2496169960690214e-133}