{"correlation": 0.10807064809796536, "p_value": 3.733813597942294e-257}