{"correlation": -0.09974588933720537, "p_value": 3.456367100588602e-219}