{"correlation": 0.06017025742989752, "p_value": 9.056989599078518e-81}