{"correlation": 0.07163382987834406, "p_value": 9.278796615150885e-114}