{"correlation": 0.07354330595546534, "p_value": 8.164933947370926e-120}