{"correlation": 0.03435454082101286, "p_value": 1.7784427628459287e-27}