{"correlation": -0.0028392863630851586, "p_value": 0.3695495872744876}