{"correlation": 0.05951796571725339, "p_value": 4.5817387752002916e-79}