{"correlation": 0.0322028253265154, "p_value": 2.438639403536856e-24}