{"correlation": 0.10589418364969819, "p_value": 6.279809595405637e-247}