{"correlation": 0.11876534431670578, "p_value": 1.69474214602487e-310}