{"correlation": 0.10755499845348244, "p_value": 1.032918322550459e-254}