{"correlation": 0.007921357871975085, "p_value": 0.012298198281154213}