{"correlation": -0.01505766511400309, "p_value": 1.9452745847692486e-06}