{"correlation": 0.06680051774860564, "p_value": 3.795895809931962e-99}