{"correlation": 0.09005764584678856, "p_value": 6.735974649380023e-179}