{"correlation": 0.06376460135717806, "p_value": 1.7108323789915505e-90}