{"correlation": 0.04596115785853431, "p_value": 7.482270901025459e-48}