{"correlation": 0.06749276880113726, "p_value": 3.5437653658467807e-101}