{"correlation": 0.08645152692610251, "p_value": 5.747774896722549e-165}