{"correlation": 0.06212615753357001, "p_value": 5.442784552070015e-86}