{"correlation": 0.11155849901963948, "p_value": 5.513730754495009e-274}