{"correlation": 0.07581050706910342, "p_value": 3.2627359728187265e-127}