{"correlation": 0.018269454295875346, "p_value": 7.728291895935473e-09}