{"correlation": 0.11190102043327951, "p_value": 1.145788633048679e-275}