{"correlation": 0.11134558565906703, "p_value": 6.088890213583102e-273}