{"correlation": 0.0834175321670706, "p_value": 1.0815655058615049e-153}