{"correlation": 0.06802845285552936, "p_value": 9.210365381906662e-103}