{"correlation": 0.11083314264359981, "p_value": 1.935120391530702e-270}