{"correlation": 0.013209192185121527, "p_value": 2.983041845406255e-05}