{"correlation": -0.11063574269060981, "p_value": 1.7677725394126408e-269}