{"correlation": 0.07032230936995679, "p_value": 1.0810679398866103e-109}