{"correlation": 0.11957500941559837, "p_value": 9.561245433e-315}