{"correlation": 0.11179478594025548, "p_value": 3.8146495982087716e-275}