{"correlation": -0.06322571409506145, "p_value": 5.334566453414268e-89}