{"correlation": 0.06383564882312716, "p_value": 1.084681311291981e-90}