{"correlation": 0.040806497933115415, "p_value": 4.4039306995416993e-38}