{"correlation": 0.10871264827026841, "p_value": 3.2749994885833005e-260}