{"correlation": 0.00906832861999799, "p_value": 0.0041572892406161795}