{"correlation": 0.08622215909701723, "p_value": 4.227558448012746e-164}