{"correlation": 0.08236372874974665, "p_value": 7.157538844493936e-150}