{"correlation": 0.0433238132169751, "p_value": 1.0393121262965745e-42}