{"correlation": 0.09686154115858311, "p_value": 9.34451435394996e-207}