{"correlation": 0.10203176384093653, "p_value": 2.6446672622025016e-229}