{"correlation": 0.050612185508803136, "p_value": 1.1695104624037053e-57}