{"correlation": 0.1173726278035966, "p_value": 2.936378215528346e-303}