{"correlation": 0.050403807908332765, "p_value": 3.368837375766382e-57}