{"correlation": 0.07861795579537287, "p_value": 1.0924432205616102e-136}