{"correlation": 0.051813338263108306, "p_value": 2.4130960115780883e-60}