{"correlation": -0.09214875525515152, "p_value": 3.0598044318156377e-187}