{"correlation": 0.1108664983507628, "p_value": 1.3310589203775134e-270}