{"correlation": 0.042194022466491475, "p_value": 1.340962922227842e-40}