{"correlation": 0.09121663526249611, "p_value": 1.6923160399376577e-183}