{"correlation": 0.051278266890314866, "p_value": 3.860123898365427e-59}