{"correlation": 0.09022021220225183, "p_value": 1.537398520402873e-179}