{"correlation": 0.06140322068298456, "p_value": 4.843502850444094e-84}