{"correlation": 0.10037076216902246, "p_value": 6.257490718382351e-222}