{"correlation": -0.026613634773718295, "p_value": 4.0189061058130344e-17}