{"correlation": 0.06684934819771134, "p_value": 2.734139372759587e-99}