{"correlation": 0.013684320099150573, "p_value": 1.5257699202376917e-05}