{"correlation": -0.08323460019463647, "p_value": 5.021351253769033e-153}