{"correlation": 0.07005768343822813, "p_value": 7.000987437512252e-109}