{"correlation": -0.024459805537576224, "p_value": 1.0643217669223377e-14}