{"correlation": -0.07612700964995342, "p_value": 2.9023987505315734e-128}