{"correlation": 0.10822357269711765, "p_value": 7.00918348172641e-258}