{"correlation": 0.07507826245760649, "p_value": 8.468422504338471e-125}