{"correlation": 0.1000980820359257, "p_value": 9.889771090349394e-221}