{"correlation": 0.014220135081483697, "p_value": 6.980043960255345e-06}