{"correlation": 0.09266460889571974, "p_value": 2.498978682808743e-189}