{"correlation": 0.04406600968835431, "p_value": 3.981359292234411e-44}