{"correlation": 0.09207909575156162, "p_value": 5.844344896255282e-187}