{"correlation": 0.07389295154461012, "p_value": 6.1057943590409535e-121}