{"correlation": 0.031215858502958247, "p_value": 5.745165105510618e-23}