{"correlation": -0.031059455547978676, "p_value": 9.394907628667615e-23}