{"correlation": 0.04457726951224818, "p_value": 4.075882902771383e-45}