{"correlation": -0.0006554589477674255, "p_value": 0.8358939768309736}