{"correlation": 0.10291008034297072, "p_value": 2.9731940890942664e-233}