{"correlation": 0.025327763950626723, "p_value": 1.1873184591619948e-15}