{"correlation": 0.03191510811394118, "p_value": 6.187130802194875e-24}