{"correlation": -0.006471600244010748, "p_value": 0.04082750996486086}