{"correlation": 0.08460586997645646, "p_value": 4.641326846133021e-158}