{"correlation": -0.08299395962880397, "p_value": 3.764230019735981e-152}