{"correlation": 0.07736560008760845, "p_value": 2.0325989682464938e-132}