{"correlation": 0.04388614201620465, "p_value": 8.821864784102149e-44}