{"correlation": 0.08621816518257386, "p_value": 4.376819636515092e-164}