{"correlation": 0.057900095289804374, "p_value": 6.4161942448562255e-75}