{"correlation": 0.07765997696979511, "p_value": 2.044806136675388e-133}