{"correlation": -0.0833134441092595, "p_value": 2.5919362971166904e-153}