{"correlation": 0.03681363440189709, "p_value": 2.630128729221057e-31}