{"correlation": 0.026033188084722724, "p_value": 1.890844752846798e-16}