{"correlation": 0.03551131481749233, "p_value": 3.026238567718669e-29}