{"correlation": -0.05933909006244049, "p_value": 1.3337507880173242e-78}