{"correlation": 0.10069133437870598, "p_value": 2.4144508743402795e-223}