{"correlation": 0.08082888110937912, "p_value": 2.1466184628916123e-144}