{"correlation": 0.09829901491861184, "p_value": 6.625804203539662e-213}