{"correlation": 0.0005750561082236154, "p_value": 0.8557881727066227}