{"correlation": 0.08141026153629184, "p_value": 1.8594670522498347e-146}