{"correlation": 0.011688645105338685, "p_value": 0.000220619947471824}