{"correlation": 0.10376020561986941, "p_value": 4.149172394102461e-237}