{"correlation": 0.09762917001427983, "p_value": 4.991241695474601e-210}