{"correlation": 0.04402718328406089, "p_value": 4.72864221705799e-44}