{"correlation": 0.06552729292381256, "p_value": 1.810667278297044e-95}