{"correlation": 0.08703748218585, "p_value": 3.428305320371133e-167}