{"correlation": 0.07486530404044907, "p_value": 4.221788564497618e-124}