{"correlation": -0.05185450373644596, "p_value": 1.9472720864470804e-60}