{"correlation": -0.06302601923036906, "p_value": 1.894345498953799e-88}