{"correlation": -0.015834094339020943, "p_value": 5.602140301853593e-07}