{"correlation": 0.08957069712275179, "p_value": 5.536827333553276e-177}