{"correlation": 0.08339271301054958, "p_value": 1.332302439051098e-153}