{"correlation": 0.06777219087174663, "p_value": 5.298764825034921e-102}