{"correlation": 0.07920686380024008, "p_value": 1.0155907614525175e-138}