{"correlation": 0.09559084879303394, "p_value": 2.1365538590258696e-201}