{"correlation": 0.0656827048263944, "p_value": 6.4959214820723846e-96}