{"correlation": 0.08056634493488664, "p_value": 1.812057791943138e-143}