{"correlation": 0.09625790309034618, "p_value": 3.352556717218778e-204}