{"correlation": 0.010444990854298673, "p_value": 0.0009631376537245363}