{"correlation": 0.06748063608894668, "p_value": 3.847884787499818e-101}