{"correlation": 0.045065527688380215, "p_value": 4.511778299239824e-46}