{"correlation": 0.04897467273206491, "p_value": 4.244303081633744e-54}