{"correlation": 0.06534564852670946, "p_value": 5.981924787256423e-95}