{"correlation": 0.02926930612331304, "p_value": 2.2007364435285592e-20}