{"correlation": 0.01972530967395426, "p_value": 4.5320429426658807e-10}