{"correlation": -0.022127150384311893, "p_value": 2.6749420333388868e-12}