{"correlation": 0.03340516971092283, "p_value": 4.558363816602306e-26}