{"correlation": 0.03753121781524248, "p_value": 1.790853675718966e-32}