{"correlation": -0.06757339611805302, "p_value": 2.0496461383313895e-101}