{"correlation": 0.0657550350192169, "p_value": 4.02791494989482e-96}