{"correlation": 0.1124733198529265, "p_value": 1.7234351743067574e-278}