{"correlation": 0.11162307130018821, "p_value": 2.658849416113812e-274}