{"correlation": 0.06865343557337944, "p_value": 1.2557929476094073e-104}