{"correlation": -0.11915876653366361, "p_value": 1.4736254372e-312}