{"correlation": 0.11402039983541883, "p_value": 3.404220788836419e-286}