{"correlation": 0.11684900165188845, "p_value": 1.46794697619678e-300}