{"correlation": 0.10802182142740813, "p_value": 6.366313481572812e-257}