{"correlation": -0.07095808584216666, "p_value": 1.1805202526422971e-111}