{"correlation": 0.011265683442108383, "p_value": 0.00037019161634298795}