{"correlation": 0.06415561091924607, "p_value": 1.384508900115404e-91}