{"correlation": 0.10732976371654125, "p_value": 1.193835426073334e-253}