{"correlation": 0.09529322947095888, "p_value": 3.754309484887448e-200}