{"correlation": 0.052160520800660935, "p_value": 3.932475556572161e-61}