{"correlation": -0.033652615158661185, "p_value": 1.974121904951011e-26}