{"correlation": 0.07439834053901537, "p_value": 1.4072490028650963e-122}