{"correlation": 0.004454893526329367, "p_value": 0.1591571498421301}