{"correlation": 0.07172089243672651, "p_value": 4.9531155934644886e-114}