{"correlation": 0.07381170905452723, "p_value": 1.1166178632577675e-120}