{"correlation": 0.07239647124751306, "p_value": 3.6996070103900605e-116}