{"correlation": 0.06320845826016108, "p_value": 5.952853983019316e-89}