{"correlation": 0.0488916711003816, "p_value": 6.384642493313518e-54}