{"correlation": 0.027509274961170394, "p_value": 3.4513652585230343e-18}