{"correlation": 0.03044520070385445, "p_value": 6.332103665131067e-22}