{"correlation": 0.1121347719565436, "p_value": 8.090409965753154e-277}