{"correlation": -0.04441028112606538, "p_value": 8.605235693891556e-45}