{"correlation": 0.08468075934729763, "p_value": 2.4508325811137236e-158}