{"correlation": 0.11938596385793565, "p_value": 9.443979354e-314}