{"correlation": -0.07195978909682554, "p_value": 8.813030781634715e-115}