{"correlation": -0.0222324366502676, "p_value": 2.108552756951182e-12}