{"correlation": 0.10350998689223073, "p_value": 5.7022426828014615e-236}