{"correlation": 0.1082316556891712, "p_value": 6.415626456533421e-258}