{"correlation": -0.0586219075861506, "p_value": 9.366218397306752e-77}