{"correlation": 0.05584765552691046, "p_value": 7.992583701241436e-70}