{"correlation": -0.07946430404560266, "p_value": 1.2994666407751338e-139}