{"correlation": 0.08498193044813894, "p_value": 1.8686050591393455e-159}