{"correlation": -0.02972323056104824, "p_value": 5.6852259033321014e-21}