{"correlation": 0.056968429059525476, "p_value": 1.3900859268301848e-72}