{"correlation": 0.11737666764047988, "p_value": 2.7986045022719294e-303}