{"correlation": -0.05066272461469516, "p_value": 9.042315875306475e-58}