{"correlation": 0.062259924368871476, "p_value": 2.358426060833947e-86}