{"correlation": 0.03946495694550518, "p_value": 9.943199719208017e-36}