{"correlation": 0.02103118647117306, "p_value": 2.98439621915015e-11}