{"correlation": 0.1066806242653898, "p_value": 1.341186720976217e-250}