{"correlation": 0.11604492670301479, "p_value": 1.936445032317275e-296}