{"correlation": -0.05068254789451556, "p_value": 8.173854580812938e-58}