{"correlation": 0.06448678400933389, "p_value": 1.6264506541492484e-92}