{"correlation": 0.11890883238164177, "p_value": 3.008394621831e-311}