{"correlation": 0.0406665848594985, "p_value": 7.815476221731209e-38}