{"correlation": 0.050335358774160927, "p_value": 4.7642982818520205e-57}