{"correlation": 0.00031445922299925893, "p_value": 0.9208363145584536}