{"correlation": -0.10621457302028924, "p_value": 2.0229266024095747e-248}