{"correlation": 0.09168638197737745, "p_value": 2.2238715933794095e-185}