{"correlation": 0.10134975192734176, "p_value": 2.918018176463669e-226}