{"correlation": 0.07404292301148786, "p_value": 2.000019611398112e-121}