{"correlation": 0.006980716509598874, "p_value": 0.027371272871361207}