{"correlation": -0.05819717808097423, "p_value": 1.1336870397671155e-75}