{"correlation": 0.059009458987440866, "p_value": 9.47434742477238e-78}