{"correlation": 0.06831362659997624, "p_value": 1.3039414189088645e-103}