{"correlation": 0.0780559939434565, "p_value": 9.180153158964181e-135}