{"correlation": 0.10201806062335517, "p_value": 3.0458679289409447e-229}