{"correlation": 0.04167626189843293, "p_value": 1.1917735191587183e-39}