{"correlation": -0.09595434057195211, "p_value": 6.368387704906124e-203}