{"correlation": -0.007510156803847781, "p_value": 0.017619898048056616}