{"correlation": 0.043433899530346105, "p_value": 6.428681583758582e-43}