{"correlation": 0.09617683900146107, "p_value": 7.366016422238007e-204}