{"correlation": 0.11629765662960957, "p_value": 9.887695002637655e-298}