{"correlation": 0.05858861584165855, "p_value": 1.1395481280369253e-76}