{"correlation": 0.09630452661628017, "p_value": 2.1312125345079842e-204}