{"correlation": 0.014088441136799258, "p_value": 8.48090867015929e-06}