{"correlation": 0.004713449044605077, "p_value": 0.1363226103843673}