{"correlation": -0.08707835480834535, "p_value": 2.395245319592953e-167}