{"correlation": 0.06244422757227694, "p_value": 7.42892208727576e-87}