{"correlation": 0.06021477114874136, "p_value": 6.9185977286843745e-81}