{"correlation": 0.09544980665773743, "p_value": 8.32003983868574e-201}