{"correlation": 0.07031244694682029, "p_value": 1.1591643177486926e-109}