{"correlation": -0.003944416539078222, "p_value": 0.21255121110924258}