{"correlation": -0.007057150205826973, "p_value": 0.025724981434265982}