{"correlation": 0.07536912818809373, "p_value": 9.367888552802536e-126}