{"correlation": -0.11390634285816566, "p_value": 1.2696895713195268e-285}