{"correlation": 0.04152250450030575, "p_value": 2.2683482384091983e-39}