{"correlation": -0.11984982135690096, "p_value": 3.40204483e-316}