{"correlation": 0.0018060164717673558, "p_value": 0.5681582979450165}