{"correlation": 0.03718381219874835, "p_value": 6.618874647043258e-32}