{"correlation": 0.05682305984612903, "p_value": 3.192090505084762e-72}