{"correlation": 0.08710322111344622, "p_value": 1.925618426264268e-167}