{"correlation": 0.10842279197749735, "p_value": 7.900952541789852e-259}