{"correlation": -0.01408367601010676, "p_value": 8.54061940897572e-06}