{"correlation": 0.08109850609465599, "p_value": 2.383166287404524e-145}