{"correlation": 0.05957393744377025, "p_value": 3.2774760171949325e-79}