{"correlation": 0.11027538337093486, "p_value": 9.924911763605027e-268}