{"correlation": -0.045915851571626844, "p_value": 9.224209817099557e-48}