{"correlation": 0.0858006984893165, "p_value": 1.6306573680450592e-162}