{"correlation": 0.05656224921668967, "p_value": 1.4109181066149272e-71}