{"correlation": 0.10692422625879996, "p_value": 9.65894503519196e-252}