{"correlation": 0.0707900429869641, "p_value": 3.9112977621754736e-111}