{"correlation": 0.0687887254347105, "p_value": 4.930222334566824e-105}