{"correlation": 0.040177148417099205, "p_value": 5.724291339803656e-37}