{"correlation": 0.08130860620862754, "p_value": 4.276356244999375e-146}