{"correlation": 0.0018880192883194635, "p_value": 0.5507198200193372}