{"correlation": 0.08667603967911304, "p_value": 8.109532780889748e-166}