{"correlation": 0.020313976470145753, "p_value": 1.3573631917619908e-10}