{"correlation": 0.07364873397146854, "p_value": 3.740545989813117e-120}