{"correlation": 0.1097147488943565, "p_value": 5.088867872049153e-265}