{"correlation": 0.08408410878504732, "p_value": 3.907751635384887e-156}