{"correlation": 0.05795391592898124, "p_value": 4.690144962213095e-75}