{"correlation": 0.0408617299651669, "p_value": 3.5096707063483343e-38}