{"correlation": 0.02381084033684037, "p_value": 5.2262255528453245e-14}