{"correlation": 0.10561228661456172, "p_value": 1.2789664493122065e-245}