{"correlation": 0.10326168920668438, "p_value": 7.631718780779744e-235}