{"correlation": 0.03796447964615575, "p_value": 3.449168796989669e-33}