{"correlation": 0.11640991581072928, "p_value": 2.632215173267451e-298}