{"correlation": 0.10645946739428601, "p_value": 1.4536846143837885e-249}