{"correlation": 0.0888479412225249, "p_value": 3.681295706102904e-174}