{"correlation": 0.017750554415853208, "p_value": 2.0203563021601937e-08}