{"correlation": 0.07215987164492729, "p_value": 2.066594003943868e-115}