{"correlation": 0.0936232302753366, "p_value": 3.0640315728930885e-193}