{"correlation": 0.07429933847092017, "p_value": 2.951248381481144e-122}