{"correlation": -0.11597658727665437, "p_value": 4.3236334032299536e-296}