{"correlation": 0.01913315505938188, "p_value": 1.4728270852756763e-09}