{"correlation": 0.005166201140141033, "p_value": 0.10252908426809676}