{"correlation": 0.10482096576359072, "p_value": 5.782492105986182e-242}