{"correlation": -0.07794863424990216, "p_value": 2.132655785602932e-134}