{"correlation": 0.11606884390206523, "p_value": 1.4617336770702383e-296}