{"correlation": 0.036211553370757855, "p_value": 2.4092709879308162e-30}