{"correlation": 0.09058437780372137, "p_value": 5.562190767258662e-181}