{"correlation": -0.07288511262075313, "p_value": 1.0408824912951507e-117}