{"correlation": 0.11049641127523133, "p_value": 8.403850342876821e-269}