{"correlation": 0.11993791649621902, "p_value": 1.16570837e-316}