{"correlation": -0.04110210508839622, "p_value": 1.3023340515347694e-38}