{"correlation": 0.07742107626899875, "p_value": 1.319413868759978e-132}