{"correlation": 0.054173934455706174, "p_value": 8.35161783199381e-66}