{"correlation": 0.03430060929692325, "p_value": 2.1434390413566524e-27}