{"correlation": 0.03977964254533614, "p_value": 2.8341404170743948e-36}