{"correlation": 0.1151474957340932, "p_value": 7.099372481272013e-292}