{"correlation": 0.061279894947041426, "p_value": 1.0361280813320916e-83}