{"correlation": -0.10261813588569643, "p_value": 6.161872151702689e-232}