{"correlation": 0.0003775896232430839, "p_value": 0.9050125167847642}