{"correlation": 0.1076418397566632, "p_value": 4.014721772836356e-255}