{"correlation": 0.05008239902178319, "p_value": 1.7079876338764494e-56}