{"correlation": 0.07289854526231655, "p_value": 9.4324277803895e-118}