{"correlation": 0.03207485101201491, "p_value": 3.6934838776739194e-24}