{"correlation": -0.028040227233787806, "p_value": 7.757385098579183e-19}