{"correlation": 0.09453196991902679, "p_value": 5.503165778842874e-197}