{"correlation": 0.07114837890002271, "p_value": 3.0299997557261226e-112}