{"correlation": 0.03197277749113684, "p_value": 5.1372409963721964e-24}