{"correlation": 0.04031232683788493, "p_value": 3.31068435702511e-37}