{"correlation": -0.02036053654258855, "p_value": 1.232123384970315e-10}