{"correlation": -0.01333205378722746, "p_value": 2.5134241690248158e-05}