{"correlation": -0.07904645089814816, "p_value": 3.644563658494991e-138}