{"correlation": 0.10857029016636627, "p_value": 1.5655213130265018e-259}