{"correlation": -0.11035171544051973, "p_value": 4.2332466564231325e-268}