{"correlation": 0.09918055775663763, "p_value": 1.0104719426863739e-216}