{"correlation": 0.08704333686499902, "p_value": 3.2566944986345734e-167}