{"correlation": 0.05626175816192668, "p_value": 7.752525438016583e-71}