{"correlation": 0.11142513957692542, "p_value": 2.4833100443420696e-273}