{"correlation": -0.10927734286198335, "p_value": 6.472420398524649e-263}