{"correlation": 0.0669528114453348, "p_value": 1.3631880242291511e-99}