{"correlation": 0.08020379606409553, "p_value": 3.408018600642746e-142}