{"correlation": 0.08464792273713811, "p_value": 3.2429775710169726e-158}