{"correlation": 0.1171687064684369, "p_value": 3.313945509163504e-302}