{"correlation": 0.012182133775695136, "p_value": 0.00011805476274009819}