{"correlation": 0.11814563186020874, "p_value": 2.89011377825088e-307}