{"correlation": 0.06803904942425555, "p_value": 8.566287155143904e-103}