{"correlation": 0.06769561035035, "p_value": 8.926902115658596e-102}