{"correlation": 0.09845694643399687, "p_value": 1.3804170790025795e-213}