{"correlation": 0.052644196090868234, "p_value": 3.077795736565252e-62}