{"correlation": -0.01875373849409281, "p_value": 3.0782448074318458e-09}