{"correlation": 0.11359965472105615, "p_value": 4.3449165315733265e-284}