{"correlation": 0.0529168177012876, "p_value": 7.246260820513621e-63}