{"correlation": 0.028640071885273195, "p_value": 1.3891604350828813e-19}