{"correlation": 0.0097796843004111, "p_value": 0.001996164981934446}