{"correlation": 0.09753437446375277, "p_value": 1.2698055694159315e-209}