{"correlation": 0.08799533537861699, "p_value": 7.346484603151984e-171}