{"correlation": 0.043886073443345074, "p_value": 8.824535585832463e-44}