{"correlation": 0.04933522245105763, "p_value": 7.145366242772877e-55}