{"correlation": -0.01982675390023328, "p_value": 3.69073368456255e-10}