{"correlation": 0.012866261575502524, "p_value": 4.775212983475166e-05}