{"correlation": 0.11001467106710788, "p_value": 1.8141300483683962e-266}