{"correlation": 0.10419881145993035, "p_value": 4.132977670594082e-239}