{"correlation": 0.0629580367879977, "p_value": 2.913538167313296e-88}