{"correlation": 0.04504652728869406, "p_value": 4.917437792604112e-46}