{"correlation": 0.11812717697595, "p_value": 3.604883608945736e-307}