{"correlation": 0.00020263049188986153, "p_value": 0.9489396112709764}