{"correlation": 0.08417108757768665, "p_value": 1.869882314467763e-156}