{"correlation": 0.07266472134415825, "p_value": 5.225603942809091e-117}