{"correlation": 0.02822767165650546, "p_value": 4.549453746303333e-19}