{"correlation": 0.061501542606627005, "p_value": 2.63867904328422e-84}