{"correlation": -0.016109921480092618, "p_value": 3.549813550356205e-07}