{"correlation": -0.006915797879278894, "p_value": 0.028840162736387818}