{"correlation": 0.0684904835027674, "p_value": 3.863016465361496e-104}