{"correlation": 0.09268758096952698, "p_value": 2.0160780636353636e-189}