{"correlation": 0.010751031338792369, "p_value": 0.0006792836888137237}