{"correlation": -0.030718383735585393, "p_value": 2.7228208707686494e-22}