{"correlation": 0.07175619655866412, "p_value": 3.839176201054774e-114}