{"correlation": -0.058753141884531505, "p_value": 4.318800783469049e-77}