{"correlation": 0.033007146523289746, "p_value": 1.7292657604122395e-25}