{"correlation": 0.0024683836836745785, "p_value": 0.4353330141043381}