{"correlation": 0.1201572786306844, "p_value": 8.068853e-318}