{"correlation": 0.03369703937702467, "p_value": 1.6976423016674415e-26}