{"correlation": 0.032948579726203235, "p_value": 2.1013051680407834e-25}