{"correlation": 0.021270896858278505, "p_value": 1.7787249835812245e-11}