{"correlation": 0.0002804983221164443, "p_value": 0.9293620912391379}