{"correlation": 0.0594410800600008, "p_value": 7.255389238210218e-79}