{"correlation": -0.06543637213483813, "p_value": 3.294597012921518e-95}