{"correlation": -0.10415440413010084, "p_value": 6.596597619133355e-239}