{"correlation": 0.06666490527999992, "p_value": 9.429759146824057e-99}