{"correlation": 0.032953734937094116, "p_value": 2.0655986071762201e-25}