{"correlation": 0.0029427607300371666, "p_value": 0.35236116206716}