{"correlation": 0.10988281399276766, "p_value": 7.86576441817322e-266}