{"correlation": -0.0675933851507865, "p_value": 1.7892997809652763e-101}