{"correlation": 0.09294041449188158, "p_value": 1.8905083017474883e-190}