{"correlation": -0.0637781378789751, "p_value": 1.5686210463175566e-90}