{"correlation": 0.04640278377806254, "p_value": 9.623853072776408e-49}