{"correlation": 0.0467106478526912, "p_value": 2.277326737827439e-49}