{"correlation": -0.08803188167837317, "p_value": 5.312336095163474e-171}