{"correlation": 0.08938157592474982, "p_value": 3.048718201426058e-176}