{"correlation": 0.04703984899958357, "p_value": 4.825727658868993e-50}