{"correlation": -0.015697621295839907, "p_value": 7.001832630358783e-07}