{"correlation": -0.05336795314581262, "p_value": 6.509862994149993e-64}