{"correlation": 0.055109640879053144, "p_value": 4.8970800494673545e-68}