{"correlation": 0.045944254909575315, "p_value": 8.090128181776857e-48}