{"correlation": 0.11485381679421759, "p_value": 2.1724079037272612e-290}