{"correlation": 0.048570604099970445, "p_value": 3.077960681985752e-53}