{"correlation": 0.06807237455285708, "p_value": 6.819394417714116e-103}