{"correlation": 0.003952494738895651, "p_value": 0.21161609532756917}