{"correlation": -0.005847578805267789, "p_value": 0.06459382689456976}