{"correlation": 0.028281866825238266, "p_value": 3.8964672725971837e-19}