{"correlation": -0.08636838224763534, "p_value": 1.1855052995058889e-164}