{"correlation": 0.07066283526422892, "p_value": 9.667643793937388e-111}