{"correlation": 0.05481643186398462, "p_value": 2.4740265424133696e-67}