{"correlation": -0.06120748422270812, "p_value": 1.6181246804509308e-83}