{"correlation": 0.04115147778173581, "p_value": 1.0616448217576176e-38}