{"correlation": 0.023810269272450047, "p_value": 5.233453524989318e-14}