{"correlation": 0.00740365468054, "p_value": 0.019291459961183942}