{"correlation": 0.037346940624973894, "p_value": 3.5880031549656683e-32}