{"correlation": 0.07808764273825822, "p_value": 7.158764817579116e-135}