{"correlation": -0.002093860911468381, "p_value": 0.5081408689481923}