{"correlation": 0.11118380843309372, "p_value": 3.764818416833322e-272}