{"correlation": 0.032422658118774934, "p_value": 1.190697786296592e-24}