{"correlation": -0.054906196356815345, "p_value": 1.5081333775711944e-67}