{"correlation": -0.11951423284464358, "p_value": 1.997374468e-314}