{"correlation": -0.062159641850203465, "p_value": 4.415493286080814e-86}