{"correlation": 0.08990666505230771, "p_value": 2.649951679468373e-178}