{"correlation": 0.06789880395190988, "p_value": 2.2340200181335225e-102}