{"correlation": 0.11143884364993713, "p_value": 2.1276741729690385e-273}