{"correlation": 0.0537281128849978, "p_value": 9.369254178147692e-65}