{"correlation": -0.011867590215897632, "p_value": 0.00017633240292619983}