{"correlation": 0.03079299851183564, "p_value": 2.1594832845064207e-22}