{"correlation": 0.025727345386666534, "p_value": 4.219063297772808e-16}