{"correlation": -0.03402863986893694, "p_value": 5.470525425519803e-27}