{"correlation": 0.07707247872557577, "p_value": 1.9833568350235613e-131}