{"correlation": 0.09422483003099429, "p_value": 1.0249568631396569e-195}