{"correlation": -0.01892917281451942, "p_value": 2.1929568506519495e-09}