{"correlation": -0.08567659036943258, "p_value": 4.764040231344724e-162}