{"correlation": 0.10700773633719521, "p_value": 3.9141015514174286e-252}