{"correlation": -0.019321889681304494, "p_value": 1.0153711393233014e-09}