{"correlation": 0.1097063344505305, "p_value": 5.587091745690185e-265}