{"correlation": -0.000782230426982705, "p_value": 0.804743617443761}