{"correlation": -0.0068387821603184224, "p_value": 0.03067032880593301}