{"correlation": 0.08421699808403517, "p_value": 1.2668127132112926e-156}