{"correlation": 0.11006388844523317, "p_value": 1.0487512158631544e-266}