{"correlation": -0.079499186294865, "p_value": 9.829875666143866e-140}