{"correlation": 0.03550415114926764, "p_value": 3.1048238188900177e-29}