{"correlation": -0.11360246589534137, "p_value": 4.2066568320996016e-284}