{"correlation": 0.07931810985687884, "p_value": 4.180335537960879e-139}