{"correlation": 0.02677762941252792, "p_value": 2.579129774728916e-17}