{"correlation": 0.05030416095551998, "p_value": 5.578724652807266e-57}