{"correlation": 0.034007044030916984, "p_value": 5.8911985501133115e-27}