{"correlation": -0.058954556007241525, "p_value": 1.3119235704149433e-77}