{"correlation": 0.06458217124244742, "p_value": 8.75925787977998e-93}