{"correlation": 0.08652070338889489, "p_value": 3.1454448489385557e-165}