{"correlation": 0.05616114287905853, "p_value": 1.3687414183234021e-70}