{"correlation": -0.01736416196470593, "p_value": 4.06263833219063e-08}