{"correlation": -0.08425642954845672, "p_value": 9.06567842224374e-157}