{"correlation": 0.04459134486814175, "p_value": 3.826581644823935e-45}