{"correlation": 0.08776447778027636, "p_value": 5.67657163062769e-170}