{"correlation": 0.07064154666304734, "p_value": 1.1246590627474275e-110}