{"correlation": 0.07097641964099023, "p_value": 1.0357104424254392e-111}