{"correlation": 0.08620352505792868, "p_value": 4.9703819434363325e-164}