{"correlation": 0.03975789398364258, "p_value": 3.091951318393761e-36}