{"correlation": -0.06257979483104759, "p_value": 3.169169863962105e-87}