{"correlation": 0.06549399282930919, "p_value": 2.254724138108741e-95}