{"correlation": 0.06919498570498478, "p_value": 2.9424502033466103e-106}