{"correlation": 0.004539828999881249, "p_value": 0.15135693347093038}