{"correlation": -0.007799550478253983, "p_value": 0.01370235388969843}