{"correlation": 0.05891248629180542, "p_value": 1.683203694365119e-77}