{"correlation": 0.023361634390705238, "p_value": 1.5346985095997654e-13}