{"correlation": -0.004085795245431442, "p_value": 0.19661279482451385}