{"correlation": 0.06881906628257253, "p_value": 3.99661977858816e-105}