{"correlation": -0.004219051676914975, "p_value": 0.18240829385955656}