{"correlation": -0.008574127528296713, "p_value": 0.006732798476204341}