{"correlation": 0.05106957970225932, "p_value": 1.1293070791405706e-58}