{"correlation": 0.04304491533290182, "p_value": 3.4908416879721505e-42}