{"correlation": -0.07673270956043181, "p_value": 2.7507852649493737e-130}