{"correlation": 0.04743034778600343, "p_value": 7.552958562457213e-51}