{"correlation": 0.1102748457761831, "p_value": 9.98462943005822e-268}