{"correlation": 0.054572105957114404, "p_value": 9.478207097668334e-67}