{"correlation": 0.0900221185568569, "p_value": 9.29956636316826e-179}