{"correlation": -0.003381890616580231, "p_value": 0.2851594010711254}