{"correlation": 0.018805567137789133, "p_value": 2.7856715803836244e-09}