{"correlation": 0.0861285235523553, "p_value": 9.532139638804573e-164}