{"correlation": -0.05513871661371641, "p_value": 4.16844678122899e-68}