{"correlation": 0.0637714921785234, "p_value": 1.6369013623721873e-90}