{"correlation": 0.05789943351892635, "p_value": 6.440952170470501e-75}