{"correlation": -0.046452711348655744, "p_value": 7.62290080182414e-49}