{"correlation": 0.0813160214566059, "p_value": 4.024446643236947e-146}