{"correlation": 0.11119638933910969, "p_value": 3.267808972212849e-272}