{"correlation": 0.09152994601313051, "p_value": 9.434884923977788e-185}