{"correlation": 0.05077156463713269, "p_value": 5.191518714093865e-58}