{"correlation": -0.032728793810413305, "p_value": 4.35265365470795e-25}