{"correlation": 0.029357974750244372, "p_value": 1.6921588456154284e-20}