{"correlation": 0.10498214368633994, "p_value": 1.046839099402521e-242}