{"correlation": -0.01744422609321018, "p_value": 3.519352064634987e-08}