{"correlation": 0.051184953522579756, "p_value": 6.241649774442101e-59}