{"correlation": 0.06295598230761171, "p_value": 2.9516691672454447e-88}