{"correlation": 0.09016557102000675, "p_value": 2.52681941209544e-179}