{"correlation": 0.08824908189096742, "p_value": 7.714419319931372e-172}