{"correlation": 0.09577797900039807, "p_value": 3.5075758277596505e-202}