{"correlation": 0.012690356990117946, "p_value": 6.052205525195852e-05}