{"correlation": 0.06525759580170755, "p_value": 1.0663714901505627e-94}