{"correlation": 0.04658756007078829, "p_value": 4.056686703901944e-49}