{"correlation": 0.1196664483328399, "p_value": 3.15383717e-315}