{"correlation": 0.09659157189670213, "p_value": 1.3036876950370448e-205}