{"correlation": -0.0027475453185630367, "p_value": 0.38521711306538814}