{"correlation": 0.05541807617147056, "p_value": 8.828575197376288e-69}