{"correlation": 0.05961037817761557, "p_value": 2.634773165574094e-79}