{"correlation": -0.01356739929104344, "p_value": 1.8030653828568945e-05}