{"correlation": 0.09583986353600059, "p_value": 1.9282304201805162e-202}