{"correlation": 0.11481108228398297, "p_value": 3.571173980554956e-290}