{"correlation": -0.05136467132916812, "p_value": 2.471820435391944e-59}