{"correlation": 0.09012338094298135, "p_value": 3.707657724348588e-179}