{"correlation": 0.08976717248993317, "p_value": 9.373775718583379e-178}