{"correlation": 0.10506592804275912, "p_value": 4.3011803614181514e-243}