{"correlation": 0.10357974625834, "p_value": 2.748127600519705e-236}