{"correlation": 0.07677544289138999, "p_value": 1.9774167057761124e-130}