{"correlation": 0.0723946228077131, "p_value": 3.749746154822492e-116}