{"correlation": 0.06511579521673712, "p_value": 2.7009389107197967e-94}