{"correlation": 0.07807789677688395, "p_value": 7.72865771455587e-135}