{"correlation": 0.10832886987909039, "p_value": 2.212234692521939e-258}