{"correlation": 0.11805744850041117, "p_value": 8.305801700027284e-307}