{"correlation": 0.06989251919737785, "p_value": 2.2385692888021707e-108}