{"correlation": 0.0663583002974832, "p_value": 7.328248255925958e-98}