{"correlation": 0.09747511985397872, "p_value": 2.2752060032734235e-209}