{"correlation": -0.029585241674127596, "p_value": 8.59760638419645e-21}