{"correlation": 0.015160830226225299, "p_value": 1.6542565179098846e-06}