{"correlation": 0.053272140808071085, "p_value": 1.0878750412512483e-63}