{"correlation": 0.11420589885709188, "p_value": 3.9902637397368375e-287}