{"correlation": 0.02460579239335282, "p_value": 7.398126160647278e-15}