{"correlation": 0.10557737550743994, "p_value": 1.8565710997992967e-245}