{"correlation": 0.11020852836910157, "p_value": 2.092282516112528e-267}