{"correlation": 0.010846653896995878, "p_value": 0.000607979177911146}