{"correlation": 0.007405338329956318, "p_value": 0.019263992677419812}