{"correlation": 0.03337764075202644, "p_value": 5.001252172080542e-26}