{"correlation": -0.03767610434414918, "p_value": 1.0345374678081382e-32}