{"correlation": -0.05247842352702258, "p_value": 7.3892339053560025e-62}