{"correlation": 0.06700125061165133, "p_value": 9.837409380666917e-100}