{"correlation": 0.04246710496372708, "p_value": 4.191021621638739e-41}