{"correlation": 0.08904352502682446, "p_value": 6.374279973613864e-175}