{"correlation": -0.019767566751157786, "p_value": 4.161004760120604e-10}