{"correlation": -0.033869773196301974, "p_value": 9.424238769573076e-27}