{"correlation": -0.04173551336616105, "p_value": 9.294086131792029e-40}