{"correlation": 0.014431291901105776, "p_value": 5.090101056173076e-06}