{"correlation": 0.11481644857431696, "p_value": 3.355120981865464e-290}