{"correlation": 0.0402657129730228, "p_value": 3.999536492478339e-37}