{"correlation": 0.025038857693289732, "p_value": 2.4842616213523545e-15}