{"correlation": 0.1031131847549893, "p_value": 3.590033575413029e-234}