{"correlation": 0.06923686901379258, "p_value": 2.198329473575781e-106}