{"correlation": -0.05047824053956604, "p_value": 2.3097871957611948e-57}