{"correlation": -0.0020319238286241187, "p_value": 0.5207686994211066}