{"correlation": -0.07310241033918759, "p_value": 2.110623697569194e-118}