{"correlation": 0.08585407464587919, "p_value": 1.027787228502143e-162}