{"correlation": 0.021686074298164368, "p_value": 7.162372751804548e-12}