{"correlation": 0.085116933255399, "p_value": 5.876942731662588e-160}