{"correlation": 0.04898478574154433, "p_value": 4.038125356331313e-54}