{"correlation": 0.0408283152588616, "p_value": 4.0264128394908354e-38}