{"correlation": -0.05488810055561212, "p_value": 1.6664918018932395e-67}