{"correlation": 0.06068187736307877, "p_value": 4.049557025601052e-82}