{"correlation": 0.0903249052399957, "p_value": 5.92877170915964e-180}