{"correlation": -0.11465401951710283, "p_value": 2.2156044740534858e-289}