{"correlation": 0.03948444268285284, "p_value": 9.202316102855938e-36}