{"correlation": -0.032543067467196006, "p_value": 8.023875772653223e-25}