{"correlation": 0.017309588089959062, "p_value": 4.478674013982819e-08}