{"correlation": 0.06880524724516629, "p_value": 4.3976816818657244e-105}