{"correlation": -0.02574859267493581, "p_value": 3.9914502075360597e-16}