{"correlation": 0.09142801113762854, "p_value": 2.4161173205868564e-184}