{"correlation": -0.02460859319719946, "p_value": 7.346533641851928e-15}