{"correlation": -0.008264557795961122, "p_value": 0.00900302960641167}