{"correlation": 0.026176071158066555, "p_value": 1.295512877197711e-16}