{"correlation": -0.009281887859038322, "p_value": 0.0033519585660893225}