{"correlation": 0.09775990468323102, "p_value": 1.3749204986558738e-210}