{"correlation": 0.03946022370695507, "p_value": 1.013193586510523e-35}