{"correlation": 0.08925942086791737, "p_value": 9.15797037911926e-176}