{"correlation": 0.07545096546667096, "p_value": 5.034390521890361e-126}