{"correlation": 0.07180142901283411, "p_value": 2.7695097895103913e-114}