{"correlation": 0.08912878571865286, "p_value": 2.9642138614643677e-175}