{"correlation": -0.06710836182246938, "p_value": 4.777889386573263e-100}