{"correlation": 0.10542713233782151, "p_value": 9.217966581880502e-245}