{"correlation": 0.08775937592651048, "p_value": 5.938598960686903e-170}