{"correlation": 0.09023059704241816, "p_value": 1.3988137340907321e-179}