{"correlation": 0.09679579205172519, "p_value": 1.7767212417510538e-206}