{"correlation": -0.031918070357793024, "p_value": 6.128363357429529e-24}