{"correlation": -0.015346323578105904, "p_value": 1.2329342764118106e-06}