{"correlation": 0.08488458042113822, "p_value": 4.2980470638042817e-159}