{"correlation": 0.09029802668996627, "p_value": 7.57276368812651e-180}