{"correlation": 0.0792305809715779, "p_value": 8.405741349848414e-139}