{"correlation": 0.11595966094756428, "p_value": 5.274945777306686e-296}