{"correlation": 0.09360010644959985, "p_value": 3.8117692734817675e-193}