{"correlation": 0.09407359711334906, "p_value": 4.31067694032136e-195}