{"correlation": 0.03175731946409845, "p_value": 1.0273572853738708e-23}