{"correlation": 0.12006784727613228, "p_value": 2.3982964e-317}