{"correlation": 0.10904406675879084, "p_value": 8.5092022663882e-262}