{"correlation": 0.037467758343061715, "p_value": 2.2759053826618855e-32}