{"correlation": 0.037438438225698194, "p_value": 2.5420837388379e-32}