{"correlation": 0.06350438563917526, "p_value": 9.039822629726852e-90}