{"correlation": 0.06573478290878212, "p_value": 4.604891054303211e-96}