{"correlation": 0.07038301459252586, "p_value": 7.03566817872334e-110}