{"correlation": 0.07889349848534649, "p_value": 1.2294368143606244e-137}