{"correlation": 0.08389070179905189, "p_value": 2.00693485134849e-155}