{"correlation": -0.01712324093551141, "p_value": 6.234194250131133e-08}