{"correlation": 0.08776002182276614, "p_value": 5.9047697123835676e-170}