{"correlation": 0.0773419697806169, "p_value": 2.4431468710224456e-132}