{"correlation": 0.021808354796565146, "p_value": 5.46139767484937e-12}