{"correlation": 0.03341889571150602, "p_value": 4.3522934524074444e-26}