{"correlation": 0.11264607977523626, "p_value": 2.4066155363581225e-279}