{"correlation": -0.06705734560890446, "p_value": 6.740394365228895e-100}