{"correlation": 0.07125589919873966, "p_value": 1.4028710598299206e-112}