{"correlation": 0.08685663197731054, "p_value": 1.672058618186109e-166}