{"correlation": 0.002453169066392478, "p_value": 0.4381683628798424}