{"correlation": 0.11071764014203453, "p_value": 7.064077542755632e-270}