{"correlation": 0.0701662905360671, "p_value": 3.2550471290121083e-109}