{"correlation": 0.10279009773739523, "p_value": 1.0345042982853093e-232}