{"correlation": 0.11778355516062611, "p_value": 2.1933901372817006e-305}