{"correlation": 0.08357735865536467, "p_value": 2.8202693174324613e-154}