{"correlation": 0.03924077055167655, "p_value": 2.4168526440836047e-35}