{"correlation": 0.08722366033717205, "p_value": 6.68527653676507e-168}