{"correlation": -0.10359108011675518, "p_value": 2.440684590088713e-236}