{"correlation": 0.06018807557749852, "p_value": 8.131575310597453e-81}