{"correlation": 0.07715014373933254, "p_value": 1.0855084327556748e-131}