{"correlation": 0.04496700767316601, "p_value": 7.047845631534335e-46}