{"correlation": 0.09211636976741334, "p_value": 4.1340922613051857e-187}