{"correlation": 0.11960567120771014, "p_value": 6.59232637e-315}