{"correlation": 0.11167781463068473, "p_value": 1.4322200307811622e-274}