{"correlation": 0.06555340018852272, "p_value": 1.5244913006465667e-95}