{"correlation": 0.054256394356087013, "p_value": 5.328721880353008e-66}