{"correlation": -0.07670000213014341, "p_value": 3.54100613602076e-130}