{"correlation": 0.059840557231669506, "p_value": 6.6163397148934716e-80}