{"correlation": 0.06309790355928048, "p_value": 1.2010104415595945e-88}