{"correlation": -0.1027888753203354, "p_value": 1.047721929521281e-232}