{"correlation": 0.055174141592621885, "p_value": 3.425182513421309e-68}