{"correlation": -0.09027594326736274, "p_value": 9.258870777707621e-180}