{"correlation": 0.1175484577018621, "p_value": 3.620456204332812e-304}