{"correlation": 0.10966578078116303, "p_value": 8.762815097190208e-265}