{"correlation": 0.09219264545845271, "p_value": 2.0347324982340417e-187}