{"correlation": 0.03821644774418474, "p_value": 1.3120841790191969e-33}