{"correlation": -0.02255892245561323, "p_value": 1.001286628756e-12}