{"correlation": 0.08077593131022062, "p_value": 3.3025170055476493e-144}