{"correlation": 0.009853651727310678, "p_value": 0.001844567197740431}