{"correlation": 0.031286908732507814, "p_value": 4.591191605342235e-23}