{"correlation": 0.11311723058769177, "p_value": 1.103702531377721e-281}