{"correlation": 0.08149754999898196, "p_value": 9.087730644814195e-147}