{"correlation": -0.031207149741259096, "p_value": 5.905045477014999e-23}