{"correlation": 0.05960640052134052, "p_value": 2.6983200489331635e-79}