{"correlation": 0.01785471491295436, "p_value": 1.669421960141743e-08}