{"correlation": 0.08629267145762655, "p_value": 2.29049996124805e-164}