{"correlation": -0.0038676572747747564, "p_value": 0.22158589960927857}