{"correlation": 0.06834235635418762, "p_value": 1.0703503961407363e-103}