{"correlation": -0.015268318262602804, "p_value": 1.3957304172081579e-06}