{"correlation": 0.11106913200012183, "p_value": 1.367352285305177e-271}