{"correlation": -0.06055740850753416, "p_value": 8.64552690710168e-82}