{"correlation": 0.09111828816810698, "p_value": 4.179536311565361e-183}