{"correlation": 0.09241953392028804, "p_value": 2.461415489879034e-188}