{"correlation": 0.07665640087192126, "p_value": 4.957366268635496e-130}