{"correlation": 0.06970047668767318, "p_value": 8.61839288954419e-108}