{"correlation": -0.06873620536196659, "p_value": 7.08912750487387e-105}