{"correlation": 0.08201080510871522, "p_value": 1.3285032382460469e-148}