{"correlation": 0.08975369311098348, "p_value": 1.0589812048934405e-177}