{"correlation": 0.09202251845520854, "p_value": 9.881865854037942e-187}