{"correlation": 0.08664243743412822, "p_value": 1.087503539694559e-165}