{"correlation": 0.0903187777266907, "p_value": 6.269002584016032e-180}