{"correlation": -0.050845558249764035, "p_value": 3.557696135556706e-58}