{"correlation": 0.09819508516611752, "p_value": 1.8574896836783112e-212}