{"correlation": 0.08471190928223142, "p_value": 1.8788272898665352e-158}