{"correlation": 0.005257147974685071, "p_value": 0.09662161979127086}