{"correlation": 0.06667162484319666, "p_value": 9.014428835508917e-99}