{"correlation": 0.0725286015372393, "p_value": 1.4120904003551868e-116}