{"correlation": 0.08669370663856046, "p_value": 6.949838301092076e-166}