{"correlation": 0.09961773276246007, "p_value": 1.2556631499597704e-218}