{"correlation": 0.0806902854464498, "p_value": 6.625211944114609e-144}