{"correlation": 0.04286573455768878, "p_value": 7.57184485901894e-42}