{"correlation": 0.04880379105590924, "p_value": 9.830206319318239e-54}