{"correlation": 0.09344165733053834, "p_value": 1.6994331458164182e-192}