{"correlation": -0.0552079763138256, "p_value": 2.8390354397071367e-68}