{"correlation": 0.03922629043789299, "p_value": 2.559110889770147e-35}