{"correlation": 0.057700328119994045, "p_value": 2.047875594685848e-74}