{"correlation": 0.05796474886166443, "p_value": 4.4033046965920905e-75}