{"correlation": 0.0460696534969396, "p_value": 4.5289913240915787e-48}