{"correlation": -0.013150921540334952, "p_value": 3.233877540988344e-05}