{"correlation": 0.05114088223819702, "p_value": 7.829504610289076e-59}