{"correlation": 0.11057566896881418, "p_value": 3.46297328015925e-269}