{"correlation": 0.09230890933801587, "p_value": 6.898139759436906e-188}