{"correlation": 0.11065034686908318, "p_value": 1.5011008898388329e-269}