{"correlation": 0.10178358192221604, "p_value": 3.404180095110684e-228}