{"correlation": 0.03612317746624762, "p_value": 3.3247531721862204e-30}