{"correlation": 0.11629215138875282, "p_value": 1.0550367484208745e-297}