{"correlation": 0.06546562219302655, "p_value": 2.7177476702649525e-95}