{"correlation": 0.09769161028508443, "p_value": 2.6969609829322872e-210}