{"correlation": 0.090558144547877, "p_value": 7.067834939566416e-181}