{"correlation": 0.06501873872255132, "p_value": 5.096336143074258e-94}