{"correlation": 0.059661459754061244, "p_value": 1.9398259826304268e-79}