{"correlation": 0.09987410477590952, "p_value": 9.492386284936183e-220}