{"correlation": 0.033537256819797016, "p_value": 2.918334685992935e-26}