{"correlation": 0.036258802976219265, "p_value": 2.027517142994064e-30}