{"correlation": -0.007543453128400889, "p_value": 0.01712403668592541}