{"correlation": -0.08575108295879566, "p_value": 2.5037193951120135e-162}