{"correlation": -0.04001236266379959, "p_value": 1.1131139798622143e-36}