{"correlation": 0.0657660409259216, "p_value": 3.745220297060664e-96}