{"correlation": -0.03178971845327542, "p_value": 9.25951920748195e-24}