{"correlation": 0.07177623054298375, "p_value": 3.3222223581812714e-114}