{"correlation": 0.033172391475572806, "p_value": 9.960694677250784e-26}