{"correlation": 0.05943104241400764, "p_value": 7.703781770804938e-79}