{"correlation": 0.09468936623017316, "p_value": 1.2249435779126803e-197}