{"correlation": 0.025334499918059108, "p_value": 1.1669411275478527e-15}