{"correlation": 0.0804759891059258, "p_value": 3.7697149934303277e-143}