{"correlation": 0.04007354094342122, "p_value": 8.698623839036471e-37}