{"correlation": 0.1007704584223948, "p_value": 1.079468243020332e-223}