{"correlation": 0.040347667735928315, "p_value": 2.8682434558919736e-37}