{"correlation": 0.043563162361853223, "p_value": 3.651616206679371e-43}