{"correlation": -0.01496392309360758, "p_value": 2.251874743513715e-06}