{"correlation": 0.028250063097932238, "p_value": 4.2675001848178136e-19}