{"correlation": -0.014496880653474636, "p_value": 4.610543901069284e-06}