{"correlation": 0.0081204421343006, "p_value": 0.01027628861848777}