{"correlation": 0.0533122400707052, "p_value": 8.775967938306305e-64}