{"correlation": 0.09933225603295355, "p_value": 2.2092061321820196e-217}