{"correlation": 0.01232507963916307, "p_value": 9.807245945767933e-05}