{"correlation": -0.034318553535903774, "p_value": 2.014423783850486e-27}