{"correlation": 0.07457300685165628, "p_value": 3.800740851534327e-123}