{"correlation": 0.0703607372597261, "p_value": 8.237256319157927e-110}