{"correlation": 0.09260130994232321, "p_value": 4.514435587237801e-189}