{"correlation": 0.09376278768436173, "p_value": 8.193092563119471e-194}