{"correlation": 0.10243210229992813, "p_value": 4.232730677479477e-231}