{"correlation": 0.01077180042166931, "p_value": 0.0006631657692196402}