{"correlation": 0.06669713545275363, "p_value": 7.597176258235108e-99}