{"correlation": 0.011398887775043954, "p_value": 0.0003150848658554834}