{"correlation": 0.09327844038277035, "p_value": 7.904020566041037e-192}