{"correlation": -0.03100197065603329, "p_value": 1.124945017765776e-22}