{"correlation": 0.029451967425745657, "p_value": 1.2796531438547663e-20}