{"correlation": 0.10673093423499574, "p_value": 7.793631976786398e-251}