{"correlation": 0.09541398585644455, "p_value": 1.1747150734029869e-200}