{"correlation": 0.09147322570450012, "p_value": 1.5923260338828414e-184}