{"correlation": 0.10796902870520236, "p_value": 1.1332512470501358e-256}