{"correlation": 0.08334082754596489, "p_value": 2.0597441875383898e-153}