{"correlation": 0.08503230519078478, "p_value": 1.213835331319538e-159}