{"correlation": 0.06507419259552594, "p_value": 3.546180647436498e-94}