{"correlation": -0.09142142688229506, "p_value": 2.5673237001330436e-184}