{"correlation": 0.09999349578718252, "p_value": 2.8451067801743965e-220}