{"correlation": 0.10370164571815219, "p_value": 7.665915540301062e-237}