{"correlation": 0.04294203360461906, "p_value": 5.447287669658037e-42}