{"correlation": 0.03190617256356564, "p_value": 6.36780396199092e-24}