{"correlation": -0.06856128114988806, "p_value": 2.3716201437452374e-104}