{"correlation": -0.033346739231298314, "p_value": 5.549361253277443e-26}