{"correlation": 0.007359130689177371, "p_value": 0.02003035592591747}