{"correlation": 0.09603761959783397, "p_value": 2.8421938651403223e-203}