{"correlation": -0.10729024505779662, "p_value": 1.8331480448586784e-253}