{"correlation": -0.028985722162338863, "p_value": 5.07345191183612e-20}