{"correlation": 0.05423090526246178, "p_value": 6.123173713111687e-66}