{"correlation": -0.07400655069919054, "p_value": 2.6222889056871755e-121}