{"correlation": 0.07776036617732582, "p_value": 9.324862443702796e-134}