{"correlation": -0.01273887963108791, "p_value": 5.670890347508583e-05}