{"correlation": -0.09352997939705021, "p_value": 7.388902897467313e-193}