{"correlation": 0.00927527340582521, "p_value": 0.0033746010663603357}