{"correlation": 0.11422928931243177, "p_value": 3.0443544878605645e-287}