{"correlation": 0.005705114876439681, "p_value": 0.07138286410645839}