{"correlation": 0.07440934730581927, "p_value": 1.2959428709726888e-122}