{"correlation": 0.05792748686958026, "p_value": 5.470547342516127e-75}