{"correlation": -0.05361155040081178, "p_value": 1.757060657086715e-64}