{"correlation": 0.057253994557460476, "p_value": 2.6985766589686497e-73}