{"correlation": -0.06880574062679755, "p_value": 4.3826940429846225e-105}