{"correlation": 0.054038356262057455, "p_value": 1.745749592169895e-65}