{"correlation": 0.026403942110475285, "p_value": 7.058954220628269e-17}