{"correlation": 0.04924720564694398, "p_value": 1.1051998001191387e-54}