{"correlation": 0.090220907636679, "p_value": 1.527703980762571e-179}