{"correlation": -0.010587514537863003, "p_value": 0.0008194936187365894}