{"correlation": 0.1058181681026974, "p_value": 1.416624843837449e-246}