{"correlation": 0.09657038258438126, "p_value": 1.6027826375151053e-205}