{"correlation": 0.11926965841540665, "p_value": 3.8572584133e-313}