{"correlation": 0.026460710115619387, "p_value": 6.06316859158023e-17}