{"correlation": 0.11274121264818723, "p_value": 8.128692214240043e-280}