{"correlation": 0.018353665598180784, "p_value": 6.59598220402835e-09}