{"correlation": 0.10818833049519866, "p_value": 1.0308191927869134e-257}