{"correlation": 0.03677956951901758, "p_value": 2.984137047722369e-31}