{"correlation": 0.049039826984461306, "p_value": 3.078906510812513e-54}