{"correlation": 0.11629768717684041, "p_value": 9.884136522864333e-298}