{"correlation": -0.038327447041485864, "p_value": 8.554142910637673e-34}