{"correlation": 0.04270769501865655, "p_value": 1.494999295210716e-41}