{"correlation": 0.06434682006951709, "p_value": 4.026215390364096e-92}