{"correlation": 0.04094253832341513, "p_value": 2.516559824163919e-38}