{"correlation": 0.04187647098600449, "p_value": 5.136846650563352e-40}