{"correlation": 0.013777330329163246, "p_value": 1.3347238805275155e-05}