{"correlation": 0.0822848041617891, "p_value": 1.377017379821504e-149}