{"correlation": -0.09631760997593726, "p_value": 1.876714098024104e-204}