{"correlation": 0.05925647031072129, "p_value": 2.1824131795161946e-78}