{"correlation": 0.11928656532321566, "p_value": 3.14398073214e-313}