{"correlation": 0.10630367521100377, "p_value": 7.766717564857555e-249}