{"correlation": 0.015599158181714992, "p_value": 8.214999683184593e-07}