{"correlation": 0.01233564159907714, "p_value": 9.673039053426669e-05}