{"correlation": -0.08688139420261613, "p_value": 1.3462069003297747e-166}