{"correlation": -0.07553303484087688, "p_value": 2.698925807296734e-126}