{"correlation": 0.09443956518195011, "p_value": 1.3279100605528864e-196}