{"correlation": 0.04487310065007602, "p_value": 1.07721551667996e-45}