{"correlation": 0.04977461858159438, "p_value": 8.005348787262919e-56}