{"correlation": 0.09811401378817189, "p_value": 4.1477728800690385e-212}