{"correlation": 0.09701680284803536, "p_value": 2.0455318897756223e-207}