{"correlation": 0.09565191257310596, "p_value": 1.1852830302713602e-201}