{"correlation": 0.1138423202004045, "p_value": 2.6566658454289676e-285}