{"correlation": 0.03290284413770704, "p_value": 2.4460925383892186e-25}