{"correlation": 0.06508644601896738, "p_value": 3.2729633083085386e-94}