{"correlation": 0.03212291302027959, "p_value": 3.160893351363236e-24}