{"correlation": 0.06607466903025519, "p_value": 4.842884866795047e-97}