{"correlation": -0.03628175755822573, "p_value": 1.8643690080486792e-30}