{"correlation": 0.09780936495459275, "p_value": 8.438060368257516e-211}