{"correlation": 0.09039813168400317, "p_value": 3.042511580560462e-180}