{"correlation": 0.08595817922824084, "p_value": 4.174120467360613e-163}