{"correlation": 0.07923957177734615, "p_value": 7.824030291358975e-139}