{"correlation": 0.06410855718207316, "p_value": 1.8752100987613398e-91}