{"correlation": 0.09059445017291173, "p_value": 5.073304910244318e-181}