{"correlation": 0.11204707381184983, "p_value": 2.1884545615745836e-276}