{"correlation": 0.0702814338575671, "p_value": 1.4433529581593765e-109}