{"correlation": 0.03946908900013644, "p_value": 9.781294259987604e-36}