{"correlation": 0.1193565695621226, "p_value": 1.3479206606e-313}