{"correlation": 0.09078273447474874, "p_value": 9.069398612012923e-182}