{"correlation": 0.07788613253604108, "p_value": 3.4817895193078374e-134}