{"correlation": 0.08781197552260449, "p_value": 3.7288636217190674e-170}