{"correlation": 0.05117567799899049, "p_value": 6.546718384138882e-59}