{"correlation": 0.07796292525199235, "p_value": 1.9064314885904388e-134}