{"correlation": 0.02570770729609232, "p_value": 4.440787775555562e-16}