{"correlation": 0.05314014162751839, "p_value": 2.2037231379209223e-63}