{"correlation": 0.07763526492587047, "p_value": 2.480434290732684e-133}