{"correlation": 0.04044301259342913, "p_value": 1.9465452119038753e-37}