{"correlation": 0.1061040529844336, "p_value": 6.624633490053268e-248}