{"correlation": 0.09847439418219052, "p_value": 1.1605991116398956e-213}