{"correlation": 0.09203426388718625, "p_value": 8.861280985584175e-187}