{"correlation": 0.0853462133777461, "p_value": 8.205711223207464e-161}