{"correlation": 0.06027745683069338, "p_value": 4.733213215644087e-81}