{"correlation": 0.05936934982036366, "p_value": 1.1134539411505218e-78}