{"correlation": -0.004791141782224054, "p_value": 0.12998017913307713}