{"correlation": -0.014721089119325586, "p_value": 3.2771160722116924e-06}