{"correlation": 0.0819035333891153, "p_value": 3.220062853493395e-148}