{"correlation": -0.110579121128486, "p_value": 3.331749448813617e-269}