{"correlation": -0.029310974098293186, "p_value": 1.9452641954813126e-20}