{"correlation": 0.08779273393036638, "p_value": 4.421037387887891e-170}