{"correlation": 0.04471247995213092, "p_value": 2.2210265118252096e-45}