{"correlation": 0.08724748618868743, "p_value": 5.421912225665901e-168}