{"correlation": 0.09918939737802653, "p_value": 9.248616062939156e-217}