{"correlation": 0.09974015129928084, "p_value": 3.662015094670153e-219}