{"correlation": -0.0011931358492755376, "p_value": 0.7061189563279754}