{"correlation": 0.024325517324060977, "p_value": 1.4844358376816792e-14}