{"correlation": 0.037042418637724485, "p_value": 1.122928620220257e-31}