{"correlation": 0.08200479937558552, "p_value": 1.3960559949437051e-148}