{"correlation": 0.06107633358739011, "p_value": 3.623051427512008e-83}