{"correlation": 0.10556523296144335, "p_value": 2.113455975081564e-245}