{"correlation": -0.0993880409449713, "p_value": 1.262310690948454e-217}