{"correlation": 0.05710966535314973, "p_value": 6.185696377876094e-73}