{"correlation": -0.060395927492966225, "p_value": 2.307339103085884e-81}