{"correlation": 0.06409324057042935, "p_value": 2.0697444618833534e-91}