{"correlation": 0.06765097799785263, "p_value": 1.2094978889820301e-101}