{"correlation": 0.10032854754439563, "p_value": 9.598558222224073e-222}