{"correlation": 0.09540370003154693, "p_value": 1.296995909714734e-200}