{"correlation": 0.11576353915686326, "p_value": 5.272492802501711e-295}