{"correlation": 0.10984586023444387, "p_value": 1.1861626592426357e-265}