{"correlation": 0.07072394112946347, "p_value": 6.2607578787017664e-111}