{"correlation": -0.030863083387513236, "p_value": 1.736096710740768e-22}