{"correlation": 0.04160536385241581, "p_value": 1.604009164478192e-39}