{"correlation": 0.027795168626843517, "p_value": 1.5503462396239974e-18}