{"correlation": 0.08048978270232067, "p_value": 3.371052847385149e-143}