{"correlation": -0.02238792475462049, "p_value": 1.4808830547692031e-12}