{"correlation": 0.06052452069078782, "p_value": 1.0561116807293227e-81}