{"correlation": 0.06484653745251137, "p_value": 1.5684694683423527e-93}