{"correlation": 0.08160741871992884, "p_value": 3.6864637918459154e-147}