{"correlation": 0.06862799808309868, "p_value": 1.496838582169662e-104}