{"correlation": -0.10086117269219882, "p_value": 4.285938505786853e-224}