{"correlation": 0.07901819973329116, "p_value": 4.563089918060342e-138}