{"correlation": -0.06923551314620083, "p_value": 2.2191817755137126e-106}