{"correlation": 0.08187065527598827, "p_value": 4.222891345092534e-148}