{"correlation": 0.08692752342110102, "p_value": 8.988097830674278e-167}