{"correlation": 0.07034255310000875, "p_value": 9.368322601092959e-110}