{"correlation": 0.10363873601655153, "p_value": 1.4818309370976476e-236}