{"correlation": -0.006280396186315336, "p_value": 0.04716134687766069}