{"correlation": -0.0014945789036012, "p_value": 0.6366838357978907}