{"correlation": 0.08440193684425729, "p_value": 2.6338079598413046e-157}