{"correlation": -0.043010677031737186, "p_value": 4.048493150627986e-42}