{"correlation": 0.11990610945496008, "p_value": 1.71622576e-316}