{"correlation": 0.06856513146287785, "p_value": 2.309487951462035e-104}