{"correlation": 0.07456508954843434, "p_value": 4.0333555269068845e-123}