{"correlation": 0.009994276600692532, "p_value": 0.0015851473116716985}