{"correlation": 0.07775652598903496, "p_value": 9.609377470257317e-134}