{"correlation": 0.11242019899423893, "p_value": 3.1551481885078404e-278}