{"correlation": 0.06533364750162447, "p_value": 6.472616302798359e-95}