{"correlation": 0.09826549993106216, "p_value": 9.239753799089316e-213}