{"correlation": 0.02351134873763698, "p_value": 1.074133209631154e-13}