{"correlation": 0.1072456102289299, "p_value": 2.974945928965646e-253}