{"correlation": -0.029239345036568977, "p_value": 2.404667420705691e-20}