{"correlation": 0.06525656435513735, "p_value": 1.0736123744577457e-94}