{"correlation": 0.11366724583468787, "p_value": 1.9962005360050737e-284}