{"correlation": 0.0833866342068237, "p_value": 1.4020920405393886e-153}