{"correlation": 0.06012424989355022, "p_value": 1.1961449150986065e-80}