{"correlation": 0.08337985905787945, "p_value": 1.4841861101020323e-153}