{"correlation": 0.014399047289801462, "p_value": 5.3430280080807615e-06}