{"correlation": 0.1200429858551298, "p_value": 3.246049e-317}