{"correlation": 0.04858494209501513, "p_value": 2.8698033210942787e-53}