{"correlation": 0.07202601150251788, "p_value": 5.455677242209324e-115}