{"correlation": 0.09414014861091198, "p_value": 2.291628073228716e-195}