{"correlation": 0.0545048731047393, "p_value": 1.3702064380207323e-66}