{"correlation": 0.09744912318942296, "p_value": 2.9382849646073574e-209}