{"correlation": 0.044940822561049414, "p_value": 7.933599259448731e-46}