{"correlation": 0.09614415758062239, "p_value": 1.0115122995303534e-203}