{"correlation": 0.08712232539581198, "p_value": 1.6282992699830758e-167}