{"correlation": -0.007092991785222879, "p_value": 0.024982960107665122}