{"correlation": 0.027861514821371655, "p_value": 1.2860843214591639e-18}