{"correlation": 0.08662406275947726, "p_value": 1.2767167659116373e-165}