{"correlation": 0.10677266204395398, "p_value": 4.967294215032965e-251}