{"correlation": 0.0391721025256507, "p_value": 3.169286696057841e-35}