{"correlation": -0.038558519678282416, "p_value": 3.49709724094057e-34}