{"correlation": 0.054484427975504755, "p_value": 1.5325695272462187e-66}