{"correlation": 0.066413239479875, "p_value": 5.078538204601626e-98}