{"correlation": -0.07947095437028771, "p_value": 1.2321374379611717e-139}