{"correlation": 0.10089643188347218, "p_value": 2.992407102104874e-224}