{"correlation": 0.05803527909848183, "p_value": 2.918841599907903e-75}