{"correlation": 0.012990123460245874, "p_value": 4.034157050661553e-05}