{"correlation": -0.07722293128934823, "p_value": 6.166851565541702e-132}