{"correlation": 0.014926813072848056, "p_value": 2.3856441657948228e-06}