{"correlation": 0.03552707162425913, "p_value": 2.8602636790739175e-29}