{"correlation": 0.06477673944846167, "p_value": 2.4716921431772867e-93}