{"correlation": 0.04758300411885929, "p_value": 3.642875867922432e-51}