{"correlation": 0.042248471539052014, "p_value": 1.064057876338083e-40}