{"correlation": 0.005351591192132882, "p_value": 0.0907784817681093}