{"correlation": 0.08869162880983361, "p_value": 1.490850617948821e-173}