{"correlation": 0.023037546291939257, "p_value": 3.297591613819394e-13}