{"correlation": 0.02543590987929965, "p_value": 8.987242223969475e-16}