{"correlation": -0.049097794630087226, "p_value": 2.3131747311896156e-54}