{"correlation": 0.09937825201704588, "p_value": 1.392609398179794e-217}