{"correlation": 0.049073102219262726, "p_value": 2.6129226990313466e-54}