{"correlation": 0.04963372100839417, "p_value": 1.6185677610985131e-55}