{"correlation": 0.09874847259744106, "p_value": 7.578904738122178e-215}