{"correlation": -0.001873479119039317, "p_value": 0.5537925890680241}