{"correlation": -0.00466253292548684, "p_value": 0.14060699636679616}