{"correlation": 0.03635579738149937, "p_value": 1.4218814177090558e-30}