{"correlation": 0.10252123600638094, "p_value": 1.6820102235297797e-231}