{"correlation": 0.019493814064151394, "p_value": 7.213893897969426e-10}