{"correlation": 0.023761157835613955, "p_value": 5.893255441964218e-14}