{"correlation": 0.04396167050766564, "p_value": 6.318876440220288e-44}