{"correlation": 0.04319260853877676, "p_value": 1.839519696923514e-42}