{"correlation": 0.0995392966640902, "p_value": 2.7631541332679837e-218}