{"correlation": 0.04844252879868704, "p_value": 5.747969324645293e-53}