{"correlation": 0.07715581876497546, "p_value": 1.0387122854356085e-131}