{"correlation": 0.04910072848691112, "p_value": 2.2799175897218782e-54}