{"correlation": 0.1163002429675658, "p_value": 9.590897744112972e-298}