{"correlation": 0.03573116777988349, "p_value": 1.3744484511080038e-29}