{"correlation": 0.0765274576365675, "p_value": 1.3393630573766811e-129}