{"correlation": -0.03875267295808787, "p_value": 1.6425518312078123e-34}