{"correlation": -0.11173889218829193, "p_value": 7.17922825719829e-275}