{"correlation": 0.1006255131842174, "p_value": 4.714496337058614e-223}