{"correlation": 0.020170174480418815, "p_value": 1.8279390388174892e-10}