{"correlation": 0.09346115244694268, "p_value": 1.4141368336949558e-192}