{"correlation": 0.0534873648915344, "p_value": 3.428276345741075e-64}