{"correlation": -0.05872695497204698, "p_value": 5.040921450232173e-77}