{"correlation": 0.07622990795644294, "p_value": 1.31877932102156e-128}