{"correlation": 0.11859891586331607, "p_value": 1.255268136755873e-309}