{"correlation": 0.02718872869659981, "p_value": 8.385069264745422e-18}