{"correlation": 0.08585900498991036, "p_value": 9.84873495720124e-163}