{"correlation": -0.05486350269353329, "p_value": 1.908643230629725e-67}