{"correlation": 0.021452623579476297, "p_value": 1.1970018788015597e-11}