{"correlation": 0.09068203931484603, "p_value": 2.2785250289438056e-181}