{"correlation": 0.04205576581702453, "p_value": 2.4093765466228772e-40}