{"correlation": 0.045431368459660074, "p_value": 8.537827829858209e-47}