{"correlation": 0.07525512164199573, "p_value": 2.2225863524867538e-125}