{"correlation": 0.11314552115541869, "p_value": 7.982037330435056e-282}