{"correlation": 0.036663673441242654, "p_value": 4.581697999464269e-31}