{"correlation": 0.09147229061280411, "p_value": 1.6061200089275902e-184}