{"correlation": 0.010043744009254818, "p_value": 0.0015021869524338971}