{"correlation": -0.07820639240081209, "p_value": 2.813016413759372e-135}