{"correlation": 0.08605276221457095, "p_value": 1.839090394712044e-163}