{"correlation": 0.07053549121100429, "p_value": 2.387972456675979e-110}