{"correlation": 0.09637581523689127, "p_value": 1.0656250799562844e-204}