{"correlation": 0.009613876573045063, "p_value": 0.002378400371211638}