{"correlation": 0.08156122591259886, "p_value": 5.387918911318853e-147}