{"correlation": 0.003236535143448017, "p_value": 0.3063726246264717}