{"correlation": 0.055965776334499395, "p_value": 4.115543810635758e-70}