{"correlation": 0.0003923593870112915, "p_value": 0.9013156402593463}