{"correlation": -0.03393412226472705, "p_value": 7.563060655778505e-27}