{"correlation": 0.10730216486871351, "p_value": 1.6107433859097667e-253}