{"correlation": 0.0372743003955998, "p_value": 4.7142521908180597e-32}