{"correlation": 0.10582471742818474, "p_value": 1.3207627427499833e-246}