{"correlation": 0.023936560224943997, "p_value": 3.852206793212327e-14}