{"correlation": -0.043169922727811366, "p_value": 2.0300264427375173e-42}