{"correlation": 0.06983158712306504, "p_value": 3.4348037543683164e-108}