{"correlation": 0.09998800569375298, "p_value": 3.0072876440930775e-220}