{"correlation": 0.07912791601346329, "p_value": 1.905328560203591e-138}