{"correlation": 0.04900338991768276, "p_value": 3.684540094292589e-54}