{"correlation": -0.0704411484648384, "p_value": 4.6613070010753065e-110}