{"correlation": 0.10160862049349964, "p_value": 2.0541129872272994e-227}