{"correlation": -0.09779626688329321, "p_value": 9.602943099355113e-211}