{"correlation": 0.07975654239449487, "p_value": 1.2490105208514268e-140}