{"correlation": 0.10989307086150761, "p_value": 7.017986184893106e-266}