{"correlation": 0.06855606364177415, "p_value": 2.4584844693362902e-104}