{"correlation": -0.07543868206615847, "p_value": 5.526442726529543e-126}