{"correlation": -0.11251476455479674, "p_value": 1.0749983449467518e-278}