{"correlation": 0.008504120113946584, "p_value": 0.007195606644663333}