{"correlation": 0.12002250620920098, "p_value": 4.1650307e-317}