{"correlation": 0.021064041993859313, "p_value": 2.7809710459475843e-11}