{"correlation": 0.04939443521950003, "p_value": 5.3260608854602426e-55}