{"correlation": 0.08037763600667268, "p_value": 8.359744080802492e-143}