{"correlation": 0.1006499394175579, "p_value": 3.677985383721492e-223}