{"correlation": 0.07466373191907873, "p_value": 1.9232993373290116e-123}