{"correlation": 0.10942418538922488, "p_value": 1.2750796139779835e-263}