{"correlation": 0.0390689731305187, "p_value": 4.7573297644620255e-35}