{"correlation": 0.0017095657179958884, "p_value": 0.5890011764000668}