{"correlation": 0.07434296770893262, "p_value": 2.1296961317757578e-122}