{"correlation": 0.06358705528695104, "p_value": 5.330915872148437e-90}