{"correlation": 0.0275350662176771, "p_value": 3.2120361821496244e-18}