{"correlation": 0.11209991289012991, "p_value": 1.2016934830787386e-276}