{"correlation": 0.038206538423746876, "p_value": 1.3630805038140636e-33}