{"correlation": 0.007761937217152135, "p_value": 0.014163669694606324}