{"correlation": 0.04891313467694188, "p_value": 5.745252372595702e-54}