{"correlation": 0.0005189751230270008, "p_value": 0.8697196305947551}