{"correlation": 0.07131561380357689, "p_value": 9.142510247564606e-113}