{"correlation": -0.01580323071263757, "p_value": 5.892871353287472e-07}