{"correlation": 0.04960813186010131, "p_value": 1.8389382410859347e-55}