{"correlation": 0.10579649635055069, "p_value": 1.786217428682565e-246}