{"correlation": 0.030282888031517803, "p_value": 1.0418391524552358e-21}