{"correlation": 0.05382346756281325, "p_value": 5.595877427040897e-65}