{"correlation": 0.02629632450909027, "p_value": 9.409298897962142e-17}