{"correlation": -0.038945738162642816, "p_value": 7.718828236225331e-35}