{"correlation": 0.053831099632933734, "p_value": 5.36951961177049e-65}