{"correlation": -0.11808366874016353, "p_value": 6.068744549812979e-307}