{"correlation": 0.0998667235190179, "p_value": 1.0225997823167669e-219}