{"correlation": 0.012290786722254188, "p_value": 0.00010255214944664446}