{"correlation": 0.02257702689327797, "p_value": 9.604849173981938e-13}