{"correlation": 0.06320591848998605, "p_value": 6.0497007699906534e-89}