{"correlation": 0.02637188822682298, "p_value": 7.690755413201249e-17}