{"correlation": 0.11691086835026265, "p_value": 7.054712709941943e-301}