{"correlation": 0.10240334733659476, "p_value": 5.699572213411088e-231}