{"correlation": 0.04628744728989342, "p_value": 1.647330782880889e-48}