{"correlation": 0.10845310011190777, "p_value": 5.66632609905907e-259}