{"correlation": 0.106289019997442, "p_value": 9.091631983708078e-249}