{"correlation": 0.07694303639103406, "p_value": 5.408683063813979e-131}