{"correlation": 0.015613968692829848, "p_value": 8.020385522923167e-07}