{"correlation": -0.08483424004964486, "p_value": 6.609550426201272e-159}