{"correlation": -0.07221849447811286, "p_value": 1.3501250701644507e-115}