{"correlation": 0.10341270325981516, "p_value": 1.5767755893973087e-235}