{"correlation": 0.01495696948653671, "p_value": 2.2763790677163153e-06}