{"correlation": 0.019668657207435283, "p_value": 5.080518229251706e-10}