{"correlation": 0.09099167045819026, "p_value": 1.336630390299189e-182}