{"correlation": -0.004833066285890419, "p_value": 0.12665414126019345}