{"correlation": 0.11874106560980129, "p_value": 2.2700967168483e-310}