{"correlation": 0.09838673040500333, "p_value": 2.773450423484758e-213}