{"correlation": 0.013096174568570285, "p_value": 3.487699602872156e-05}