{"correlation": 0.03773840244288396, "p_value": 8.165769887575568e-33}