{"correlation": 0.025071010765130505, "p_value": 2.2892352517776028e-15}