{"correlation": 0.03828553173499185, "p_value": 1.0055298310604393e-33}