{"correlation": -0.0005430578853516029, "p_value": 0.8637318511772007}