{"correlation": 0.11437902702270579, "p_value": 5.3786731182939664e-288}