{"correlation": 0.11391571963657417, "p_value": 1.1395177638545235e-285}