{"correlation": -0.08865535152152723, "p_value": 2.061833037203848e-173}