{"correlation": 0.03497651347831082, "p_value": 2.023006198444398e-28}