{"correlation": 0.10195095665559518, "p_value": 6.08091423841888e-229}