{"correlation": 0.10972520566375667, "p_value": 4.531128748668051e-265}