{"correlation": -0.001481836724959514, "p_value": 0.6395604768415695}