{"correlation": 0.11549910629279504, "p_value": 1.1676297140057175e-293}