{"correlation": 0.08123224377110547, "p_value": 7.988549379519072e-146}