{"correlation": 0.11086665007818931, "p_value": 1.328794868158381e-270}