{"correlation": 0.11525908265585928, "p_value": 1.9305539523109569e-292}