{"correlation": 0.05870714409245685, "p_value": 5.666146139974915e-77}