{"correlation": 0.11610200616097752, "p_value": 9.896400579548585e-297}