{"correlation": 0.05725322399609559, "p_value": 2.7105694547625806e-73}