{"correlation": 0.08984664214882267, "p_value": 4.5649542370978825e-178}