{"correlation": -0.11465409945045582, "p_value": 2.213548796270098e-289}