{"correlation": 0.05065109589834064, "p_value": 9.593930882541262e-58}