{"correlation": 0.10031118407269848, "p_value": 1.1444779961170428e-221}