{"correlation": 0.06769956191986798, "p_value": 8.689970031454068e-102}