{"correlation": -0.08529752634273492, "p_value": 1.2470256066207122e-160}