{"correlation": 0.07312549408971888, "p_value": 1.7810316541033937e-118}