{"correlation": 0.061714304608800834, "p_value": 7.06563928702566e-85}