{"correlation": 0.02743153961415459, "p_value": 4.2843719432562035e-18}