{"correlation": -0.04527360733475235, "p_value": 1.753230577130241e-46}