{"correlation": 0.05889762656336242, "p_value": 1.838002851984946e-77}