{"correlation": 0.11980576610676799, "p_value": 5.81063897e-316}