{"correlation": -0.09675121919787094, "p_value": 2.7459506838141433e-206}