{"correlation": 0.06046237895233882, "p_value": 1.5410386357679718e-81}