{"correlation": -0.01287402204438421, "p_value": 4.7252264029323945e-05}