{"correlation": -0.0780955845400201, "p_value": 6.725540198062133e-135}