{"correlation": 0.0567863563854167, "p_value": 3.936267738717986e-72}