{"correlation": 0.05414559645037202, "p_value": 9.744648140898627e-66}