{"correlation": 0.06286227644984334, "p_value": 5.338658651635845e-88}