{"correlation": 0.0023973280587886356, "p_value": 0.4486652706979578}