{"correlation": 0.09318897275890646, "p_value": 1.833414177518949e-191}