{"correlation": -0.11586681487239682, "p_value": 1.5694556315651395e-295}