{"correlation": 0.10468342700460483, "p_value": 2.4806759951982138e-241}