{"correlation": 0.008579927287921488, "p_value": 0.006695684261176215}