{"correlation": -0.03484775545513157, "p_value": 3.182732714297474e-28}