{"correlation": 0.027300479353764014, "p_value": 6.160371118574107e-18}