{"correlation": 0.023476651381926093, "p_value": 1.1669644603292218e-13}