{"correlation": 0.07259612782942358, "p_value": 8.625689125935963e-117}