{"correlation": -0.011212599381865694, "p_value": 0.00039456597245444427}