{"correlation": 0.0052930721904209405, "p_value": 0.09436451690443823}