{"correlation": 0.04587208014273417, "p_value": 1.128914101898975e-47}