{"correlation": -0.060728411441739516, "p_value": 3.0485238266284414e-82}