{"correlation": -0.0022337584087748093, "p_value": 0.4802204397281428}