{"correlation": 0.05188319592403442, "p_value": 1.6767147152066954e-60}