{"correlation": 0.08403009089324953, "p_value": 6.173953786718577e-156}