{"correlation": 0.11120255866447387, "p_value": 3.048613484597439e-272}