{"correlation": 0.049878505121902846, "p_value": 4.757632188177673e-56}