{"correlation": 0.11655935294671887, "p_value": 4.511402186419672e-299}