{"correlation": -0.00025793911036818226, "p_value": 0.9350300561691335}