{"correlation": 0.11881634604424468, "p_value": 9.1697036925703e-311}