{"correlation": -0.08257509640927028, "p_value": 1.2369652834291146e-150}