{"correlation": 0.05533688119575187, "p_value": 1.387273119490696e-68}