{"correlation": 0.011925363259469203, "p_value": 0.00016392039928908532}