{"correlation": -0.031223219842902016, "p_value": 5.613369256734867e-23}