{"correlation": -0.08212277657750108, "p_value": 5.265901464512023e-149}