{"correlation": 0.03400532514755315, "p_value": 5.926027711919042e-27}