{"correlation": 0.08661345221476709, "p_value": 1.400604424015029e-165}