{"correlation": 0.0520860650029267, "p_value": 5.8087289110493916e-61}