{"correlation": 0.11263681631044262, "p_value": 2.6747652256447035e-279}