{"correlation": -0.11695116364091018, "p_value": 4.3763770060423446e-301}