{"correlation": -0.012423696641092987, "p_value": 8.619736426810853e-05}