{"correlation": 0.07882633614625152, "p_value": 2.095340989552041e-137}