{"correlation": 0.0357710731986568, "p_value": 1.1903853587927801e-29}