{"correlation": 0.11019934468387527, "p_value": 2.31791230116414e-267}