{"correlation": 0.1062068971140477, "p_value": 2.19673942153975e-248}