{"correlation": -0.12005623368734616, "p_value": 2.762561e-317}