{"correlation": 0.10941612184071677, "p_value": 1.3941358816661637e-263}