{"correlation": -0.024217536212102608, "p_value": 1.937246684879912e-14}