{"correlation": -0.06419863732476658, "p_value": 1.0488986180330715e-91}