{"correlation": -0.01236184035751842, "p_value": 9.347587463261828e-05}