{"correlation": 0.03621981982096144, "p_value": 2.3376794471595885e-30}