{"correlation": -0.06579868392429451, "p_value": 3.017959153074043e-96}