{"correlation": 0.0647836834158371, "p_value": 2.362400427271497e-93}