{"correlation": -0.08836016570121136, "p_value": 2.8702589355577087e-172}