{"correlation": 0.09779254870819737, "p_value": 9.961980805868292e-211}