{"correlation": 0.03065641032507453, "p_value": 3.2995177019481865e-22}