{"correlation": -0.0972383348108471, "p_value": 2.331279638137302e-208}