{"correlation": 0.06281293550044219, "p_value": 7.291103283033254e-88}