{"correlation": 0.019879867473669145, "p_value": 3.313182768785915e-10}