{"correlation": 0.06643105575703111, "p_value": 4.508823754755616e-98}