{"correlation": 0.05075510128992412, "p_value": 5.646501169314633e-58}