{"correlation": 0.10788131526433743, "p_value": 2.952193004369651e-256}