{"correlation": 0.08632726412484201, "p_value": 1.6954095177681304e-164}