{"correlation": -0.09027048692381527, "p_value": 9.73028480627717e-180}