{"correlation": -0.023023789202973988, "p_value": 3.4056335983024296e-13}