{"correlation": 0.0904729382257863, "p_value": 1.5381616651682977e-180}