{"correlation": -0.07577125730139303, "p_value": 4.401371790101625e-127}