{"correlation": 0.005413574184443841, "p_value": 0.0871005537739198}