{"correlation": 0.05400521908766299, "p_value": 2.089893163918971e-65}