{"correlation": 0.06207730920664148, "p_value": 7.383412327234837e-86}