{"correlation": 0.08673857770230628, "p_value": 4.695591216553024e-166}