{"correlation": 0.03728613811597505, "p_value": 4.509282088648697e-32}