{"correlation": -0.11049339254217308, "p_value": 8.692356943169946e-269}