{"correlation": -0.014608534666511455, "p_value": 3.892084765041526e-06}