{"correlation": 0.039891761054141474, "p_value": 1.80788573871654e-36}