{"correlation": 0.10917210843276519, "p_value": 2.0705570409240337e-262}