{"correlation": -0.07637774245789494, "p_value": 4.238009635875482e-129}