{"correlation": 0.08313608435784374, "p_value": 1.1462709949668435e-152}