{"correlation": 0.020459346076924116, "p_value": 1.0026003616228067e-10}