{"correlation": -0.049944909525657714, "p_value": 3.4095105504685307e-56}