{"correlation": 0.046330154363973426, "p_value": 1.3502448004074183e-48}