{"correlation": -0.0019496015811521473, "p_value": 0.537799425312951}