{"correlation": 0.04553120193349316, "p_value": 5.408037229636773e-47}