{"correlation": 0.08834815667599921, "p_value": 3.194236132480436e-172}