{"correlation": -0.0783965948291604, "p_value": 6.282283174305729e-136}