{"correlation": 0.05859207089241251, "p_value": 1.1165959882643503e-76}