{"correlation": -0.02021133864790944, "p_value": 1.6789912637767837e-10}