{"correlation": -0.060544081826485206, "p_value": 9.376006857900691e-82}