{"correlation": 0.04684255230842987, "p_value": 1.2245808718442304e-49}