{"correlation": -0.016243431405287383, "p_value": 2.838875853632456e-07}