{"correlation": 0.07902600230305094, "p_value": 4.2884770594503076e-138}