{"correlation": -0.04737565352922259, "p_value": 9.802326635016936e-51}