{"correlation": 0.09084922976327248, "p_value": 4.933293577586524e-182}