{"correlation": 0.10695732883852373, "p_value": 6.75249355835298e-252}