{"correlation": 0.07920034021466471, "p_value": 1.0698142004194065e-138}