{"correlation": -0.03139416611248346, "p_value": 3.269738400330689e-23}