{"correlation": 0.005005940229917082, "p_value": 0.11363467967969673}