{"correlation": -0.09244293657244665, "p_value": 1.9789578533840048e-188}