{"correlation": 0.06910137206879065, "p_value": 5.641980077565376e-106}