{"correlation": -0.10745543877775593, "p_value": 3.0490667605999423e-254}