{"correlation": 0.11929674731801086, "p_value": 2.7796846169e-313}