{"correlation": 0.04875431252988376, "p_value": 1.2529681720834134e-53}