{"correlation": 0.07345251540512197, "p_value": 1.597753061106655e-119}