{"correlation": -0.09435432199559683, "p_value": 2.9904660961821655e-196}