{"correlation": -0.012053147903582409, "p_value": 0.00013932574187370747}