{"correlation": 0.09771835791157919, "p_value": 2.071587392978902e-210}