{"correlation": 0.08974023122138264, "p_value": 1.1961486775545296e-177}