{"correlation": -0.03696173818329059, "p_value": 1.5169045657668309e-31}