{"correlation": 0.06671011238860595, "p_value": 6.963905360071903e-99}