{"correlation": 0.06566967646801727, "p_value": 7.079504809796666e-96}