{"correlation": 0.060798163860715494, "p_value": 1.990968326652318e-82}