{"correlation": -0.07742486989883635, "p_value": 1.2809807341403792e-132}