{"correlation": 0.05432016461193606, "p_value": 3.7627258510694973e-66}