{"correlation": 0.009379790237019993, "p_value": 0.00303261144931786}