{"correlation": 0.05588816953054222, "p_value": 6.366285979665619e-70}