{"correlation": -0.003095192293016468, "p_value": 0.3279787325348776}