{"correlation": -0.04811887038837707, "p_value": 2.765745453864701e-52}