{"correlation": -0.007961973095286326, "p_value": 0.011859189333365895}