{"correlation": 0.02846284219977544, "p_value": 2.3177101832211843e-19}