{"correlation": 0.06671118094005357, "p_value": 6.914169856929808e-99}