{"correlation": 0.05152070999987724, "p_value": 1.1030545953952328e-59}