{"correlation": 0.07884909510713463, "p_value": 1.7490947721881404e-137}