{"correlation": 0.018314744154264304, "p_value": 7.097692228619497e-09}