{"correlation": 0.10505111794693434, "p_value": 5.033768972264978e-243}