{"correlation": 0.026875975437689426, "p_value": 1.9742333621628197e-17}