{"correlation": -0.03894894536171631, "p_value": 7.622361640790504e-35}