{"correlation": 0.06845951911579302, "p_value": 4.781089093615307e-104}