{"correlation": 0.08131043821449215, "p_value": 4.212692089989712e-146}