{"correlation": 0.08999536760147397, "p_value": 1.1854637633596806e-178}