{"correlation": 0.10325453361845498, "p_value": 8.223331623168022e-235}