{"correlation": 0.0781537589404067, "p_value": 4.256498085436551e-135}