{"correlation": 0.09271804306151873, "p_value": 1.5163875123013847e-189}