{"correlation": 0.04229228681129722, "p_value": 8.831578811709606e-41}