{"correlation": 0.0818698507677382, "p_value": 4.2509938191329124e-148}