{"correlation": 0.02631230454877675, "p_value": 9.016847406869241e-17}