{"correlation": 0.09201973813260511, "p_value": 1.014015829062833e-186}