{"correlation": 0.011616240408096789, "p_value": 0.00024134882397368803}