{"correlation": 0.10622857376553275, "p_value": 1.7405139561846173e-248}