{"correlation": 0.05097886281138552, "p_value": 1.798389063805883e-58}