{"correlation": 0.07425073081411074, "p_value": 4.2438776534948646e-122}