{"correlation": 0.10869457211963952, "p_value": 3.995173617356677e-260}