{"correlation": -0.0038494324725298406, "p_value": 0.22377083007896792}