{"correlation": 0.09936131376915056, "p_value": 1.6505973472764627e-217}