{"correlation": 0.05148614188555405, "p_value": 1.3192252015192188e-59}