{"correlation": -0.068309801821119, "p_value": 1.3386554896838424e-103}