{"correlation": 0.04337831823571, "p_value": 8.194444444855338e-43}