{"correlation": -0.04245222183681737, "p_value": 4.4661290464967166e-41}