{"correlation": 0.044551030116909675, "p_value": 4.584563712008782e-45}