{"correlation": 0.058398062893653256, "p_value": 3.4936670728493074e-76}