{"correlation": 0.03618211784262519, "p_value": 2.682323573531792e-30}