{"correlation": 0.07169885992849317, "p_value": 5.806292195302461e-114}