{"correlation": 0.06930519063728922, "p_value": 1.3657969286149035e-106}