{"correlation": 0.031328330222890305, "p_value": 4.02768312525128e-23}