{"correlation": 0.02952261478797729, "p_value": 1.0366522247404382e-20}