{"correlation": 0.0784626146038753, "p_value": 3.730452713443416e-136}