{"correlation": 0.10138255200882848, "p_value": 2.085595970942262e-226}