{"correlation": -0.007724934241517319, "p_value": 0.014630818683058999}