{"correlation": 0.08919775431086448, "p_value": 1.594748037515017e-175}