{"correlation": -0.0087068032050791, "p_value": 0.005928464746239902}