{"correlation": 0.06839410006607208, "p_value": 7.49940493381405e-104}