{"correlation": 0.06519137556854096, "p_value": 1.646267888728723e-94}