{"correlation": 0.08676716177666352, "p_value": 3.6573625086020214e-166}