{"correlation": 0.08832110267036825, "p_value": 4.064220687523189e-172}