{"correlation": 0.11564510939252069, "p_value": 2.113059367813875e-294}