{"correlation": 0.10467524721435517, "p_value": 2.704936690908021e-241}