{"correlation": 0.09456546390299571, "p_value": 3.9980985483767795e-197}