{"correlation": 0.042767515772994084, "p_value": 1.1559511043396473e-41}