{"correlation": 0.09833531885834532, "p_value": 4.621066190084332e-213}