{"correlation": 0.09305065911018266, "p_value": 6.721625384490254e-191}