{"correlation": 0.07088302993190562, "p_value": 2.016480359816244e-111}