{"correlation": 0.11682309559536065, "p_value": 1.994872120055198e-300}