{"correlation": 0.06351544319097982, "p_value": 8.423629523023976e-90}