{"correlation": 0.013577542143956244, "p_value": 1.77722614937886e-05}