{"correlation": 0.09971055154925118, "p_value": 4.933746875424439e-219}