{"correlation": 0.103872623516983, "p_value": 1.2756522395591316e-237}