{"correlation": 0.0990460258993374, "p_value": 3.8835925568484924e-216}