{"correlation": 0.07581997729096397, "p_value": 3.0353149731014e-127}