{"correlation": 0.08088350131829491, "p_value": 1.3760453684878417e-144}