{"correlation": 0.01689868218935858, "p_value": 9.245235011997671e-08}