{"correlation": 0.017004067942683013, "p_value": 7.68895905145416e-08}