{"correlation": 0.05238657442039273, "p_value": 1.1990256920197531e-61}