{"correlation": 0.11039022329123507, "p_value": 2.753534506443554e-268}