{"correlation": 0.03471881980167781, "p_value": 5.002153823197407e-28}