{"correlation": 0.0679313249529427, "p_value": 1.7890849903027155e-102}