{"correlation": 0.05281393299124945, "p_value": 1.2518233978972491e-62}