{"correlation": 0.1184721164725898, "p_value": 5.76044882653595e-309}