{"correlation": 0.036617488103081214, "p_value": 5.43337371797644e-31}