{"correlation": -0.002474917302641469, "p_value": 0.4341186857530745}