{"correlation": 0.04395582298414616, "p_value": 6.484383046911571e-44}