{"correlation": 0.05575002516615432, "p_value": 1.381920072507875e-69}