{"correlation": 0.10341928606567607, "p_value": 1.4719514535043076e-235}