{"correlation": 0.024515063042867203, "p_value": 9.27671233520031e-15}