{"correlation": 0.0450469122336965, "p_value": 4.908869561613452e-46}