{"correlation": -0.08853280746012519, "p_value": 6.158958080736596e-173}