{"correlation": 0.09250177761403776, "p_value": 1.1431523563993945e-188}