{"correlation": 0.07040058658901198, "p_value": 6.212640766985384e-110}