{"correlation": 0.08679068713342167, "p_value": 2.9773130296354664e-166}