{"correlation": -0.026185636955320828, "p_value": 1.263038502684927e-16}