{"correlation": 0.0994842203202356, "p_value": 4.80574174580802e-218}