{"correlation": 0.08186335347498938, "p_value": 4.484904296575035e-148}