{"correlation": -0.035229860451665304, "p_value": 8.254156049893759e-29}