{"correlation": 0.05932859226238364, "p_value": 1.4199234388700705e-78}