{"correlation": -0.054238375933418896, "p_value": 5.878822251203875e-66}