{"correlation": -0.08372187377599832, "p_value": 8.346030305084542e-155}