{"correlation": 0.014407358896104156, "p_value": 5.276704264322948e-06}