{"correlation": 0.06847419080293062, "p_value": 4.321711757588678e-104}