{"correlation": -0.04543758273766925, "p_value": 8.29881495215655e-47}