{"correlation": -0.11785791144801118, "p_value": 9.025685141830981e-306}