{"correlation": 0.0668207139311699, "p_value": 3.314300377430551e-99}