{"correlation": -0.0056919112336988355, "p_value": 0.07204064777404798}