{"correlation": -0.08313104419918048, "p_value": 1.195680757607733e-152}