{"correlation": 0.05650969351165609, "p_value": 1.9019608165877427e-71}