{"correlation": 0.028741485938196955, "p_value": 1.034992152430514e-19}