{"correlation": 0.06043147125701973, "p_value": 1.8593945918217812e-81}