{"correlation": 0.07873928318989243, "p_value": 4.17909071552996e-137}