{"correlation": 0.08359160836367452, "p_value": 2.5014338251154895e-154}