{"correlation": 0.07739424590088322, "p_value": 1.6261573920872846e-132}