{"correlation": 0.07843185481381232, "p_value": 4.756075548191564e-136}