{"correlation": 0.11381414261506557, "p_value": 3.676189239735096e-285}