{"correlation": 0.03504261968921105, "p_value": 1.6020554144134026e-28}