{"correlation": 0.06882221893481993, "p_value": 3.910361019896468e-105}