{"correlation": 0.07257486072516679, "p_value": 1.007477648621495e-116}