{"correlation": 0.11454000769167424, "p_value": 8.321517437041199e-289}