{"correlation": 0.05002537971462478, "p_value": 2.2755471599278445e-56}