{"correlation": -0.010982313120023512, "p_value": 0.0005187044440940401}