{"correlation": 0.08174956693413762, "p_value": 1.1451135886462654e-147}