{"correlation": 0.05938482045835234, "p_value": 1.0152492479012719e-78}