{"correlation": 0.06243431352052862, "p_value": 7.905893143438977e-87}