{"correlation": 0.035966175608800825, "p_value": 5.8805199835548256e-30}