{"correlation": -0.05086718145694549, "p_value": 3.1853803449360027e-58}