{"correlation": 0.04431077559422857, "p_value": 1.341453269091543e-44}