{"correlation": 0.03335148524315414, "p_value": 5.461464595956396e-26}