{"correlation": 0.1187061064885316, "p_value": 3.4576465366991e-310}