{"correlation": 0.11235938433058588, "p_value": 6.302691937367951e-278}