{"correlation": 0.106440095656404, "p_value": 1.790698807135234e-249}