{"correlation": -0.07875461288061916, "p_value": 3.7009026227971463e-137}