{"correlation": 0.08164843242691003, "p_value": 2.631469592113699e-147}