{"correlation": 0.09746286053110657, "p_value": 2.566868298621553e-209}