{"correlation": 0.07382688622739846, "p_value": 9.975880318982466e-121}