{"correlation": -0.05534716727819857, "p_value": 1.310127307302244e-68}