{"correlation": 0.1054549988289131, "p_value": 6.849115291390226e-245}