{"correlation": 0.08046654352221981, "p_value": 4.0695363505415373e-143}