{"correlation": 0.11053123869942601, "p_value": 5.692768716645317e-269}