{"correlation": 0.09377798529312448, "p_value": 7.095997881048466e-194}