{"correlation": 0.006659484900725, "p_value": 0.03532112062005701}