{"correlation": 0.05476069709827134, "p_value": 3.362783891278358e-67}