{"correlation": -0.009589324836672996, "p_value": 0.002440378860512675}