{"correlation": 0.11887535344189679, "p_value": 4.5039034002043e-311}