{"correlation": 0.02292731598128561, "p_value": 4.2673168512657205e-13}