{"correlation": 0.09550693823305689, "p_value": 4.79817033603674e-201}