{"correlation": -0.018405060791214803, "p_value": 5.986046149128949e-09}