{"correlation": -0.07683927320676512, "p_value": 1.2073001562178637e-130}