{"correlation": -0.029222290835747844, "p_value": 2.5289777977062392e-20}