{"correlation": 0.01371137136969231, "p_value": 1.4676718198338074e-05}