{"correlation": 0.11887794420934888, "p_value": 4.3654480795797e-311}