{"correlation": 0.05754516591004291, "p_value": 5.030201889367464e-74}