{"correlation": 0.08275494563443526, "p_value": 2.767473123653937e-151}