{"correlation": 0.06063074367289644, "p_value": 5.531022752095657e-82}