{"correlation": 0.03990112172120151, "p_value": 1.7411856551183262e-36}