{"correlation": 0.06289143644843319, "p_value": 4.4400208396417956e-88}