{"correlation": 0.08608693760717813, "p_value": 1.3673728510257093e-163}