{"correlation": 0.002990457855959468, "p_value": 0.3446112692968559}