{"correlation": 0.0400322882485234, "p_value": 1.027256373879184e-36}