{"correlation": 0.07399064314170631, "p_value": 2.9519924728985082e-121}