{"correlation": 0.02578019259487465, "p_value": 3.6751422351533736e-16}