{"correlation": 0.03485144172305346, "p_value": 3.1417799993957753e-28}