{"correlation": 0.05521736703444776, "p_value": 2.6948730234520414e-68}