{"correlation": 0.051498369552669926, "p_value": 1.2383190738619335e-59}