{"correlation": 0.07696475529148734, "p_value": 4.571295908384691e-131}