{"correlation": 0.11210338105929134, "p_value": 1.1553172771172537e-276}