{"correlation": 0.04645060084667718, "p_value": 7.698418705562736e-49}