{"correlation": 0.06849530962667062, "p_value": 3.7367155992844324e-104}