{"correlation": 2.518868046695742e-05, "p_value": 0.9936484912979798}