{"correlation": 0.033170511530510746, "p_value": 1.0023555451201692e-25}