{"correlation": 0.08288405587006493, "p_value": 9.427195390081613e-152}