{"correlation": 0.09357229736897711, "p_value": 4.956136039235574e-193}