{"correlation": -0.034104953230548574, "p_value": 4.2089336900801976e-27}