{"correlation": -0.049691440252328474, "p_value": 1.2133425555341817e-55}