{"correlation": 0.06417726146653127, "p_value": 1.2040372529915944e-91}