{"correlation": 0.03764749312927509, "p_value": 1.1531314359744128e-32}