{"correlation": 0.04361031027101145, "p_value": 2.9696820715310827e-43}