{"correlation": 0.0654395721048068, "p_value": 3.225960133217848e-95}