{"correlation": 0.0299721637452908, "p_value": 2.6830051883986187e-21}