{"correlation": 0.03870885872787613, "p_value": 1.9486032327372636e-34}