{"correlation": 0.0009764086794402385, "p_value": 0.7576410550453613}