{"correlation": 0.07624936420926545, "p_value": 1.1359073587917076e-128}