{"correlation": 0.09616111761907545, "p_value": 8.580204857248894e-204}