{"correlation": 0.08270684941394268, "p_value": 4.131646911908805e-151}