{"correlation": 0.03671108891187749, "p_value": 3.845167535012491e-31}