{"correlation": 0.07191396114664235, "p_value": 1.2278526044698585e-114}