{"correlation": 0.09645167294336084, "p_value": 5.093778593348719e-205}