{"correlation": 0.10158350320792171, "p_value": 2.658127699475897e-227}