{"correlation": 0.11649773575919291, "p_value": 9.338591626152088e-299}