{"correlation": -0.034277362549522766, "p_value": 2.322830428221801e-27}