{"correlation": 0.0982533776603394, "p_value": 1.0420414464029178e-212}