{"correlation": 0.09740122718691571, "p_value": 4.706035253417293e-209}