{"correlation": 0.10118391540501587, "p_value": 1.5914972874071308e-225}