{"correlation": -0.10557824831872625, "p_value": 1.839355963929905e-245}