{"correlation": 0.10917411192006389, "p_value": 2.0252428174578273e-262}