{"correlation": 0.059221829897751044, "p_value": 2.6823493787207657e-78}