{"correlation": 0.0877407879951146, "p_value": 6.99965300786247e-170}