{"correlation": 0.0600184004986858, "p_value": 2.266503259177006e-80}