{"correlation": 0.09926035878987434, "p_value": 4.542627466459227e-217}