{"correlation": 0.10805000174904661, "p_value": 4.6790206145766634e-257}