{"correlation": 0.11118667328762388, "p_value": 3.645382419949276e-272}