{"correlation": -0.030573995524292272, "p_value": 4.257402855044883e-22}