{"correlation": -0.0111329753830374, "p_value": 0.00043395198572679947}