{"correlation": 0.1086634009435682, "p_value": 5.628104850659912e-260}