{"correlation": 0.039681539904566104, "p_value": 4.195820739007564e-36}