{"correlation": 0.031657427588221425, "p_value": 1.4144579451010896e-23}