{"correlation": 0.02862873981020935, "p_value": 1.435512953781703e-19}