{"correlation": 0.07150853734364278, "p_value": 2.2867933963914655e-113}