{"correlation": 0.015241323070353039, "p_value": 1.4567397366168504e-06}