{"correlation": -0.027073906706224858, "p_value": 1.149550625816493e-17}