{"correlation": 0.07680075241509832, "p_value": 1.6261245323043196e-130}