{"correlation": 0.10918825655770188, "p_value": 1.7323059264763802e-262}