{"correlation": 0.11560866724535702, "p_value": 3.238187772277256e-294}