{"correlation": 0.042731541407189676, "p_value": 1.3493727689719875e-41}