{"correlation": 0.10504182214605673, "p_value": 5.555989445376242e-243}