{"correlation": 0.06824944004801511, "p_value": 2.0261214850695556e-103}