{"correlation": 0.0796423175384788, "p_value": 3.123196463671262e-140}