{"correlation": 0.09168603732481515, "p_value": 2.2309696464242578e-185}