{"correlation": 0.007734817934547805, "p_value": 0.014504729673645378}