{"correlation": 0.08154559716147425, "p_value": 6.125780686015038e-147}