{"correlation": 0.057565482797433454, "p_value": 4.472412782240748e-74}