{"correlation": 0.08344978875376916, "p_value": 8.247597550562891e-154}