{"correlation": 0.10755132919101303, "p_value": 1.0749775683298978e-254}