{"correlation": 0.04075592201716902, "p_value": 5.419868071773613e-38}