{"correlation": 0.10924591833372882, "p_value": 9.160628374860686e-263}