{"correlation": 0.07702240614296611, "p_value": 2.924341198300757e-131}