{"correlation": 0.06926180092034206, "p_value": 1.8479286868137497e-106}