{"correlation": -0.03385915996103722, "p_value": 9.772105988156647e-27}