{"correlation": 0.0037647204094644646, "p_value": 0.23412898561123355}