{"correlation": 0.07647648558232921, "p_value": 1.9830289776562248e-129}