{"correlation": 0.0940428423554392, "p_value": 5.771452950392194e-195}