{"correlation": 0.01841134433794127, "p_value": 5.9153500654538335e-09}