{"correlation": 0.08531117654631512, "p_value": 1.1089879369884387e-160}