{"correlation": 0.08390865594169644, "p_value": 1.7243949574833608e-155}