{"correlation": 0.0013509597530798106, "p_value": 0.6694146027125893}