{"correlation": 0.1015700595184578, "p_value": 3.051299210710497e-227}