{"correlation": -0.059165515222259, "p_value": 3.749991764613055e-78}