{"correlation": 0.015458095736429874, "p_value": 1.0311412970529912e-06}