{"correlation": 0.10279753221648934, "p_value": 9.576294760960556e-233}