{"correlation": 0.10836809641459105, "p_value": 1.4392179781992504e-258}