{"correlation": -0.018034308517033918, "p_value": 1.1984468071249057e-08}