{"correlation": -0.0055984677393160565, "p_value": 0.0768389914088802}