{"correlation": 0.0666614489570113, "p_value": 9.650772513944626e-99}