{"correlation": 0.05485512581235277, "p_value": 1.9988705191214385e-67}