{"correlation": 0.10602177390408764, "p_value": 1.600828017193167e-247}