{"correlation": 0.02498516326130714, "p_value": 2.84704177016819e-15}