{"correlation": 0.11025325510535999, "p_value": 1.2704398892368932e-267}