{"correlation": 0.11751232467561507, "p_value": 5.567840028631521e-304}