{"correlation": 0.10819342678424819, "p_value": 9.749043280757374e-258}