{"correlation": 0.04077499635728695, "p_value": 5.01190674640396e-38}