{"correlation": 0.09535941796973872, "p_value": 1.9862437476435458e-200}