{"correlation": 0.10382369058874569, "p_value": 2.1318832844707315e-237}