{"correlation": 0.09705413346108656, "p_value": 1.4191155872422819e-207}