{"correlation": 0.06922222625380774, "p_value": 2.4342640604091536e-106}