{"correlation": 0.03415555418771108, "p_value": 3.536213983708192e-27}