{"correlation": 0.05181558858501585, "p_value": 2.384978951617952e-60}