{"correlation": -0.12016026014163206, "p_value": 7.78097e-318}