{"correlation": 0.05052318406768955, "p_value": 1.8385905761712774e-57}