{"correlation": 0.10469260089319286, "p_value": 2.2511862310881626e-241}