{"correlation": 0.06371566721385989, "p_value": 2.3409207260586103e-90}