{"correlation": 0.11322002317778355, "p_value": 3.3987005857321954e-282}