{"correlation": 0.028273191076563797, "p_value": 3.9943971934609124e-19}