{"correlation": 0.06788790665048067, "p_value": 2.4065654153683923e-102}