{"correlation": 0.09127528724062212, "p_value": 9.865324832273968e-184}