{"correlation": 0.07696693782074757, "p_value": 4.4946634661927406e-131}