{"correlation": 0.035177519169756484, "p_value": 9.938802822447839e-29}