{"correlation": 0.07382100972696741, "p_value": 1.0420938700051848e-120}