{"correlation": 0.089570686635538, "p_value": 5.5373516773550664e-177}