{"correlation": 0.09493242233076558, "p_value": 1.1976918489985232e-198}