{"correlation": 0.0314657365956329, "p_value": 2.605386836856438e-23}