{"correlation": 0.043464484619748056, "p_value": 5.62427940722758e-43}