{"correlation": 0.11594350034341765, "p_value": 6.377755158848041e-296}