{"correlation": -0.07915339962991083, "p_value": 1.5552384999117268e-138}