{"correlation": -0.04538797011321733, "p_value": 1.0409220306238054e-46}