{"correlation": 0.014414736928206648, "p_value": 5.218491173711722e-06}