{"correlation": 0.08427278550400095, "p_value": 7.890516935628638e-157}