{"correlation": 0.11041968450736543, "p_value": 1.9812684689577113e-268}