{"correlation": 0.009075760821742192, "p_value": 0.004126545697963104}