{"correlation": 0.060435440512837196, "p_value": 1.815097599449456e-81}