{"correlation": 0.08935498258995163, "p_value": 3.874054531519297e-176}