{"correlation": 0.0428728910666535, "p_value": 7.341717597824744e-42}