{"correlation": 0.04137145708897473, "p_value": 4.258936092064614e-39}