{"correlation": 0.008991125420341627, "p_value": 0.004489155339163691}