{"correlation": 0.0402569633312166, "p_value": 4.143889846379023e-37}