{"correlation": -0.036196937693352985, "p_value": 2.541214861911861e-30}