{"correlation": -0.10444408768767782, "p_value": 3.112592801586567e-240}