{"correlation": 0.041486347919266614, "p_value": 2.6380924469705864e-39}