{"correlation": -0.0393141358316942, "p_value": 1.8082609722724017e-35}