{"correlation": 0.07804020538631048, "p_value": 1.0392427627476257e-134}