{"correlation": 0.05376338143737212, "p_value": 7.743928990189143e-65}