{"correlation": 0.09672941746709926, "p_value": 3.39735691266021e-206}