{"correlation": 0.07086260497343855, "p_value": 2.3325283899256486e-111}