{"correlation": 0.06727479924182937, "p_value": 1.551932442587035e-100}