{"correlation": 0.09632408438858876, "p_value": 1.7622394815916983e-204}