{"correlation": 0.09374992203547663, "p_value": 9.253246316876888e-194}