{"correlation": 0.06225157679566801, "p_value": 2.4849073950437712e-86}