{"correlation": -0.11815709225395071, "p_value": 2.5194536299680875e-307}