{"correlation": 0.10871432270128568, "p_value": 3.2152451016385057e-260}