{"correlation": 0.02401888381432202, "p_value": 3.152057389777279e-14}