{"correlation": 0.07987562843400975, "p_value": 4.7971147553514564e-141}