{"correlation": 0.03300116516079107, "p_value": 1.7640521860615453e-25}