{"correlation": 0.07698003077143335, "p_value": 4.061134061843327e-131}