{"correlation": 0.05247338833306907, "p_value": 7.588112427950075e-62}