{"correlation": -0.11652566973322583, "p_value": 6.715194754778106e-299}