{"correlation": 0.11600806508133098, "p_value": 2.9867182259409625e-296}