{"correlation": -0.0547256151768944, "p_value": 4.0787864340162736e-67}