{"correlation": 0.06611452629419158, "p_value": 3.715969443384219e-97}