{"correlation": -0.013751440054574514, "p_value": 1.3854779315699734e-05}