{"correlation": 0.06884095512594889, "p_value": 3.4347266214679936e-105}