{"correlation": 0.03479523753312359, "p_value": 3.827072562053026e-28}