{"correlation": 0.06848481765960633, "p_value": 4.0167392808905824e-104}