{"correlation": 0.06419914279165419, "p_value": 1.0454823046074611e-91}