{"correlation": -0.02127092759866845, "p_value": 1.7786063013915875e-11}