{"correlation": 0.08854606312004266, "p_value": 5.4718087831702946e-173}