{"correlation": 0.06528004364641178, "p_value": 9.203108433916244e-95}