{"correlation": 0.10536819456520201, "p_value": 1.727259330720448e-244}