{"correlation": 0.10984206719774232, "p_value": 1.2372361136925967e-265}