{"correlation": 0.11921688743529382, "p_value": 7.3006334192e-313}