{"correlation": 0.10759311161172512, "p_value": 6.82315931992487e-255}