{"correlation": 0.1065193042326425, "p_value": 7.632366479397606e-250}