{"correlation": 0.10790800474268995, "p_value": 2.2062558738181738e-256}