{"correlation": -0.03295678185319274, "p_value": 2.0447781448774931e-25}