{"correlation": 0.09923000029153808, "p_value": 6.157884354610487e-217}