{"correlation": -0.026724663352044497, "p_value": 2.977250737052429e-17}