{"correlation": 0.026458135197273854, "p_value": 6.105175504870779e-17}