{"correlation": 0.030871736359363727, "p_value": 1.6898875595505674e-22}