{"correlation": 0.05861215832852586, "p_value": 9.91996800297589e-77}