{"correlation": 0.03978128261370424, "p_value": 2.815588401603467e-36}