{"correlation": 0.08478940796397891, "p_value": 9.694544346632419e-159}