{"correlation": 0.009628772156399045, "p_value": 0.0023415037191161702}