{"correlation": 0.08654658413021425, "p_value": 2.510005480991374e-165}