{"correlation": 0.08496317457968915, "p_value": 2.1940531158475582e-159}