{"correlation": 0.057313247392583394, "p_value": 1.918549092985757e-73}