{"correlation": -0.06539231870405343, "p_value": 4.4018065742407045e-95}