{"correlation": 0.09043844950191092, "p_value": 2.106718549507483e-180}