{"correlation": 0.011813857174908056, "p_value": 0.000188664959083464}