{"correlation": -0.0296421569270663, "p_value": 7.250805356676589e-21}