{"correlation": 0.031520880360617905, "p_value": 2.1863551655440592e-23}