{"correlation": -0.05242917908312107, "p_value": 9.579843409790173e-62}