{"correlation": 0.02868247387163065, "p_value": 1.2284730234610187e-19}