{"correlation": -0.01613501609961958, "p_value": 3.404234188171004e-07}