{"correlation": 0.10712825877875645, "p_value": 1.0614837913000271e-252}