{"correlation": 0.0635643423788693, "p_value": 6.163766557547652e-90}