{"correlation": -0.028700308639671726, "p_value": 1.1665072190055896e-19}