{"correlation": 0.07033948212964453, "p_value": 9.57408729219897e-110}