{"correlation": 0.07710591825662523, "p_value": 1.5301235365031434e-131}