{"correlation": -0.09272751219511365, "p_value": 1.387875685400831e-189}