{"correlation": 0.09847062059602017, "p_value": 1.2049673765030763e-213}