{"correlation": 0.040915287367760726, "p_value": 2.8154949440216357e-38}