{"correlation": 0.10646831118352512, "p_value": 1.3216750423564204e-249}