{"correlation": 0.07113931014634527, "p_value": 3.2331531367720013e-112}