{"correlation": -0.013014630496831148, "p_value": 3.901093492574323e-05}