{"correlation": -0.004175049927467073, "p_value": 0.1870119811182116}