{"correlation": 0.11000440407304504, "p_value": 2.0337700528104443e-266}