{"correlation": 0.039927316876613245, "p_value": 1.567249175866686e-36}