{"correlation": 0.05307948698254409, "p_value": 3.0463323794570067e-63}