{"correlation": 0.11820299803223251, "p_value": 1.4537128323902033e-307}