{"correlation": -0.01999576940290407, "p_value": 2.615518379562352e-10}