{"correlation": 0.06499477820891049, "p_value": 5.960295227539598e-94}