{"correlation": 0.07943696948116856, "p_value": 1.6170231123337269e-139}