{"correlation": 0.022091994235313314, "p_value": 2.8954227854159263e-12}