{"correlation": 0.0106956938777862, "p_value": 0.0007240234978840972}