{"correlation": 0.054259659447201895, "p_value": 5.234676719677641e-66}