{"correlation": 0.06895795550154969, "p_value": 1.5269237602698993e-105}