{"correlation": 0.04669757196710638, "p_value": 2.421552676501046e-49}