{"correlation": -0.017711994770923493, "p_value": 2.1676377503635278e-08}