{"correlation": -0.04698202071860752, "p_value": 6.342730513884873e-50}