{"correlation": -0.075003247331485, "p_value": 1.4920891950676032e-124}