{"correlation": 0.06953928003877016, "p_value": 2.6643762660611523e-107}