{"correlation": 0.0010872649689804767, "p_value": 0.7311361903255912}