{"correlation": 0.06802398637753224, "p_value": 9.496117030764538e-103}