{"correlation": 0.07005135553007244, "p_value": 7.32018605981343e-109}