{"correlation": 0.11732793560317362, "p_value": 4.9963181767487875e-303}