{"correlation": 0.08114646665717247, "p_value": 1.6107003273861882e-145}