{"correlation": 0.029069942057989205, "p_value": 3.9622143758358913e-20}