{"correlation": -0.052131571036073486, "p_value": 4.576846946644138e-61}