{"correlation": 0.10064915428959802, "p_value": 3.707457853808593e-223}