{"correlation": 0.08278203948416754, "p_value": 2.2079907174575118e-151}