{"correlation": 0.09638942796831856, "p_value": 9.33464392460147e-205}