{"correlation": 0.07713296131599748, "p_value": 1.2404205842771028e-131}