{"correlation": 0.052821727625482165, "p_value": 1.2010784798942527e-62}