{"correlation": 0.05729940186364224, "p_value": 2.0778176032384537e-73}