{"correlation": 0.07134566079868095, "p_value": 7.36952197397772e-113}