{"correlation": 0.03233578861901048, "p_value": 1.5815488167605317e-24}