{"correlation": 0.0074637358449650875, "p_value": 0.018332203219266874}