{"correlation": 0.08763705014576773, "p_value": 1.7507795548187476e-169}