{"correlation": 0.07316176823502915, "p_value": 1.3637961192480304e-118}