{"correlation": 0.044248963130759364, "p_value": 1.766581381147796e-44}