{"correlation": 0.024842389761533808, "p_value": 4.085044572426481e-15}