{"correlation": 0.12007991568257285, "p_value": 2.0705333e-317}