{"correlation": 0.10048893626375745, "p_value": 1.8872910781349498e-222}