{"correlation": 0.04575712779538925, "p_value": 1.9171902147642632e-47}