{"correlation": 0.0446767661512691, "p_value": 2.60780321184579e-45}