{"correlation": 0.11881554209227302, "p_value": 9.258934890316e-311}