{"correlation": 0.042396301550088576, "p_value": 5.670083038297041e-41}