{"correlation": 0.11843229498266113, "p_value": 9.29223445694858e-309}