{"correlation": -0.019421992403778014, "p_value": 8.324143865822305e-10}