{"correlation": -0.022778024292159624, "p_value": 6.038920690907453e-13}