{"correlation": 0.05258611219631222, "p_value": 4.184539413140079e-62}