{"correlation": 0.02159261145187794, "p_value": 8.802979504822438e-12}