{"correlation": 0.08038337918547968, "p_value": 7.980081598736982e-143}