{"correlation": 0.009506469127105495, "p_value": 0.0026606100520112836}