{"correlation": -0.10409951597041824, "p_value": 1.1753833975505445e-238}