{"correlation": -0.0014573533450211945, "p_value": 0.645102989902358}