{"correlation": 0.11325350542985986, "p_value": 2.3151992747190982e-282}