{"correlation": 0.09166641143711182, "p_value": 2.6748091733183313e-185}