{"correlation": -0.0180223569943066, "p_value": 1.2252944433206393e-08}