{"correlation": -0.04313918352391756, "p_value": 2.3198302552626384e-42}