{"correlation": 0.10101334265464934, "p_value": 9.084101711985158e-225}