{"correlation": 0.08182619331106901, "p_value": 6.09206370483098e-148}