{"correlation": 0.06161941738777921, "p_value": 1.2723324180872782e-84}