{"correlation": 0.06246608784884821, "p_value": 6.47620726269283e-87}