{"correlation": -0.017996587292164558, "p_value": 1.2851863047853786e-08}