{"correlation": -0.01258684820401251, "p_value": 6.948285564830934e-05}