{"correlation": 0.09080572973681779, "p_value": 7.347711309439102e-182}