{"correlation": 0.09461824007935742, "p_value": 2.4160764405097408e-197}