{"correlation": 0.053868765934412303, "p_value": 4.37920499794687e-65}