{"correlation": 0.09436495888835955, "p_value": 2.702475742222743e-196}