{"correlation": 0.07654582140311722, "p_value": 1.1627034402331122e-129}