{"correlation": 0.06499907841503001, "p_value": 5.795139389838665e-94}