{"correlation": 0.06777878798265317, "p_value": 5.065802668842057e-102}