{"correlation": 0.1130468398927182, "p_value": 2.470991000390513e-281}