{"correlation": 0.082882921462135, "p_value": 9.516891164483637e-152}