{"correlation": 0.07399341665851696, "p_value": 2.8916671122064154e-121}