{"correlation": 0.09729822181349694, "p_value": 1.294908568443217e-208}