{"correlation": 0.11848528937445804, "p_value": 4.917513813845826e-309}