{"correlation": 0.10091371652223444, "p_value": 2.5090783566064895e-224}