{"correlation": 0.05951681158132617, "p_value": 4.613482747083842e-79}