{"correlation": 0.033801744119761, "p_value": 1.1886797614967698e-26}