{"correlation": -0.11309377001603554, "p_value": 1.4438929384595946e-281}