{"correlation": 0.049895823791292176, "p_value": 4.361853147609327e-56}