{"correlation": 0.07896716477891717, "p_value": 6.847086776647644e-138}