{"correlation": -0.05017046212430408, "p_value": 1.0958906207603152e-56}