{"correlation": 0.0028875917324963562, "p_value": 0.36146153767992334}