{"correlation": -0.03698972150873879, "p_value": 1.3667545785106088e-31}