{"correlation": 0.028650442204311437, "p_value": 1.348039625815237e-19}