{"correlation": 0.05533905134625846, "p_value": 1.370628765484416e-68}