{"correlation": 0.09259734196669933, "p_value": 4.684874133890326e-189}