{"correlation": -0.11890550491807639, "p_value": 3.1315226017966e-311}