{"correlation": 0.11862194907561878, "p_value": 9.51604603149797e-310}