{"correlation": 0.08570375718839515, "p_value": 3.7680165209062403e-162}