{"correlation": 0.10721708281554913, "p_value": 4.053491663887127e-253}