{"correlation": 0.057866773170031235, "p_value": 7.788836961035198e-75}