{"correlation": 0.023740565972162914, "p_value": 6.193640475251053e-14}