{"correlation": 0.020703857829081705, "p_value": 5.99519420649853e-11}