{"correlation": 0.018619138821763113, "p_value": 3.984855732944076e-09}