{"correlation": 0.05029364979421888, "p_value": 5.883239233348559e-57}