{"correlation": 0.004282489120495378, "p_value": 0.17591982465985032}