{"correlation": 0.08027897000319435, "p_value": 1.856729515887039e-142}