{"correlation": 0.07682199580956603, "p_value": 1.379858152931376e-130}