{"correlation": 0.09773734459294986, "p_value": 1.717733977011043e-210}