{"correlation": 0.07448292312550202, "p_value": 7.46861162314935e-123}