{"correlation": 0.11329111267409966, "p_value": 1.5040534660038306e-282}