{"correlation": 0.047084380543804795, "p_value": 3.9088286471701e-50}