{"correlation": 0.0956047093145062, "p_value": 1.86915359261977e-201}