{"correlation": -0.006286798879057253, "p_value": 0.04693659611382407}