{"correlation": -0.11021325878485563, "p_value": 1.984766396028794e-267}