{"correlation": 0.10029593388422373, "p_value": 1.3356696981089983e-221}