{"correlation": 0.040397201898462555, "p_value": 2.345320145833267e-37}