{"correlation": 0.0770172442935828, "p_value": 3.043722721183426e-131}