{"correlation": 0.09297435260472724, "p_value": 1.3752518495695034e-190}