{"correlation": -0.06982972859315398, "p_value": 3.479930602096648e-108}