{"correlation": 0.10361435911921049, "p_value": 1.9127762521252843e-236}