{"correlation": 0.09967683652407981, "p_value": 6.927625608868322e-219}