{"correlation": 0.11937463392366512, "p_value": 1.083215234e-313}