{"correlation": 0.06748234868920534, "p_value": 3.803427450239818e-101}