{"correlation": 0.09091066581512831, "p_value": 2.809575458616457e-182}