{"correlation": 0.09878659629568122, "p_value": 5.182024941452296e-215}