{"correlation": 0.05154466973179461, "p_value": 9.743076380300282e-60}