{"correlation": -0.02218994954944656, "p_value": 2.3213413309847223e-12}