{"correlation": -0.1063157664967475, "p_value": 6.820139485532529e-249}