{"correlation": 0.06226546340557458, "p_value": 2.278064333854524e-86}