{"correlation": 0.11100586396514331, "p_value": 2.783938099871416e-271}