{"correlation": 0.04017606664968034, "p_value": 5.749387304649654e-37}