{"correlation": 0.0632182824289667, "p_value": 5.5925789659286465e-89}