{"correlation": 0.07264830559297696, "p_value": 5.891758302230567e-117}