{"correlation": 0.08756655447724196, "p_value": 3.262328960807071e-169}