{"correlation": 0.08836489485200179, "p_value": 2.7518764008452973e-172}