{"correlation": -0.028209801495022436, "p_value": 4.787612701287985e-19}