{"correlation": 0.09034772822656406, "p_value": 4.816009784797591e-180}