{"correlation": 0.07313944675211526, "p_value": 1.607272890989825e-118}