{"correlation": 0.028195046956903076, "p_value": 4.993498451411497e-19}