{"correlation": -0.09227808199532826, "p_value": 9.190758469506705e-188}