{"correlation": 0.07683164274006793, "p_value": 1.280680307393584e-130}