{"correlation": 0.008948830806752699, "p_value": 0.004680971406977516}