{"correlation": 0.03538718676126497, "p_value": 4.715304723402349e-29}