{"correlation": 0.07961375972303596, "p_value": 3.926658991145605e-140}