{"correlation": 0.10682540995371091, "p_value": 2.810126528790393e-251}