{"correlation": -0.04514970258913772, "p_value": 3.0797134034615318e-46}