{"correlation": 0.03460134243728665, "p_value": 7.54117257774186e-28}