{"correlation": 0.06510310051279312, "p_value": 2.9349766120003174e-94}