{"correlation": -0.10093003491859123, "p_value": 2.1245764792777112e-224}