{"correlation": 0.1172772744919688, "p_value": 9.124495632157381e-303}