{"correlation": 0.06892144683619121, "p_value": 1.9667216618716936e-105}