{"correlation": 0.04487753502631807, "p_value": 1.0558711897162341e-45}