{"correlation": 0.01133057174668203, "p_value": 0.0003423092094889687}