{"correlation": 0.067623846284645, "p_value": 1.454608675047821e-101}