{"correlation": 0.017095018524262002, "p_value": 6.552478701533711e-08}