{"correlation": 0.07475558286527569, "p_value": 9.642401715814692e-124}