{"correlation": 0.11208448764051307, "p_value": 1.4315567209506792e-276}