{"correlation": -0.10312855345926004, "p_value": 3.058791176221127e-234}