{"correlation": 0.0904965297269117, "p_value": 1.2403071616625135e-180}