{"correlation": 0.07346324766797997, "p_value": 1.4759236626678215e-119}