{"correlation": 0.11069671094431208, "p_value": 8.930778479909137e-270}