{"correlation": 0.04692917764693595, "p_value": 8.140079472248604e-50}