{"correlation": -0.06925321410441156, "p_value": 1.9618213959702137e-106}