{"correlation": 0.012511960111260193, "p_value": 7.673350578600223e-05}