{"correlation": 0.00606404891614931, "p_value": 0.05530492284723271}