{"correlation": 0.09297350644524052, "p_value": 1.386208094751186e-190}