{"correlation": 0.09503982269886335, "p_value": 4.278730291636759e-199}