{"correlation": 0.02861061636840418, "p_value": 1.5128409357027687e-19}