{"correlation": 0.06196423884323793, "p_value": 1.4942012629610253e-85}