{"correlation": 0.012303562564788172, "p_value": 0.00010086112760942245}