{"correlation": 0.03534327276605214, "p_value": 5.514303336727636e-29}