{"correlation": 0.07342180069809782, "p_value": 2.004758748103737e-119}