{"correlation": 0.07816021377418055, "p_value": 4.04574931189993e-135}