{"correlation": 0.0683997883556471, "p_value": 7.211659800167669e-104}