{"correlation": 0.05398430372855433, "p_value": 2.341104516645504e-65}