{"correlation": 0.09698310218020582, "p_value": 2.8451236768895145e-207}