{"correlation": 0.06258103510995586, "p_value": 3.144538558281552e-87}