{"correlation": -0.06947924057839268, "p_value": 4.05389750031545e-107}