{"correlation": 0.04659622035568029, "p_value": 3.895389217013579e-49}