{"correlation": 0.11348726600411385, "p_value": 1.5818774407290996e-283}