{"correlation": 0.0849921314920133, "p_value": 1.7123244515764324e-159}