{"correlation": 0.018399392190982994, "p_value": 6.0505281470597576e-09}