{"correlation": 0.11416238110805567, "p_value": 6.60017766161614e-287}