{"correlation": -0.019892453095125738, "p_value": 3.2294034780018686e-10}