{"correlation": 0.10256357962354298, "p_value": 1.084688318703654e-231}