{"correlation": 0.06436739257253302, "p_value": 3.524435314113784e-92}