{"correlation": 0.09138839932594406, "p_value": 3.4808888517230374e-184}