{"correlation": 0.023103476828448974, "p_value": 2.824782105894976e-13}