{"correlation": 0.09243692552356483, "p_value": 2.093029288549837e-188}