{"correlation": 0.0379640571776015, "p_value": 3.4547444686145165e-33}