{"correlation": -0.07436399670859499, "p_value": 1.8196798657408175e-122}