{"correlation": 0.03398425914135155, "p_value": 6.369831785171615e-27}