{"correlation": -0.008591640390349833, "p_value": 0.006621289253161641}