{"correlation": 0.03323072264181344, "p_value": 8.192940005178519e-26}