{"correlation": -0.07475755614803596, "p_value": 9.500338004865916e-124}