{"correlation": 0.05774132562494385, "p_value": 1.6143818818983137e-74}