{"correlation": 0.1136388627582648, "p_value": 2.767386074001809e-284}