{"correlation": 0.016195037997833395, "p_value": 3.079031050594697e-07}