{"correlation": 0.10670580126673879, "p_value": 1.0221757910296921e-250}