{"correlation": 0.030906225975098255, "p_value": 1.5174937029290852e-22}