{"correlation": 0.0466725666910211, "p_value": 2.723153187345672e-49}