{"correlation": 0.08089645012325508, "p_value": 1.2383117658559339e-144}