{"correlation": 0.07872607257210601, "p_value": 4.640368606695735e-137}