{"correlation": 0.1063477286112625, "p_value": 4.8367862989056e-249}