{"correlation": 0.02494528191938999, "p_value": 3.149792349647663e-15}