{"correlation": 0.073769493852472, "p_value": 1.527617533808099e-120}