{"correlation": 0.028591757357606374, "p_value": 1.597677946750167e-19}