{"correlation": 0.08318649250849973, "p_value": 7.514883636762655e-153}