{"correlation": -0.025454282270412354, "p_value": 8.5709824804793705e-16}