{"correlation": 0.014066626019662614, "p_value": 8.75757680679099e-06}