{"correlation": 0.10274869851848525, "p_value": 1.590109504411191e-232}