{"correlation": 0.11656762839762085, "p_value": 4.091310038822924e-299}