{"correlation": 0.06114351600509758, "p_value": 2.3979915056093452e-83}