{"correlation": 0.006546093931215932, "p_value": 0.03856289815282738}