{"correlation": 0.06032819346809717, "p_value": 3.480117843585289e-81}