{"correlation": 0.05036092870408811, "p_value": 4.1859575263285324e-57}