{"correlation": -0.08356042386842659, "p_value": 3.25235532424718e-154}