{"correlation": 0.032308169319464605, "p_value": 1.7306546747765914e-24}