{"correlation": -0.024638915119173186, "p_value": 6.810162558753543e-15}