{"correlation": 0.06083491394006051, "p_value": 1.5903601856604525e-82}