{"correlation": 0.09636723762079721, "p_value": 1.1583402260723115e-204}