{"correlation": -0.02108387469809504, "p_value": 2.6648134136272007e-11}