{"correlation": 0.06643021003991781, "p_value": 4.5343657273391315e-98}