{"correlation": 0.0764480881416064, "p_value": 2.4673422856515096e-129}