{"correlation": 0.0163820089136193, "p_value": 2.247037896482897e-07}