{"correlation": -0.06345176160060083, "p_value": 1.2647472594861897e-89}