{"correlation": 0.058306710000191685, "p_value": 5.970008786971297e-76}