{"correlation": 0.0608019413403194, "p_value": 1.945530908397707e-82}