{"correlation": 0.07958370846323695, "p_value": 4.995829570559256e-140}