{"correlation": 0.06915087430295962, "p_value": 3.9992435987960167e-106}