{"correlation": 0.08974193428142622, "p_value": 1.1778598949484681e-177}