{"correlation": 0.09876135649046262, "p_value": 6.665240996876299e-215}