{"correlation": 0.11452633151196415, "p_value": 9.752186142468271e-289}