{"correlation": 0.005112981848543125, "p_value": 0.10611705068411253}