{"correlation": 0.019082274098127655, "p_value": 1.6271939625632339e-09}