{"correlation": 0.11393499418572824, "p_value": 9.123167427709954e-286}