{"correlation": 0.027495141476318895, "p_value": 3.5898971689304394e-18}