{"correlation": 0.11814254034083373, "p_value": 2.9991193033703687e-307}