{"correlation": -0.06581288629516333, "p_value": 2.7472853341363018e-96}