{"correlation": -0.016302143026402996, "p_value": 2.5717390695165597e-07}