{"correlation": 0.11000253552191307, "p_value": 2.076511883936417e-266}