{"correlation": 0.07248875331131821, "p_value": 1.888397360571825e-116}