{"correlation": -0.01580438159031188, "p_value": 5.881773887002188e-07}