{"correlation": 0.08072082895758172, "p_value": 5.169035328123883e-144}