{"correlation": 0.03800191733714318, "p_value": 2.988965670812525e-33}