{"correlation": -0.04309716647697987, "p_value": 2.783602423679791e-42}