{"correlation": 0.05274022273034093, "p_value": 1.850810734997226e-62}