{"correlation": 0.09430763724386709, "p_value": 4.663289470738924e-196}