{"correlation": -0.03401858169499726, "p_value": 5.6626112063658e-27}