{"correlation": 0.04733520740854794, "p_value": 1.1884071339989496e-50}