{"correlation": -0.08588882456295174, "p_value": 7.609017946610763e-163}