{"correlation": 0.0484729325571088, "p_value": 4.956632858715498e-53}