{"correlation": 0.02231997684163874, "p_value": 1.7286652236846774e-12}