{"correlation": 0.030431980829151776, "p_value": 6.594829463716101e-22}