{"correlation": 0.004700559203492225, "p_value": 0.13739759300860455}