{"correlation": -0.006710179953568088, "p_value": 0.0339487731452227}