{"correlation": 0.11714412697159339, "p_value": 4.4369524818310335e-302}