{"correlation": 0.05944446427274151, "p_value": 7.110156944746594e-79}