{"correlation": 0.0510431150287619, "p_value": 1.2935971839933491e-58}