{"correlation": -0.10643565068854315, "p_value": 1.8784428243796708e-249}