{"correlation": 0.10370204403599582, "p_value": 7.633982290205237e-237}