{"correlation": 0.07121001708433117, "p_value": 1.9488973028252297e-112}