{"correlation": 0.11585229777393577, "p_value": 1.8610309004824349e-295}