{"correlation": 0.09510032402638516, "p_value": 2.3947789804340086e-199}