{"correlation": -0.023546809319275625, "p_value": 9.867647515736517e-14}