{"correlation": 0.104010995879164, "p_value": 2.981710794836367e-238}