{"correlation": 0.10397025173016253, "p_value": 4.5754405547832944e-238}