{"correlation": 0.03912479346733486, "p_value": 3.8189180987955695e-35}