{"correlation": 0.02772659969228668, "p_value": 1.8797854264747385e-18}