{"correlation": 0.04687867451915705, "p_value": 1.0329270012800516e-49}