{"correlation": 0.08560618176139838, "p_value": 8.746252646526912e-162}