{"correlation": -0.08224670819610058, "p_value": 1.8880311017898464e-149}