{"correlation": 0.08520565740563305, "p_value": 2.7450859948641304e-160}