{"correlation": 0.08630005771690775, "p_value": 2.1480135485048903e-164}