{"correlation": 0.08604003205989849, "p_value": 2.0536949404420443e-163}