{"correlation": 0.08279458798824924, "p_value": 1.988646918286723e-151}