{"correlation": 0.033928555006511846, "p_value": 7.70852328683496e-27}