{"correlation": 0.06171868265686331, "p_value": 6.876313364863335e-85}