{"correlation": -0.08573249080993756, "p_value": 2.9399493398080375e-162}