{"correlation": 0.06148519116294303, "p_value": 2.9193267323962844e-84}