{"correlation": 0.04086676475264719, "p_value": 3.437748278484841e-38}