{"correlation": 0.057837066188295934, "p_value": 9.25747272457268e-75}