{"correlation": 0.09193657773723539, "p_value": 2.1930807743396797e-186}