{"correlation": 0.005518605605744553, "p_value": 0.08114355287087475}