{"correlation": -0.05841877411341593, "p_value": 3.093679584517891e-76}