{"correlation": 0.09897865758342361, "p_value": 7.61605078566786e-216}