{"correlation": 0.02368054909159046, "p_value": 7.157654616707272e-14}