{"correlation": -0.00729016097731403, "p_value": 0.02122370984651761}