{"correlation": -0.03785594363035474, "p_value": 5.220084706021272e-33}