{"correlation": 0.11606550131603441, "p_value": 1.5203348254488096e-296}