{"correlation": 0.07819915281060365, "p_value": 2.9779784199558433e-135}