{"correlation": 0.1121970454271858, "p_value": 3.989177693097827e-277}