{"correlation": 0.08095443318449172, "p_value": 7.72041063893359e-145}