{"correlation": 0.07897311625003926, "p_value": 6.530683360564989e-138}