{"correlation": -0.0761583668098831, "p_value": 2.2824822042834046e-128}