{"correlation": -0.030014341147578855, "p_value": 2.3610265917469273e-21}