{"correlation": 0.06451145414764918, "p_value": 1.3860082496184405e-92}