{"correlation": 0.10081504968186128, "p_value": 6.855841441483595e-224}