{"correlation": 0.05292213689700919, "p_value": 7.044111198385317e-63}