{"correlation": 0.0746603476858866, "p_value": 1.9728230811420162e-123}