{"correlation": 0.0778242188142856, "p_value": 5.656029779864418e-134}