{"correlation": 0.1128077322020966, "p_value": 3.8034027769599537e-280}