{"correlation": 0.09332646826384132, "p_value": 5.029687304541714e-192}