{"correlation": 0.027953821899952856, "p_value": 9.909197411562287e-19}