{"correlation": 0.10957288969293148, "p_value": 2.45513479801144e-264}