{"correlation": 0.081840842716264, "p_value": 5.3992766045999776e-148}