{"correlation": 0.09005065280205406, "p_value": 7.177515642253833e-179}