{"correlation": 0.061708153877542034, "p_value": 7.34043840469082e-85}