{"correlation": 0.08865062734217488, "p_value": 2.150736875239761e-173}