{"correlation": 0.07682299592553755, "p_value": 1.3692297150742471e-130}