{"correlation": -0.056174447622469925, "p_value": 1.2696999892742807e-70}