{"correlation": 0.09324877799682123, "p_value": 1.0448105821596443e-191}