{"correlation": 0.010339165009831335, "p_value": 0.0010845145659126654}