{"correlation": 0.10098209631696518, "p_value": 1.2494417695732281e-224}