{"correlation": 0.10403647381290099, "p_value": 2.2810747461778034e-238}