{"correlation": 0.09256213480608957, "p_value": 6.508346751554016e-189}