{"correlation": 0.027274574021024293, "p_value": 6.617507089610089e-18}