{"correlation": 0.029147879331098997, "p_value": 3.1499950555857425e-20}