{"correlation": 0.04424266298577728, "p_value": 1.816812536027263e-44}