{"correlation": 0.027279583605271676, "p_value": 6.52656910535838e-18}