{"correlation": 0.07092381529491168, "p_value": 1.507554777458247e-111}