{"correlation": 0.11149591084110551, "p_value": 1.1175977814329384e-273}