{"correlation": 0.05940517507868831, "p_value": 8.990792468373595e-79}