{"correlation": 0.08372860858292465, "p_value": 7.885212091092435e-155}