{"correlation": -0.038643287098028514, "p_value": 2.5154813364718672e-34}