{"correlation": 0.08804015364782981, "p_value": 4.936392631714657e-171}