{"correlation": 0.12026466516786757, "p_value": 2.179017e-318}