{"correlation": 0.006240439679050629, "p_value": 0.04858446383883589}