{"correlation": 0.09533008913987909, "p_value": 2.6337564773628346e-200}