{"correlation": 0.11928331121160841, "p_value": 3.27018409837e-313}