{"correlation": 0.08556053847657753, "p_value": 1.2964228597792305e-161}