{"correlation": -0.1069231444481702, "p_value": 9.77258742769148e-252}