{"correlation": 0.058386568775765396, "p_value": 3.737483713010836e-76}