{"correlation": 0.09163133271562908, "p_value": 3.699077133732503e-185}