{"correlation": 0.01634306936223647, "p_value": 2.4000654414209676e-07}