{"correlation": 0.09320327215344806, "p_value": 1.6028079396520418e-191}