{"correlation": -0.05191322792773995, "p_value": 1.4335721608357158e-60}