{"correlation": 0.006482177774764995, "p_value": 0.04049924259274297}