{"correlation": -0.02296638193858318, "p_value": 3.895255852943159e-13}