{"correlation": 0.06313541946730566, "p_value": 9.466029952218197e-89}