{"correlation": 0.010448296525075045, "p_value": 0.0009595571646863474}