{"correlation": 0.10822182800607687, "p_value": 7.144333129884137e-258}