{"correlation": 0.030209961744364723, "p_value": 1.3019450304325683e-21}