{"correlation": 0.019084962729531613, "p_value": 1.6186564670307703e-09}