{"correlation": -0.05867395872718232, "p_value": 6.891404068181232e-77}