{"correlation": 0.041894943146739985, "p_value": 4.752111919338194e-40}