{"correlation": 0.06434959922789828, "p_value": 3.9544749144141206e-92}