{"correlation": 0.02260090864667378, "p_value": 9.091502027609719e-13}