{"correlation": 0.06485706895732515, "p_value": 1.4643837060321299e-93}