{"correlation": 0.07652443619073088, "p_value": 1.3708945487716219e-129}