{"correlation": 0.001460832302532629, "p_value": 0.6443142162657425}