{"correlation": 0.03385995306022689, "p_value": 9.745676401676845e-27}