{"correlation": 0.10337281059671306, "p_value": 2.392121823199885e-235}