{"correlation": 0.015158973744870486, "p_value": 1.659102673328834e-06}