{"correlation": 0.11471094510372808, "p_value": 1.143727606841789e-289}