{"correlation": 0.027694819056244473, "p_value": 2.0550574690387624e-18}