{"correlation": 0.022322925515368373, "p_value": 1.7171142586882703e-12}