{"correlation": -0.06436550951884208, "p_value": 3.567644558888743e-92}