{"correlation": 0.09312835809513674, "p_value": 3.240609488704217e-191}