{"correlation": 0.060796344460107385, "p_value": 2.013229084558181e-82}