{"correlation": 0.09094693809923952, "p_value": 2.0146966094598383e-182}