{"correlation": -0.07487110884231138, "p_value": 4.041152837859826e-124}