{"correlation": -0.053288720615635825, "p_value": 9.954454472280309e-64}