{"correlation": -0.039247225115940955, "p_value": 2.3559995343214378e-35}