{"correlation": -0.04660077296097607, "p_value": 3.813173901471476e-49}