{"correlation": 0.05284557707529168, "p_value": 1.0581969673990951e-62}