{"correlation": -0.06635801680633187, "p_value": 7.342122622970539e-98}