{"correlation": -0.019748112631529112, "p_value": 4.327983793381262e-10}