{"correlation": 0.06190445687039206, "p_value": 2.1679538580539167e-85}