{"correlation": 0.07305426121938359, "p_value": 3.0070719667436984e-118}