{"correlation": 0.010019296416083682, "p_value": 0.0015426740712017786}