{"correlation": 0.05694708572651221, "p_value": 1.570749572266965e-72}