{"correlation": 0.05580438443054576, "p_value": 1.0189029298220378e-69}