{"correlation": 0.10719774177011296, "p_value": 4.999141269568631e-253}