{"correlation": 0.0954847340721033, "p_value": 5.942914820124005e-201}