{"correlation": 0.11245369795092681, "p_value": 2.154858171872259e-278}