{"correlation": 0.04004689583281849, "p_value": 9.685258765787958e-37}