{"correlation": 0.07468516302688706, "p_value": 1.637249750605765e-123}