{"correlation": -0.07030691409384955, "p_value": 1.2054162909494058e-109}