{"correlation": 0.04595259618126905, "p_value": 7.784256345363696e-48}