{"correlation": -0.023919709945936053, "p_value": 4.0133308174357034e-14}