{"correlation": 0.06309183934198223, "p_value": 1.2481062718042388e-88}