{"correlation": 0.03873054425095767, "p_value": 1.7906344251853018e-34}