{"correlation": 0.06377259806251175, "p_value": 1.6253368815540535e-90}