{"correlation": -0.008196384046208378, "p_value": 0.009586651606625732}