{"correlation": 0.11866864566814826, "p_value": 5.426655064786e-310}