{"correlation": 0.05257098074441695, "p_value": 4.532915692862704e-62}