{"correlation": 0.043780794836138934, "p_value": 1.403725072629284e-43}