{"correlation": 0.047365052024845256, "p_value": 1.030999030113984e-50}