{"correlation": -0.06990808422704678, "p_value": 2.0065427871041997e-108}