{"correlation": 0.02671613106620248, "p_value": 3.0468203086957006e-17}