{"correlation": 0.11913719074785624, "p_value": 1.912409694423e-312}