{"correlation": 0.10691264049472136, "p_value": 1.0947888391039362e-251}