{"correlation": 0.05751612342973887, "p_value": 5.950035540358004e-74}