{"correlation": 0.006150203587294773, "p_value": 0.05193143874390543}