{"correlation": 0.005359043060149028, "p_value": 0.09032980584600499}