{"correlation": 0.04985590752033005, "p_value": 5.328297882246421e-56}