{"correlation": 0.017178828406953593, "p_value": 5.650520519669295e-08}