{"correlation": 0.043012306001667625, "p_value": 4.020058045470725e-42}