{"correlation": 0.0633289830655501, "p_value": 2.765694803445575e-89}