{"correlation": 0.016799940620649084, "p_value": 1.0977330854982166e-07}