{"correlation": 0.06758340383455902, "p_value": 1.914891764733078e-101}