{"correlation": 0.034753221845128364, "p_value": 4.434413619808688e-28}