{"correlation": 0.11499245993572235, "p_value": 4.325443357900436e-291}