{"correlation": 0.026698344677761505, "p_value": 3.1970417032964685e-17}