{"correlation": 0.08089118297364571, "p_value": 1.292593454771674e-144}