{"correlation": 0.11697530808027892, "p_value": 3.2872239065954572e-301}