{"correlation": 0.05790198007428484, "p_value": 6.346200116455021e-75}