{"correlation": 0.08666202841205976, "p_value": 9.165136754764183e-166}