{"correlation": 0.0994242660666076, "p_value": 8.775041806198099e-218}