{"correlation": 0.061727718218097846, "p_value": 6.501423233073676e-85}