{"correlation": -0.010143389376086229, "p_value": 0.001347088167954032}