{"correlation": 0.04617627648097866, "p_value": 2.762068629055149e-48}