{"correlation": 0.08770791536923643, "p_value": 9.360437956436778e-170}