{"correlation": 0.038296392190852874, "p_value": 9.642914612554995e-34}