{"correlation": 0.0669969909263902, "p_value": 1.0123801303450758e-99}