{"correlation": 0.05040642658137857, "p_value": 3.324432824533978e-57}