{"correlation": 0.046296051667561205, "p_value": 1.5826547944380708e-48}