{"correlation": 0.11771433806710754, "p_value": 5.010412866819911e-305}