{"correlation": 0.10218092405395089, "p_value": 5.677257720379493e-230}