{"correlation": 0.038710723451285664, "p_value": 1.9344922438845203e-34}