{"correlation": 0.10968590287506644, "p_value": 7.009221303796599e-265}