{"correlation": 0.11788757768346583, "p_value": 6.33215840720402e-306}