{"correlation": 0.092942469718721, "p_value": 1.8544329720272247e-190}