{"correlation": 0.0036359084408421716, "p_value": 0.2505228705163054}