{"correlation": -0.09620242840896344, "p_value": 5.7458044774379804e-204}