{"correlation": -0.035901178270746834, "p_value": 7.441000488992537e-30}