{"correlation": 0.0640569463387056, "p_value": 2.6148863916937107e-91}