{"correlation": 0.08581473652539232, "p_value": 1.4442876440818273e-162}