{"correlation": 0.10517472705402152, "p_value": 1.3536132699209294e-243}