{"correlation": -0.06834482898829135, "p_value": 1.0523149096126503e-103}