{"correlation": 0.08819788617974249, "p_value": 1.2162150322755896e-171}