{"correlation": 0.008441580915520129, "p_value": 0.007632978619863523}