{"correlation": 0.09920709819879443, "p_value": 7.74599830832401e-217}