{"correlation": 0.05934144236719164, "p_value": 1.315168350491037e-78}