{"correlation": 0.02119423795463743, "p_value": 2.1001424319275305e-11}