{"correlation": 0.11330217534182664, "p_value": 1.3247898536035137e-282}