{"correlation": -0.03351175679683409, "p_value": 3.1811443584632626e-26}