{"correlation": 0.02644938324492383, "p_value": 6.250111009117889e-17}