{"correlation": 0.026253682961937988, "p_value": 1.0540866797241267e-16}