{"correlation": 0.03620904850039023, "p_value": 2.4313909340576737e-30}