{"correlation": 0.1028415844250643, "p_value": 6.059544035209934e-233}