{"correlation": -0.016818062272319228, "p_value": 1.0637519763533507e-07}