{"correlation": 0.11359486848139864, "p_value": 4.590840515236694e-284}