{"correlation": 0.02346328753881562, "p_value": 1.2047842182425224e-13}