{"correlation": 0.05212303542172761, "p_value": 4.786186631434842e-61}