{"correlation": 0.04207123240664299, "p_value": 2.256714580500491e-40}