{"correlation": -0.05131433738105272, "p_value": 3.2049913724190913e-59}