{"correlation": -0.02702719964243541, "p_value": 1.30648219136901e-17}