{"correlation": -0.008673245808695705, "p_value": 0.006123275197466164}