{"correlation": 0.05756512147067556, "p_value": 4.481772670346256e-74}