{"correlation": 0.018895816261115722, "p_value": 2.3395511585565215e-09}