{"correlation": 0.09719611969297637, "p_value": 3.5277800556805423e-208}