{"correlation": 0.05564128499061105, "p_value": 2.540088311557172e-69}