{"correlation": 0.08104980247780104, "p_value": 3.546712079714658e-145}