{"correlation": 0.09354619207208553, "p_value": 6.340785363240096e-193}