{"correlation": -0.0047330607172153105, "p_value": 0.13469951042043887}