{"correlation": 0.08836667334899713, "p_value": 2.7086289543789725e-172}