{"correlation": 0.04475662445900514, "p_value": 1.8209480619584277e-45}