{"correlation": 0.053791235010654026, "p_value": 6.661555846928663e-65}