{"correlation": -0.013680384899465643, "p_value": 1.534402090866865e-05}