{"correlation": 0.03389763174781276, "p_value": 8.568453795969288e-27}