{"correlation": 0.07345695486027451, "p_value": 1.5461855418492217e-119}