{"correlation": 0.010285111570171321, "p_value": 0.001151830800202401}