{"correlation": 0.11442616555844452, "p_value": 3.115104676742826e-288}