{"correlation": 0.10341594872257999, "p_value": 1.5241946449830417e-235}