{"correlation": 0.09530397093503702, "p_value": 3.3858807985061366e-200}