{"correlation": 0.040558167409440134, "p_value": 1.2173321580036573e-37}