{"correlation": 0.05600408569214426, "p_value": 3.31746956757589e-70}