{"correlation": 0.09604856035893229, "p_value": 2.5562316296056024e-203}