{"correlation": 0.0025348151828017214, "p_value": 0.423077737640661}