{"correlation": -0.033309255833527056, "p_value": 6.294651738536006e-26}