{"correlation": 0.08333233505143318, "p_value": 2.2119305327967544e-153}