{"correlation": 0.037950470076477893, "p_value": 3.63891833785258e-33}