{"correlation": -0.06723872723146251, "p_value": 1.980701494328468e-100}