{"correlation": 0.043647623119814245, "p_value": 2.521119944637741e-43}