{"correlation": 0.05558053177178383, "p_value": 3.567184158583667e-69}