{"correlation": -0.04229061714375171, "p_value": 8.894545365849849e-41}