{"correlation": 0.03962144012027679, "p_value": 5.333336410964836e-36}