{"correlation": 0.06406240000434492, "p_value": 2.524639841062344e-91}