{"correlation": 0.06221454295884024, "p_value": 3.1327664435109476e-86}