{"correlation": 0.03878223022681667, "p_value": 1.4635702467193625e-34}