{"correlation": 0.11971115525540574, "p_value": 1.83314874e-315}