{"correlation": 0.06650923579075908, "p_value": 2.6738702747643884e-98}