{"correlation": 0.05787664814186433, "p_value": 7.354049470370677e-75}