{"correlation": 0.0912237308504615, "p_value": 1.5853896432852094e-183}