{"correlation": -0.11140558203221868, "p_value": 3.0960918570590883e-273}