{"correlation": 0.02767369904135522, "p_value": 2.180362614194405e-18}