{"correlation": 0.10196677216612883, "p_value": 5.166783334274637e-229}