{"correlation": 0.047459459188220456, "p_value": 6.573643408065151e-51}