{"correlation": -0.11225333609401222, "p_value": 2.1044994802284988e-277}