{"correlation": 0.0183622790399963, "p_value": 6.489706088829764e-09}