{"correlation": 0.0044333516499317225, "p_value": 0.16118302647093402}