{"correlation": -0.09755440436947105, "p_value": 1.0425192977339846e-209}