{"correlation": 0.10322100540986948, "p_value": 1.1666749741944855e-234}