{"correlation": 0.049653189809800075, "p_value": 1.4687052195778148e-55}