{"correlation": -0.0167263435022739, "p_value": 1.2468578314432509e-07}