{"correlation": 0.03906361949731493, "p_value": 4.858564965875292e-35}