{"correlation": 0.0320928700909374, "p_value": 3.484126089339992e-24}