{"correlation": 0.05268551433390692, "p_value": 2.4731473499622196e-62}