{"correlation": 0.09287137528583331, "p_value": 3.610346545158349e-190}