{"correlation": -0.018374991403140375, "p_value": 6.335892659822408e-09}