{"correlation": 0.08727777271210325, "p_value": 4.1541529154007507e-168}