{"correlation": 0.09395633254101182, "p_value": 1.3108847607388615e-194}