{"correlation": 0.08902932271776993, "p_value": 7.240851138690184e-175}