{"correlation": 0.09443621699459324, "p_value": 1.3709544917953653e-196}