{"correlation": 0.09317571256663622, "p_value": 2.0767723049356775e-191}