{"correlation": -0.02756954183251083, "p_value": 2.9175359259306027e-18}