{"correlation": 0.03420867085973987, "p_value": 2.9445966215770434e-27}