{"correlation": 0.048113437626545325, "p_value": 2.8393963373723945e-52}