{"correlation": -0.08842291795247435, "p_value": 1.6410329435180127e-172}