{"correlation": 0.1193082451903585, "p_value": 2.41876370485e-313}