{"correlation": 0.02098726085787917, "p_value": 3.2792540881018545e-11}