{"correlation": 0.0914413458582868, "p_value": 2.136591074302064e-184}