{"correlation": 0.01122912865770619, "p_value": 0.0003868200406816971}