{"correlation": 0.0231886412045807, "p_value": 2.311482289213566e-13}