{"correlation": -0.08630436593203188, "p_value": 2.0690284942837955e-164}