{"correlation": -0.0833081794379192, "p_value": 2.7090058567344256e-153}