{"correlation": 0.018872916754558704, "p_value": 2.4456696079827853e-09}