{"correlation": -0.008402736027547677, "p_value": 0.007916497088956477}