{"correlation": 0.028127283689826928, "p_value": 6.057125863652497e-19}