{"correlation": 0.10645301875651664, "p_value": 1.55817395421622e-249}