{"correlation": 0.0979080771057024, "p_value": 3.1822912971040417e-211}