{"correlation": 0.061812468604946394, "p_value": 3.841193097942146e-85}