{"correlation": -0.010792491547195679, "p_value": 0.000647462547735498}