{"correlation": 0.040107298620026016, "p_value": 7.590847030756836e-37}