{"correlation": 0.06482306836982467, "p_value": 1.827738339017721e-93}