{"correlation": 0.07865729826616996, "p_value": 8.001066353901706e-137}