{"correlation": 0.027564650968737902, "p_value": 2.9576322737664967e-18}