{"correlation": 0.05925825211803221, "p_value": 2.1593741243350643e-78}