{"correlation": 0.10721679648763498, "p_value": 4.0660954003662464e-253}