{"correlation": 0.017768659503982383, "p_value": 1.9546000652204403e-08}