{"correlation": -0.060752724230205085, "p_value": 2.6279776239252815e-82}