{"correlation": -0.10410909776969451, "p_value": 1.062666132431645e-238}