{"correlation": -0.03746578240563718, "p_value": 2.2929394361886392e-32}