{"correlation": -0.01134061453599861, "p_value": 0.0003381736196708083}