{"correlation": 0.06320595364315824, "p_value": 6.048349637888594e-89}