{"correlation": 0.10785018165078787, "p_value": 4.1462473535299447e-256}