{"correlation": 0.06642134212275835, "p_value": 4.811040674727716e-98}