{"correlation": 0.06871492806436885, "p_value": 8.212161599596817e-105}