{"correlation": 0.04237641402583847, "p_value": 6.171941021992676e-41}