{"correlation": -0.04066222832400628, "p_value": 7.95607062271382e-38}