{"correlation": -0.026104733060886048, "p_value": 1.5650901024596008e-16}