{"correlation": 0.032309520435077205, "p_value": 1.723046830277652e-24}