{"correlation": 0.05146280690288823, "p_value": 1.4885217909940022e-59}