{"correlation": 0.04719370478592699, "p_value": 2.3281460357545563e-50}