{"correlation": -0.011733162506016772, "p_value": 0.00020871743217179293}