{"correlation": 0.00647595245692805, "p_value": 0.04069216960654856}