{"correlation": 0.1198176968443164, "p_value": 5.02658347e-316}