{"correlation": 0.04670570224000442, "p_value": 2.3308424138443118e-49}