{"correlation": -0.049262973413788304, "p_value": 1.0221923125452155e-54}