{"correlation": 0.022370198149029297, "p_value": 1.541944228745763e-12}