{"correlation": 0.0004536571462262519, "p_value": 0.8859965410067604}