{"correlation": 0.051265041584202364, "p_value": 4.13240717932671e-59}