{"correlation": -0.07284982480336835, "p_value": 1.3481651892013703e-117}