{"correlation": 0.09186731974930133, "p_value": 4.167008628249313e-186}