{"correlation": 0.03683771710626166, "p_value": 2.405334504744734e-31}