{"correlation": 0.0054609062269928964, "p_value": 0.08437374706721441}