{"correlation": 0.08830244588204021, "p_value": 4.798427606909942e-172}