{"correlation": 0.10632346811714344, "p_value": 6.278231367790658e-249}