{"correlation": 0.10001972132775218, "p_value": 2.1830808858925953e-220}