{"correlation": 0.06363816815600942, "p_value": 3.844544531774274e-90}