{"correlation": -0.09868956595782595, "p_value": 1.3633052023089222e-214}