{"correlation": 0.06810935963242241, "p_value": 5.293757577704464e-103}