{"correlation": 0.060312305582955944, "p_value": 3.8320420337198043e-81}