{"correlation": 0.09511493990146756, "p_value": 2.0813783492137212e-199}