{"correlation": 0.052842713259596205, "p_value": 1.0744166925440152e-62}