{"correlation": 0.06425218889663081, "p_value": 7.422768384638567e-92}