{"correlation": 0.08530891263834774, "p_value": 1.1307778445135124e-160}