{"correlation": 0.021410003888078927, "p_value": 1.3139017387481918e-11}