{"correlation": 0.0017487587866109513, "p_value": 0.5804890888683708}