{"correlation": 0.09645456430822462, "p_value": 4.952408674669806e-205}