{"correlation": 0.07484967697309532, "p_value": 4.749142415329899e-124}