{"correlation": -0.005088491464141475, "p_value": 0.1078012668006147}