{"correlation": 0.095599114185424, "p_value": 1.972817419232796e-201}