{"correlation": 0.0197850082546108, "p_value": 4.016658488426265e-10}