{"correlation": 0.10818150516328216, "p_value": 1.1107557592037089e-257}