{"correlation": -0.04492324859234803, "p_value": 8.589337158794171e-46}