{"correlation": -0.046161093317361256, "p_value": 2.9637908830707045e-48}