{"correlation": 0.1090014905982796, "p_value": 1.3608986540969e-261}