{"correlation": -0.012128359778892059, "p_value": 0.00012652077335755467}