{"correlation": 0.10566664719357856, "p_value": 7.156945177707893e-246}