{"correlation": 0.0196124323324496, "p_value": 5.688697518454398e-10}