{"correlation": -0.1163423050080188, "p_value": 5.841990628685727e-298}