{"correlation": 0.10176872875995753, "p_value": 3.9658372164613575e-228}