{"correlation": 0.03990447611958889, "p_value": 1.7178837245960656e-36}