{"correlation": 0.10956114400133202, "p_value": 2.796556539000525e-264}