{"correlation": 0.03838931989004238, "p_value": 6.735739270865802e-34}