{"correlation": -0.02353023372453523, "p_value": 1.0266982321975101e-13}