{"correlation": -0.035382202415190675, "p_value": 4.799875287562764e-29}