{"correlation": 0.0405322376896507, "p_value": 1.3531997042847588e-37}