{"correlation": 0.05084497463782986, "p_value": 3.5683241338470254e-58}