{"correlation": 0.050339435872177624, "p_value": 4.6670146441071466e-57}