{"correlation": 0.001148928354593061, "p_value": 0.7165284061332091}