{"correlation": 0.0936683749623218, "p_value": 2.0002364029097751e-193}