{"correlation": 0.08475008085841715, "p_value": 1.3563840157365261e-158}