{"correlation": 0.06780355133904423, "p_value": 4.278935273318288e-102}