{"correlation": 0.07166322959117466, "p_value": 7.507088931311011e-114}