{"correlation": 0.059723291354647656, "p_value": 1.3385795645256843e-79}