{"correlation": 0.06430725956108473, "p_value": 5.200049391285147e-92}