{"correlation": 0.028308107950500788, "p_value": 3.6144726236822003e-19}