{"correlation": 0.07324452705680944, "p_value": 7.414097699058461e-119}