{"correlation": 0.048974536233425285, "p_value": 4.247156455830206e-54}