{"correlation": 0.08619407021152913, "p_value": 5.395776190870761e-164}