{"correlation": -0.022485853245190434, "p_value": 1.1839623093259233e-12}