{"correlation": 0.07330435367027761, "p_value": 4.7700679595966285e-119}