{"correlation": 0.03062026587660571, "p_value": 3.6900596081430413e-22}