{"correlation": 0.10288712489293673, "p_value": 3.774646605286594e-233}