{"correlation": 0.07433477578139928, "p_value": 2.2642674544414966e-122}