{"correlation": 0.08685271933045427, "p_value": 1.730309935547335e-166}