{"correlation": 0.07143262138599918, "p_value": 3.946820187600904e-113}