{"correlation": 0.010226805020582546, "p_value": 0.0012287588832362013}