{"correlation": -0.052879620245218015, "p_value": 8.830972437272566e-63}