{"correlation": -0.06702009672916294, "p_value": 8.664265450740563e-100}