{"correlation": 0.02635146156733445, "p_value": 8.122137387329922e-17}