{"correlation": 0.048019698408091074, "p_value": 4.46645187458965e-52}