{"correlation": 0.0980783717297978, "p_value": 5.903463160020819e-212}