{"correlation": 0.051666418505752515, "p_value": 5.181053998157574e-60}