{"correlation": 0.036480441438848765, "p_value": 8.999870596053526e-31}