{"correlation": 0.07559301312451172, "p_value": 1.710520539570037e-126}