{"correlation": 0.05096275307324778, "p_value": 1.9531273855166218e-58}