{"correlation": -0.028240237126042077, "p_value": 4.389037816132797e-19}