{"correlation": 0.11364637196319467, "p_value": 2.5382852914232037e-284}