{"correlation": 0.08690261344532668, "p_value": 1.1179439410887101e-166}