{"correlation": 0.03905600113712914, "p_value": 5.006325743757264e-35}