{"correlation": 0.037935139861420865, "p_value": 3.8584501689140534e-33}