{"correlation": 0.1076293315984447, "p_value": 4.600337127971716e-255}