{"correlation": 0.07829399072966262, "p_value": 1.410994054304132e-135}