{"correlation": 0.009068740023140235, "p_value": 0.0041555820400924585}