{"correlation": 0.08868352106512534, "p_value": 1.6029184708585796e-173}