{"correlation": 0.06121238014221309, "p_value": 1.5701075434757256e-83}