{"correlation": 0.06363463126499848, "p_value": 3.932526599063191e-90}