{"correlation": -0.08793406011496348, "p_value": 1.2647615148926906e-170}