{"correlation": 0.0642736822811202, "p_value": 6.460401557324089e-92}