{"correlation": -0.008781110735859701, "p_value": 0.005516826358095021}