{"correlation": 0.03389840398538382, "p_value": 8.545863141049917e-27}