{"correlation": 0.03531451374463418, "p_value": 6.10893903179615e-29}