{"correlation": -0.07899500440362825, "p_value": 5.487534334271588e-138}