{"correlation": 0.10921801137957271, "p_value": 1.2469812819654503e-262}