{"correlation": 0.08099183033262988, "p_value": 5.6914266653911975e-145}