{"correlation": 0.0350609692333861, "p_value": 1.5014818195149922e-28}