{"correlation": 0.02115337436251656, "p_value": 2.2940413221175914e-11}