{"correlation": 0.06118838970800807, "p_value": 1.819806346602883e-83}