{"correlation": 0.08597158790113174, "p_value": 3.716427875571016e-163}