{"correlation": 0.06782378056679997, "p_value": 3.727576779652939e-102}