{"correlation": 0.06876994366470845, "p_value": 5.6141642239600334e-105}