{"correlation": 0.08157078508637704, "p_value": 4.981070186853113e-147}