{"correlation": 0.05332054436164392, "p_value": 8.393976941740856e-64}