{"correlation": -0.0530464298584502, "p_value": 3.633696038853795e-63}