{"correlation": 0.1041657638316905, "p_value": 5.853087711418699e-239}