{"correlation": 0.07660995594191422, "p_value": 7.092729374850832e-130}