{"correlation": 0.09908150220961612, "p_value": 2.7234730667375036e-216}