{"correlation": 0.06263097532690487, "p_value": 2.2964564579138663e-87}