{"correlation": 0.015750884227105792, "p_value": 6.419525861045079e-07}