{"correlation": 0.10752999445225847, "p_value": 1.355725357785029e-254}