{"correlation": 0.027422268076841973, "p_value": 4.3961135659976175e-18}