{"correlation": 0.05690649392831224, "p_value": 1.9814095632543353e-72}