{"correlation": 0.06845374506732389, "p_value": 4.9749613452724595e-104}