{"correlation": 0.05279433894838339, "p_value": 1.3890194428970738e-62}