{"correlation": 0.06479347457211349, "p_value": 2.216439309609128e-93}