{"correlation": 0.11154226203976689, "p_value": 6.62315092480306e-274}