{"correlation": 0.036854251973838945, "p_value": 2.262144502959964e-31}