{"correlation": 0.09293806508849706, "p_value": 1.9326067340483532e-190}