{"correlation": 0.04371632518906266, "p_value": 1.864200781094625e-43}