{"correlation": 0.05422095871895626, "p_value": 6.464284997616425e-66}