{"correlation": -0.05944073632661179, "p_value": 7.270304916794913e-79}