{"correlation": 0.08870471210778323, "p_value": 1.326275399323722e-173}