{"correlation": 0.019183471886895925, "p_value": 1.3342468901633181e-09}