{"correlation": -0.0395690139430588, "p_value": 6.572811645006148e-36}