{"correlation": -0.04714675929663752, "p_value": 2.9087602715408505e-50}