{"correlation": 0.04849955772773568, "p_value": 4.353321053581057e-53}