{"correlation": 0.09778301121578552, "p_value": 1.0945460352638216e-210}