{"correlation": 0.034448569184085634, "p_value": 1.283493523443905e-27}