{"correlation": 0.09029481863428818, "p_value": 7.797193879115617e-180}