{"correlation": 0.06704555524620752, "p_value": 7.298074422589942e-100}