{"correlation": 0.054549059131624604, "p_value": 1.0755125651911609e-66}