{"correlation": -0.05307306861503576, "p_value": 3.152449151205875e-63}