{"correlation": 0.09542688104394695, "p_value": 1.0375518615070084e-200}