{"correlation": 0.11546652037225481, "p_value": 1.709487934516946e-293}