{"correlation": -0.05936915427811603, "p_value": 1.1147539795650347e-78}