{"correlation": -0.006690892842260095, "p_value": 0.034465418882423576}