{"correlation": 0.006417908024802892, "p_value": 0.04252879288578207}