{"correlation": 0.08348789089933507, "p_value": 5.986990103545787e-154}