{"correlation": -0.01977019487017911, "p_value": 4.138934823023187e-10}