{"correlation": 0.07291354219277517, "p_value": 8.449950959009309e-118}