{"correlation": 0.04410788916675191, "p_value": 3.3065764188179283e-44}