{"correlation": 0.047230578368275475, "p_value": 1.954300314858097e-50}