{"correlation": 0.11484962188967066, "p_value": 2.2810521405388363e-290}