{"correlation": -0.03835362268985699, "p_value": 7.731918594867074e-34}