{"correlation": -0.05079917816681366, "p_value": 4.508920878010377e-58}