{"correlation": 0.0030800649575361927, "p_value": 0.33034833712515765}