{"correlation": 0.05698878935809992, "p_value": 1.2370916987091907e-72}