{"correlation": -0.11002804900859604, "p_value": 1.563107020624258e-266}