{"correlation": 0.026409415406549498, "p_value": 6.956312123943352e-17}