{"correlation": 0.09970217054888182, "p_value": 5.368150633465941e-219}