{"correlation": 0.11705427071511434, "p_value": 1.2887803694511774e-301}