{"correlation": 0.02612997342820681, "p_value": 1.4639190580941194e-16}