{"correlation": 0.10001206475408392, "p_value": 2.3586079727372732e-220}