{"correlation": 0.07266507739905197, "p_value": 5.2120207522279766e-117}