{"correlation": 0.0862811362208034, "p_value": 2.5321347578324296e-164}