{"correlation": 0.031419083482722536, "p_value": 3.0213157498452603e-23}