{"correlation": 0.11104271107077301, "p_value": 1.840134027178768e-271}