{"correlation": 0.10694413863277794, "p_value": 7.787849888903178e-252}