{"correlation": 0.11575609874446117, "p_value": 5.7532317582557515e-295}