{"correlation": 0.022382831667417672, "p_value": 1.4981796014608724e-12}