{"correlation": 0.023223183128594095, "p_value": 2.1304803747667657e-13}