{"correlation": 0.0699362322383174, "p_value": 1.6461968143261877e-108}