{"correlation": 0.04260355539720448, "p_value": 2.337369829212326e-41}