{"correlation": 0.08419788347647887, "p_value": 1.4898016517525615e-156}