{"correlation": 0.04144634595134374, "p_value": 3.1173025526866626e-39}