{"correlation": 0.03704813968431836, "p_value": 1.099208781148992e-31}