{"correlation": 0.07186572669974109, "p_value": 1.7403243420721224e-114}