{"correlation": 0.09633835232674809, "p_value": 1.5339917475926145e-204}