{"correlation": -0.014919262277623873, "p_value": 2.4137810523686766e-06}