{"correlation": 0.08072373372609623, "p_value": 5.048428560882308e-144}