{"correlation": 0.07700813474024613, "p_value": 3.266396963412266e-131}