{"correlation": 0.09373768426032922, "p_value": 1.0388540324395719e-193}