{"correlation": 0.11013213376890013, "p_value": 4.9032573553763044e-267}