{"correlation": -0.008161688363407115, "p_value": 0.009896436441111815}