{"correlation": -0.10368235273913923, "p_value": 9.383492971856661e-237}