{"correlation": 0.10099761681517867, "p_value": 1.0664962442542553e-224}