{"correlation": 0.08508675026803503, "p_value": 7.61266983487661e-160}