{"correlation": 0.02461402824559692, "p_value": 7.247425019756223e-15}