{"correlation": 0.09017352685596876, "p_value": 2.350517227408584e-179}