{"correlation": 0.09791573685601263, "p_value": 2.9502532259743176e-211}