{"correlation": 0.05792325558219448, "p_value": 5.606989476132547e-75}