{"correlation": 0.1052455182180417, "p_value": 6.375554121399149e-244}