{"correlation": 0.11968478070832006, "p_value": 2.524781467e-315}