{"correlation": 0.07133185817958515, "p_value": 8.13678929875252e-113}