{"correlation": 0.08760210916019753, "p_value": 2.3835848655959228e-169}