{"correlation": 0.06640522749806249, "p_value": 5.357629140099045e-98}