{"correlation": 0.09604449321155072, "p_value": 2.659015531507168e-203}