{"correlation": -0.019577194184486262, "p_value": 6.105485464431978e-10}