{"correlation": 0.08643782175888472, "p_value": 6.476578412086531e-165}