{"correlation": 0.04416971361877171, "p_value": 2.51290418269159e-44}