{"correlation": 0.006543873144518255, "p_value": 0.03862883340584681}