{"correlation": 0.04465443089928026, "p_value": 2.883034985584668e-45}