{"correlation": 0.0815895155057855, "p_value": 4.270689014259238e-147}