{"correlation": 0.0980374795377745, "p_value": 8.849303624045632e-212}