{"correlation": 0.06685189280446172, "p_value": 2.68777114051171e-99}