{"correlation": 0.09595258565615802, "p_value": 6.477531643868988e-203}