{"correlation": 0.0632196759562322, "p_value": 5.543267981928679e-89}