{"correlation": 0.10106667010993602, "p_value": 5.271313213001467e-225}