{"correlation": 0.09075189552919234, "p_value": 1.2026896536249074e-181}