{"correlation": 0.060548180476787804, "p_value": 9.145022342499733e-82}