{"correlation": 0.07961717440952537, "p_value": 3.8206466044216967e-140}