{"correlation": 0.06942054475528141, "p_value": 6.108262560071058e-107}