{"correlation": 0.044079871651148725, "p_value": 3.744070357244302e-44}