{"correlation": 0.11636869170991462, "p_value": 4.280133707375722e-298}