{"correlation": 0.041607706254409474, "p_value": 1.5883560439220337e-39}