{"correlation": 0.044676695097679076, "p_value": 2.6086359356446294e-45}