{"correlation": 0.053223276565184593, "p_value": 1.4130529705353558e-63}