{"correlation": 0.10253234895798345, "p_value": 1.4991118754585483e-231}