{"correlation": 0.096680289971055, "p_value": 5.487627460037666e-206}