{"correlation": 0.040998310111842226, "p_value": 1.9995870671819698e-38}