{"correlation": 0.06397393093693166, "p_value": 4.4614730589098656e-91}