{"correlation": 0.09327002304298408, "p_value": 8.555436356705085e-192}