{"correlation": 0.04393336324226485, "p_value": 7.161162559269996e-44}