{"correlation": 0.05192548056985255, "p_value": 1.3447732104103938e-60}