{"correlation": -0.005187653037738347, "p_value": 0.10111040528331647}