{"correlation": -0.05629419678439972, "p_value": 6.45289840531832e-71}