{"correlation": -0.07310402133067413, "p_value": 2.0857650653229866e-118}