{"correlation": 0.012794385944141754, "p_value": 5.262615296996124e-05}