{"correlation": 0.05351555371854157, "p_value": 2.9460641562520756e-64}