{"correlation": 0.04549626767198509, "p_value": 6.345733287776219e-47}