{"correlation": 0.10233318000680651, "p_value": 1.1776365109628489e-230}