{"correlation": 0.08514305493458718, "p_value": 4.697378297789756e-160}