{"correlation": 0.05487969218020056, "p_value": 1.745611218552281e-67}