{"correlation": -0.10397503816283774, "p_value": 4.351011055439416e-238}