{"correlation": -0.06852550872782734, "p_value": 3.034809563528688e-104}