{"correlation": 0.10873156709727816, "p_value": 2.6597867407490466e-260}