{"correlation": 0.03617906929258496, "p_value": 2.7123010477237407e-30}