{"correlation": 0.11920419161825631, "p_value": 8.51143915866e-313}