{"correlation": -0.005791461832124269, "p_value": 0.0672015855688503}