{"correlation": 0.021989023358596527, "p_value": 3.648865759088611e-12}