{"correlation": 0.011893044192185776, "p_value": 0.0001707587161836211}