{"correlation": 0.03553038252088448, "p_value": 2.8265538239027046e-29}