{"correlation": 0.11079364191688895, "p_value": 3.013650143635388e-270}