{"correlation": -0.01435841122765207, "p_value": 5.678945160351209e-06}