{"correlation": 0.06196653150574136, "p_value": 1.4730143928549768e-85}