{"correlation": 0.05988778379905338, "p_value": 4.979683432613326e-80}