{"correlation": 0.06407614968540899, "p_value": 2.3106654670912412e-91}