{"correlation": -0.11895421194691008, "p_value": 1.740614807549e-311}