{"correlation": 0.10959524231220313, "p_value": 1.9162145746541159e-264}