{"correlation": -0.037109590300415, "p_value": 8.737745562726298e-32}