{"correlation": 0.11710179270449234, "p_value": 7.333465356601709e-302}