{"correlation": 0.051402228974124366, "p_value": 2.035962182909981e-59}