{"correlation": 0.09383407765773481, "p_value": 4.1733755407999776e-194}