{"correlation": -0.028387548851680888, "p_value": 2.8780222111258756e-19}