{"correlation": 0.08275984211856605, "p_value": 2.6568031635642545e-151}