{"correlation": 0.013680975016267935, "p_value": 1.533104662192471e-05}