{"correlation": -0.0004679366251956232, "p_value": 0.88243381052835}