{"correlation": -0.051067767690899164, "p_value": 1.1398607742768119e-58}