{"correlation": -0.02617754656844157, "p_value": 1.2904509236682023e-16}