{"correlation": 0.07281795108347067, "p_value": 1.702818629060021e-117}