{"correlation": 0.11965830878657369, "p_value": 3.481220335e-315}