{"correlation": -0.025462335116578857, "p_value": 8.394573528955346e-16}