{"correlation": 0.09269283797492428, "p_value": 1.91938994328655e-189}