{"correlation": 0.02698343535788819, "p_value": 1.4726257350267547e-17}