{"correlation": 0.044720393143675576, "p_value": 2.1433741223450874e-45}