{"correlation": 0.1033752110353676, "p_value": 2.3328847797137342e-235}