{"correlation": -0.03762607904200138, "p_value": 1.2506392676273844e-32}