{"correlation": 0.04275096937561689, "p_value": 1.241228088233131e-41}