{"correlation": 0.028011320181293417, "p_value": 8.420185157436475e-19}