{"correlation": 0.028890710203953236, "p_value": 6.699786439416613e-20}