{"correlation": 0.06167902555371118, "p_value": 8.793736067205418e-85}