{"correlation": 0.038450750467240974, "p_value": 5.3109474571846046e-34}