{"correlation": 0.08193911822946368, "p_value": 2.400885347298005e-148}