{"correlation": 0.08616133861919428, "p_value": 7.169495316631036e-164}