{"correlation": 0.04880094233172237, "p_value": 9.968564491271713e-54}