{"correlation": 0.00342269365955834, "p_value": 0.2793875378833881}