{"correlation": 0.08883555922647393, "p_value": 4.112983232692155e-174}