{"correlation": 0.08925528739261938, "p_value": 9.504984762642527e-176}