{"correlation": 0.0912248943935418, "p_value": 1.5685114075110393e-183}