{"correlation": 0.034777969274831816, "p_value": 4.065997458031812e-28}