{"correlation": 0.053488252298387905, "p_value": 3.411959403893706e-64}