{"correlation": 0.03099710645026272, "p_value": 1.1422077552296607e-22}