{"correlation": 0.11377956495603012, "p_value": 5.475824922629809e-285}