{"correlation": -0.09254380001477898, "p_value": 7.723256532343608e-189}