{"correlation": 0.05661997752866833, "p_value": 1.0160096345410354e-71}