{"correlation": 0.0029259256286500984, "p_value": 0.3551226878093367}