{"correlation": 0.0029146285498137716, "p_value": 0.3569834274736285}