{"correlation": 0.10706346782620119, "p_value": 2.1411808648080032e-252}