{"correlation": 0.11119491672572578, "p_value": 3.322417575084131e-272}