{"correlation": -0.03613707597135664, "p_value": 3.1607083814445816e-30}