{"correlation": 0.019507795045458298, "p_value": 7.015234107183212e-10}