{"correlation": 0.04448808469085222, "p_value": 6.077186896541864e-45}