{"correlation": 0.0675167808144559, "p_value": 3.0107767953677405e-101}