{"correlation": 0.06247760762025487, "p_value": 6.0242373447046285e-87}