{"correlation": 0.08970441241751717, "p_value": 1.6538334381092252e-177}