{"correlation": 0.0798504698577516, "p_value": 5.87260201119615e-141}