{"correlation": 0.059063637119485396, "p_value": 6.86953265271948e-78}