{"correlation": 0.1085317488781627, "p_value": 2.3903008662131386e-259}