{"correlation": -0.01674230022733013, "p_value": 1.2129481601188448e-07}