{"correlation": 0.06099921827542129, "p_value": 5.815091580429834e-83}