{"correlation": 0.08514092118850171, "p_value": 4.784144352099372e-160}