{"correlation": 0.11467686636091885, "p_value": 1.6992429239570173e-289}