{"correlation": 0.09776411649928603, "p_value": 1.3189425686213892e-210}