{"correlation": -0.0010606696956510957, "p_value": 0.7374670734597389}