{"correlation": 0.04126172174756021, "p_value": 6.721153713441126e-39}