{"correlation": 0.1075697616529761, "p_value": 8.796688766416577e-255}