{"correlation": -0.051177959894079424, "p_value": 6.470317297632033e-59}