{"correlation": 0.024109108120010693, "p_value": 2.528046926511678e-14}