{"correlation": -0.02879076750637916, "p_value": 8.967394769089952e-20}