{"correlation": 0.07129839037709376, "p_value": 1.0344644870860139e-112}