{"correlation": 0.08509255129378127, "p_value": 7.243361547768185e-160}