{"correlation": 0.11266109321709507, "p_value": 2.0278777789097132e-279}