{"correlation": 0.04327032731052072, "p_value": 1.3119493103343936e-42}