{"correlation": -0.03774465734411183, "p_value": 7.973914383494617e-33}