{"correlation": 0.06404279293070238, "p_value": 2.864392358389884e-91}