{"correlation": 0.09669257701761888, "p_value": 4.867566800487807e-206}