{"correlation": -0.04290862776754267, "p_value": 6.292600012564316e-42}