{"correlation": 0.06267416212743382, "p_value": 1.749565424522095e-87}