{"correlation": -0.09981684662741576, "p_value": 1.6908510010322423e-219}