{"correlation": 0.03414384813220589, "p_value": 3.6816752288899594e-27}