{"correlation": 0.11042126077659435, "p_value": 1.9466778902043873e-268}