{"correlation": 0.11004729167344983, "p_value": 1.2616535812371335e-266}