{"correlation": 0.021810887637078315, "p_value": 5.430727366159049e-12}