{"correlation": 0.07987383297100874, "p_value": 4.86687907747362e-141}