{"correlation": -0.06398692580581031, "p_value": 4.103722204234204e-91}