{"correlation": 0.07365563670717146, "p_value": 3.5540315628943434e-120}