{"correlation": 0.07995925957333358, "p_value": 2.4476552914637805e-141}