{"correlation": 0.03227209908403189, "p_value": 1.9465296108210057e-24}