{"correlation": 0.037316005336059416, "p_value": 4.030620022148556e-32}