{"correlation": -0.06657399875190836, "p_value": 1.7336378046286426e-98}