{"correlation": -0.11373569869311627, "p_value": 9.076337292208109e-285}