{"correlation": -0.005890138703729414, "p_value": 0.06267223763358074}