{"correlation": 0.05343096076940216, "p_value": 4.6419542924192775e-64}