{"correlation": 0.013938247680492073, "p_value": 1.0568806604635975e-05}