{"correlation": 0.05568876964883949, "p_value": 1.9474620265081007e-69}