{"correlation": 0.03416601911068479, "p_value": 3.4110081761581474e-27}