{"correlation": 0.02437498481726405, "p_value": 1.3134884279112365e-14}