{"correlation": 0.06419186230760464, "p_value": 1.0957786790043601e-91}