{"correlation": 0.0894283619669204, "p_value": 1.999802734433086e-176}