{"correlation": -0.04587177637712844, "p_value": 1.1304970909315044e-47}