{"correlation": 0.02409863609584964, "p_value": 2.593720714130012e-14}