{"correlation": 0.10682242340424561, "p_value": 2.9022611085202436e-251}