{"correlation": 0.0928376497893052, "p_value": 4.951367874865785e-190}