{"correlation": 0.034704656902861994, "p_value": 5.256322915073427e-28}