{"correlation": 0.02263937076491517, "p_value": 8.320809587139219e-13}