{"correlation": 0.07104311184103479, "p_value": 6.432307304527192e-112}