{"correlation": -0.07541632326489621, "p_value": 6.548567553254072e-126}