{"correlation": -0.003225816230270335, "p_value": 0.3079773178067074}