{"correlation": 0.059260595255108975, "p_value": 2.1294457552295972e-78}