{"correlation": 0.0721006103189038, "p_value": 3.176847401766891e-115}