{"correlation": 0.11469661849273971, "p_value": 1.3508561201081152e-289}