{"correlation": 0.11573712171749574, "p_value": 7.187126389991054e-295}