{"correlation": 0.0921317665996358, "p_value": 3.5830635012062903e-187}