{"correlation": 0.005180168892001734, "p_value": 0.10160356781300126}