{"correlation": -0.032759200568608184, "p_value": 3.936624051711592e-25}