{"correlation": 0.03832206211297501, "p_value": 8.733771791066704e-34}