{"correlation": 0.022339985941373194, "p_value": 1.6517541471895075e-12}