{"correlation": 0.028272887472879548, "p_value": 3.997867881657096e-19}