{"correlation": 0.013024364899729043, "p_value": 3.8494043655477685e-05}