{"correlation": 0.11365252486644162, "p_value": 2.364763492740515e-284}