{"correlation": -0.03383170163056059, "p_value": 1.0732296810638638e-26}