{"correlation": 0.024676775903622095, "p_value": 6.194284965999991e-15}