{"correlation": 0.11702834891408916, "p_value": 1.7526890653264452e-301}