{"correlation": 0.0913077224558137, "p_value": 7.318741839068874e-184}