{"correlation": 0.08032821239374874, "p_value": 1.246932117827696e-142}