{"correlation": 0.08027992083778332, "p_value": 1.8425147357167006e-142}