{"correlation": 0.09326700945718472, "p_value": 8.801470057951472e-192}