{"correlation": 0.07712379806261281, "p_value": 1.3318654010538367e-131}