{"correlation": -0.06331370785540581, "p_value": 3.0481306389929738e-89}