{"correlation": 0.11645471264382343, "p_value": 1.5516727019152523e-298}