{"correlation": 0.0004636986300991528, "p_value": 0.8834909456111628}