{"correlation": -0.056990581088371225, "p_value": 1.2244601848841758e-72}