{"correlation": 0.054963575389330284, "p_value": 1.098617313998564e-67}