{"correlation": 0.06491182993790186, "p_value": 1.0245058651858146e-93}