{"correlation": 0.11682454260749288, "p_value": 1.9609908218242546e-300}