{"correlation": 0.05205592762282677, "p_value": 6.80121273616844e-61}