{"correlation": 0.02270066792936466, "p_value": 7.223127273624856e-13}