{"correlation": 0.06808851250402817, "p_value": 6.106102692481309e-103}