{"correlation": 0.09483274857714011, "p_value": 3.109965127114657e-198}