{"correlation": -0.03697627143843027, "p_value": 1.4369859060868955e-31}