{"correlation": -0.029125765577499765, "p_value": 3.362053959339047e-20}