{"correlation": 0.10800938122065377, "p_value": 7.293116580133536e-257}