{"correlation": 0.07604399087255702, "p_value": 5.480446827883584e-128}