{"correlation": 0.026020930074481623, "p_value": 1.9530039220657494e-16}