{"correlation": 0.05002500042087553, "p_value": 2.279891692882064e-56}