{"correlation": 0.07844842372038886, "p_value": 4.17284975828867e-136}