{"correlation": 0.1136374656560382, "p_value": 2.8122367136484945e-284}