{"correlation": -0.06425915748527182, "p_value": 7.09603219201959e-92}