{"correlation": 0.1005600654261256, "p_value": 9.166668215025927e-223}