{"correlation": 0.10420593474992919, "p_value": 3.8342717402096235e-239}