{"correlation": 0.06809001972556271, "p_value": 6.04341219550475e-103}