{"correlation": 0.04133012240662083, "p_value": 5.0582237407504034e-39}