{"correlation": 0.0302453073783624, "p_value": 1.1687146185121991e-21}