{"correlation": 0.06114323739087902, "p_value": 2.402101338433158e-83}