{"correlation": 0.09685748377720085, "p_value": 9.722619307236396e-207}