{"correlation": 0.09112276165613105, "p_value": 4.011226792151288e-183}