{"correlation": 0.04629418916794564, "p_value": 1.596436692970072e-48}