{"correlation": -0.09254382923210139, "p_value": 7.721150618454072e-189}