{"correlation": 0.027390192404679773, "p_value": 4.805345279232271e-18}