{"correlation": -0.11894737314015773, "p_value": 1.8902548154427e-311}