{"correlation": 0.04292427859345907, "p_value": 5.881449303323517e-42}