{"correlation": 0.046423695438362146, "p_value": 8.728980863072288e-49}