{"correlation": 0.031911823107437017, "p_value": 6.252954335924908e-24}