{"correlation": 0.016369356606637617, "p_value": 2.295695470129713e-07}