{"correlation": 0.04085219626853776, "p_value": 3.649983149445262e-38}