{"correlation": -0.0008163308012939757, "p_value": 0.7964149050744495}