{"correlation": 0.06060303977990401, "p_value": 6.54810102655289e-82}