{"correlation": 0.09844202783451722, "p_value": 1.6010629754720996e-213}