{"correlation": 0.0779953102984786, "p_value": 1.4785264043345635e-134}