{"correlation": -0.11520127607868652, "p_value": 3.790738505189605e-292}