{"correlation": 0.09886446408956455, "p_value": 2.3826838768621253e-215}