{"correlation": 0.04021924864718432, "p_value": 4.827746966217261e-37}