{"correlation": 0.08145957783996069, "p_value": 1.2409625261979602e-146}