{"correlation": -0.03309388274772989, "p_value": 1.29496630011823e-25}