{"correlation": 0.025235451375519143, "p_value": 1.5045443936624642e-15}