{"correlation": -0.10808096967899498, "p_value": 3.33543022193183e-257}