{"correlation": -0.0437273776177416, "p_value": 1.7757537565299643e-43}