{"correlation": 0.11683593733439471, "p_value": 1.713518249359859e-300}