{"correlation": -0.03508554478642266, "p_value": 1.376531004891464e-28}