{"correlation": 0.11143643622967647, "p_value": 2.1862400865842863e-273}