{"correlation": 0.08437271992655966, "p_value": 3.376357951851177e-157}