{"correlation": 0.02869391929354417, "p_value": 1.1883431483932448e-19}