{"correlation": 0.03753237639582055, "p_value": 1.7830274757228103e-32}