{"correlation": -0.00740062908166923, "p_value": 0.01934090601382669}