{"correlation": 0.08770001556875003, "p_value": 1.0037407709197281e-169}