{"correlation": 0.0442201348947252, "p_value": 2.0083375122177538e-44}