{"correlation": 0.06230252409682384, "p_value": 1.806311236562558e-86}