{"correlation": 0.025869223166343686, "p_value": 2.9108552447311815e-16}