{"correlation": -0.11994968074341346, "p_value": 1.0102923e-316}