{"correlation": 0.028996386658135212, "p_value": 4.9172813260045856e-20}