{"correlation": 0.02554288664692127, "p_value": 6.815538221707388e-16}