{"correlation": -0.015408483322506526, "p_value": 1.116443798855849e-06}