{"correlation": 0.033096620343000906, "p_value": 1.2831837578647855e-25}