{"correlation": 0.051130808687337596, "p_value": 8.245596223980475e-59}