{"correlation": 0.06142546405140454, "p_value": 4.222048533599597e-84}