{"correlation": 0.08018438513134435, "p_value": 3.9862644974814975e-142}