{"correlation": -0.07392941602765898, "p_value": 4.655646769266715e-121}