{"correlation": -0.044728467159396955, "p_value": 2.066927791042552e-45}