{"correlation": 0.07074662800523049, "p_value": 5.327561880344942e-111}