{"correlation": -0.08248310961696806, "p_value": 2.657039062901218e-150}