{"correlation": -0.09058047874206816, "p_value": 5.763833230906559e-181}