{"correlation": 0.07546836685143185, "p_value": 4.4112593362437215e-126}