{"correlation": -0.05369569469624824, "p_value": 1.1161269386816617e-64}