{"correlation": 0.07478370354077579, "p_value": 7.803809084406593e-124}