{"correlation": 0.03421718053854069, "p_value": 2.8594069514217795e-27}