{"correlation": -0.018345389708064527, "p_value": 6.699686916864673e-09}