{"correlation": 0.09980057802957014, "p_value": 1.9921307052731203e-219}