{"correlation": 0.1178803559221269, "p_value": 6.902823915104494e-306}