{"correlation": 0.07254580588805634, "p_value": 1.245492485723256e-116}