{"correlation": 0.11981282005055686, "p_value": 5.3334158e-316}