{"correlation": 0.0815751546719773, "p_value": 4.8054562912885864e-147}