{"correlation": 0.07679281947010667, "p_value": 1.7289465590978246e-130}