{"correlation": 0.10665054929052044, "p_value": 1.8550878092445224e-250}