{"correlation": 0.04403391587908522, "p_value": 4.589729579574703e-44}