{"correlation": 0.08841471941891707, "p_value": 1.765425298053043e-172}