{"correlation": 0.052274083440827505, "p_value": 2.1667204817621088e-61}