{"correlation": 0.041541043627737764, "p_value": 2.0992383194848713e-39}