{"correlation": 0.02598580507517908, "p_value": 2.1424931107824692e-16}