{"correlation": -0.07489925976647101, "p_value": 3.2687720066107607e-124}