{"correlation": 0.07897843763345083, "p_value": 6.260160255737071e-138}