{"correlation": 0.03888500763577873, "p_value": 9.792436733167675e-35}