{"correlation": 0.04056879993676581, "p_value": 1.1656217561445676e-37}