{"correlation": 0.11608459247346978, "p_value": 1.2145953367755732e-296}