{"correlation": 0.03596873761285048, "p_value": 5.8261672915811796e-30}