{"correlation": 0.05251747011651846, "p_value": 6.013345371600906e-62}