{"correlation": 0.08746026334648671, "p_value": 8.330199416561181e-169}