{"correlation": -0.0534249764251668, "p_value": 4.7935562309415385e-64}