{"correlation": 0.0065122558812569864, "p_value": 0.039577990701884266}