{"correlation": 0.027422935354969695, "p_value": 4.387976268248635e-18}