{"correlation": 0.06456816313975504, "p_value": 9.593190373242657e-93}