{"correlation": -0.011985061754677753, "p_value": 0.00015196130707400464}