{"correlation": 0.057964715741803646, "p_value": 4.404154442686577e-75}