{"correlation": -0.03085294971373146, "p_value": 1.7918051768769011e-22}