{"correlation": 0.12025722155960863, "p_value": 2.38609e-318}