{"correlation": 0.014621733921112812, "p_value": 3.8146153277429157e-06}