{"correlation": 0.11232667020796495, "p_value": 9.14342730192898e-278}