{"correlation": 0.03940979506771085, "p_value": 1.237761186808587e-35}