{"correlation": 0.035175884710053854, "p_value": 9.996569278654807e-29}