{"correlation": 0.03803117169747098, "p_value": 2.6722665855748834e-33}