{"correlation": 0.11843338443306253, "p_value": 9.171487372870225e-309}