{"correlation": 0.07624528114134942, "p_value": 1.172058487792055e-128}