{"correlation": 0.11324237894968292, "p_value": 2.630256930386063e-282}