{"correlation": 0.04624263622171954, "p_value": 2.0291721368920245e-48}