{"correlation": 0.10825441267363678, "p_value": 5.0007080630474765e-258}