{"correlation": 0.05939258526502354, "p_value": 9.692649561224508e-79}