{"correlation": 0.013063587338770642, "p_value": 3.647648074915757e-05}