{"correlation": 0.059143593621806795, "p_value": 4.272060615933726e-78}