{"correlation": 0.08762249975904672, "p_value": 1.9908519876805652e-169}