{"correlation": 0.03256323318835935, "p_value": 7.509563845100663e-25}