{"correlation": 0.07525375694908429, "p_value": 2.245673614115652e-125}