{"correlation": 0.03763335438999405, "p_value": 1.2166261299677388e-32}