{"correlation": -0.061047573706168284, "p_value": 4.322537039511843e-83}