{"correlation": -0.0023747172373303517, "p_value": 0.45295588554343325}