{"correlation": 0.0002081176647339923, "p_value": 0.9475588777003584}