{"correlation": 0.09467861168354307, "p_value": 1.3574844000143655e-197}