{"correlation": 0.04769176912527081, "p_value": 2.1637261250371515e-51}