{"correlation": 0.0890361434509589, "p_value": 6.810900479843992e-175}