{"correlation": 0.09582129656626301, "p_value": 2.3074805041199637e-202}