{"correlation": 0.0891956487517597, "p_value": 1.6252276625035568e-175}