{"correlation": -0.05907385866056479, "p_value": 6.465035858970455e-78}