{"correlation": 0.08319561082971606, "p_value": 6.962118139651868e-153}