{"correlation": 0.09798733971287661, "p_value": 1.4533380160389817e-211}