{"correlation": 0.0793513838011656, "p_value": 3.2047845583636403e-139}