{"correlation": 0.045989043776901384, "p_value": 6.577228894412014e-48}