{"correlation": -0.04752988058516918, "p_value": 4.696341180197068e-51}