{"correlation": -0.10545182493038721, "p_value": 7.084822403691699e-245}