{"correlation": 0.10071910371389996, "p_value": 1.820337027316511e-223}