{"correlation": 0.06839170634689676, "p_value": 7.623891255183602e-104}