{"correlation": 0.11265880951444235, "p_value": 2.0813931528342196e-279}