{"correlation": 0.07562312605812462, "p_value": 1.3602803427025435e-126}