{"correlation": 0.11661587445750908, "p_value": 2.3137760782868904e-299}