{"correlation": 0.05395362636144545, "p_value": 2.7649780904788727e-65}