{"correlation": 0.07961028530598273, "p_value": 4.037540529625337e-140}