{"correlation": 0.11927460452966801, "p_value": 3.6333059954e-313}