{"correlation": -0.11201245383448218, "p_value": 3.2407516200196453e-276}