{"correlation": 0.1161366696818221, "p_value": 6.58210571724124e-297}