{"correlation": -0.0804858701708319, "p_value": 3.47964986759098e-143}