{"correlation": 0.10109368977571559, "p_value": 4.000470838371251e-225}