{"correlation": 0.0342896246532757, "p_value": 2.2264253518627484e-27}