{"correlation": 0.05323853014724454, "p_value": 1.3023100277413262e-63}