{"correlation": 0.027503799759233068, "p_value": 3.504393728028706e-18}