{"correlation": -0.06326489054058705, "p_value": 4.1583758410874904e-89}