{"correlation": 0.01669761386557638, "p_value": 1.3102374459189336e-07}