{"correlation": 0.012737552518980766, "p_value": 5.681009736011539e-05}