{"correlation": 0.04360097096006554, "p_value": 3.0938607826039247e-43}