{"correlation": -0.09734437975632931, "p_value": 8.228388139802521e-209}