{"correlation": 0.10531281636873915, "p_value": 3.115063627924016e-244}