{"correlation": -0.10000873465381095, "p_value": 2.4392852693002936e-220}