{"correlation": 0.08366955828157539, "p_value": 1.2972384906770951e-154}