{"correlation": 0.10940435707551821, "p_value": 1.588043224065801e-263}