{"correlation": 0.057749506963233915, "p_value": 1.539514523032167e-74}