{"correlation": 0.07297648815569854, "p_value": 5.324100720049993e-118}