{"correlation": 0.11926228144521003, "p_value": 4.2171609762e-313}