{"correlation": 0.03516540450256716, "p_value": 1.037496678775041e-28}