{"correlation": 0.11892710197490095, "p_value": 2.413662038132e-311}