{"correlation": 0.09841204487090748, "p_value": 2.156769715752502e-213}