{"correlation": -0.02358642488276374, "p_value": 8.974048507040547e-14}