{"correlation": 0.11495571691135265, "p_value": 6.635436738125474e-291}