{"correlation": 0.04331046284424275, "p_value": 1.1015658593088494e-42}