{"correlation": 0.053825350147803, "p_value": 5.53917386159142e-65}