{"correlation": 0.07302488289241436, "p_value": 3.7315938307481173e-118}