{"correlation": 0.10784497919910412, "p_value": 4.388338103064201e-256}