{"correlation": 0.02209339753402113, "p_value": 2.886290080892524e-12}