{"correlation": 0.004296221286035913, "p_value": 0.17453822157955387}