{"correlation": 0.006992033199288925, "p_value": 0.027121933529515682}