{"correlation": 0.1148679119561654, "p_value": 1.843838317005802e-290}