{"correlation": -0.07960523536760888, "p_value": 4.2043000998697845e-140}