{"correlation": 0.0047824604472967444, "p_value": 0.1306773022596114}