{"correlation": -0.03527104055409714, "p_value": 7.130634910229505e-29}