{"correlation": 0.10904912455888822, "p_value": 8.047424571798514e-262}