{"correlation": 0.11060718466084016, "p_value": 2.4337126033684674e-269}