{"correlation": 0.04802373449431884, "p_value": 4.380258427991811e-52}