{"correlation": 0.10928267101561094, "p_value": 6.1021608753899175e-263}