{"correlation": 0.01705229774314342, "p_value": 7.064416742324334e-08}