{"correlation": 0.04196650071664201, "p_value": 3.5137738994284968e-40}