{"correlation": 0.09603971097959915, "p_value": 2.785163865124494e-203}