{"correlation": 0.11952645843752607, "p_value": 1.7223204233e-314}