{"correlation": 0.11344690669635392, "p_value": 2.5151296300642857e-283}