{"correlation": -0.03208625774115382, "p_value": 3.5595509405351485e-24}