{"correlation": 0.09537269764196268, "p_value": 1.7479709230980517e-200}