{"correlation": 0.02257105467101235, "p_value": 9.737607251991553e-13}