{"correlation": -0.11051685303283112, "p_value": 6.686525350471046e-269}