{"correlation": 0.0746983610726639, "p_value": 1.4826487140909977e-123}