{"correlation": 0.10367367678794194, "p_value": 1.027643611372838e-236}