{"correlation": 0.08527924370900844, "p_value": 1.459154430554281e-160}