{"correlation": 0.06495226866996844, "p_value": 7.868016334876024e-94}