{"correlation": -0.05623014592268658, "p_value": 9.269520955524679e-71}