{"correlation": 0.07910730357045724, "p_value": 2.245265034767999e-138}