{"correlation": 0.08477757671024533, "p_value": 1.072541293918125e-158}