{"correlation": 0.09144423673985358, "p_value": 2.0803879367593288e-184}