{"correlation": -0.03891186033314044, "p_value": 8.814907753368722e-35}