{"correlation": 0.0769764774434565, "p_value": 4.174484675540503e-131}