{"correlation": 0.007534760979141919, "p_value": 0.017252288205775696}