{"correlation": 0.0990782736384052, "p_value": 2.8128751508150095e-216}