{"correlation": 0.06797409124452622, "p_value": 1.335725060692025e-102}