{"correlation": -0.07066901281135989, "p_value": 9.252347809516141e-111}