{"correlation": 0.055097266374588796, "p_value": 5.2444739471178314e-68}