{"correlation": 0.054259018800352554, "p_value": 5.252998046150591e-66}