{"correlation": 0.04188689229162791, "p_value": 4.916138505159022e-40}