{"correlation": 0.023458121947288336, "p_value": 1.2197234312953702e-13}