{"correlation": 0.0997257095185237, "p_value": 4.235329781934714e-219}