{"correlation": 0.015882062698419984, "p_value": 5.177547585816755e-07}