{"correlation": 0.04339328167132435, "p_value": 7.676404767708488e-43}