{"correlation": 0.08113439440640285, "p_value": 1.777667373955475e-145}