{"correlation": 0.03155004977346529, "p_value": 1.9924426995637032e-23}