{"correlation": -0.0488406345964282, "p_value": 8.20399767981267e-54}