{"correlation": -0.020492368593329008, "p_value": 9.356539824634215e-11}