{"correlation": 0.06457125352397286, "p_value": 9.402654643382576e-93}