{"correlation": 0.05000491728227035, "p_value": 2.5221257944594267e-56}