{"correlation": 0.0014873148382588367, "p_value": 0.6383230847059538}