{"correlation": 0.1084400050274955, "p_value": 6.541649319925608e-259}