{"correlation": 0.023688977235774945, "p_value": 7.013867872670827e-14}