{"correlation": -0.07077927548577695, "p_value": 4.222930221622096e-111}