{"correlation": 0.09857791435427075, "p_value": 4.144477086616047e-214}