{"correlation": 0.04218719050575776, "p_value": 1.3804216972999666e-40}