{"correlation": 0.047454757166772436, "p_value": 6.722796343728715e-51}