{"correlation": 0.10020565360385437, "p_value": 3.331693625190144e-221}