{"correlation": -0.11355511314418026, "p_value": 7.252025111525116e-284}