{"correlation": -0.010275818806952037, "p_value": 0.0011637855127280647}