{"correlation": 0.001318752272017957, "p_value": 0.6768445659755855}