{"correlation": -0.0844503896668789, "p_value": 1.7442970521267216e-157}