{"correlation": -0.04106985390045017, "p_value": 1.4881066658837364e-38}