{"correlation": 0.04089507916579448, "p_value": 3.0597301599683367e-38}