{"correlation": 0.044059772957828175, "p_value": 4.092943486396849e-44}