{"correlation": -0.021686910779322197, "p_value": 7.149136235644133e-12}