{"correlation": -0.03438426033018203, "p_value": 1.6043942356977735e-27}