{"correlation": 0.03615827221684164, "p_value": 2.9258690340592916e-30}