{"correlation": -0.07733194762363048, "p_value": 2.641366512959306e-132}