{"correlation": 0.024149509810203206, "p_value": 2.2896537032884027e-14}