{"correlation": 0.08450803533536935, "p_value": 1.0679897275489849e-157}