{"correlation": 0.05995720708302888, "p_value": 3.2779510720077397e-80}