{"correlation": 0.001509889342914223, "p_value": 0.6332346242421508}