{"correlation": 0.060151479314495535, "p_value": 1.0146117953350073e-80}