{"correlation": 0.0630086601693701, "p_value": 2.114551914888681e-88}