{"correlation": 0.07419751244873894, "p_value": 6.314875778042416e-122}