{"correlation": 0.043129695045060944, "p_value": 2.4173366677459473e-42}