{"correlation": 0.09186295624508761, "p_value": 4.338911254119941e-186}