{"correlation": 0.0348412667436894, "p_value": 3.256109671899641e-28}