{"correlation": 0.0659154268481818, "p_value": 1.3931494662199918e-96}