{"correlation": -0.10950237953740743, "p_value": 5.363461518272424e-264}