{"correlation": 0.10769100068441159, "p_value": 2.350562043420528e-255}