{"correlation": 0.05820000547050786, "p_value": 1.1150909097607742e-75}