{"correlation": 0.0010893460448227975, "p_value": 0.7306415648545164}