{"correlation": 0.04375851561651595, "p_value": 1.5483930113416074e-43}