{"correlation": -0.0014630458533300428, "p_value": 0.643812552834097}