{"correlation": 0.10100810831493824, "p_value": 9.582421984877811e-225}