{"correlation": 0.024612723698405083, "p_value": 7.271092861233105e-15}