{"correlation": 0.04119498383104792, "p_value": 8.865297152235483e-39}