{"correlation": -0.05450923984298759, "p_value": 1.337815401011023e-66}