{"correlation": 0.07510052578382875, "p_value": 7.157282124728252e-125}