{"correlation": 0.002249085741244798, "p_value": 0.47721310229118197}