{"correlation": 0.07598312591544479, "p_value": 8.730010024409002e-128}