{"correlation": 0.10248091283154155, "p_value": 2.553799748381751e-231}