{"correlation": 0.06563965030330197, "p_value": 8.631418360154918e-96}