{"correlation": -0.015137547849907975, "p_value": 1.716029577367123e-06}