{"correlation": 0.10175180088434202, "p_value": 4.71964383992428e-228}