{"correlation": 0.05450685233355252, "p_value": 1.3554294363073724e-66}