{"correlation": -0.08378922820824784, "p_value": 4.728251371224649e-155}