{"correlation": -0.09538475447727571, "p_value": 1.556465637432621e-200}