{"correlation": -0.04387365313048873, "p_value": 9.321796701049812e-44}