{"correlation": 0.11470221552281566, "p_value": 1.2658136244365961e-289}