{"correlation": 0.0839142829385259, "p_value": 1.644300609231864e-155}