{"correlation": 0.11046384299106342, "p_value": 1.2095148977518208e-268}