{"correlation": 0.10616234663127554, "p_value": 3.54403644737676e-248}