{"correlation": -0.02094856326679402, "p_value": 3.5625050405294715e-11}