{"correlation": -0.07431749616693692, "p_value": 2.5766054556124916e-122}