{"correlation": -0.033151616348403766, "p_value": 1.0677612373346056e-25}