{"correlation": -0.12001286990097511, "p_value": 4.6833085e-317}