{"correlation": -0.003127904725286198, "p_value": 0.322892335838888}