{"correlation": -0.026564577349524453, "p_value": 4.5867857994097374e-17}