{"correlation": 0.07077287943434772, "p_value": 4.419651564239514e-111}