{"correlation": 0.09130876233060994, "p_value": 7.249002816302986e-184}