{"correlation": 0.09703754445607314, "p_value": 1.6695059893510123e-207}