{"correlation": 0.10763294467096589, "p_value": 4.422919497833474e-255}