{"correlation": -0.03673056172707585, "p_value": 3.5779098273907104e-31}