{"correlation": 0.09266563627408865, "p_value": 2.4750980434720145e-189}