{"correlation": 0.014693023610130338, "p_value": 3.4210977926180454e-06}