{"correlation": 0.09177440328805132, "p_value": 9.851148842900617e-186}