{"correlation": 0.10876616911211995, "p_value": 1.817737599335272e-260}