{"correlation": 0.02504927145055557, "p_value": 2.4193693740608704e-15}