{"correlation": -0.022455433439628577, "p_value": 1.2693163845820839e-12}