{"correlation": 0.047970456160688374, "p_value": 5.664446418816978e-52}