{"correlation": 0.02931001472782921, "p_value": 1.9508024194163974e-20}