{"correlation": 0.08213383214911459, "p_value": 4.805757195776887e-149}