{"correlation": 0.013281454771647177, "p_value": 2.6976136450160772e-05}