{"correlation": 0.0963036510583819, "p_value": 2.149425874759578e-204}