{"correlation": 0.00038756228423218, "p_value": 0.9025161258684863}