{"correlation": -0.012383770265133744, "p_value": 9.083143948457998e-05}