{"correlation": 0.03801668816575591, "p_value": 2.8246597365241914e-33}