{"correlation": -0.06816349133096385, "p_value": 3.653301361161883e-103}