{"correlation": 0.1057978780025266, "p_value": 1.7600146119603887e-246}