{"correlation": 0.06335475242682181, "p_value": 2.3471454279994143e-89}