{"correlation": 0.05432854522419553, "p_value": 3.594424071493142e-66}