{"correlation": -0.02253084785951002, "p_value": 1.0679443895917345e-12}