{"correlation": -0.038111725746831575, "p_value": 1.9622366143736452e-33}