{"correlation": 0.05272438860138444, "p_value": 2.01284763746192e-62}