{"correlation": -0.07411685812348061, "p_value": 1.15268742419063e-121}