{"correlation": 0.019374421972776244, "p_value": 9.149486515783685e-10}