{"correlation": 0.07339078458671573, "p_value": 2.520806717067964e-119}