{"correlation": -0.005447499815453604, "p_value": 0.08513898663564448}