{"correlation": -0.09057353619075084, "p_value": 6.141114357777705e-181}