{"correlation": -0.056708630272778636, "p_value": 6.13223971641495e-72}