{"correlation": 0.08215638194441313, "p_value": 3.9879312282585355e-149}