{"correlation": 0.11298587964518574, "p_value": 4.9638296762979376e-281}