{"correlation": 0.08907481245327026, "p_value": 4.8133321881717506e-175}