{"correlation": 0.11567057270867825, "p_value": 1.5679704270090215e-294}