{"correlation": -0.010701144750942386, "p_value": 0.0007194979269379866}