{"correlation": 0.06708277889772578, "p_value": 5.677983770853919e-100}