{"correlation": 0.043538655277839115, "p_value": 4.065475888318625e-43}