{"correlation": -0.03313183936774524, "p_value": 1.1407517636656244e-25}