{"correlation": 0.07935649989918238, "p_value": 3.0764443881474782e-139}