{"correlation": 0.1032913371830557, "p_value": 5.600780647893527e-235}