{"correlation": 0.05337502991714295, "p_value": 6.26735794093832e-64}