{"correlation": -0.07305312901589628, "p_value": 3.0321979700082304e-118}