{"correlation": 0.08430651050035678, "p_value": 5.925755467695125e-157}