{"correlation": 0.11959783639706185, "p_value": 7.249425844e-315}