{"correlation": 0.06392496084584563, "p_value": 6.112326873196156e-91}