{"correlation": 0.1066340219257009, "p_value": 2.2169893130710557e-250}