{"correlation": 0.06170773426757702, "p_value": 7.359569306742073e-85}