{"correlation": -0.06905549611263705, "p_value": 7.759629039492372e-106}