{"correlation": -0.11323879659515465, "p_value": 2.7405459489941554e-282}