{"correlation": -0.050836475954584404, "p_value": 3.726723483089624e-58}