{"correlation": -0.015542261783065656, "p_value": 9.005796350749423e-07}