{"correlation": 0.08301856883644222, "p_value": 3.0642644302863766e-152}