{"correlation": -0.058388941799866104, "p_value": 3.6857942719616274e-76}