{"correlation": 0.005082646822135892, "p_value": 0.10820631751303769}