{"correlation": 0.09337396623618832, "p_value": 3.215873319328111e-192}