{"correlation": 0.006053010250670137, "p_value": 0.055750069481776986}