{"correlation": 0.08251512314736802, "p_value": 2.0364916528632443e-150}