{"correlation": 0.05592674601185777, "p_value": 5.125585955920962e-70}