{"correlation": 0.10140817136073155, "p_value": 1.6042450742726532e-226}