{"correlation": 0.11301194699223317, "p_value": 3.6837832364391e-281}