{"correlation": 0.059854357542696184, "p_value": 6.089250745391454e-80}