{"correlation": 0.020325283169000508, "p_value": 1.3258519961542895e-10}