{"correlation": 0.10055677385075495, "p_value": 9.478288644500207e-223}