{"correlation": -0.03756318785867904, "p_value": 1.5869121054184865e-32}