{"correlation": 0.10797408199897059, "p_value": 1.0724073905370251e-256}