{"correlation": 0.10163597232371037, "p_value": 1.5512472989965504e-227}