{"correlation": -0.04583527984509087, "p_value": 1.3376911805307283e-47}