{"correlation": 0.08606600418694477, "p_value": 1.6395907321737138e-163}