{"correlation": 0.09719419569444848, "p_value": 3.5950014085564765e-208}