{"correlation": 0.07311063110718322, "p_value": 1.986794368396189e-118}