{"correlation": 0.05969957822658419, "p_value": 1.5433157051860183e-79}