{"correlation": -0.09876265997019551, "p_value": 6.579168960721998e-215}