{"correlation": 0.07381884534632724, "p_value": 1.058980641473175e-120}