{"correlation": 0.051022974920747984, "p_value": 1.434395227567973e-58}