{"correlation": 0.08275662249961029, "p_value": 2.729063896778898e-151}