{"correlation": 0.012739293574196144, "p_value": 5.667737476663952e-05}