{"correlation": 0.06466862994777456, "p_value": 4.994675283360057e-93}