{"correlation": 0.03988962582711818, "p_value": 1.8234526370632723e-36}