{"correlation": 0.10701217552850206, "p_value": 3.730523261244432e-252}