{"correlation": 0.031143214857317462, "p_value": 7.221685750685308e-23}