{"correlation": 0.0058209096124410805, "p_value": 0.06582254147191345}