{"correlation": 0.065094567242303, "p_value": 3.103558837565507e-94}