{"correlation": 0.04592681645167062, "p_value": 8.768777729296019e-48}