{"correlation": -0.0014972238507880674, "p_value": 0.6360874033247462}