{"correlation": -0.06825967036963988, "p_value": 1.8887317601018233e-103}