{"correlation": 0.07679403407427839, "p_value": 1.7127926959988452e-130}