{"correlation": 0.01211097570948502, "p_value": 0.00012937788832487218}