{"correlation": -0.05748534506201834, "p_value": 7.108415599686697e-74}