{"correlation": 0.09805020444805115, "p_value": 7.802083858820061e-212}