{"correlation": 0.0931557549952897, "p_value": 2.5051932857723687e-191}