{"correlation": 0.06750100571549078, "p_value": 3.351087248791791e-101}