{"correlation": -0.058998328735839024, "p_value": 1.0120853053165482e-77}