{"correlation": 0.06050561665610753, "p_value": 1.1848119583315887e-81}