{"correlation": 0.07418792176011066, "p_value": 6.783546755559393e-122}