{"correlation": 0.11710501387299482, "p_value": 7.058422118199663e-302}