{"correlation": -0.01431212048251276, "p_value": 6.086235500671551e-06}