{"correlation": -0.005371012494413116, "p_value": 0.08961286435691837}