{"correlation": 0.041482814105627326, "p_value": 2.6772969901158788e-39}