{"correlation": 0.1080939474146115, "p_value": 2.894239359820747e-257}