{"correlation": -0.029447803171098803, "p_value": 1.2956167622652713e-20}