{"correlation": -0.044258234373373194, "p_value": 1.6951640018978976e-44}