{"correlation": 0.07484941646556995, "p_value": 4.758469227941677e-124}