{"correlation": 0.032495250121064544, "p_value": 9.387130374147727e-25}