{"correlation": 0.07527887575100563, "p_value": 1.8566354105914768e-125}