{"correlation": 0.10985499990488093, "p_value": 1.0715833690353799e-265}