{"correlation": 0.07406871224123886, "p_value": 1.6503789655067695e-121}