{"correlation": 0.020968321970625585, "p_value": 3.4150110630901586e-11}