{"correlation": 0.105602717800264, "p_value": 1.416533512742506e-245}