{"correlation": 0.07659592998664139, "p_value": 7.902657356874463e-130}