{"correlation": 0.06964555157281214, "p_value": 1.2664020994496085e-107}