{"correlation": 0.09647350256090853, "p_value": 4.118542505840813e-205}