{"correlation": -0.028429448896449792, "p_value": 2.551494312368141e-19}