{"correlation": -0.04591620380141234, "p_value": 9.209220168919134e-48}