{"correlation": 0.06460995804772823, "p_value": 7.313026682849633e-93}