{"correlation": 0.04983784948783633, "p_value": 5.832932820195685e-56}