{"correlation": -0.07056805133239923, "p_value": 1.8953391000675512e-110}