{"correlation": 0.07058711878928602, "p_value": 1.6554040694422276e-110}