{"correlation": 0.00024075880982760947, "p_value": 0.9393488039702929}