{"correlation": 0.1021627089701413, "p_value": 6.851645162396767e-230}