{"correlation": 0.018821640737698746, "p_value": 2.700570167436845e-09}