{"correlation": 0.042350436163740554, "p_value": 6.894579436418898e-41}