{"correlation": 0.006248330383134308, "p_value": 0.04830060062776903}