{"correlation": -0.1123536653374263, "p_value": 6.726312507871555e-278}