{"correlation": 0.11312791718506125, "p_value": 9.765471292527969e-282}