{"correlation": -0.08418638922645802, "p_value": 1.6423441805800895e-156}