{"correlation": 0.10374813499255114, "p_value": 4.7089853810156407e-237}