{"correlation": 0.10598768247966682, "p_value": 2.306870970785055e-247}