{"correlation": 0.10959090801809426, "p_value": 2.0105559707862862e-264}