{"correlation": -0.005233060692677658, "p_value": 0.09815905179831164}