{"correlation": -0.08117533096314898, "p_value": 1.272242612930526e-145}