{"correlation": 0.09293156541063417, "p_value": 2.054015525964545e-190}