{"correlation": -0.06758503579910344, "p_value": 1.8937715144474232e-101}