{"correlation": 0.02229242355388731, "p_value": 1.840351455397491e-12}