{"correlation": 0.09750256465851025, "p_value": 1.736710879932094e-209}