{"correlation": -0.056028623230898356, "p_value": 2.889405758930599e-70}