{"correlation": 0.04197564267549589, "p_value": 3.3807049594101818e-40}