{"correlation": 0.08738108581452222, "p_value": 1.673416923157505e-168}