{"correlation": -0.09146896658367766, "p_value": 1.6561276502142536e-184}