{"correlation": 0.07888905867719587, "p_value": 1.2735588397798998e-137}