{"correlation": 0.011624872130935368, "p_value": 0.00023878501369948627}