{"correlation": 0.08018129855025914, "p_value": 4.08683995499775e-142}