{"correlation": 0.046946805218859716, "p_value": 7.490271852425457e-50}