{"correlation": -0.05521462333151215, "p_value": 2.7362217025128945e-68}