{"correlation": 0.048454142744611746, "p_value": 5.431835685859549e-53}