{"correlation": 0.09305399744949029, "p_value": 6.514280527780797e-191}