{"correlation": 0.10858064111212759, "p_value": 1.397290153259286e-259}