{"correlation": 0.09352608139976655, "p_value": 7.6656956920662155e-193}