{"correlation": 0.05982336146343944, "p_value": 7.33720860181535e-80}