{"correlation": -0.06202148911669532, "p_value": 1.0458438547966613e-85}