{"correlation": -0.03323973133081877, "p_value": 7.949182017204293e-26}