{"correlation": -0.02728736270567619, "p_value": 6.38779590806124e-18}