{"correlation": 0.013675774364465194, "p_value": 1.5445748957368467e-05}