{"correlation": 0.08533271288756437, "p_value": 9.21567118194849e-161}