{"correlation": -0.09770766951201192, "p_value": 2.3019189353220276e-210}