{"correlation": -0.04287070513778961, "p_value": 7.411261243732367e-42}