{"correlation": 0.07849952804126935, "p_value": 2.7868654215821835e-136}