{"correlation": 0.08509856648396151, "p_value": 6.879303004048503e-160}