{"correlation": -0.08722272483211183, "p_value": 6.740476725050119e-168}