{"correlation": 0.09763428344494106, "p_value": 4.7459408088231974e-210}