{"correlation": 0.04287408760588948, "p_value": 7.303925902100561e-42}