{"correlation": 0.08942871285421287, "p_value": 1.993486717620419e-176}