{"correlation": -0.022768888514682947, "p_value": 6.168176291990105e-13}