{"correlation": 0.012575790815087223, "p_value": 7.051104467458127e-05}