{"correlation": 0.10933589821356969, "p_value": 3.3872238333463024e-263}