{"correlation": 0.04706674258565819, "p_value": 4.249173592071315e-50}