{"correlation": 0.11233477679352569, "p_value": 8.338215721656999e-278}