{"correlation": 0.11425868148003739, "p_value": 2.166721705348248e-287}