{"correlation": 0.11157622840582125, "p_value": 4.5133061875601236e-274}