{"correlation": 0.09134429417456943, "p_value": 5.225980661975687e-184}