{"correlation": 0.06831774267539059, "p_value": 1.2675864095049763e-103}