{"correlation": 0.013434152303251812, "p_value": 2.1775467431944423e-05}