{"correlation": 0.07108322178920749, "p_value": 4.828988499997349e-112}