{"correlation": 0.031080198769367497, "p_value": 8.802891993647106e-23}