{"correlation": 0.0741430664673082, "p_value": 9.480238057236522e-122}