{"correlation": 0.02108822041618077, "p_value": 2.6400027082196527e-11}