{"correlation": 0.013672118565184452, "p_value": 1.552686818035974e-05}