{"correlation": 0.009632008365207619, "p_value": 0.0023335571954309874}