{"correlation": 0.10272087035253938, "p_value": 2.122649997566113e-232}