{"correlation": 0.024996508138280263, "p_value": 2.7662838277479683e-15}