{"correlation": -0.03328498019106538, "p_value": 6.829418218226941e-26}