{"correlation": 0.04166895002880903, "p_value": 1.228879259035148e-39}