{"correlation": 0.004747072125331252, "p_value": 0.13354907693021634}