{"correlation": 0.08818144743257171, "p_value": 1.4075658318124302e-171}