{"correlation": 0.11682926794111588, "p_value": 1.8543026634432046e-300}