{"correlation": -0.005032111138974655, "p_value": 0.11175901434438248}