{"correlation": 0.07417258685109046, "p_value": 7.606109668244822e-122}