{"correlation": 0.09958141920336416, "p_value": 1.8092113803709366e-218}