{"correlation": 0.014353377478654734, "p_value": 5.721937188717038e-06}