{"correlation": -0.07609470738747445, "p_value": 3.717119668137399e-128}