{"correlation": 0.053233411175932416, "p_value": 1.3384749181312883e-63}