{"correlation": 0.09043853935122735, "p_value": 2.1049932546107712e-180}