{"correlation": -0.11229848683046205, "p_value": 1.2597224713796764e-277}