{"correlation": 0.03939345837454012, "p_value": 1.3206248533185726e-35}