{"correlation": -0.07358297909149374, "p_value": 6.087456659819468e-120}