{"correlation": -0.03817552103139317, "p_value": 1.5357773886494836e-33}