{"correlation": 0.02432309881598376, "p_value": 1.493332684241867e-14}