{"correlation": 0.007098373829568891, "p_value": 0.02487315251118805}