{"correlation": 0.08410270559929561, "p_value": 3.338199156074101e-156}