{"correlation": 0.01707660133652881, "p_value": 6.768611520735739e-08}