{"correlation": 0.10486807999453393, "p_value": 3.5097099875318943e-242}