{"correlation": -0.0005954961416122053, "p_value": 0.8507214428739354}