{"correlation": 0.11275154329183618, "p_value": 7.224495441496903e-280}