{"correlation": 0.055263257689747214, "p_value": 2.088729618131031e-68}