{"correlation": 0.10107120559317474, "p_value": 5.032807805444976e-225}