{"correlation": 0.07032023042729549, "p_value": 1.0970810869220706e-109}