{"correlation": -0.04281335071737239, "p_value": 9.489605912741199e-42}