{"correlation": -0.06345507204743506, "p_value": 1.2383193249900202e-89}