{"correlation": 0.08340091979819368, "p_value": 1.2435529019540505e-153}