{"correlation": 0.08420493610844214, "p_value": 1.4032958480755192e-156}