{"correlation": -0.0694292882614476, "p_value": 5.746523404527177e-107}