{"correlation": 0.028946012358252372, "p_value": 5.699290058898871e-20}