{"correlation": 0.11026113126676575, "p_value": 1.1635657800790892e-267}