{"correlation": -0.11396310547018623, "p_value": 6.5957404933642545e-286}