{"correlation": -0.015083457168517937, "p_value": 1.8682184295529077e-06}