{"correlation": 0.04492077595221665, "p_value": 8.68582744928484e-46}