{"correlation": -0.0037155394494770458, "p_value": 0.2402961897808163}