{"correlation": -0.05352409417116431, "p_value": 2.8137762106400436e-64}