{"correlation": 0.026102752859141112, "p_value": 1.5733128740515215e-16}