{"correlation": 0.02369353118370841, "p_value": 6.937361659500586e-14}