{"correlation": -0.10582405504677952, "p_value": 1.3301557949124526e-246}