{"correlation": 0.07625431607224109, "p_value": 1.0935544012173524e-128}