{"correlation": 0.005890100110678569, "p_value": 0.06267395846732701}