{"correlation": 0.039073233132075474, "p_value": 4.6782743702489585e-35}