{"correlation": 0.07021822837352985, "p_value": 2.2558900681866666e-109}