{"correlation": -0.07084052108242593, "p_value": 2.7300781830412968e-111}