{"correlation": 0.0624655995158823, "p_value": 6.4960966096119496e-87}