{"correlation": 0.10589615495221973, "p_value": 6.148663481103525e-247}