{"correlation": 0.020666960106792302, "p_value": 6.481367766048282e-11}