{"correlation": 0.05525595385309379, "p_value": 2.175204568353447e-68}