{"correlation": 0.08377304456724396, "p_value": 5.420183580525709e-155}