{"correlation": -0.00953729427999199, "p_value": 0.002576637874537279}