{"correlation": -0.11974548299968137, "p_value": 1.208374067e-315}