{"correlation": -0.011326328229635722, "p_value": 0.00034407085639905646}