{"correlation": 0.09541358809859847, "p_value": 1.1792223299129716e-200}