{"correlation": 0.0966775140521748, "p_value": 5.63829867224229e-206}