{"correlation": 0.015979105643863054, "p_value": 4.4114300749971534e-07}