{"correlation": 0.09169360893725702, "p_value": 2.080120998169585e-185}