{"correlation": 0.094912728701375, "p_value": 1.4463044984363351e-198}