{"correlation": 0.11236629214894331, "p_value": 5.826403253255889e-278}