{"correlation": 0.11504519366094713, "p_value": 2.3399553066843307e-291}