{"correlation": 0.06519183249350036, "p_value": 1.6413449595355813e-94}