{"correlation": 0.07494754838156228, "p_value": 2.2713519990862e-124}