{"correlation": 0.10826829375383405, "p_value": 4.2955294768551855e-258}