{"correlation": 0.0936273490605482, "p_value": 2.9471290025184043e-193}