{"correlation": 0.07050262327736255, "p_value": 3.0149010096772733e-110}