{"correlation": 0.03617431368339233, "p_value": 2.759729887665587e-30}