{"correlation": 0.10333972961622268, "p_value": 3.379361059985117e-235}