{"correlation": 0.09399018159916027, "p_value": 9.51045407548046e-195}