{"correlation": 0.021108023210597137, "p_value": 2.5297772680096008e-11}