{"correlation": 0.061212108079576215, "p_value": 1.5727381335777094e-83}