{"correlation": 0.053045620784753285, "p_value": 3.649405164902692e-63}