{"correlation": -0.0313735728787852, "p_value": 3.490232740563253e-23}