{"correlation": 0.07618442002092607, "p_value": 1.86928333338832e-128}