{"correlation": 0.030512929851448118, "p_value": 5.140147734999412e-22}