{"correlation": -0.048930746900273936, "p_value": 5.268534095462306e-54}