{"correlation": 0.10016569614130538, "p_value": 4.991641621765983e-221}