{"correlation": 0.00012685285532170474, "p_value": 0.9680213596413393}