{"correlation": 0.09791592826312248, "p_value": 2.9446766759948995e-211}