{"correlation": 0.030484823597616218, "p_value": 5.605125414384522e-22}