{"correlation": 0.012348276438066555, "p_value": 9.514770699990993e-05}