{"correlation": 0.06373381662145543, "p_value": 2.083966831312773e-90}