{"correlation": 0.03502961988149254, "p_value": 1.6773241246127379e-28}