{"correlation": -0.022354174928025772, "p_value": 1.5992590588094825e-12}