{"correlation": -0.03130644949003138, "p_value": 4.316243288660603e-23}