{"correlation": 0.10923768825445734, "p_value": 1.0032929610668312e-262}