{"correlation": -0.06523826837119596, "p_value": 1.2105199882701957e-94}