{"correlation": 0.036598004198373744, "p_value": 5.838186938424287e-31}