{"correlation": 0.06266373169571457, "p_value": 1.8683912589658365e-87}