{"correlation": 0.018030934201496117, "p_value": 1.2059683313570795e-08}