{"correlation": 0.0975446054933426, "p_value": 1.1481242754711981e-209}