{"correlation": 0.10122068810526527, "p_value": 1.0928275634453574e-225}