{"correlation": 0.03830333556239623, "p_value": 9.388116182468111e-34}