{"correlation": 0.020387786022731322, "p_value": 1.1641428340062403e-10}