{"correlation": 0.03599507394958974, "p_value": 5.2955516185364075e-30}