{"correlation": 0.05827553144764551, "p_value": 7.166536114426095e-76}