{"correlation": 0.08780992407426295, "p_value": 3.797180460418264e-170}