{"correlation": 0.09309848193325425, "p_value": 4.290323615394468e-191}