{"correlation": 0.04459810042948752, "p_value": 3.7123761376754863e-45}