{"correlation": 0.06809045448874594, "p_value": 6.025448549857182e-103}