{"correlation": -0.07916464990737888, "p_value": 1.421877268295525e-138}