{"correlation": 0.0232520123592004, "p_value": 1.9901336527430314e-13}