{"correlation": 0.11426815405723696, "p_value": 1.9417632675466433e-287}