{"correlation": 0.10450678359233165, "p_value": 1.6054622059564234e-240}