{"correlation": 0.025856482723884425, "p_value": 3.009754090700993e-16}