{"correlation": 0.06811303818877931, "p_value": 5.162046592508243e-103}