{"correlation": -0.07456484203522316, "p_value": 4.040852273419894e-123}