{"correlation": 0.07806495804946476, "p_value": 8.555816802282798e-135}