{"correlation": 0.07126515726447699, "p_value": 1.3127990340438218e-112}