{"correlation": 0.0824094841467004, "p_value": 4.896557211581664e-150}