{"correlation": 0.06487192031421266, "p_value": 1.3292090276633828e-93}