{"correlation": 0.1176144114981038, "p_value": 1.6497527278386396e-304}