{"correlation": 0.11510388612967777, "p_value": 1.1805566844676333e-291}