{"correlation": -0.012497800345966835, "p_value": 7.818252222792452e-05}