{"correlation": 0.08714605738131065, "p_value": 1.3220027309360888e-167}