{"correlation": 0.01222370695770976, "p_value": 0.00011187883171287}