{"correlation": 0.06325373415777226, "p_value": 4.46412127009625e-89}