{"correlation": 0.07204132681169609, "p_value": 4.882619833904302e-115}