{"correlation": 0.047582597500467956, "p_value": 3.649969324044625e-51}