{"correlation": 0.08472399259901489, "p_value": 1.6947291359575312e-158}