{"correlation": 0.08161439051537145, "p_value": 3.4811853765173324e-147}