{"correlation": 0.06869361408316835, "p_value": 9.515078268769296e-105}