{"correlation": 0.0536664134322974, "p_value": 1.3071572913013025e-64}