{"correlation": 0.0530847656175876, "p_value": 2.9617322815455264e-63}