{"correlation": -0.0348045232787563, "p_value": 3.704407241394463e-28}