{"correlation": 0.11489338042140763, "p_value": 1.3709315016689554e-290}