{"correlation": 0.11208748474594617, "p_value": 1.3836932225783372e-276}