{"correlation": 0.025687813896741636, "p_value": 4.677096506462514e-16}