{"correlation": -0.04532294843337558, "p_value": 1.4002993233780904e-46}