{"correlation": 0.06823319490692618, "p_value": 2.2650646390593246e-103}