{"correlation": 0.061038350433893676, "p_value": 4.574221797502817e-83}