{"correlation": -0.11777701197026584, "p_value": 2.3715867862459476e-305}