{"correlation": 0.08870571667751392, "p_value": 1.314415923851612e-173}