{"correlation": 0.07912286170132446, "p_value": 1.9836009403199883e-138}