{"correlation": -0.09947008374699379, "p_value": 5.53899721431176e-218}