{"correlation": 0.014765244779699949, "p_value": 3.062286019182253e-06}