{"correlation": -0.00889809072495604, "p_value": 0.004920862581510575}