{"correlation": -0.08602029107583659, "p_value": 2.436982848922914e-163}