{"correlation": 0.038214120202033824, "p_value": 1.323889436039968e-33}