{"correlation": 0.037104568417117574, "p_value": 8.90331343573102e-32}