{"correlation": 0.04247805851130777, "p_value": 3.9993793735684374e-41}