{"correlation": 0.06370617080290505, "p_value": 2.4877240066553937e-90}