{"correlation": -0.011548149727260886, "p_value": 0.00026249759255978416}