{"correlation": 0.09402940912850784, "p_value": 6.555864777239193e-195}