{"correlation": 0.07432642433532072, "p_value": 2.4101991780120923e-122}