{"correlation": 0.034435350587589446, "p_value": 1.3437841169828117e-27}