{"correlation": -0.09768865539805047, "p_value": 2.776704974333636e-210}