{"correlation": 0.013452656081920828, "p_value": 2.1214388719300933e-05}