{"correlation": 0.0394844418551697, "p_value": 9.202346377655377e-36}