{"correlation": 0.06509173811073131, "p_value": 3.161556336840687e-94}