{"correlation": 0.08418131424465815, "p_value": 1.7145672890819167e-156}