{"correlation": 0.10601966299488677, "p_value": 1.6374627241684866e-247}