{"correlation": 0.08232627006145496, "p_value": 9.764988144661751e-150}