{"correlation": 0.07158936959007005, "p_value": 1.2781406460349179e-113}