{"correlation": 0.07391266669542118, "p_value": 5.273261463426266e-121}