{"correlation": -0.0070974253554122535, "p_value": 0.0248924734390566}