{"correlation": 0.07081679705998359, "p_value": 3.232774745844017e-111}