{"correlation": 0.09224016367048972, "p_value": 1.3079105381243848e-187}