{"correlation": 0.03367974428010121, "p_value": 1.8003932777385327e-26}