{"correlation": 0.03720744298640234, "p_value": 6.058046939247961e-32}