{"correlation": 0.04281062395974821, "p_value": 9.601709685967585e-42}