{"correlation": 0.08698379877231519, "p_value": 5.489175570235907e-167}