{"correlation": 0.0045533032663731534, "p_value": 0.15014673042786397}