{"correlation": 0.06715208068951285, "p_value": 3.5569126601121814e-100}