{"correlation": -0.03178303748279013, "p_value": 9.46017117855789e-24}