{"correlation": 0.10350549397552754, "p_value": 5.9766177051256715e-236}