{"correlation": 0.11673157203186658, "p_value": 5.892119116674525e-300}