{"correlation": -0.019305932753499667, "p_value": 1.0479483544964318e-09}