{"correlation": 0.06423101099985205, "p_value": 8.510739724438415e-92}