{"correlation": 0.04926173891461634, "p_value": 1.0284608409245558e-54}