{"correlation": -0.08524987216173512, "p_value": 1.877919670774925e-160}