{"correlation": 0.043869295218222394, "p_value": 9.502797314781798e-44}