{"correlation": 0.09752490172697466, "p_value": 1.3939233759045095e-209}