{"correlation": 0.04893658904599678, "p_value": 5.119271005681172e-54}