{"correlation": 0.03176051109137998, "p_value": 1.0168981364545262e-23}