{"correlation": -0.03053076228406212, "p_value": 4.865146332924659e-22}