{"correlation": 0.068729333511672, "p_value": 7.43397518460626e-105}