{"correlation": -0.007924145669554988, "p_value": 0.012267611199385344}