{"correlation": 0.07008167252189268, "p_value": 5.912061126473939e-109}