{"correlation": 0.11216697607805415, "p_value": 5.612872586653539e-277}