{"correlation": 0.08461026552871138, "p_value": 4.4706586083244394e-158}