{"correlation": 0.011290100507628359, "p_value": 0.00035945939301535926}