{"correlation": 0.07858252666352716, "p_value": 1.445899855061073e-136}