{"correlation": 0.08627468009996611, "p_value": 2.6783187303544767e-164}