{"correlation": 0.005150536924540559, "p_value": 0.10357497508685067}