{"correlation": 0.03338418275717277, "p_value": 4.8922875287637113e-26}