{"correlation": 0.09878497820816128, "p_value": 5.266334806136039e-215}