{"correlation": 0.08731844633118761, "p_value": 2.9045456946912623e-168}