{"correlation": 0.11593710729873967, "p_value": 6.87513587916901e-296}