{"correlation": 0.07781749170826689, "p_value": 5.962050770672369e-134}