{"correlation": 0.0800494161446501, "p_value": 1.184057785780199e-141}