{"correlation": 0.07941634241939548, "p_value": 1.9069788479248454e-139}