{"correlation": 0.047821119168635635, "p_value": 1.1627103814348778e-51}