{"correlation": -0.019553051428499363, "p_value": 6.408086286376395e-10}