{"correlation": 0.010451201700876682, "p_value": 0.0009564206481144541}