{"correlation": 0.0353001832466946, "p_value": 6.428567713666961e-29}