{"correlation": 0.044504538524551995, "p_value": 5.645765554536937e-45}