{"correlation": -0.08300900231914812, "p_value": 3.319426581460049e-152}