{"correlation": -0.023000455504430358, "p_value": 3.5968881258877073e-13}