{"correlation": 0.11704868952509265, "p_value": 1.3769899862716684e-301}