{"correlation": 0.059457605962349856, "p_value": 6.573152488224171e-79}