{"correlation": 0.04275203533421584, "p_value": 1.2355505524251162e-41}