{"correlation": 0.08702258935599476, "p_value": 3.906650144657277e-167}