{"correlation": 0.09076792842710588, "p_value": 1.03856368397317e-181}