{"correlation": 0.09089157119955858, "p_value": 3.346950192750804e-182}