{"correlation": 0.040936008034192485, "p_value": 2.585186078601854e-38}