{"correlation": 0.05824522245665975, "p_value": 8.558354817181408e-76}