{"correlation": -0.04798666820373848, "p_value": 5.23834685937159e-52}