{"correlation": 0.04344395449749649, "p_value": 6.152343550757418e-43}