{"correlation": 0.10067578160659309, "p_value": 2.8281679145593642e-223}