{"correlation": 0.09710487039042716, "p_value": 8.631871216812906e-208}