{"correlation": 0.09598754676738347, "p_value": 4.616998343716575e-203}