{"correlation": 0.1062213305494883, "p_value": 1.8813196482584347e-248}