{"correlation": 0.0827976460456065, "p_value": 1.938576985786737e-151}