{"correlation": 0.013809694161598038, "p_value": 1.2737709597056787e-05}