{"correlation": 0.0739585313763154, "p_value": 3.748952173013486e-121}