{"correlation": 0.019369514562824746, "p_value": 9.239037972092228e-10}