{"correlation": 0.11258661157292599, "p_value": 4.740960272159944e-279}