{"correlation": 0.007700726764064703, "p_value": 0.014943729915301228}