{"correlation": 0.09747246626844364, "p_value": 2.3353920582596374e-209}