{"correlation": 0.07156104572820307, "p_value": 1.5672564160938325e-113}