{"correlation": 0.10262550193968979, "p_value": 5.7087787121983126e-232}