{"correlation": 0.11720847066401227, "p_value": 2.0665751393275687e-302}