{"correlation": -0.03486975103511098, "p_value": 2.945990021879407e-28}