{"correlation": 0.03233492522426646, "p_value": 1.586011226423694e-24}