{"correlation": -0.11800919852097556, "p_value": 1.4793984030631826e-306}