{"correlation": 0.03493385816714898, "p_value": 2.351115476553044e-28}