{"correlation": 0.08212654157044959, "p_value": 5.104459025706982e-149}