{"correlation": 0.09960867829703977, "p_value": 1.3753973988442732e-218}