{"correlation": 0.03665297220642747, "p_value": 4.76640133434348e-31}