{"correlation": 0.081478193748395, "p_value": 1.0652070181321666e-146}