{"correlation": -0.02017198144264427, "p_value": 1.8211379991564596e-10}