{"correlation": 0.08079578649043596, "p_value": 2.8099866885823205e-144}