{"correlation": 0.012268480895783427, "p_value": 0.0001055688870478188}