{"correlation": 0.03765932066080306, "p_value": 1.1025519518780265e-32}