{"correlation": 0.11663480186759999, "p_value": 1.8500343595268914e-299}