{"correlation": 0.06447502259096706, "p_value": 1.7553088757395366e-92}