{"correlation": -0.07495749914206452, "p_value": 2.107134321842597e-124}