{"correlation": -0.10307276909525104, "p_value": 5.469439903571583e-234}