{"correlation": -0.020597381824680197, "p_value": 7.505256901440868e-11}