{"correlation": -0.08696996868510877, "p_value": 6.196575001233154e-167}