{"correlation": 0.10293311409456349, "p_value": 2.339876656358122e-233}