{"correlation": 0.06517721380228839, "p_value": 1.806373590095612e-94}