{"correlation": 0.0752942946399343, "p_value": 1.6519523604354785e-125}