{"correlation": 0.028613182457815883, "p_value": 1.5016469741750788e-19}