{"correlation": 0.08988264708734336, "p_value": 3.294360943697212e-178}