{"correlation": 0.11101325978587624, "p_value": 2.5619675353470436e-271}