{"correlation": -0.008920533233751967, "p_value": 0.004813418859249462}