{"correlation": 0.027260476718788458, "p_value": 6.880178293640117e-18}