{"correlation": 0.06618679048506435, "p_value": 2.2979092374414682e-97}