{"correlation": 0.10562569173492684, "p_value": 1.1084006112204816e-245}