{"correlation": 0.014626563095479824, "p_value": 3.786642857440123e-06}