{"correlation": 0.09573398544218385, "p_value": 5.365728674192766e-202}