{"correlation": 0.05183852780969894, "p_value": 2.1163390212631105e-60}