{"correlation": 0.027249042018206986, "p_value": 7.100774982842258e-18}