{"correlation": 0.1002498194063726, "p_value": 2.130648213749362e-221}