{"correlation": -0.019050798652580202, "p_value": 1.7304636237294824e-09}