{"correlation": 0.07706360475801713, "p_value": 2.1246792543474814e-131}