{"correlation": 0.006602276906340158, "p_value": 0.03692636305034287}