{"correlation": 0.04371215143818202, "p_value": 1.8987294950848005e-43}