{"correlation": 0.1071772893592849, "p_value": 6.239877645775723e-253}