{"correlation": -0.0271696758043019, "p_value": 8.836542267627292e-18}