{"correlation": -0.003252087319694499, "p_value": 0.30405422843298113}