{"correlation": 0.059894134141437336, "p_value": 4.7929080569909805e-80}