{"correlation": 0.10898229859350642, "p_value": 1.6816188579863188e-261}