{"correlation": 0.03670180717664914, "p_value": 3.979439785134635e-31}