{"correlation": 0.008424282522301981, "p_value": 0.007758091342505025}