{"correlation": 0.07077784589968608, "p_value": 4.2661271052704334e-111}