{"correlation": 0.037707437104373895, "p_value": 9.185222360990473e-33}