{"correlation": 0.018551401172303344, "p_value": 4.534629168545228e-09}