{"correlation": 0.08382014401063233, "p_value": 3.6421780934206133e-155}