{"correlation": 0.060153372080223776, "p_value": 1.0030665051551598e-80}