{"correlation": 0.09491262901303027, "p_value": 1.4476858903428034e-198}