{"correlation": 0.0022312161022261666, "p_value": 0.4807202563111098}