{"correlation": 0.06407772884037582, "p_value": 2.287278935368245e-91}