{"correlation": -0.036532074262701275, "p_value": 7.44320145793899e-31}