{"correlation": 0.0645545641004701, "p_value": 1.047845460175106e-92}