{"correlation": 0.016850560717057286, "p_value": 1.0053449011315443e-07}