{"correlation": -0.004451971799470736, "p_value": 0.15943078485768303}