{"correlation": 0.10955623708499673, "p_value": 2.9528782742189294e-264}