{"correlation": 0.06978321908705216, "p_value": 4.8236814638062106e-108}