{"correlation": 0.09834520827885763, "p_value": 4.1889135519419816e-213}