{"correlation": 0.07867268692821819, "p_value": 7.08314875332679e-137}