{"correlation": 0.09334498953032093, "p_value": 4.224842804995019e-192}