{"correlation": 0.11662503475152403, "p_value": 2.0763940856231293e-299}