{"correlation": 0.04943729808762362, "p_value": 4.304579034581333e-55}