{"correlation": 0.05272725880535695, "p_value": 1.982461373541167e-62}