{"correlation": 0.10046767565961247, "p_value": 2.3417399558080143e-222}