{"correlation": -0.023401253295379433, "p_value": 1.3967153373132267e-13}