{"correlation": 0.03293960670464193, "p_value": 2.1649198484678264e-25}