{"correlation": 0.0504354536958099, "p_value": 2.8696064873273787e-57}