{"correlation": -0.11237430062802223, "p_value": 5.319060123804788e-278}