{"correlation": 0.09923101410829328, "p_value": 6.095648572801464e-217}