{"correlation": -0.11034939724658646, "p_value": 4.3442608010110175e-268}