{"correlation": -0.016961642369629416, "p_value": 8.282282938014161e-08}