{"correlation": -0.03294638432831066, "p_value": 2.1166962477826146e-25}