{"correlation": 0.07142317162211398, "p_value": 4.224089533889587e-113}