{"correlation": -0.08946679909079332, "p_value": 1.4140465907552334e-176}