{"correlation": 0.10106231412858684, "p_value": 5.511002335967573e-225}