{"correlation": 0.05064766003461873, "p_value": 9.763237913424333e-58}