{"correlation": -0.04514219540544747, "p_value": 3.186493997738392e-46}