{"correlation": 0.09268134166175444, "p_value": 2.1371655008498197e-189}