{"correlation": 0.090522369216437, "p_value": 9.797636561097705e-181}