{"correlation": 0.08903536648450655, "p_value": 6.858561082945503e-175}