{"correlation": 0.016834325950380737, "p_value": 1.0341234426169929e-07}