{"correlation": -0.02063493651825219, "p_value": 6.93441497039303e-11}