{"correlation": 0.09827288462973974, "p_value": 8.58702597032725e-213}