{"correlation": 0.05049473644457594, "p_value": 2.124289416654492e-57}