{"correlation": -0.02726534656543743, "p_value": 6.788296588258473e-18}