{"correlation": 0.07015765582008539, "p_value": 3.4595490120566165e-109}