{"correlation": -0.05347457130059167, "p_value": 3.672342639631422e-64}