{"correlation": 0.06625119735177973, "p_value": 1.4965696347222593e-97}