{"correlation": 0.052851512506001924, "p_value": 1.0253533507484867e-62}