{"correlation": -0.08877487149399146, "p_value": 7.0808626148409425e-174}