{"correlation": -0.06255758262798061, "p_value": 3.644354026978255e-87}