{"correlation": 0.11989018406735522, "p_value": 2.08288343e-316}