{"correlation": 0.07478428308541289, "p_value": 7.76985162908388e-124}