{"correlation": 0.06225632705457814, "p_value": 2.4121250101070543e-86}