{"correlation": 0.028548732055448174, "p_value": 1.8092244595680134e-19}