{"correlation": 0.06975110083954807, "p_value": 6.042992744340429e-108}