{"correlation": 0.08536729316271485, "p_value": 6.845234223356371e-161}