{"correlation": 0.08312670972359511, "p_value": 1.2398699829760358e-152}