{"correlation": 0.024270963037942597, "p_value": 1.6983967693175273e-14}