{"correlation": 0.1080447470170908, "p_value": 4.9555814274206894e-257}