{"correlation": 0.01901555715542773, "p_value": 1.8536734444357414e-09}