{"correlation": -0.09149732405313969, "p_value": 1.2749117001545005e-184}