{"correlation": 0.09810985518778158, "p_value": 4.322186383651403e-212}