{"correlation": -0.048957871028196584, "p_value": 4.6102753374348434e-54}