{"correlation": 0.09240012880903484, "p_value": 2.949377320305098e-188}