{"correlation": 0.022255347851451848, "p_value": 2.0018722219231813e-12}