{"correlation": 0.07024206719144205, "p_value": 1.9062917936837833e-109}