{"correlation": 0.09943214475607126, "p_value": 8.107662707604686e-218}