{"correlation": 0.03323224104608118, "p_value": 8.15134187863814e-26}