{"correlation": 0.0496964097560931, "p_value": 1.1835911816711316e-55}