{"correlation": 0.03216680376520789, "p_value": 2.7413577607382014e-24}