{"correlation": 0.02681490292792126, "p_value": 2.3309302834280954e-17}