{"correlation": 0.054252337045901204, "p_value": 5.447935046983176e-66}