{"correlation": 0.01453741882921989, "p_value": 4.336121072314658e-06}