{"correlation": -0.0604826174179768, "p_value": 1.362656543342056e-81}