{"correlation": 0.05461496942662003, "p_value": 7.491678290596449e-67}