{"correlation": 0.10247359109748341, "p_value": 2.754922564752207e-231}