{"correlation": 0.09592245443483527, "p_value": 8.671629165054944e-203}