{"correlation": 0.10785655399199161, "p_value": 3.8678241313158525e-256}