{"correlation": -0.035448568729986536, "p_value": 3.7874596172244787e-29}