{"correlation": 0.08442808045743742, "p_value": 2.1087926150200504e-157}