{"correlation": 0.10583907077347393, "p_value": 1.1327350185224841e-246}