{"correlation": 0.10523788730162612, "p_value": 6.914728059880803e-244}