{"correlation": 0.12006708651330507, "p_value": 2.4206144e-317}