{"correlation": 0.10799564489220688, "p_value": 8.473833751717329e-257}