{"correlation": 0.07793589594031657, "p_value": 2.356793936899273e-134}