{"correlation": -0.021765745589069036, "p_value": 6.003544915919909e-12}