{"correlation": 0.05757233355527062, "p_value": 4.2985915176559e-74}