{"correlation": 0.039698517795364555, "p_value": 3.920646352112482e-36}