{"correlation": 0.045576740065195014, "p_value": 4.389748220016147e-47}