{"correlation": 0.07110363880911834, "p_value": 4.173013892679703e-112}