{"correlation": 0.03534865436779107, "p_value": 5.409587688069676e-29}