{"correlation": -0.034183030785932184, "p_value": 3.2167906225015608e-27}