{"correlation": 0.10265400968925881, "p_value": 4.247656846819669e-232}