{"correlation": -0.08655047031946253, "p_value": 2.426361762951352e-165}