{"correlation": -0.10003981476968613, "p_value": 1.7820361525502457e-220}