{"correlation": -0.0003646760075580839, "p_value": 0.9082464893493407}