{"correlation": 0.10337738672294339, "p_value": 2.2804611891643548e-235}