{"correlation": 0.0908083025041315, "p_value": 7.176647403949725e-182}