{"correlation": 0.04589719116273589, "p_value": 1.0054041834991555e-47}