{"correlation": 0.07469031768883852, "p_value": 1.5750404584295707e-123}