{"correlation": 0.013012039473853357, "p_value": 3.914962285640183e-05}