{"correlation": 0.06604447399195887, "p_value": 5.918390775790016e-97}