{"correlation": 0.07960420650789933, "p_value": 4.239109341419452e-140}