{"correlation": 0.028493401662369945, "p_value": 2.1223813969571704e-19}