{"correlation": 0.031421391606558664, "p_value": 2.9992726592827054e-23}