{"correlation": 0.09538764226319885, "p_value": 1.5137993928093953e-200}