{"correlation": -0.0408175582871244, "p_value": 4.208345137073605e-38}