{"correlation": 0.06709611476594514, "p_value": 5.189476990958867e-100}