{"correlation": 0.03631978011426294, "p_value": 1.622309712362482e-30}