{"correlation": 0.08373246245344791, "p_value": 7.633038918836964e-155}