{"correlation": 0.05272423404919821, "p_value": 2.0144969540423884e-62}