{"correlation": 0.1108273755437331, "p_value": 2.0644317081483057e-270}