{"correlation": 0.06694590811472144, "p_value": 1.4280330669024808e-99}