{"correlation": 0.060499048150465674, "p_value": 1.2330993451061216e-81}