{"correlation": 0.044148336939408735, "p_value": 2.763189669886371e-44}