{"correlation": -0.11534043010988056, "p_value": 7.465308134323519e-293}