{"correlation": -0.10433707218442484, "p_value": 9.62690528893728e-240}