{"correlation": 0.10056093105906876, "p_value": 9.086430619692917e-223}