{"correlation": -0.11073533678050604, "p_value": 5.793415619087042e-270}