{"correlation": -0.09727849438343077, "p_value": 1.5717141631598039e-208}