{"correlation": -0.003254708324012579, "p_value": 0.3036646600694747}