{"correlation": 0.06705183051107538, "p_value": 6.995755880337283e-100}