{"correlation": 0.106428028202989, "p_value": 2.0390262969216126e-249}