{"correlation": 0.09455295142737964, "p_value": 4.5050135864083e-197}