{"correlation": 0.046678699527319956, "p_value": 2.645888876165823e-49}