{"correlation": 0.026865954240326225, "p_value": 2.0288277719655984e-17}