{"correlation": 0.1180871362904017, "p_value": 5.822017959313943e-307}