{"correlation": 0.07382956359032472, "p_value": 9.77945055614559e-121}