{"correlation": 0.05725644451496627, "p_value": 2.6607965862079283e-73}