{"correlation": 0.07059827047412152, "p_value": 1.5293862380393377e-110}