{"correlation": 0.0814433361131303, "p_value": 1.4177905827422845e-146}