{"correlation": 0.05802715520802299, "p_value": 3.0604806666609784e-75}