{"correlation": 0.08464989219515348, "p_value": 3.188968344485418e-158}