{"correlation": 0.07693987007269092, "p_value": 5.542935273799315e-131}