{"correlation": -0.10528280935853669, "p_value": 4.287300553575674e-244}