{"correlation": -0.0030684925066087458, "p_value": 0.33216855295862413}