{"correlation": 0.08332283187940177, "p_value": 2.3955772616582057e-153}