{"correlation": 0.03403050016811129, "p_value": 5.435713109240088e-27}