{"correlation": 0.004555477358224799, "p_value": 0.14995215577134383}