{"correlation": 0.09057344324347251, "p_value": 6.146329246431485e-181}