{"correlation": 0.030939315628259415, "p_value": 1.3684995974023613e-22}