{"correlation": 0.06058989017920813, "p_value": 7.094144670022841e-82}