{"correlation": 0.10762627181225395, "p_value": 4.756135200727951e-255}