{"correlation": -0.044226984165421715, "p_value": 1.948074394406135e-44}