{"correlation": 0.04372293262790711, "p_value": 1.810811448430323e-43}