{"correlation": 0.0778217594549063, "p_value": 5.766045469580767e-134}