{"correlation": 0.11310204913270869, "p_value": 1.3132910995500536e-281}