{"correlation": 0.033753504008573874, "p_value": 1.4009908679180072e-26}