{"correlation": 0.07628081304785062, "p_value": 8.92315677552676e-129}