{"correlation": 0.03844286315619317, "p_value": 5.475617438248151e-34}