{"correlation": 0.10930668326381324, "p_value": 4.679218324791112e-263}