{"correlation": -0.03997962083640034, "p_value": 1.2699473710176864e-36}