{"correlation": 0.105391789185492, "p_value": 1.3433741279139691e-244}