{"correlation": 0.078489437584583, "p_value": 3.018151977297212e-136}