{"correlation": 0.05177290038040635, "p_value": 2.978545980099955e-60}