{"correlation": 0.0711739829116955, "p_value": 2.522617902749066e-112}