{"correlation": 0.04949636674444342, "p_value": 3.2089332572013515e-55}