{"correlation": 0.08898540638302375, "p_value": 1.0737726226457813e-174}