{"correlation": 0.06891505249747841, "p_value": 2.0558426621921605e-105}