{"correlation": 0.10651509150729145, "p_value": 7.986640818319624e-250}