{"correlation": -0.0944030343706817, "p_value": 1.880622303691755e-196}