{"correlation": 0.01651817040317046, "p_value": 1.7826154094183606e-07}