{"correlation": 0.07912016178772263, "p_value": 2.0267196549903578e-138}