{"correlation": 0.12021115542640938, "p_value": 4.18437e-318}