{"correlation": 0.11154832441682423, "p_value": 6.184986776747295e-274}