{"correlation": 0.007779699002486551, "p_value": 0.013944145745718346}