{"correlation": 0.07761430579316134, "p_value": 2.92175896297854e-133}