{"correlation": 0.08063818746020388, "p_value": 1.0114916100276108e-143}