{"correlation": 0.07170462375151168, "p_value": 5.569867110497853e-114}