{"correlation": -0.10815394097290809, "p_value": 1.5017263851546286e-257}