{"correlation": 0.08912760404955579, "p_value": 2.9958517288215446e-175}