{"correlation": -0.06877111984380424, "p_value": 5.5686822734427685e-105}