{"correlation": 0.048324061416015376, "p_value": 1.0227791129184478e-52}