{"correlation": 0.04900251226731008, "p_value": 3.7005052280848234e-54}