{"correlation": -0.040886563358155235, "p_value": 3.1688556124788247e-38}