{"correlation": 0.07364643869711451, "p_value": 3.804704786285021e-120}