{"correlation": 0.04439303773760671, "p_value": 9.294076361183037e-45}