{"correlation": 0.030206982062331276, "p_value": 1.31384032005845e-21}