{"correlation": 0.10520591444180759, "p_value": 9.715633653920363e-244}