{"correlation": 0.09278456540822314, "p_value": 8.13841953529643e-190}