{"correlation": 0.06999231568599919, "p_value": 1.1094146062687876e-108}