{"correlation": 0.10268094933808955, "p_value": 3.2120675902278023e-232}