{"correlation": 0.02305844155676469, "p_value": 3.1398983953285514e-13}