{"correlation": -0.04266450709263713, "p_value": 1.7996498756031115e-41}