{"correlation": -0.0734748144050351, "p_value": 1.3549840060064593e-119}