{"correlation": 0.07276739590569374, "p_value": 2.465745417526105e-117}