{"correlation": 0.03014827129595154, "p_value": 1.571422683852848e-21}