{"correlation": -0.06907800139526664, "p_value": 6.636716403725643e-106}