{"correlation": 0.0855060206670143, "p_value": 2.0738803599950975e-161}