{"correlation": 0.01574787043180531, "p_value": 6.451189810472188e-07}