{"correlation": -0.001393334311255889, "p_value": 0.659688370052614}