{"correlation": 0.02241695190076577, "p_value": 1.3859810471736526e-12}