{"correlation": 0.03455552972628329, "p_value": 8.847121753172653e-28}