{"correlation": 0.05644918430280622, "p_value": 2.6815138844406527e-71}