{"correlation": 0.1062826313210462, "p_value": 9.737746662884306e-249}