{"correlation": 0.05232740712214079, "p_value": 1.6370389608805032e-61}