{"correlation": 0.09252842601234508, "p_value": 8.914881888841073e-189}