{"correlation": 0.0881301444175362, "p_value": 2.220425607931964e-171}