{"correlation": 0.08651038420236593, "p_value": 3.441528558211036e-165}