{"correlation": -0.07524689897102046, "p_value": 2.36536878738666e-125}