{"correlation": 0.03954417935847357, "p_value": 7.256036871394881e-36}