{"correlation": -0.03383641176876417, "p_value": 1.0561184534237573e-26}