{"correlation": -0.02270322954886074, "p_value": 7.180491529920695e-13}