{"correlation": 0.09163920117090046, "p_value": 3.4396588987368656e-185}