{"correlation": -0.02763705639358418, "p_value": 2.415907604744264e-18}