{"correlation": 0.040198225074852725, "p_value": 5.2564928008765495e-37}