{"correlation": 0.10852050213495675, "p_value": 2.7044119722326316e-259}