{"correlation": 0.085490393504129, "p_value": 2.3727133063412534e-161}