{"correlation": 0.09982351133168442, "p_value": 1.5809878564814008e-219}