{"correlation": -0.03057806535169397, "p_value": 4.2042185172489396e-22}