{"correlation": -0.08820161079262319, "p_value": 1.1766047893211397e-171}