{"correlation": 0.0044858185083713215, "p_value": 0.15628261336523952}