{"correlation": 0.006293356073476499, "p_value": 0.04670735661486433}