{"correlation": 0.08665863892144032, "p_value": 9.440469399773337e-166}