{"correlation": -0.04933445192852845, "p_value": 7.172724620188111e-55}