{"correlation": 0.030841947463827728, "p_value": 1.8542929649028592e-22}