{"correlation": 0.0064096498024594105, "p_value": 0.04279570872335634}