{"correlation": 0.10511613588685564, "p_value": 2.5231960218050714e-243}