{"correlation": -0.11274304844651054, "p_value": 7.960131452738062e-280}