{"correlation": 0.08568098555245034, "p_value": 4.586673172246996e-162}