{"correlation": -0.016480773399781545, "p_value": 1.899994618027489e-07}