{"correlation": 0.020354396760998927, "p_value": 1.2479680022708635e-10}