{"correlation": -0.011143267679542112, "p_value": 0.00042866196635113664}