{"correlation": -0.07390709499723237, "p_value": 5.496330013042461e-121}