{"correlation": 0.03271393466894305, "p_value": 4.571521318440323e-25}