{"correlation": 0.0779827577462158, "p_value": 1.6316346841317847e-134}