{"correlation": -0.007343557816568555, "p_value": 0.020294563740620837}