{"correlation": 0.09106360178626922, "p_value": 6.906774915441918e-183}