{"correlation": -0.06162577531677016, "p_value": 1.2231972920566552e-84}