{"correlation": -0.07062070150733737, "p_value": 1.3041672421494465e-110}