{"correlation": 0.024059173209340243, "p_value": 2.8566295415959233e-14}