{"correlation": 0.0430636245451637, "p_value": 3.219125726459127e-42}