{"correlation": -0.057328627767847404, "p_value": 1.7558571766557e-73}