{"correlation": -0.061902936733803995, "p_value": 2.18855871580401e-85}