{"correlation": -0.02126369519935697, "p_value": 1.8067438453608138e-11}