{"correlation": 0.09539953322451636, "p_value": 1.3500787558357737e-200}