{"correlation": 0.10541541233202334, "p_value": 1.0444302554688847e-244}