{"correlation": 0.04663230549319241, "p_value": 3.289238000212626e-49}