{"correlation": 0.04970104709753141, "p_value": 1.1564841715496573e-55}