{"correlation": 0.036352985359397266, "p_value": 1.4366029082922164e-30}