{"correlation": -0.05909055644233415, "p_value": 5.854716452428961e-78}