{"correlation": -0.04674763029305254, "p_value": 1.9140732506225494e-49}