{"correlation": 0.07606288754114557, "p_value": 4.742489274297372e-128}