{"correlation": 0.10839601160545778, "p_value": 1.0597853947080988e-258}