{"correlation": 0.10228537009433418, "p_value": 1.930331202508302e-230}