{"correlation": 0.10261389175841974, "p_value": 6.4390672811479576e-232}