{"correlation": 0.007907777970028467, "p_value": 0.012448162028697743}