{"correlation": 0.05740054305961054, "p_value": 1.1598732442744332e-73}