{"correlation": -0.07874853676272657, "p_value": 3.883529427150145e-137}