{"correlation": -0.0956263900803512, "p_value": 1.516337753254478e-201}