{"correlation": -0.03643685683717217, "p_value": 1.0562508818811993e-30}