{"correlation": 0.09173680987749167, "p_value": 1.3949522341276548e-185}