{"correlation": 0.016335415284533132, "p_value": 2.4313068821720364e-07}