{"correlation": 0.06709572953361866, "p_value": 5.20298206288727e-100}