{"correlation": 0.0900894581181035, "p_value": 5.0458771557520255e-179}