{"correlation": 0.04380725592183777, "p_value": 1.2492775981882311e-43}