{"correlation": 0.08448988580272801, "p_value": 1.2464131724725104e-157}