{"correlation": 0.08660234019850253, "p_value": 1.543234717587914e-165}