{"correlation": 0.06999398384038019, "p_value": 1.096462989274954e-108}