{"correlation": 0.0646732745183702, "p_value": 4.846100631714279e-93}