{"correlation": 0.08630078631304079, "p_value": 2.1344472898527966e-164}