{"correlation": 0.047788466679738524, "p_value": 1.3602843721030015e-51}