{"correlation": -0.0027596296981514693, "p_value": 0.38313043278247205}