{"correlation": 0.08499591083871622, "p_value": 1.657798731283842e-159}