{"correlation": 0.0787518919638647, "p_value": 3.7815989540663897e-137}