{"correlation": -0.014378122007192044, "p_value": 5.513557187532945e-06}