{"correlation": -0.10229744146006253, "p_value": 1.703933511051045e-230}