{"correlation": 0.09680976252713247, "p_value": 1.5500287587194876e-206}