{"correlation": 0.06604558497198869, "p_value": 5.874888838912432e-97}