{"correlation": 0.06816260858511562, "p_value": 3.67547352200157e-103}