{"correlation": 0.021430970927600324, "p_value": 1.2550586714733493e-11}