{"correlation": 0.01409443822372416, "p_value": 8.406327418918127e-06}