{"correlation": 0.06863470246799255, "p_value": 1.4291545950619543e-104}