{"correlation": -0.09995299764033978, "p_value": 4.282215773366553e-220}