{"correlation": 0.020540954677280086, "p_value": 8.450324773099518e-11}