{"correlation": 0.059219648017582366, "p_value": 2.717414078135416e-78}