{"correlation": 0.003798257292529271, "p_value": 0.22998835755053396}