{"correlation": 0.10533496278602762, "p_value": 2.4607196837798928e-244}