{"correlation": 0.10879232691599337, "p_value": 1.3630857931559024e-260}