{"correlation": 0.025317910571257336, "p_value": 1.2177593025125039e-15}