{"correlation": 0.05181676917913484, "p_value": 2.370358588864416e-60}