{"correlation": 0.10474105960957561, "p_value": 1.3478971847353819e-241}