{"correlation": -0.050985146740606654, "p_value": 1.7413969264824317e-58}