{"correlation": 0.09649680916598272, "p_value": 3.2823042825838185e-205}