{"correlation": 0.06928098570814917, "p_value": 1.6167446925916206e-106}