{"correlation": 0.0648887167598244, "p_value": 1.191272732466259e-93}