{"correlation": 0.1005463514695278, "p_value": 1.0536529263603053e-222}