{"correlation": 0.09306439506407241, "p_value": 5.908540080215637e-191}