{"correlation": 0.10440602806022051, "p_value": 4.651330167971643e-240}