{"correlation": 0.054328619793639225, "p_value": 3.5929607333489813e-66}