{"correlation": 0.008647760624712328, "p_value": 0.006275055608664829}