{"correlation": 0.11425059675345799, "p_value": 2.3792045946735303e-287}