{"correlation": 0.0757430405448944, "p_value": 5.457677256424683e-127}