{"correlation": 0.05187933141200561, "p_value": 1.7108488646383846e-60}