{"correlation": 0.06073472147373466, "p_value": 2.93332619777166e-82}