{"correlation": 0.06659019419056819, "p_value": 1.5555016332117412e-98}