{"correlation": 0.08000673083962172, "p_value": 1.6700728133149615e-141}