{"correlation": 0.06886444229662178, "p_value": 2.919196607365569e-105}