{"correlation": 0.09992972464133724, "p_value": 5.416007232980683e-220}