{"correlation": 0.016565402317239197, "p_value": 1.64435459636501e-07}