{"correlation": 0.11467585431360568, "p_value": 1.7193354376883815e-289}