{"correlation": 0.09578208622989093, "p_value": 3.3710595976173666e-202}