{"correlation": -0.014976893771605635, "p_value": 2.2068416669649327e-06}