{"correlation": 0.06834471655729309, "p_value": 1.0531283656153289e-103}