{"correlation": 0.09400907804651232, "p_value": 7.950211283196127e-195}