{"correlation": 0.025192035170167944, "p_value": 1.6812999101274136e-15}