{"correlation": 0.11795059915326668, "p_value": 2.981411602388748e-306}