{"correlation": 0.02575259350110121, "p_value": 3.9499657305075437e-16}