{"correlation": -0.09320042557494544, "p_value": 1.646280103646708e-191}