{"correlation": 0.11051165923917444, "p_value": 7.086414462909809e-269}