{"correlation": -0.04219532260834616, "p_value": 1.3335818441063908e-40}