{"correlation": -0.11488688149708809, "p_value": 1.478636453994709e-290}