{"correlation": -0.008734487215127104, "p_value": 0.005771975149590949}