{"correlation": 0.01345447683452257, "p_value": 2.115992908682481e-05}