{"correlation": 0.0874685523115748, "p_value": 7.743265020493894e-169}