{"correlation": 0.026183484835957383, "p_value": 1.2702739039136427e-16}