{"correlation": 0.04808604869274955, "p_value": 3.241518388303897e-52}