{"correlation": -0.11228677848004696, "p_value": 1.4390592581959216e-277}