{"correlation": 0.06479566487512989, "p_value": 2.1850392370250002e-93}