{"correlation": 0.10342024900681647, "p_value": 1.4572127636031514e-235}