{"correlation": -0.11896930045504508, "p_value": 1.451009947536e-311}