{"correlation": -0.0011656303775715244, "p_value": 0.7125892968881797}