{"correlation": 0.0940654567900372, "p_value": 4.65688663605417e-195}