{"correlation": 0.11733096531832332, "p_value": 4.819525305355011e-303}