{"correlation": 0.11311555228606583, "p_value": 1.125123054915236e-281}