{"correlation": 0.08321212180209997, "p_value": 6.062473715905676e-153}