{"correlation": 0.08603657081398769, "p_value": 2.116251713490352e-163}