{"correlation": 0.043592185200594546, "p_value": 3.215389880438203e-43}