{"correlation": -0.04423260933983976, "p_value": 1.8999296285306954e-44}