{"correlation": -0.004237463337505002, "p_value": 0.18050710961336008}