{"correlation": 0.10977734535160118, "p_value": 2.5395351703074087e-265}