{"correlation": 0.0596549463016297, "p_value": 2.0170913286975038e-79}