{"correlation": 0.015109824359508342, "p_value": 1.7924794193832957e-06}