{"correlation": 0.038534363030215325, "p_value": 3.840846492985987e-34}