{"correlation": 0.02946005467973848, "p_value": 1.249204368315974e-20}