{"correlation": 0.04533441573159916, "p_value": 1.3289799511525753e-46}