{"correlation": 0.09169219280921477, "p_value": 2.1075383613945296e-185}