{"correlation": 0.019646658673950948, "p_value": 5.310516211294358e-10}