{"correlation": -0.015852235613660556, "p_value": 5.437757776050001e-07}