{"correlation": 0.044984729600228354, "p_value": 6.50493380981159e-46}