{"correlation": 0.10631353233301045, "p_value": 6.985913779071693e-249}