{"correlation": 0.0465963751436112, "p_value": 3.892565144506579e-49}