{"correlation": 0.10611993733134595, "p_value": 5.5866534932775335e-248}