{"correlation": 0.039473025032990786, "p_value": 9.629506549319081e-36}