{"correlation": 0.1139548929808601, "p_value": 7.2514495401835815e-286}