{"correlation": 0.02527081807436616, "p_value": 1.3741971272423764e-15}