{"correlation": 0.08108667580335786, "p_value": 2.624862501042141e-145}