{"correlation": 0.10971317122891715, "p_value": 5.178775429379551e-265}