{"correlation": 0.11027588819235924, "p_value": 9.86915960086595e-268}