{"correlation": 0.012239400724941027, "p_value": 0.00010962768869206162}