{"correlation": 0.0002713862848154785, "p_value": 0.9316510606491631}