{"correlation": -0.10904146161859303, "p_value": 8.757287981872279e-262}