{"correlation": 0.08009643583915656, "p_value": 8.104954330107056e-142}