{"correlation": -0.0560088734649434, "p_value": 3.229253216222148e-70}