{"correlation": -0.04618717432556272, "p_value": 2.6257627466248695e-48}