{"correlation": 0.07460381410031108, "p_value": 3.0161830026763924e-123}