{"correlation": -0.1129676141856794, "p_value": 6.117241257262336e-281}