{"correlation": 0.04664589639884908, "p_value": 3.086133668440864e-49}