{"correlation": 0.0218180299537605, "p_value": 5.3451470173242005e-12}