{"correlation": 0.07790278016832235, "p_value": 3.055746120939173e-134}