{"correlation": -0.019159174685904844, "p_value": 1.3994998280171931e-09}