{"correlation": -0.11435229201735622, "p_value": 7.330978880954089e-288}