{"correlation": 0.04927498195520633, "p_value": 9.631663145331209e-55}