{"correlation": 0.03141655615277318, "p_value": 3.04563631835849e-23}