{"correlation": -0.01829366106969913, "p_value": 7.384759101774547e-09}