{"correlation": 0.11533676642579585, "p_value": 7.791806548540338e-293}