{"correlation": 0.0660331122467232, "p_value": 6.382149243678453e-97}