{"correlation": -0.01253251226136921, "p_value": 7.467544437437294e-05}