{"correlation": 0.11324389722309179, "p_value": 2.5848628859139867e-282}