{"correlation": 0.01961073205065268, "p_value": 5.708154481106326e-10}