{"correlation": 0.11024569126579846, "p_value": 1.3822969560515483e-267}