{"correlation": 0.11543657574297134, "p_value": 2.4264143211832141e-293}