{"correlation": 0.10082731898996847, "p_value": 6.050614746124932e-224}