{"correlation": 0.11153700804602787, "p_value": 7.027897431186103e-274}