{"correlation": -0.016009784597787072, "p_value": 4.1928697833445455e-07}