{"correlation": 0.016021019982305162, "p_value": 4.115471796028346e-07}