{"correlation": 0.084344994071805, "p_value": 4.273396115873972e-157}