{"correlation": -0.01268568550539861, "p_value": 6.0901707765012097e-05}