{"correlation": 0.11850440011598659, "p_value": 3.908847599609455e-309}