{"correlation": -0.03604790506610102, "p_value": 4.3714732019362034e-30}