{"correlation": 0.10161467194238122, "p_value": 1.9304026119793245e-227}