{"correlation": 0.0016257504221735334, "p_value": 0.6073950804296423}