{"correlation": 0.0531035037362438, "p_value": 2.679887780692016e-63}