{"correlation": 0.07779022237506218, "p_value": 7.381402423995611e-134}