{"correlation": -0.026746155995943186, "p_value": 2.8088762785770186e-17}