{"correlation": 0.10865862760078464, "p_value": 5.931282545628651e-260}