{"correlation": -0.033488406270692946, "p_value": 3.442313200249116e-26}