{"correlation": 0.02593295055898175, "p_value": 2.4622687727594933e-16}