{"correlation": 0.041068125507363086, "p_value": 1.498774752398344e-38}