{"correlation": 0.0011780761246016184, "p_value": 0.7096589844816713}