{"correlation": 0.0786871126607525, "p_value": 6.318396461971273e-137}