{"correlation": 0.039627958525706095, "p_value": 5.196452803028634e-36}