{"correlation": 0.02620850150996369, "p_value": 1.18863344543062e-16}