{"correlation": 0.06425070569506824, "p_value": 7.494225339345505e-92}