{"correlation": -0.08212142682103393, "p_value": 5.325012074179697e-149}