{"correlation": -0.06819632013697022, "p_value": 2.916989465063302e-103}