{"correlation": 0.07747574624261541, "p_value": 8.615985430868989e-133}