{"correlation": 0.04674137609652909, "p_value": 1.9711746979791963e-49}