{"correlation": 0.08353515196159128, "p_value": 4.023085562298144e-154}