{"correlation": 0.06999297963065236, "p_value": 1.1042415232827e-108}