{"correlation": 0.024988804080555146, "p_value": 2.8208750283900295e-15}