{"correlation": 0.08166552955890662, "p_value": 2.2863498906347047e-147}