{"correlation": 0.05304061797382379, "p_value": 3.748054798677604e-63}