{"correlation": 0.0283173900318341, "p_value": 3.519632061410767e-19}