{"correlation": 0.04440094704703536, "p_value": 8.971556008731584e-45}