{"correlation": 0.07007695522092483, "p_value": 6.111932717969457e-109}