{"correlation": 0.05903080511591393, "p_value": 8.347446676484582e-78}