{"correlation": 0.07450126104591108, "p_value": 6.50951391466939e-123}