{"correlation": 0.06212304980495938, "p_value": 5.549448510118004e-86}