{"correlation": 0.06628551983695624, "p_value": 1.190631317760313e-97}