{"correlation": 0.04606282528218648, "p_value": 4.6745358610532665e-48}