{"correlation": 0.043003481969292566, "p_value": 4.176501676343742e-42}