{"correlation": 0.05527922394042445, "p_value": 1.911442665553491e-68}