{"correlation": 0.09842825010956147, "p_value": 1.8360011601610328e-213}