{"correlation": 0.08487030392573769, "p_value": 4.8560985281187e-159}