{"correlation": -0.06383522338046597, "p_value": 1.0876468379084368e-90}