{"correlation": 0.09169855476723743, "p_value": 1.9871306562843572e-185}