{"correlation": -0.010578806346120063, "p_value": 0.0008276658468193084}