{"correlation": 0.09763122070422006, "p_value": 4.891380714252229e-210}