{"correlation": 0.05866565431491813, "p_value": 7.237287900988903e-77}