{"correlation": 0.09914044766889268, "p_value": 1.5098622966624755e-216}