{"correlation": 0.08490295927999979, "p_value": 3.6728845148998806e-159}