{"correlation": 0.04976955067920341, "p_value": 8.210936485382249e-56}