{"correlation": 0.12007208621096281, "p_value": 2.2776505e-317}