{"correlation": 0.10320995877165, "p_value": 1.3091412057722448e-234}