{"correlation": 0.012214495003738751, "p_value": 0.00011322044741672065}