{"correlation": -0.0629656494406726, "p_value": 2.776482119699693e-88}