{"correlation": 0.04623851710855356, "p_value": 2.0684114437377017e-48}