{"correlation": 0.052998574165200076, "p_value": 4.6893637169600327e-63}