{"correlation": 0.05647794270886802, "p_value": 2.2777153351596833e-71}