{"correlation": 0.09186797029697735, "p_value": 4.141969315289214e-186}