{"correlation": 0.049849811575155396, "p_value": 5.49359043035417e-56}