{"correlation": 0.10542834467348952, "p_value": 9.099628485998777e-245}