{"correlation": -0.011068103203992602, "p_value": 0.0004687228844469232}