{"correlation": 0.0775222616504119, "p_value": 5.994197147821795e-133}