{"correlation": 0.019417692583093362, "p_value": 8.395655667368338e-10}