{"correlation": 0.09361818416246832, "p_value": 3.2135860428543567e-193}