{"correlation": -0.029600085102504392, "p_value": 8.224209213881683e-21}