{"correlation": 0.07034047356004329, "p_value": 9.507170045860467e-110}