{"correlation": -0.10471901955086274, "p_value": 1.7020933701600722e-241}