{"correlation": 0.1080911207250113, "p_value": 2.9850803192449713e-257}