{"correlation": 0.03076063939921455, "p_value": 2.3880188936017353e-22}