{"correlation": 0.06866976805814369, "p_value": 1.1218667355625148e-104}