{"correlation": 0.08778050918899558, "p_value": 4.926026796294803e-170}