{"correlation": 0.06559637767379449, "p_value": 1.1483307927555928e-95}