{"correlation": 0.021725280446986364, "p_value": 6.567071829375685e-12}