{"correlation": 0.07871997609467536, "p_value": 4.870054668241069e-137}