{"correlation": -0.06422142596791186, "p_value": 9.054108344725309e-92}