{"correlation": 0.05596757610674748, "p_value": 4.0740878156049816e-70}