{"correlation": -0.08364243409550508, "p_value": 1.630348584524159e-154}