{"correlation": -0.007697868720386438, "p_value": 0.014981060004492267}