{"correlation": 0.023739209160458633, "p_value": 6.213953269682957e-14}