{"correlation": 0.11069783410763674, "p_value": 8.819113124257834e-270}