{"correlation": 0.04586510232542666, "p_value": 1.16583998824407e-47}