{"correlation": 0.05913221481019884, "p_value": 4.571009050758922e-78}