{"correlation": -0.030500633056897257, "p_value": 5.33868697940291e-22}