{"correlation": 0.11428559717773418, "p_value": 1.5867950893709416e-287}