{"correlation": -0.07920672686604269, "p_value": 1.0167002520889444e-138}