{"correlation": 0.03367710656104697, "p_value": 1.8165968219781788e-26}