{"correlation": 0.0785049367978467, "p_value": 2.670263734259601e-136}