{"correlation": -0.022906660330586335, "p_value": 4.4779224306500397e-13}