{"correlation": -0.042258605438340154, "p_value": 1.0191903886796039e-40}