{"correlation": 0.11286734776796317, "p_value": 1.92481599754178e-280}