{"correlation": 0.07430301558992493, "p_value": 2.8712259395383066e-122}