{"correlation": 0.0497008596935837, "p_value": 1.1575675327348105e-55}