{"correlation": -0.029130061920046676, "p_value": 3.319778475938026e-20}