{"correlation": 0.10076488618148167, "p_value": 1.1424570867976088e-223}