{"correlation": 0.05954848935014696, "p_value": 3.816852004858137e-79}