{"correlation": -0.005951036389863364, "p_value": 0.06000511756087905}