{"correlation": 0.022467901065315033, "p_value": 1.2336273933001224e-12}