{"correlation": 0.03808304563211486, "p_value": 2.1904738115608647e-33}