{"correlation": -0.10518528936857871, "p_value": 1.2098253373538296e-243}