{"correlation": 0.11038146971404271, "p_value": 3.0363775261209497e-268}