{"correlation": 0.02722903310756555, "p_value": 7.50370359150396e-18}