{"correlation": 0.08430509409379758, "p_value": 5.997465680883788e-157}