{"correlation": 0.049199470228375716, "p_value": 1.3996796807138878e-54}