{"correlation": -0.0903722550480907, "p_value": 3.8516304718195523e-180}