{"correlation": 0.004965038578821621, "p_value": 0.11661564421313135}