{"correlation": 0.11008575089601447, "p_value": 8.220899016517348e-267}