{"correlation": 0.06123235984130504, "p_value": 1.388449140606108e-83}