{"correlation": 0.012570027910900715, "p_value": 7.105260673818575e-05}