{"correlation": -0.015764153444133372, "p_value": 6.281887603709359e-07}