{"correlation": 0.01782760326623361, "p_value": 1.754600047895168e-08}