{"correlation": -0.10368085673614388, "p_value": 9.53173596496555e-237}