{"correlation": 0.029296356223821974, "p_value": 2.031361593023743e-20}