{"correlation": -0.1150804905662866, "p_value": 1.5507491797676804e-291}