{"correlation": 0.09636764775127979, "p_value": 1.1537290524989404e-204}