{"correlation": 0.06689544860927325, "p_value": 2.005384401653394e-99}