{"correlation": 0.0614777152108951, "p_value": 3.057372208222279e-84}