{"correlation": 0.09989165882663528, "p_value": 7.952029205479933e-220}