{"correlation": 0.011451658782246608, "p_value": 0.000295457515690088}