{"correlation": 0.0390672828594483, "p_value": 4.789063670987072e-35}