{"correlation": 0.11193541308458914, "p_value": 7.760479937461617e-276}