{"correlation": -0.021740648098462552, "p_value": 6.3472036000456814e-12}