{"correlation": -0.0666419253881465, "p_value": 1.0999831648359482e-98}