{"correlation": -0.021227372870266336, "p_value": 1.9547796343712392e-11}