{"correlation": 0.08212084636445571, "p_value": 5.350635611695592e-149}