{"correlation": 0.09744575826927564, "p_value": 3.037166823289809e-209}