{"correlation": -0.09747708681667636, "p_value": 2.231595444078797e-209}