{"correlation": 0.0025187415613968462, "p_value": 0.4260243275464024}