{"correlation": 0.09267268915705745, "p_value": 2.3171992519198217e-189}