{"correlation": 0.07636746068708125, "p_value": 4.5865017673075127e-129}