{"correlation": 0.025806553716768803, "p_value": 3.4302780863551003e-16}