{"correlation": -0.01510748619146409, "p_value": 1.799074679380613e-06}