{"correlation": 0.06486600797552154, "p_value": 1.3814628290120177e-93}