{"correlation": 0.05217481585336406, "p_value": 3.6484780887120295e-61}