{"correlation": 0.0970121299531234, "p_value": 2.141304250637138e-207}