{"correlation": 0.10333374344014978, "p_value": 3.597343661847027e-235}