{"correlation": 0.07904090588933411, "p_value": 3.8089690603435986e-138}