{"correlation": -0.06684833623321697, "p_value": 2.7528006047391173e-99}