{"correlation": -0.024184419467296048, "p_value": 2.101578244555854e-14}