{"correlation": 0.05375469214708447, "p_value": 8.116193045284086e-65}