{"correlation": -0.043395312348947356, "p_value": 7.608660000009263e-43}