{"correlation": 0.10243675309231454, "p_value": 4.0338246443387455e-231}