{"correlation": 0.11309731956318991, "p_value": 1.3863811312381163e-281}