{"correlation": 0.051683481555103016, "p_value": 4.741617940371705e-60}