{"correlation": 0.013735074151739525, "p_value": 1.4185048508259759e-05}