{"correlation": 0.06092130122169188, "p_value": 9.373692616828986e-83}