{"correlation": 0.02901576935277886, "p_value": 4.645512752026649e-20}