{"correlation": -0.02780028476384733, "p_value": 1.5281888111403679e-18}