{"correlation": 0.07795622495498103, "p_value": 2.0093471728394995e-134}