{"correlation": 0.09100372765435048, "p_value": 1.1966424479499902e-182}