{"correlation": 0.06510430394472845, "p_value": 2.9119485736627645e-94}