{"correlation": 0.006742001442257302, "p_value": 0.03311084151271566}