{"correlation": -0.009225105826566743, "p_value": 0.003550919321823873}