{"correlation": 0.047956287851706095, "p_value": 6.06498649017814e-52}