{"correlation": 0.11284610061920981, "p_value": 2.4537226533759915e-280}