{"correlation": 0.07117340744749352, "p_value": 2.5330318125474933e-112}