{"correlation": -0.11156596102091229, "p_value": 5.06816987583299e-274}