{"correlation": 0.025519774882021697, "p_value": 7.235929605251981e-16}