{"correlation": -0.046262254076176304, "p_value": 1.852221543165423e-48}