{"correlation": -0.024630575706779522, "p_value": 6.953712561926563e-15}