{"correlation": 0.09747660727284421, "p_value": 2.2421500691894143e-209}