{"correlation": -0.015517581200075863, "p_value": 9.371175666105766e-07}