{"correlation": 0.050400296133975266, "p_value": 3.4293148874147904e-57}