{"correlation": 0.0644815601435314, "p_value": 1.682475373416472e-92}