{"correlation": 0.020690658823583202, "p_value": 6.164863765761466e-11}