{"correlation": 0.016173079765639402, "p_value": 3.19436172488095e-07}