{"correlation": 0.10389448359308003, "p_value": 1.014055522584613e-237}