{"correlation": 0.08557091692904953, "p_value": 1.185467428275761e-161}