{"correlation": 0.02187788446912787, "p_value": 4.6780430288242634e-12}