{"correlation": 0.09529916319647412, "p_value": 3.5460947406079797e-200}