{"correlation": -0.01525596814662002, "p_value": 1.4233304791324191e-06}