{"correlation": 0.0836806247033893, "p_value": 1.1817157826578599e-154}