{"correlation": 0.059105475967442915, "p_value": 5.358173455689774e-78}