{"correlation": 0.05069718337025654, "p_value": 7.586466467927412e-58}