{"correlation": -0.008060106997362926, "p_value": 0.010855318027321134}