{"correlation": 0.030674457639305874, "p_value": 3.1201209300959803e-22}