{"correlation": 0.019887442499649473, "p_value": 3.2625069410271136e-10}