{"correlation": -0.024644019677294737, "p_value": 6.7237388204181895e-15}