{"correlation": -0.0011192310857321066, "p_value": 0.7235509977970869}