{"correlation": 0.08268716077463989, "p_value": 4.867864898977857e-151}