{"correlation": 0.08110748396449591, "p_value": 2.214691183805483e-145}