{"correlation": 0.10461269040157131, "p_value": 5.242200567171563e-241}