{"correlation": 0.09214615174234185, "p_value": 3.1347394913381454e-187}