{"correlation": 0.045177858468840246, "p_value": 2.710005790514448e-46}