{"correlation": 0.012463419169121252, "p_value": 8.180927273727656e-05}