{"correlation": 0.09914934861042689, "p_value": 1.3811442701854176e-216}