{"correlation": -0.019478568315767424, "p_value": 7.436780801592528e-10}