{"correlation": -0.04517529703637243, "p_value": 2.7417276115047504e-46}