{"correlation": 0.0065201262977953745, "p_value": 0.03933988746801625}