{"correlation": 0.07929941315546726, "p_value": 4.8533333551060256e-139}