{"correlation": 0.025685272888674723, "p_value": 4.708159265132548e-16}