{"correlation": 0.028020546068910364, "p_value": 8.202789111125113e-19}