{"correlation": 0.0634599087299531, "p_value": 1.200694396790288e-89}