{"correlation": 0.023269267102202913, "p_value": 1.9105218729729113e-13}