{"correlation": 0.1043722081981938, "p_value": 6.645745079849476e-240}