{"correlation": -0.10045804059844328, "p_value": 2.582234500024495e-222}