{"correlation": -0.0033338927224664206, "p_value": 0.2920515644228043}