{"correlation": 0.10811039643572724, "p_value": 2.417824294602525e-257}