{"correlation": 0.04763377142037453, "p_value": 2.856980871592082e-51}