{"correlation": 0.10291538020356618, "p_value": 2.813772111614143e-233}