{"correlation": 0.11635124224436835, "p_value": 5.257805360250957e-298}