{"correlation": -0.003123714162322072, "p_value": 0.3235410309809538}