{"correlation": 0.02462820930404188, "p_value": 6.994986152998182e-15}