{"correlation": -0.0072123672621885486, "p_value": 0.022643627780369095}