{"correlation": 0.09811074979960827, "p_value": 4.2840577628148845e-212}