{"correlation": -0.007918484231146786, "p_value": 0.012329797910016337}