{"correlation": 0.05826351394991783, "p_value": 7.689120493928141e-76}