{"correlation": 0.06039258197064883, "p_value": 2.3546792389315987e-81}