{"correlation": 0.09882746732547301, "p_value": 3.446849411709754e-215}