{"correlation": 0.04135894936078305, "p_value": 4.4865442948744714e-39}