{"correlation": 0.09102820852990054, "p_value": 9.558511779890474e-183}