{"correlation": -0.03327398748387815, "p_value": 7.086159352219556e-26}