{"correlation": 0.11138088088406851, "p_value": 4.0903727438866576e-273}