{"correlation": -0.004555361086695519, "p_value": 0.14996255685164245}