{"correlation": 0.06945264754248776, "p_value": 4.8815470314444363e-107}