{"correlation": 0.0504211878659862, "p_value": 3.0848157845173796e-57}