{"correlation": 0.047714127701932466, "p_value": 1.9437055197578513e-51}