{"correlation": 0.013654676611468514, "p_value": 1.5919514351938846e-05}