{"correlation": 0.06488734290019701, "p_value": 1.201997669982829e-93}