{"correlation": 0.07678607456140206, "p_value": 1.8214589426173552e-130}