{"correlation": 0.11375433817885029, "p_value": 7.322656406639228e-285}