{"correlation": 0.05648120193899591, "p_value": 2.2359607225181113e-71}