{"correlation": 0.0951899753534408, "p_value": 1.0126909551773564e-199}