{"correlation": 0.012936710410777987, "p_value": 4.3392441050359734e-05}