{"correlation": 0.11229280670437114, "p_value": 1.3437493657652763e-277}