{"correlation": 0.10619421579381584, "p_value": 2.5171848877728894e-248}