{"correlation": -0.061048585155787156, "p_value": 4.2957910707693176e-83}