{"correlation": 0.041107155106099046, "p_value": 1.2754113485300724e-38}