{"correlation": 0.0018605127094073258, "p_value": 0.5565398387439457}