{"correlation": 0.016311038743962357, "p_value": 2.533443877463574e-07}