{"correlation": 0.09139599306253934, "p_value": 3.2456125101315653e-184}