{"correlation": -0.030238580580806907, "p_value": 1.192986069098272e-21}