{"correlation": 0.09205672349854144, "p_value": 7.1936818339844e-187}