{"correlation": 0.028762514961302554, "p_value": 9.735946123706441e-20}