{"correlation": -0.07163338520272788, "p_value": 9.308574589566377e-114}