{"correlation": -0.07961920294754737, "p_value": 3.7590266665017915e-140}