{"correlation": 0.08593093380296116, "p_value": 5.284808945212564e-163}