{"correlation": 0.11350467685957005, "p_value": 1.295007657051994e-283}