{"correlation": 0.05740936152717244, "p_value": 1.1023339929932701e-73}