{"correlation": 0.035502369189929196, "p_value": 3.1246842967494944e-29}