{"correlation": 0.06358160379285542, "p_value": 5.519956231311519e-90}