{"correlation": 0.048218581011114536, "p_value": 1.7064749770579113e-52}