{"correlation": 0.05607526505653428, "p_value": 2.221718117879738e-70}