{"correlation": 0.055210623294364235, "p_value": 2.7976393955439963e-68}