{"correlation": 0.09051513767254564, "p_value": 1.0466093466421579e-180}