{"correlation": 0.05646884227134081, "p_value": 2.39846355557036e-71}