{"correlation": -0.01913910981113306, "p_value": 1.4557222311944656e-09}