{"correlation": 0.06433804351429115, "p_value": 4.2614062505676576e-92}