{"correlation": 0.04434033596333603, "p_value": 1.1758205279269878e-44}