{"correlation": -0.02932448184867552, "p_value": 1.868917633727463e-20}