{"correlation": -0.004631594149054984, "p_value": 0.14326049662915855}