{"correlation": 0.1061925976612409, "p_value": 2.561299740606131e-248}