{"correlation": 0.09178933689648744, "p_value": 8.579409981869952e-186}