{"correlation": 0.06385532874686489, "p_value": 9.559692124245921e-91}