{"correlation": 0.045915448113482984, "p_value": 9.241409402617379e-48}