{"correlation": 0.11455258807664098, "p_value": 7.191444758026016e-289}