{"correlation": 0.09075392107780629, "p_value": 1.1806031939560496e-181}