{"correlation": -0.07392975413491679, "p_value": 4.643953154144804e-121}