{"correlation": 0.06843763435075705, "p_value": 5.558386508453716e-104}