{"correlation": 0.015182443723967362, "p_value": 1.598828566717457e-06}