{"correlation": -0.11037272360417869, "p_value": 3.34796837741009e-268}