{"correlation": -0.08492021404066785, "p_value": 3.16887396201649e-159}