{"correlation": -0.05814860266637533, "p_value": 1.5060630535987848e-75}