{"correlation": 0.06452401973657595, "p_value": 1.2775233452067658e-92}