{"correlation": 0.01566506829290834, "p_value": 7.382437496033153e-07}