{"correlation": 0.02550925691362842, "p_value": 7.435607963411117e-16}