{"correlation": 0.11846265055541601, "p_value": 6.453960945422516e-309}