{"correlation": -0.028152111582087767, "p_value": 5.643691759961175e-19}