{"correlation": 0.02720517790206766, "p_value": 8.01365876369569e-18}