{"correlation": 0.0159361807856516, "p_value": 4.7357611804436556e-07}