{"correlation": 0.10547513203021996, "p_value": 5.526006854058026e-245}