{"correlation": 0.11574880404479214, "p_value": 6.267050093204951e-295}