{"correlation": -0.07196980236852797, "p_value": 8.196809489367603e-115}