{"correlation": 0.10784156654476953, "p_value": 4.554762417958183e-256}