{"correlation": 0.08866867739069567, "p_value": 1.8303434305099868e-173}