{"correlation": 0.06184608167469023, "p_value": 3.116996593554592e-85}