{"correlation": -0.080460684275096, "p_value": 4.267367384683771e-143}