{"correlation": 0.11089537166467309, "p_value": 9.626859110025386e-271}