{"correlation": 0.06935064427384333, "p_value": 9.94839165973811e-107}