{"correlation": -0.06458848905849272, "p_value": 8.407201556572409e-93}