{"correlation": 0.11554134741529083, "p_value": 7.122250869598889e-294}