{"correlation": -0.1183452887571418, "p_value": 2.6399562192359905e-308}