{"correlation": 0.011028635201120473, "p_value": 0.0004911313378883056}