{"correlation": 0.04016331514964901, "p_value": 6.053581014664393e-37}