{"correlation": 0.02820733617273691, "p_value": 4.821420801335316e-19}