{"correlation": 0.11336492380640441, "p_value": 6.447896670987679e-283}