{"correlation": 0.05411197613248184, "p_value": 1.1700502448950667e-65}