{"correlation": 0.09930821096286509, "p_value": 2.8116695931151427e-217}