{"correlation": 0.09363419981820434, "p_value": 2.7624702407484105e-193}