{"correlation": -0.033785172165267614, "p_value": 1.2577494139125157e-26}