{"correlation": 0.06356081214647225, "p_value": 6.3043895455534485e-90}