{"correlation": -0.02024170276782188, "p_value": 1.5767897026713654e-10}