{"correlation": 0.03963902297193229, "p_value": 4.972050899526964e-36}