{"correlation": -0.02343160265044414, "p_value": 1.299332188913291e-13}