{"correlation": 0.10656836408261008, "p_value": 4.499084549529497e-250}