{"correlation": 0.02298070420086629, "p_value": 3.7669918547827676e-13}