{"correlation": 0.044549374662483925, "p_value": 4.618696614179541e-45}