{"correlation": 0.00946159932033069, "p_value": 0.0027873173867722983}