{"correlation": 0.07482014645497179, "p_value": 5.9317798665953864e-124}