{"correlation": 0.11916184428526898, "p_value": 1.41983694789e-312}