{"correlation": 0.1183542874416875, "p_value": 2.369798594424278e-308}