{"correlation": 0.11927671343964039, "p_value": 3.54181394004e-313}