{"correlation": -0.03723996829170581, "p_value": 5.362516422817314e-32}