{"correlation": -0.07836723540019368, "p_value": 7.9198641516596e-136}