{"correlation": 0.10805595558290719, "p_value": 4.3842546568223485e-257}