{"correlation": -0.10531556060909482, "p_value": 3.025371971099486e-244}