{"correlation": -0.03800756551280077, "p_value": 2.9250453631757557e-33}