{"correlation": 0.05747385572031445, "p_value": 7.596268100517912e-74}