{"correlation": 0.06666567632406978, "p_value": 9.381148099153472e-99}