{"correlation": 0.09369535252226377, "p_value": 1.550097888803047e-193}