{"correlation": -0.028539621622919883, "p_value": 1.8574502972777138e-19}