{"correlation": 0.10644139637826538, "p_value": 1.765805654812361e-249}