{"correlation": 0.08031972566144056, "p_value": 1.3355190519898058e-142}