{"correlation": 0.05470225382696436, "p_value": 4.63794539918237e-67}