{"correlation": 0.008423643792846882, "p_value": 0.00776274600753196}