{"correlation": -0.026252022868012703, "p_value": 1.0587533729970283e-16}