{"correlation": 0.1016191974154924, "p_value": 1.842777754581814e-227}