{"correlation": 0.03844840166766237, "p_value": 5.359464145855088e-34}