{"correlation": 0.05196106770708737, "p_value": 1.1167449899463432e-60}