{"correlation": 0.1159620603909447, "p_value": 5.128321764563078e-296}