{"correlation": 0.07534012514163704, "p_value": 1.1672139696530467e-125}