{"correlation": 0.029609325201957207, "p_value": 7.999914686922774e-21}