{"correlation": 0.09462520211854736, "p_value": 2.2607142152416537e-197}