{"correlation": 0.04932612182931106, "p_value": 7.475239090898287e-55}