{"correlation": 0.059359426860898, "p_value": 1.1813725048547954e-78}