{"correlation": 0.10955944755581923, "p_value": 2.8496428375440574e-264}