{"correlation": -0.007327274601365911, "p_value": 0.020574069679447415}