{"correlation": 0.06945631775354155, "p_value": 4.757991982975028e-107}