{"correlation": 0.11665120194666423, "p_value": 1.5240396059548594e-299}