{"correlation": 0.09231112141698203, "p_value": 6.757531015014718e-188}