{"correlation": 0.03698622759327079, "p_value": 1.3846639387917504e-31}