{"correlation": 0.11947816743089593, "p_value": 3.091996484e-314}