{"correlation": 0.007577375255264937, "p_value": 0.016631487569914467}