{"correlation": 0.0038910847957147887, "p_value": 0.21879973842598954}