{"correlation": 0.04523981183556784, "p_value": 2.044749975851662e-46}