{"correlation": -0.02742109169788835, "p_value": 4.410495523259405e-18}