{"correlation": 0.03699146910722688, "p_value": 1.3578830906998683e-31}