{"correlation": 0.016940232608411845, "p_value": 8.598296104799077e-08}