{"correlation": 0.06796557948102629, "p_value": 1.4157387248937351e-102}