{"correlation": 0.1126519638323612, "p_value": 2.250416341673388e-279}