{"correlation": 0.07432121102339868, "p_value": 2.506017129604961e-122}