{"correlation": 0.003150962401384664, "p_value": 0.3193382122744937}