{"correlation": 0.12033014132860825, "p_value": 9.80266e-319}