{"correlation": -0.09316731443215694, "p_value": 2.2473263623611012e-191}