{"correlation": -0.025762713629260293, "p_value": 3.846917727300939e-16}