{"correlation": -0.07583338921110794, "p_value": 2.7400507567433028e-127}