{"correlation": 0.06872682727159987, "p_value": 7.563868468771896e-105}