{"correlation": 0.01669399454643348, "p_value": 1.318439625960683e-07}