{"correlation": 0.0031495229906336776, "p_value": 0.31955933187604296}