{"correlation": 0.07139703745393348, "p_value": 5.096337978524218e-113}