{"correlation": 0.0258346315712409, "p_value": 3.187143591576838e-16}