{"correlation": 0.07224609962852739, "p_value": 1.1047453880081371e-115}