{"correlation": 0.10866996873485207, "p_value": 5.236100127866149e-260}