{"correlation": 0.1060504486577611, "p_value": 1.1771657457717184e-247}