{"correlation": 0.11406970977918637, "p_value": 1.9261201983378777e-286}