{"correlation": 0.07516660504349493, "p_value": 4.3429875144759233e-125}