{"correlation": 0.10317902453442045, "p_value": 1.807492403365479e-234}