{"correlation": 0.026110817482242768, "p_value": 1.540088783069551e-16}