{"correlation": -0.0053840766542972915, "p_value": 0.0888355881718425}