{"correlation": 0.017358547136653656, "p_value": 4.103649332467943e-08}