{"correlation": 0.0117970658562303, "p_value": 0.00019268214143637033}