{"correlation": 0.09029389088210736, "p_value": 7.863327624618307e-180}