{"correlation": 0.08829075011320794, "p_value": 5.324802237792503e-172}