{"correlation": 0.07588768014475784, "p_value": 1.8103617432732844e-127}