{"correlation": -0.07565918675233074, "p_value": 1.0337684118015234e-126}