{"correlation": 0.0962186632347991, "p_value": 4.9078542860399565e-204}