{"correlation": 0.0995605901445678, "p_value": 2.230710597906222e-218}