{"correlation": 0.06260724218649369, "p_value": 2.6664917970001e-87}