{"correlation": 0.04533322759383899, "p_value": 1.3361983068687703e-46}