{"correlation": -0.07771146820421354, "p_value": 1.3670937896797713e-133}