{"correlation": -0.006363940170408774, "p_value": 0.044298844738691764}