{"correlation": 0.07601017559363601, "p_value": 7.098612493144573e-128}