{"correlation": 0.010290608670213952, "p_value": 0.001144812566718229}