{"correlation": -0.03340277939967117, "p_value": 4.5952258755512033e-26}