{"correlation": 0.07199103298650224, "p_value": 7.028844069630926e-115}