{"correlation": 0.10292244156541432, "p_value": 2.6145540990023887e-233}