{"correlation": 0.07586525502385826, "p_value": 2.148464323301468e-127}