{"correlation": -0.0851140911937408, "p_value": 6.021927441521281e-160}