{"correlation": 0.10482279526255772, "p_value": 5.6714827178976005e-242}