{"correlation": 0.03383025853485087, "p_value": 1.078527031448227e-26}