{"correlation": 0.06301447623279542, "p_value": 2.0380665557625417e-88}