{"correlation": 0.06850535927766414, "p_value": 3.486783420551019e-104}