{"correlation": -0.004778520007099531, "p_value": 0.1309946804580972}