{"correlation": 0.08917660976793754, "p_value": 1.928642763151692e-175}