{"correlation": 0.08599801608853612, "p_value": 2.95588644656666e-163}