{"correlation": 0.07577026007819508, "p_value": 4.434965558309621e-127}