{"correlation": 0.005288056511859376, "p_value": 0.09467708760624009}