{"correlation": 0.028041309207797446, "p_value": 7.733604031899465e-19}