{"correlation": 0.10363993286573248, "p_value": 1.4633719720021594e-236}