{"correlation": -0.0781593141748015, "p_value": 4.074484169963587e-135}