{"correlation": 0.0588398003157454, "p_value": 2.5878888781099797e-77}