{"correlation": 0.08977131659837408, "p_value": 9.028730142718176e-178}