{"correlation": 0.0748439444418466, "p_value": 4.958662524249583e-124}