{"correlation": 0.0837171692681979, "p_value": 8.68378914728527e-155}