{"correlation": 0.05826178867606233, "p_value": 7.767200342419759e-76}