{"correlation": -0.04838360106239175, "p_value": 7.657343275529131e-53}