{"correlation": 0.032721057225052086, "p_value": 4.4652815667003145e-25}