{"correlation": 0.039783300112905595, "p_value": 2.7929324538202302e-36}