{"correlation": 0.045250157813086264, "p_value": 1.9507217138763555e-46}