{"correlation": 0.07610802361018146, "p_value": 3.356737280777672e-128}