{"correlation": 0.014297167974496861, "p_value": 6.223665169903246e-06}