{"correlation": 0.05333275921369742, "p_value": 7.862011649630922e-64}