{"correlation": 0.09066073745657535, "p_value": 2.768415197578065e-181}