{"correlation": 0.07787697338621127, "p_value": 3.740970104871552e-134}