{"correlation": 0.021567119582698743, "p_value": 9.310991753733131e-12}