{"correlation": 0.030904672182365322, "p_value": 1.524871598070851e-22}