{"correlation": 0.08658499342609269, "p_value": 1.79542950975015e-165}