{"correlation": 0.05354317075330005, "p_value": 2.5392787063477265e-64}