{"correlation": -0.03818824670306812, "p_value": 1.4624407112032161e-33}