{"correlation": 0.1190691076805847, "p_value": 4.351405228097e-312}