{"correlation": 0.04465053219093488, "p_value": 2.933958055186767e-45}