{"correlation": 0.042086145631909995, "p_value": 2.1186336523039077e-40}