{"correlation": 0.06231974615197712, "p_value": 1.6215967043280326e-86}