{"correlation": 0.07130813513771696, "p_value": 9.646343785147602e-113}