{"correlation": 0.05333925405271385, "p_value": 7.592978292980129e-64}