{"correlation": 0.08280975038931766, "p_value": 1.7524418346984813e-151}