{"correlation": -0.00634361698139488, "p_value": 0.04498133499659786}