{"correlation": 0.10859845368236515, "p_value": 1.1489792137601603e-259}