{"correlation": 0.017289382469259467, "p_value": 4.642951635679248e-08}