{"correlation": -0.018893826492614715, "p_value": 2.3485910960084672e-09}