{"correlation": 0.04676237210947133, "p_value": 1.7859103821394468e-49}