{"correlation": 0.04768646180161229, "p_value": 2.2194940827355188e-51}