{"correlation": 0.09494063171543943, "p_value": 1.1071168987309165e-198}