{"correlation": 0.11263763991590138, "p_value": 2.6497614211487834e-279}