{"correlation": 0.09829032327786075, "p_value": 7.222660041579214e-213}