{"correlation": 0.11696489389580149, "p_value": 3.719121503109886e-301}