{"correlation": 0.11648321825979543, "p_value": 1.1084125587574617e-298}