{"correlation": 0.1015022638687035, "p_value": 6.116157453345644e-227}