{"correlation": 0.07333441208648273, "p_value": 3.8214984654862906e-119}