{"correlation": -0.058383991773824986, "p_value": 3.7944351456524714e-76}