{"correlation": 0.10652306199965994, "p_value": 7.32962345898313e-250}