{"correlation": 0.03631156912534569, "p_value": 1.6717912938667274e-30}