{"correlation": 0.05386976886435923, "p_value": 4.355488750569798e-65}