{"correlation": 0.08614119327783777, "p_value": 8.539558688113042e-164}