{"correlation": 0.07955564273482267, "p_value": 6.255269038092226e-140}