{"correlation": 0.0701634712501792, "p_value": 3.320455836587432e-109}