{"correlation": 0.030868441513612767, "p_value": 1.7073375937714015e-22}