{"correlation": -0.018535208723921417, "p_value": 4.6766028412015125e-09}