{"correlation": -0.10844811163752008, "p_value": 5.985050730133083e-259}