{"correlation": 0.04859445994444226, "p_value": 2.7394274624900173e-53}