{"correlation": 0.08291600383258463, "p_value": 7.220004733545189e-152}