{"correlation": 0.08505782401306139, "p_value": 9.754505862050877e-160}