{"correlation": 0.058736253583392996, "p_value": 4.771670803442379e-77}