{"correlation": 0.019777300502384566, "p_value": 4.079834981098443e-10}