{"correlation": 0.07692539379335707, "p_value": 6.200370688209739e-131}