{"correlation": 0.012411110820035053, "p_value": 8.763347301583246e-05}