{"correlation": 0.11517524169733824, "p_value": 5.1363195562674436e-292}