{"correlation": 0.0842739480327361, "p_value": 7.813029091218858e-157}