{"correlation": 0.042874247839111236, "p_value": 7.298879781644259e-42}