{"correlation": 0.08902334962484529, "p_value": 7.639574525311412e-175}