{"correlation": 0.08758824670507553, "p_value": 2.693880497018613e-169}