{"correlation": 0.027883096173513953, "p_value": 1.210121237391911e-18}