{"correlation": 0.06853222957241668, "p_value": 2.897454248149371e-104}