{"correlation": -0.07905774061348132, "p_value": 3.331405062758181e-138}