{"correlation": 0.05762781261560846, "p_value": 3.1176963262964575e-74}