{"correlation": 0.09489567127180754, "p_value": 1.7029240847268473e-198}