{"correlation": 0.019553147834891947, "p_value": 6.406849330679594e-10}