{"correlation": 0.06455825778716216, "p_value": 1.0230242947531048e-92}