{"correlation": 0.08855999144659396, "p_value": 4.8321349571710314e-173}