{"correlation": 0.009153272047002831, "p_value": 0.0038179953611414408}