{"correlation": 0.011585411415457585, "p_value": 0.0002507180880419546}