{"correlation": 0.0856310789383893, "p_value": 7.055833972580226e-162}