{"correlation": -0.0032219912634857415, "p_value": 0.30855128488199646}