{"correlation": 0.06409670201106671, "p_value": 2.0240910760698451e-91}