{"correlation": -0.08366319461424764, "p_value": 1.3687070845167734e-154}