{"correlation": -0.05080563082340682, "p_value": 4.362763563903745e-58}