{"correlation": 0.10993742632328711, "p_value": 4.285230293879007e-266}