{"correlation": 0.10822985938104214, "p_value": 6.543036987003952e-258}