{"correlation": 0.062362010447413734, "p_value": 1.2442706372198404e-86}