{"correlation": 0.06443307080498643, "p_value": 2.303635000937507e-92}