{"correlation": 0.058379480988579015, "p_value": 3.896213619807759e-76}