{"correlation": 0.08088657040382818, "p_value": 1.3420768843174094e-144}