{"correlation": 0.11416750763428264, "p_value": 6.220334188510803e-287}