{"correlation": 0.10011836509137317, "p_value": 8.056195370514182e-221}