{"correlation": 0.07298526474294154, "p_value": 4.991850288502847e-118}