{"correlation": 0.09905214502331576, "p_value": 3.653052707406446e-216}