{"correlation": 0.07897220988776617, "p_value": 6.577909682872526e-138}