{"correlation": 0.037878583617208784, "p_value": 4.78828908543687e-33}