{"correlation": 0.03227994032072443, "p_value": 1.8974397721436794e-24}