{"correlation": 0.062161646029455855, "p_value": 4.360541215887532e-86}