{"correlation": -0.003866589647889851, "p_value": 0.22171347197650385}