{"correlation": -0.03527710191131351, "p_value": 6.978608170935888e-29}