{"correlation": 0.09337819902110582, "p_value": 3.090182791014046e-192}