{"correlation": -0.009325238619483266, "p_value": 0.0032069534191910922}