{"correlation": 0.06103605153518664, "p_value": 4.639197103979365e-83}