{"correlation": 0.08873408441872402, "p_value": 1.019900794739834e-173}