{"correlation": 0.1011861115855025, "p_value": 1.5561718149727927e-225}