{"correlation": 0.08506007272195266, "p_value": 9.568338644496115e-160}