{"correlation": 0.07975472005447334, "p_value": 1.267420793704007e-140}