{"correlation": -0.0372162294850691, "p_value": 5.861776657956999e-32}