{"correlation": -0.03963507222778133, "p_value": 5.051049780475478e-36}