{"correlation": 0.03937535700053957, "p_value": 1.418889327976703e-35}