{"correlation": 0.03785972450225127, "p_value": 5.145375478958581e-33}