{"correlation": 0.10290716410927984, "p_value": 3.0647321857953427e-233}