{"correlation": 0.050126174098130694, "p_value": 1.3700279856375216e-56}