{"correlation": -0.010322747489875314, "p_value": 0.0011045653832508337}