{"correlation": 0.07297130114654146, "p_value": 5.530746849052149e-118}