{"correlation": 0.05586268353982947, "p_value": 7.345932004882964e-70}