{"correlation": 0.00013960361420209118, "p_value": 0.9648089801073293}