{"correlation": 0.07780987035893433, "p_value": 6.32876893857699e-134}