{"correlation": 0.10122977073603283, "p_value": 9.95908720263657e-226}