{"correlation": 0.10009352349869516, "p_value": 1.0356160057836492e-220}