{"correlation": -0.06941516482948397, "p_value": 6.342045019121728e-107}