{"correlation": 0.012233597006222249, "p_value": 0.00011045515885356427}