{"correlation": 0.0423327916195376, "p_value": 7.432789092265351e-41}