{"correlation": 0.012246139363046877, "p_value": 0.00010867425936574379}