{"correlation": 0.015206208835901623, "p_value": 1.539944000938584e-06}