{"correlation": 0.10986336311009606, "p_value": 9.764555595250413e-266}