{"correlation": 0.06842372224205051, "p_value": 6.116829963814272e-104}