{"correlation": 0.09990933400408676, "p_value": 6.653283328855295e-220}