{"correlation": -0.0011633130700981682, "p_value": 0.7131353701052258}