{"correlation": 0.08792794522046135, "p_value": 1.3351921682972357e-170}