{"correlation": 0.058865479781897774, "p_value": 2.2231750484043883e-77}