{"correlation": 0.04857662669367033, "p_value": 2.988754317210576e-53}