{"correlation": -0.007655137488960685, "p_value": 0.01554906664770528}