{"correlation": 0.05207333869849941, "p_value": 6.208891735466316e-61}