{"correlation": -0.02014545546636706, "p_value": 1.9235056381029595e-10}