{"correlation": 0.02380310849422256, "p_value": 5.3249262106426355e-14}