{"correlation": 0.06059760928728609, "p_value": 6.768330898295922e-82}