{"correlation": -0.05204117242746693, "p_value": 7.347032288158067e-61}