{"correlation": -0.028227085892742126, "p_value": 4.557071507338256e-19}