{"correlation": 0.013492252957785104, "p_value": 2.0059603964390292e-05}