{"correlation": 0.03557832373934329, "p_value": 2.380401737770403e-29}