{"correlation": 0.057973592801606515, "p_value": 4.1821499404823816e-75}