{"correlation": 0.08435139509075101, "p_value": 4.047181270097614e-157}