{"correlation": 0.11019622203985321, "p_value": 2.400043598415701e-267}