{"correlation": 0.0762702968317063, "p_value": 9.673323934306312e-129}