{"correlation": 0.03623977830640611, "p_value": 2.1734143027792927e-30}