{"correlation": -0.01887311572875762, "p_value": 2.4447276607966788e-09}