{"correlation": -0.039197990429226906, "p_value": 2.861595390854018e-35}