{"correlation": 0.06009061572763899, "p_value": 1.4656725378186081e-80}