{"correlation": -0.040630303846321054, "p_value": 9.065989210824534e-38}