{"correlation": 0.09480404670121127, "p_value": 4.092666807024928e-198}