{"correlation": -0.04180886761474884, "p_value": 6.828198542058067e-40}