{"correlation": 0.05715443386913521, "p_value": 4.783449444520606e-73}