{"correlation": 0.03508110858751026, "p_value": 1.3982969409595674e-28}