{"correlation": -0.09925300758680342, "p_value": 4.889949286843563e-217}