{"correlation": 0.022213322061219225, "p_value": 2.2018058034847466e-12}