{"correlation": 0.045000540793802876, "p_value": 6.055797863325601e-46}