{"correlation": 0.11977913919752313, "p_value": 8.0296035e-316}