{"correlation": 0.057265316268151296, "p_value": 2.528346826732023e-73}