{"correlation": 0.023263127313741888, "p_value": 1.9384850394610845e-13}