{"correlation": -0.04134276520890421, "p_value": 4.799088763411209e-39}