{"correlation": 0.02438800849395405, "p_value": 1.2718021162032017e-14}