{"correlation": 0.06890227101437474, "p_value": 2.2462432451552135e-105}