{"correlation": -0.09824898436077104, "p_value": 1.0884547531953104e-212}