{"correlation": 0.11330065995127425, "p_value": 1.348022926575157e-282}