{"correlation": 0.00024877532250782266, "p_value": 0.9373334001100836}