{"correlation": 0.03720020589968979, "p_value": 6.224596952851698e-32}