{"correlation": -0.0788524928660507, "p_value": 1.7025529026506382e-137}