{"correlation": -0.0913340990411206, "p_value": 5.740493364151407e-184}