{"correlation": -0.08848853481956503, "p_value": 9.142033921506507e-173}