{"correlation": 0.042230038515582366, "p_value": 1.1507638225805982e-40}