{"correlation": 0.0983744918063595, "p_value": 3.1319319423605265e-213}