{"correlation": 0.042587953182965335, "p_value": 2.498992603201586e-41}