{"correlation": -0.02731213733571671, "p_value": 5.964957919846236e-18}