{"correlation": 0.06636039591552453, "p_value": 7.226494577972443e-98}