{"correlation": 0.08337579394778147, "p_value": 1.535728936331018e-153}