{"correlation": 0.11016910801281048, "p_value": 3.2471824626826938e-267}