{"correlation": 0.021047887575334753, "p_value": 2.8792351737192314e-11}