{"correlation": 0.07822638345234756, "p_value": 2.4033598650198032e-135}