{"correlation": 0.09079335410011855, "p_value": 8.229227165669171e-182}