{"correlation": 0.10277706703355252, "p_value": 1.184415512800661e-232}