{"correlation": 0.02908464984239621, "p_value": 3.7945199463440475e-20}