{"correlation": -0.06864951815257524, "p_value": 1.290219493708995e-104}