{"correlation": -0.11177959671216034, "p_value": 4.529996740356409e-275}