{"correlation": 0.038167685028523204, "p_value": 1.5827406447507694e-33}