{"correlation": 0.06182034591446513, "p_value": 3.6576977132791266e-85}