{"correlation": 0.11755931157755589, "p_value": 3.1812843034072546e-304}