{"correlation": 0.07928383630764853, "p_value": 5.495909013728299e-139}