{"correlation": 0.07651224520327589, "p_value": 1.5058259245454515e-129}