{"correlation": 0.07662139894652267, "p_value": 6.493742782815677e-130}