{"correlation": 0.09735280735745684, "p_value": 7.57442572995278e-209}