{"correlation": 0.11531629038788786, "p_value": 9.897543159062333e-293}