{"correlation": 0.08105011677695864, "p_value": 3.537626415245332e-145}