{"correlation": 0.07367536651977644, "p_value": 3.070556814265761e-120}