{"correlation": -0.05381427223311828, "p_value": 5.881264422876114e-65}