{"correlation": 0.047827539214616833, "p_value": 1.1273662225753882e-51}