{"correlation": 0.09376831286124895, "p_value": 7.775900157024139e-194}