{"correlation": 0.12002553480101258, "p_value": 4.0142933e-317}