{"correlation": -0.08219073285933184, "p_value": 3.0011843223744963e-149}