{"correlation": 0.0808249485800117, "p_value": 2.2164305232548716e-144}