{"correlation": 0.11053562953191201, "p_value": 5.419929667492261e-269}