{"correlation": 0.09350327210081809, "p_value": 9.505974017890091e-193}