{"correlation": 0.03438902894333071, "p_value": 1.5780858614125084e-27}