{"correlation": 0.06716157218256487, "p_value": 3.336088680233216e-100}