{"correlation": 0.0852871279969125, "p_value": 1.363581262411029e-160}