{"correlation": 0.0852108369747576, "p_value": 2.625702807664864e-160}