{"correlation": -0.002913300633283339, "p_value": 0.35720255100565224}