{"correlation": 0.020081047930478657, "p_value": 2.1960272033352707e-10}