{"correlation": 0.06925097323958808, "p_value": 1.9926789169825446e-106}