{"correlation": 0.061556357494475404, "p_value": 1.8799588814412823e-84}