{"correlation": 0.02702243613714831, "p_value": 1.323628745862826e-17}