{"correlation": 0.029204531256844444, "p_value": 2.6651834531775994e-20}