{"correlation": 0.04084828297777326, "p_value": 3.7091786453614676e-38}