{"correlation": 0.1157249896501298, "p_value": 8.28573759805837e-295}