{"correlation": 0.032030440134090246, "p_value": 4.264191197053552e-24}