{"correlation": 0.07424851655683923, "p_value": 4.314662131524323e-122}