{"correlation": 0.06660695050107686, "p_value": 1.3903999446035443e-98}