{"correlation": 0.08516767399195131, "p_value": 3.8030217345898203e-160}