{"correlation": 0.10332813551531847, "p_value": 3.8142788212762635e-235}