{"correlation": 0.014078679561478433, "p_value": 8.603660209317766e-06}