{"correlation": -0.1043071105364335, "p_value": 1.320336099933548e-239}