{"correlation": 0.06675673812472555, "p_value": 5.093074438345648e-99}