{"correlation": 0.10553684085937572, "p_value": 2.8613234854023723e-245}