{"correlation": 0.08293372621249855, "p_value": 6.226668131574645e-152}