{"correlation": 0.004140360019249825, "p_value": 0.19070148061869435}