{"correlation": 0.10696297663013274, "p_value": 6.35235184203376e-252}