{"correlation": 0.11726368325624781, "p_value": 1.0724065908819548e-302}