{"correlation": 0.03464117154331837, "p_value": 6.562383801293204e-28}