{"correlation": 0.10321390606083479, "p_value": 1.2563410927094995e-234}