{"correlation": 0.11569990956270346, "p_value": 1.1117744648458029e-294}