{"correlation": 0.06123851299895082, "p_value": 1.3368448631346096e-83}