{"correlation": 0.011108613656252308, "p_value": 0.000446717217983732}