{"correlation": -0.0006257045904919905, "p_value": 0.8432446232982648}