{"correlation": -0.016343786771227678, "p_value": 2.397157172473352e-07}