{"correlation": 0.07728445698500983, "p_value": 3.822141153284411e-132}