{"correlation": 0.11780027298630115, "p_value": 1.7965264708936466e-305}