{"correlation": 0.0920136173783815, "p_value": 1.0732787769425854e-186}