{"correlation": 0.10378223795221905, "p_value": 3.2931863798190176e-237}