{"correlation": 0.0497425315509252, "p_value": 9.399088991622148e-56}