{"correlation": 0.10393941765187785, "p_value": 6.325846499334086e-238}