{"correlation": 0.09950673000955516, "p_value": 3.833042440504956e-218}