{"correlation": -0.035694966814754356, "p_value": 1.5657173368656248e-29}