{"correlation": 0.08384332814449037, "p_value": 2.9946002941960555e-155}