{"correlation": 0.0002464005099658893, "p_value": 0.9379304022828752}