{"correlation": 0.027282505230785497, "p_value": 6.4741040465228104e-18}