{"correlation": 0.061462234593095855, "p_value": 3.3642699398265635e-84}