{"correlation": 0.06654083500471994, "p_value": 2.1644390849797647e-98}