{"correlation": 0.05539724048341776, "p_value": 9.91479743575532e-69}