{"correlation": 0.07077785339932538, "p_value": 4.265899346837737e-111}