{"correlation": 0.026175481449729872, "p_value": 1.2975415666041184e-16}