{"correlation": 0.10713728078607819, "p_value": 9.626402380040103e-253}