{"correlation": 0.05139322746705832, "p_value": 2.132882758038284e-59}