{"correlation": 0.10204350571618653, "p_value": 2.3431707241912937e-229}