{"correlation": -0.0170119588771791, "p_value": 7.583239987787357e-08}