{"correlation": 0.05999119324027429, "p_value": 2.6706915573301534e-80}