{"correlation": 0.10775132977522886, "p_value": 1.2182183371579766e-255}