{"correlation": 0.04674771311172703, "p_value": 1.913328261839579e-49}