{"correlation": 0.016994561467469724, "p_value": 7.818218827977232e-08}