{"correlation": -0.0019011666349668436, "p_value": 0.5479486377522708}