{"correlation": 0.04109457723718523, "p_value": 1.343518880675731e-38}