{"correlation": 0.030326060246636678, "p_value": 9.128346772200909e-22}