{"correlation": 0.0791866874145252, "p_value": 1.1928302976537351e-138}