{"correlation": 0.012667540482137439, "p_value": 6.239785394245354e-05}