{"correlation": -0.03288942934721785, "p_value": 2.557464333406156e-25}