{"correlation": 0.11847944435641165, "p_value": 5.27514693061622e-309}