{"correlation": -0.10798381141244937, "p_value": 9.643009403002762e-257}