{"correlation": 0.050086582515577176, "p_value": 1.672388576721649e-56}