{"correlation": 0.10512107617944476, "p_value": 2.3941567180527434e-243}