{"correlation": 0.10741576303530147, "p_value": 4.692280238160507e-254}