{"correlation": 0.11132564235048144, "p_value": 7.623225337317828e-273}