{"correlation": 0.08474638819501353, "p_value": 1.3998270886392662e-158}