{"correlation": 0.0362315464148168, "p_value": 2.239729413425085e-30}