{"correlation": 0.038956319410333576, "p_value": 7.405083019806877e-35}