{"correlation": 0.10803365853545117, "p_value": 5.593942018313507e-257}