{"correlation": 0.04205111962764944, "p_value": 2.457211187258716e-40}