{"correlation": -0.010311297247335476, "p_value": 0.0011187519477676255}