{"correlation": 0.057131234079703615, "p_value": 5.4652453067173936e-73}