{"correlation": 0.07316801122163531, "p_value": 1.3025450217147242e-118}