{"correlation": 0.0753820045735729, "p_value": 8.496247083825473e-126}