{"correlation": -0.05855301291252508, "p_value": 1.405270857970469e-76}