{"correlation": 0.007864897133208495, "p_value": 0.012932382726924138}