{"correlation": 0.11766310577348942, "p_value": 9.23155956374666e-305}