{"correlation": 0.09603303013216317, "p_value": 2.9714660842830043e-203}