{"correlation": 0.09364525319897256, "p_value": 2.4885861151671463e-193}