{"correlation": 0.08402461504975697, "p_value": 6.466840124220685e-156}