{"correlation": -0.040842780984005116, "p_value": 3.794023627435528e-38}