{"correlation": 0.07736389850117906, "p_value": 2.0597089742674327e-132}