{"correlation": 0.017269303192705664, "p_value": 4.811981803958279e-08}