{"correlation": 0.006222889128798899, "p_value": 0.04922085986595919}