{"correlation": -0.021356196970354645, "p_value": 1.4775523868402916e-11}