{"correlation": 0.07624853453910223, "p_value": 1.1431619389273369e-128}