{"correlation": 0.10111420173543927, "p_value": 3.244422359967279e-225}