{"correlation": 0.06379908159598809, "p_value": 1.3714788543424851e-90}