{"correlation": 0.008557975040666592, "p_value": 0.006837139120853253}