{"correlation": 0.0962606677488777, "p_value": 3.2637139606091036e-204}