{"correlation": -0.07057077728646094, "p_value": 1.859020075745441e-110}