{"correlation": 0.08132928107175905, "p_value": 3.610360495397859e-146}