{"correlation": 0.10403840079727575, "p_value": 2.2353225325497212e-238}