{"correlation": 0.022821240247562463, "p_value": 5.462649460169987e-13}