{"correlation": 0.061924260579565564, "p_value": 1.9165549882529283e-85}