{"correlation": 0.056660319441544045, "p_value": 8.075258077995348e-72}