{"correlation": -0.03752722576523384, "p_value": 1.818082111825345e-32}