{"correlation": 0.09125471904149894, "p_value": 1.1921150803704785e-183}