{"correlation": 0.03049090467999441, "p_value": 5.501117969303667e-22}