{"correlation": 0.023972824217270684, "p_value": 3.526715800254064e-14}