{"correlation": 0.03500027746847274, "p_value": 1.8603572466167041e-28}