{"correlation": -0.10293910677770315, "p_value": 2.19848520677518e-233}