{"correlation": 0.07497700219053821, "p_value": 1.8188641563457086e-124}