{"correlation": 0.024712814603079027, "p_value": 5.659121902840495e-15}