{"correlation": 0.015566041130219851, "p_value": 8.666758565572581e-07}