{"correlation": 0.060043710703403225, "p_value": 1.945490388546507e-80}