{"correlation": 0.10378860188426078, "p_value": 3.0805485079766296e-237}