{"correlation": 0.050265670064594065, "p_value": 6.776946841754948e-57}