{"correlation": 0.08042473349130366, "p_value": 5.709730761132478e-143}