{"correlation": 0.05506935803799176, "p_value": 6.1207702703920175e-68}