{"correlation": 0.08995524631843525, "p_value": 1.705873462337248e-178}