{"correlation": -0.03731048016853751, "p_value": 4.115194869392855e-32}