{"correlation": 0.02419446766417366, "p_value": 2.0503192487010087e-14}