{"correlation": -0.05247570487229503, "p_value": 7.4959605934511644e-62}