{"correlation": 0.0696336134179996, "p_value": 1.3768406513617513e-107}