{"correlation": 0.0480709974112389, "p_value": 3.486144840052554e-52}