{"correlation": -0.03951279902080382, "p_value": 8.221094287420134e-36}