{"correlation": 0.08888014731804315, "p_value": 2.758750643186661e-174}