{"correlation": 0.04887255757634177, "p_value": 7.013414746690874e-54}