{"correlation": -0.004772018911644889, "p_value": 0.1315196099326215}