{"correlation": 0.02454179041402841, "p_value": 8.67923162688669e-15}