{"correlation": 0.022706466507118384, "p_value": 7.126968580558979e-13}