{"correlation": -0.0016988993652289476, "p_value": 0.5913276649301007}