{"correlation": 0.05348996488396248, "p_value": 3.3806882013646854e-64}