{"correlation": 0.06966250599051267, "p_value": 1.1245814972421955e-107}