{"correlation": 0.07220041659758634, "p_value": 1.5395828006892934e-115}