{"correlation": 0.06939849195213744, "p_value": 7.124796198709092e-107}