{"correlation": 0.10978517417533039, "p_value": 2.328026393273033e-265}