{"correlation": 0.0929187392050988, "p_value": 2.316401205705093e-190}