{"correlation": 0.032485967563755075, "p_value": 9.67722412450559e-25}