{"correlation": 0.07877868194463516, "p_value": 3.057921601609301e-137}