{"correlation": 0.0874791764475469, "p_value": 7.050972924432972e-169}