{"correlation": 0.10926240562951464, "p_value": 7.634504551455467e-263}