{"correlation": 0.04738947872181084, "p_value": 9.177503957132411e-51}