{"correlation": 0.07540774857920941, "p_value": 6.988837560743957e-126}