{"correlation": -0.03579730952973415, "p_value": 1.0829228493725482e-29}