{"correlation": -0.10536031948321319, "p_value": 1.8783913542414885e-244}