{"correlation": 0.10090342001789693, "p_value": 2.786704538135027e-224}