{"correlation": 0.11825330343060736, "p_value": 7.955219612953373e-308}