{"correlation": 0.11517913415795526, "p_value": 4.908277263510709e-292}