{"correlation": 0.11683711678225939, "p_value": 1.6897567160290397e-300}