{"correlation": -0.04618697551700298, "p_value": 2.6281883724576103e-48}