{"correlation": 0.11396848247893629, "p_value": 6.198864840981867e-286}