{"correlation": 0.011775815128251318, "p_value": 0.000197881480743705}