{"correlation": 0.08321130622965146, "p_value": 6.104054739378413e-153}