{"correlation": -0.03635388840429833, "p_value": 1.4318588738756618e-30}