{"correlation": -0.06622970743733592, "p_value": 1.726857110059442e-97}