{"correlation": -0.07840121538112886, "p_value": 6.057336518202976e-136}