{"correlation": 0.10638167122327015, "p_value": 3.3575549025038087e-249}