{"correlation": -0.023031808756468316, "p_value": 3.3422361722809166e-13}