{"correlation": -0.06334730771992418, "p_value": 2.461110194250331e-89}