{"correlation": 0.007909074506079318, "p_value": 0.01243377469623987}