{"correlation": 0.07532883533517047, "p_value": 1.2715061471012993e-125}