{"correlation": 0.08206102405724504, "p_value": 8.773733777366228e-149}