{"correlation": -0.11173181442147506, "p_value": 7.777552789578642e-275}