{"correlation": -0.04603945772846785, "p_value": 5.208756142053412e-48}