{"correlation": 0.11062097287606759, "p_value": 2.0856362989725584e-269}