{"correlation": 0.044835937130619785, "p_value": 1.2738312585188397e-45}