{"correlation": 0.0396423453674392, "p_value": 4.906567743808737e-36}