{"correlation": 0.08683457318402611, "p_value": 2.0281054846978302e-166}