{"correlation": 0.020413741441444047, "p_value": 1.1028069625332912e-10}