{"correlation": 0.04600851044259303, "p_value": 6.010864965564309e-48}