{"correlation": 0.07509466893632062, "p_value": 7.481157207136836e-125}