{"correlation": 0.0010785684023474, "p_value": 0.733204378445381}