{"correlation": 0.03412730362970676, "p_value": 3.8974310578799476e-27}