{"correlation": 0.09741246079756491, "p_value": 4.213919237083011e-209}