{"correlation": 0.08567431526782357, "p_value": 4.858525469769798e-162}