{"correlation": 0.10429942995571223, "p_value": 1.4316876490932076e-239}