{"correlation": 0.10229580524598716, "p_value": 1.7329927565325956e-230}