{"correlation": 0.04192822051258933, "p_value": 4.129915213954599e-40}