{"correlation": 0.0013454300528380105, "p_value": 0.6706879791126484}