{"correlation": 0.10462518613898708, "p_value": 4.5933348976650575e-241}