{"correlation": 0.1145615198758841, "p_value": 6.483490351829043e-289}