{"correlation": 0.02132572535608983, "p_value": 1.5789155053965555e-11}