{"correlation": -0.10560585009295187, "p_value": 1.3699471408335739e-245}