{"correlation": 0.059949730586074584, "p_value": 3.4290183732907094e-80}