{"correlation": -0.013433888142179171, "p_value": 2.1783578773547526e-05}