{"correlation": 0.11202498879066147, "p_value": 2.8113542364710124e-276}