{"correlation": 0.0239510801940707, "p_value": 3.7184804050811413e-14}