{"correlation": -0.044030669486213946, "p_value": 4.656197570697282e-44}