{"correlation": 0.046467442875304396, "p_value": 7.115922855371972e-49}