{"correlation": 0.11576414980460367, "p_value": 5.234867619125356e-295}