{"correlation": 0.003297307427694079, "p_value": 0.2973795222952145}