{"correlation": -0.10526573949011496, "p_value": 5.1413462894070515e-244}