{"correlation": -0.040796616556083375, "p_value": 4.586296143185316e-38}