{"correlation": -0.041403204619897674, "p_value": 3.7314625768008135e-39}