{"correlation": 0.0899114317006235, "p_value": 2.5378951538041276e-178}