{"correlation": -0.10125736300230495, "p_value": 7.51054388893829e-226}