{"correlation": 0.02476834859639072, "p_value": 4.922320252294948e-15}