{"correlation": 0.051199771729443684, "p_value": 5.783401770385616e-59}