{"correlation": 0.04037814332299524, "p_value": 2.53424004025093e-37}