{"correlation": -0.07524195484485187, "p_value": 2.4555917515730433e-125}