{"correlation": 0.10869532965835778, "p_value": 3.962034488546495e-260}