{"correlation": 0.012158900149381412, "p_value": 0.00012164487180020271}