{"correlation": 0.09294968476344229, "p_value": 1.7331455255177115e-190}