{"correlation": 0.09206284645612176, "p_value": 6.796147685157194e-187}