{"correlation": -0.007593339902952328, "p_value": 0.016404017487704446}