{"correlation": 0.08078540667325983, "p_value": 3.0575557248024454e-144}