{"correlation": 0.08117238405123423, "p_value": 1.3032590979173983e-145}