{"correlation": 0.021798422784966694, "p_value": 5.583311569357056e-12}