{"correlation": 0.08535983892922226, "p_value": 7.298444788856741e-161}