{"correlation": -0.07914373924505597, "p_value": 1.6796745372695382e-138}