{"correlation": -0.005713364905505263, "p_value": 0.07097436572361922}