{"correlation": 0.01975804603025618, "p_value": 4.2419221152553393e-10}