{"correlation": 0.06470322387264568, "p_value": 3.9884303689457524e-93}