{"correlation": 0.06192625581162961, "p_value": 1.8928983304552043e-85}