{"correlation": 0.08129925683484097, "p_value": 4.61652965916704e-146}