{"correlation": 0.1077053706664634, "p_value": 2.009995519707578e-255}