{"correlation": 0.03814259536843297, "p_value": 1.7429172094101627e-33}