{"correlation": 0.036531639361019067, "p_value": 7.455125385320739e-31}