{"correlation": 0.08167028045029244, "p_value": 2.1987429771158387e-147}