{"correlation": 0.02945338123657273, "p_value": 1.2742776674758252e-20}