{"correlation": 0.04632931266587523, "p_value": 1.355549810142283e-48}