{"correlation": -0.027109341699475282, "p_value": 1.0430438195245217e-17}