{"correlation": 0.08516538261114313, "p_value": 3.878530972470106e-160}