{"correlation": -0.01595847307560201, "p_value": 4.564556684097194e-07}