{"correlation": 0.03428347354669992, "p_value": 2.274279007284255e-27}