{"correlation": -0.060542746636809544, "p_value": 9.452502445998269e-82}