{"correlation": -0.12012908215697862, "p_value": 1.1376533e-317}