{"correlation": 0.10614585590042884, "p_value": 4.2302376020308846e-248}