{"correlation": 0.09620698678535462, "p_value": 5.4970567419161064e-204}