{"correlation": -0.03439276297443198, "p_value": 1.557784320638151e-27}