{"correlation": 0.08748304198341889, "p_value": 6.814725913571251e-169}