{"correlation": 0.04329370577002226, "p_value": 1.1849796525103126e-42}