{"correlation": 0.10847877204506323, "p_value": 4.275399827952038e-259}