{"correlation": 0.11096802805976348, "p_value": 4.258252270308369e-271}