{"correlation": 0.0636709471130163, "p_value": 3.1170726781560595e-90}