{"correlation": 0.10264290741003798, "p_value": 4.766026119897285e-232}