{"correlation": 0.04762991360445068, "p_value": 2.91025500769818e-51}