{"correlation": 0.01920729738913604, "p_value": 1.2731448446433747e-09}