{"correlation": -0.11345595532604133, "p_value": 2.266810969843119e-283}