{"correlation": 0.09743236704890604, "p_value": 3.464735807425616e-209}