{"correlation": 0.08359275687172045, "p_value": 2.4773610684072263e-154}