{"correlation": 0.08524481800360699, "p_value": 1.961230282166044e-160}