{"correlation": 0.03186915893212772, "p_value": 7.173535379504023e-24}