{"correlation": 0.08325252259307676, "p_value": 4.3207660034032867e-153}