{"correlation": 0.044761960121732336, "p_value": 1.7777316520041714e-45}