{"correlation": 0.07765841165573921, "p_value": 2.069978329824151e-133}