{"correlation": 0.11769133580677792, "p_value": 6.592469098148543e-305}