{"correlation": -0.044626459913281666, "p_value": 3.2688088610941707e-45}