{"correlation": 0.023483532107401943, "p_value": 1.147949472641674e-13}