{"correlation": 0.09704813606340285, "p_value": 1.504985538788165e-207}