{"correlation": 0.04136393050528374, "p_value": 4.3944862726959906e-39}