{"correlation": -0.030909395576231066, "p_value": 1.5025528229747547e-22}