{"correlation": -0.0483363561072767, "p_value": 9.634677500569057e-53}