{"correlation": 0.04580656958868815, "p_value": 1.5268948831851762e-47}