{"correlation": 0.10954777082124238, "p_value": 3.2433937278418736e-264}