{"correlation": 0.11134943172200547, "p_value": 5.830607771693308e-273}