{"correlation": 0.020756522083121724, "p_value": 5.3625279057726326e-11}