{"correlation": 0.10026759684376653, "p_value": 1.7796613424831306e-221}