{"correlation": 0.04129249495164672, "p_value": 5.914678204561748e-39}