{"correlation": -0.03230504442414761, "p_value": 1.7483780179347493e-24}