{"correlation": -0.09709775363577294, "p_value": 9.25544864570406e-208}