{"correlation": -0.07128444739735657, "p_value": 1.1432408492620033e-112}