{"correlation": 0.11940233015907929, "p_value": 7.7465732954e-314}