{"correlation": -0.07011532620440647, "p_value": 4.663335834221216e-109}