{"correlation": -0.05423764646757197, "p_value": 5.902247162040439e-66}