{"correlation": 0.07922872380417888, "p_value": 8.531179584096408e-139}