{"correlation": -0.04187377315724716, "p_value": 5.195570580096132e-40}