{"correlation": 0.023373585467082424, "p_value": 1.4917224994163832e-13}