{"correlation": 0.10404611058637046, "p_value": 2.0612600945877013e-238}