{"correlation": 0.03626502856250869, "p_value": 1.9819183873575282e-30}