{"correlation": -0.02587618446809112, "p_value": 2.858177990609833e-16}