{"correlation": 0.08927523606105546, "p_value": 7.94313483964284e-176}