{"correlation": 0.013371905054863662, "p_value": 2.376845393657499e-05}