{"correlation": 0.029882734972666105, "p_value": 3.516322286336514e-21}