{"correlation": -0.049208677885409835, "p_value": 1.3373598001148612e-54}