{"correlation": 0.10746545554003936, "p_value": 2.7345753933937926e-254}