{"correlation": -0.11383702043422408, "p_value": 2.8240412375372397e-285}