{"correlation": 0.1154244709934876, "p_value": 2.795359078505703e-293}