{"correlation": 0.07634406405768228, "p_value": 5.489844527033137e-129}