{"correlation": 0.020939977726200945, "p_value": 3.62852025005175e-11}