{"correlation": 0.08730948019240431, "p_value": 3.1429828171813e-168}