{"correlation": 0.10698429022578693, "p_value": 5.044339557183905e-252}