{"correlation": 0.055803182326639826, "p_value": 1.025796005624707e-69}