{"correlation": 0.10630844093431845, "p_value": 7.378890365290415e-249}