{"correlation": 0.05374999720499676, "p_value": 8.324698953605534e-65}