{"correlation": 0.051873100582751255, "p_value": 1.7673479334099686e-60}