{"correlation": 0.05789324765876499, "p_value": 6.677031042133278e-75}