{"correlation": 0.101279177312683, "p_value": 6.00843463155516e-226}