{"correlation": 0.0366454764533423, "p_value": 4.900161605091201e-31}