{"correlation": -0.06129476521200222, "p_value": 9.454262532655253e-84}