{"correlation": -0.06940888991678003, "p_value": 6.626022205122407e-107}