{"correlation": -0.016677321227427135, "p_value": 1.3568709257404154e-07}