{"correlation": 0.07549214756443305, "p_value": 3.6823043917029764e-126}