{"correlation": 0.09477313944413072, "p_value": 5.500209018150988e-198}