{"correlation": 0.03971885575016364, "p_value": 3.6145292969724084e-36}