{"correlation": 0.035287643150664995, "p_value": 6.721840890476319e-29}