{"correlation": 0.023155921027476174, "p_value": 2.496829609230268e-13}