{"correlation": 0.10886558476668737, "p_value": 6.085002823092781e-261}