{"correlation": 0.022295895050207504, "p_value": 1.8258993881539418e-12}