{"correlation": 0.09841846922288844, "p_value": 2.0234013245665505e-213}