{"correlation": 0.10033496567413018, "p_value": 8.994189270699227e-222}