{"correlation": 0.042036659217949045, "p_value": 2.6122145327748625e-40}