{"correlation": 0.03034800489274106, "p_value": 8.534544129369908e-22}