{"correlation": 0.11350117235451875, "p_value": 1.348233164733256e-283}