{"correlation": 0.12010474903949764, "p_value": 1.53016e-317}