{"correlation": 0.10971881036277197, "p_value": 4.8645242826952926e-265}