{"correlation": 0.035728257030670445, "p_value": 1.3889297358947594e-29}