{"correlation": 0.09204026408962375, "p_value": 8.381255066413408e-187}