{"correlation": 0.111750620489928, "p_value": 6.287307208971221e-275}