{"correlation": 0.09578004315562257, "p_value": 3.4382907463055214e-202}