{"correlation": -0.04322905419776337, "p_value": 1.5700091794108734e-42}