{"correlation": -0.019406646437015937, "p_value": 8.582125919219973e-10}