{"correlation": 0.02909470160507039, "p_value": 3.683968207860801e-20}