{"correlation": 0.10276908098613946, "p_value": 1.2868248440436506e-232}