{"correlation": 0.04024410042797125, "p_value": 4.365557047027564e-37}