{"correlation": 0.1178146906406975, "p_value": 1.5124034035974286e-305}