{"correlation": 0.012265583891662286, "p_value": 0.00010596677931909715}