{"correlation": 0.0782093845865353, "p_value": 2.7475303464411627e-135}