{"correlation": 0.06059547813837856, "p_value": 6.856762760048117e-82}