{"correlation": -0.06818816861778587, "p_value": 3.0846872331295867e-103}