{"correlation": 0.06953585932717275, "p_value": 2.72888316630125e-107}