{"correlation": -0.03477133215183926, "p_value": 4.161715048181955e-28}