{"correlation": -0.06525213695001937, "p_value": 1.1052546161530855e-94}