{"correlation": 0.08490454599974433, "p_value": 3.6233732976225344e-159}