{"correlation": 0.01815401256510379, "p_value": 9.592162532914775e-09}