{"correlation": 0.06926144013497164, "p_value": 1.8525784687362318e-106}