{"correlation": -0.062243911777536555, "p_value": 2.606995869191364e-86}