{"correlation": 0.0934810612632256, "p_value": 1.1721080729888347e-192}