{"correlation": 0.11364997495169071, "p_value": 2.435188614871535e-284}