{"correlation": 0.0888717345538383, "p_value": 2.974707373795737e-174}