{"correlation": 0.03429353469098771, "p_value": 2.196527005923637e-27}