{"correlation": 0.11058803514239249, "p_value": 3.015431936732413e-269}