{"correlation": 0.08653921169696863, "p_value": 2.676678764650987e-165}