{"correlation": 0.10358821802232203, "p_value": 2.514917051586454e-236}