{"correlation": 0.11420408715832872, "p_value": 4.0747595314498246e-287}