{"correlation": -0.08114941235698335, "p_value": 1.5723947858998246e-145}