{"correlation": 0.09304901673301534, "p_value": 6.826040076701877e-191}