{"correlation": 0.055140910444516675, "p_value": 4.1180716658847185e-68}