{"correlation": -0.0008635521025530475, "p_value": 0.7849198955345029}