{"correlation": -0.08103682495823455, "p_value": 3.9429217732199596e-145}