{"correlation": 0.004068367196261777, "p_value": 0.19852886407385334}