{"correlation": 0.04197306139560333, "p_value": 3.4177615426527548e-40}