{"correlation": 0.060408743184127506, "p_value": 2.134611613239945e-81}