{"correlation": 0.01987305962868648, "p_value": 3.3593814277041054e-10}