{"correlation": 0.021593660970184777, "p_value": 8.782656988431619e-12}