{"correlation": 0.08501589773961127, "p_value": 1.3969987149727537e-159}