{"correlation": 0.052839407868907395, "p_value": 1.093445546116467e-62}