{"correlation": 0.07448644371096179, "p_value": 7.274133259169389e-123}