{"correlation": 0.08465728349548302, "p_value": 2.9941638509992357e-158}