{"correlation": 0.10617080747804158, "p_value": 3.2363520265136497e-248}