{"correlation": 0.013832231382668647, "p_value": 1.2329038323736908e-05}