{"correlation": -0.06860795580268371, "p_value": 1.718850240277927e-104}