{"correlation": 0.012629170794302197, "p_value": 6.56769826655626e-05}