{"correlation": 0.11666385299562805, "p_value": 1.312346834681926e-299}