{"correlation": -0.007773492059234905, "p_value": 0.014020515663774692}