{"correlation": 0.03919757943874315, "p_value": 2.8662402952851514e-35}