{"correlation": 0.09895006357605815, "p_value": 1.0134831716186476e-215}