{"correlation": 0.08568254418472832, "p_value": 4.525371604751791e-162}