{"correlation": 0.055588035640077374, "p_value": 3.420730207580417e-69}