{"correlation": 0.05993988556282601, "p_value": 3.638583039506107e-80}