{"correlation": 0.04603263194204114, "p_value": 5.3759743918611394e-48}