{"correlation": 0.06194782662362394, "p_value": 1.6550103135504613e-85}