{"correlation": 0.06334059680493374, "p_value": 2.5685644613673556e-89}