{"correlation": 0.09768881062648122, "p_value": 2.7724577828593852e-210}