{"correlation": 0.05778744607481603, "p_value": 1.2351322105146201e-74}