{"correlation": 0.11120931162172293, "p_value": 2.8254878600749455e-272}