{"correlation": 0.040353026111714985, "p_value": 2.806500426044882e-37}