{"correlation": -0.05911749781829034, "p_value": 4.988798405968557e-78}