{"correlation": 0.04016750744316676, "p_value": 5.95184681800678e-37}