{"correlation": 0.08306395730818227, "p_value": 2.0963400738875423e-152}