{"correlation": 0.04281445896842596, "p_value": 9.444415912191681e-42}