{"correlation": -0.09529825506650692, "p_value": 3.577197042821647e-200}