{"correlation": 0.05244368836190215, "p_value": 8.874549589070155e-62}