{"correlation": 0.07981861845584928, "p_value": 7.58597524596036e-141}