{"correlation": -0.029644326085198885, "p_value": 7.203831194763744e-21}