{"correlation": -0.11414573331742671, "p_value": 8.000944776795718e-287}