{"correlation": 0.09833885607132205, "p_value": 4.4616046366213737e-213}