{"correlation": 0.04165631488862667, "p_value": 1.2957264447997378e-39}