{"correlation": -0.05475710098386302, "p_value": 3.4300048068469005e-67}