{"correlation": 0.05437267286470459, "p_value": 2.824471751235899e-66}