{"correlation": 0.08653962733821573, "p_value": 2.666994753133346e-165}