{"correlation": 0.1094563282336712, "p_value": 8.932487209097784e-264}