{"correlation": 0.11313368803431742, "p_value": 9.14081393447866e-282}