{"correlation": 0.09112682638093131, "p_value": 3.864174043869516e-183}