{"correlation": -0.09340543062528828, "p_value": 2.390950907819765e-192}