{"correlation": 0.05364462644052912, "p_value": 1.4701331054479506e-64}