{"correlation": -0.0715985121230578, "p_value": 1.1966985741542745e-113}