{"correlation": 0.05617809454334302, "p_value": 1.243822251018433e-70}