{"correlation": 0.07679881314317698, "p_value": 1.65068205135513e-130}