{"correlation": 0.10725671835858472, "p_value": 2.6372744392080377e-253}