{"correlation": -0.001552369200200913, "p_value": 0.6237063968521148}