{"correlation": 0.07848573374514037, "p_value": 3.1077751846953034e-136}