{"correlation": 0.06491677836499832, "p_value": 9.919478652016595e-94}