{"correlation": 0.0396069757930003, "p_value": 5.650011210012531e-36}