{"correlation": 0.07991582071023799, "p_value": 3.4719698793978424e-141}