{"correlation": 0.07501924974844686, "p_value": 1.3223301051939299e-124}