{"correlation": 0.03078465190993172, "p_value": 2.2162710697971583e-22}