{"correlation": 0.11252491165920274, "p_value": 9.576526724461054e-279}