{"correlation": 0.020410209503521546, "p_value": 1.11096381992895e-10}