{"correlation": 0.08063179117123945, "p_value": 1.0654064428487218e-143}