{"correlation": 0.10996049707910682, "p_value": 3.3151768188617636e-266}