{"correlation": 0.10280977944998097, "p_value": 8.432345067226279e-233}