{"correlation": 0.08397730256958412, "p_value": 9.650585313526421e-156}