{"correlation": 0.08373273396669209, "p_value": 7.61557951679142e-155}