{"correlation": 0.11687024616705166, "p_value": 1.141436977570422e-300}