{"correlation": -0.051395768138254944, "p_value": 2.105070615709477e-59}