{"correlation": 0.033543823134323095, "p_value": 2.8542205929664193e-26}