{"correlation": 0.05138915850278394, "p_value": 2.17818934494349e-59}