{"correlation": 0.06616562202029566, "p_value": 2.6454704354698274e-97}