{"correlation": 0.11807561826511909, "p_value": 6.6825994388494345e-307}