{"correlation": 0.04149095214015935, "p_value": 2.5878678239192028e-39}