{"correlation": 0.09851199752969628, "p_value": 7.985261173068082e-214}