{"correlation": 0.05385728444010025, "p_value": 4.6600520202592e-65}