{"correlation": 0.009953926522852718, "p_value": 0.001655918597188707}