{"correlation": 0.07202748320173852, "p_value": 5.3978128899213685e-115}