{"correlation": 0.09522422632868646, "p_value": 7.287488180390249e-200}