{"correlation": 0.0685731261545855, "p_value": 2.1856177480180783e-104}