{"correlation": 0.03408070357414501, "p_value": 4.5748726035655944e-27}