{"correlation": 0.05252021437373445, "p_value": 5.926859342965543e-62}