{"correlation": 0.06632976556652544, "p_value": 8.864747425252752e-98}