{"correlation": -0.06813257822217203, "p_value": 4.515322090965456e-103}