{"correlation": 0.09155755815402326, "p_value": 7.311975004207717e-185}