{"correlation": 0.017369530172044498, "p_value": 4.0238004392265233e-08}