{"correlation": -0.09083300493803402, "p_value": 5.7237242956517155e-182}