{"correlation": 0.07218309307339335, "p_value": 1.7459785266360262e-115}