{"correlation": -0.015785725055526927, "p_value": 6.064180511476096e-07}