{"correlation": 0.0007049557349466304, "p_value": 0.8236980672112535}