{"correlation": 0.01480822934478788, "p_value": 2.8661725368694964e-06}