{"correlation": 0.055629511760688644, "p_value": 2.712942450734937e-69}