{"correlation": 0.051244796635786405, "p_value": 4.586718611094119e-59}