{"correlation": -0.049042730839341485, "p_value": 3.0351408752315024e-54}