{"correlation": 0.06057052803635846, "p_value": 7.981876338409918e-82}