{"correlation": 0.02531158852612659, "p_value": 1.2376940346119858e-15}