{"correlation": 0.10425510847709886, "p_value": 2.284085831717284e-239}