{"correlation": 0.050090777242758955, "p_value": 1.6374360030462378e-56}