{"correlation": 0.08781666572787938, "p_value": 3.577247629450455e-170}