{"correlation": 0.08471422291724574, "p_value": 1.842094558183321e-158}