{"correlation": 0.0580198049210176, "p_value": 3.194527326892459e-75}