{"correlation": 0.034036944941977273, "p_value": 5.316800251702659e-27}