{"correlation": 0.040435350565118724, "p_value": 2.008204720315745e-37}