{"correlation": 0.08658732063278726, "p_value": 1.759341223745278e-165}