{"correlation": 0.01664587277330755, "p_value": 1.4323285573783137e-07}