{"correlation": -0.039660997539125074, "p_value": 4.5545387316536566e-36}