{"correlation": -0.05175607800823636, "p_value": 3.2510119386936335e-60}