{"correlation": 0.05680210000849842, "p_value": 3.597941915465773e-72}