{"correlation": 0.03928410800764455, "p_value": 2.0363649168877e-35}