{"correlation": 0.11377291529586006, "p_value": 5.911845846013161e-285}