{"correlation": 0.107421574340241, "p_value": 4.40521071290427e-254}