{"correlation": 0.06736156012448667, "p_value": 8.626125168534998e-101}