{"correlation": 0.08693265467501268, "p_value": 8.593027063890676e-167}