{"correlation": 0.07341571976943087, "p_value": 2.096856495921301e-119}