{"correlation": -0.00573696279979537, "p_value": 0.06981649247442288}