{"correlation": 0.11690160633797096, "p_value": 7.872858406008334e-301}