{"correlation": 0.1071356595954997, "p_value": 9.796977884368565e-253}