{"correlation": -0.10367490632110576, "p_value": 1.0144905673263025e-236}