{"correlation": -0.009010837380519715, "p_value": 0.0044022138007228555}