{"correlation": 0.10614140004454983, "p_value": 4.4374380294551205e-248}