{"correlation": -0.020590909713932164, "p_value": 7.608171799234156e-11}