{"correlation": 0.0010987679765933093, "p_value": 0.7284035850407309}