{"correlation": -0.06199975250971509, "p_value": 1.1975998626736882e-85}