{"correlation": 0.06167833281969603, "p_value": 8.83158631558523e-85}