{"correlation": 0.006419761869371624, "p_value": 0.04246906825160059}