{"correlation": -0.035913050586542525, "p_value": 7.128110376794084e-30}