{"correlation": 0.11730163710000172, "p_value": 6.830325128240603e-303}