{"correlation": -0.06598552496855922, "p_value": 8.752469340555517e-97}