{"correlation": 0.04490149310875257, "p_value": 9.476256276166377e-46}