{"correlation": 0.10933615037775077, "p_value": 3.377788856613478e-263}