{"correlation": 0.08390693619382689, "p_value": 1.7496424169742008e-155}