{"correlation": 0.09728999508261783, "p_value": 1.4038702101848659e-208}