{"correlation": 0.03429607461261478, "p_value": 2.177319018820206e-27}