{"correlation": 0.030149422372766445, "p_value": 1.5659218269116771e-21}