{"correlation": 0.05758428070504743, "p_value": 4.0114235888265935e-74}