{"correlation": 0.08917024158763266, "p_value": 2.0422679423704368e-175}