{"correlation": 0.10829067552208158, "p_value": 3.3616820136855775e-258}