{"correlation": 0.09000377195253555, "p_value": 1.098424310291511e-178}