{"correlation": 0.09062339615013831, "p_value": 3.894425868153306e-181}