{"correlation": 0.048770529262811134, "p_value": 1.1572149025123854e-53}