{"correlation": 0.09446943097311745, "p_value": 9.990004969309165e-197}