{"correlation": 0.10006695309039296, "p_value": 1.3546512489880561e-220}