{"correlation": 0.11798687820276899, "p_value": 1.9320768209800845e-306}