{"correlation": 0.05048164016482875, "p_value": 2.2702824655773844e-57}