{"correlation": 0.05643554879909007, "p_value": 2.897175096807912e-71}