{"correlation": -0.043476117289671906, "p_value": 5.345344510432391e-43}