{"correlation": 0.06299154706640378, "p_value": 2.3566110237804527e-88}