{"correlation": 0.05157991380303793, "p_value": 8.116410303774911e-60}