{"correlation": 0.014491525768136147, "p_value": 4.648014328189158e-06}