{"correlation": 0.034521081795587, "p_value": 9.974668828252221e-28}