{"correlation": 0.03768834259595596, "p_value": 9.875856392322734e-33}