{"correlation": -0.09618141583835496, "p_value": 7.045948032483621e-204}