{"correlation": -0.031464554330846564, "p_value": 2.615191185641265e-23}