{"correlation": -0.004149753789817417, "p_value": 0.1896971415186905}