{"correlation": 0.1001414241765447, "p_value": 6.380618602310319e-221}