{"correlation": 0.07011187900995997, "p_value": 4.7780835672869285e-109}