{"correlation": 0.07109697425995518, "p_value": 4.376722602850991e-112}