{"correlation": 0.01643390662631431, "p_value": 2.0576756169796925e-07}