{"correlation": 0.044078359850197306, "p_value": 3.769250148291872e-44}