{"correlation": -0.08516289190456715, "p_value": 3.96230782054237e-160}