{"correlation": -0.07607720815206008, "p_value": 4.2500728645898803e-128}