{"correlation": 0.032218653364896536, "p_value": 2.3163286385150887e-24}