{"correlation": 0.11539909926057595, "p_value": 3.7606569305060163e-293}