{"correlation": 0.10683626672126924, "p_value": 2.4991415186559532e-251}