{"correlation": 0.033960091450646115, "p_value": 6.919689697314496e-27}