{"correlation": 0.02590923135957694, "p_value": 2.6206501992915013e-16}