{"correlation": 0.07486920790353391, "p_value": 4.099440813152274e-124}