{"correlation": 0.039442336487215866, "p_value": 1.087788688748155e-35}