{"correlation": 0.11521208295477375, "p_value": 3.341576630086589e-292}