{"correlation": 0.11988561168184689, "p_value": 2.20194426e-316}