{"correlation": 0.023144611884375475, "p_value": 2.564226420690043e-13}