{"correlation": 0.08272803805987959, "p_value": 3.463084564195945e-151}