{"correlation": -0.005062454410906337, "p_value": 0.10961498634827412}