{"correlation": 0.1173939348069158, "p_value": 2.2789152877013997e-303}