{"correlation": 0.06332821496386609, "p_value": 2.7792522459504125e-89}