{"correlation": 0.10672989114139703, "p_value": 7.881863646787278e-251}