{"correlation": -0.0018108287593557617, "p_value": 0.567127676486452}