{"correlation": -0.020260915106498672, "p_value": 1.5152908276710886e-10}