{"correlation": 0.08177058531088359, "p_value": 9.631500903901278e-148}