{"correlation": 0.0621481383901252, "p_value": 4.744531058193244e-86}