{"correlation": -0.07578882469462946, "p_value": 3.849535810726769e-127}