{"correlation": 0.005743966328842525, "p_value": 0.06947585085014099}