{"correlation": -0.11385508866805842, "p_value": 2.2930019251784697e-285}