{"correlation": 0.11126810041930592, "p_value": 1.4576158507520425e-272}