{"correlation": -0.00780836494897396, "p_value": 0.013596185653719952}