{"correlation": 0.09216012857393673, "p_value": 2.7528806708180363e-187}