{"correlation": 0.09608614620947822, "p_value": 1.7756099692225888e-203}