{"correlation": 0.0734965716476729, "p_value": 1.1536565203393864e-119}