{"correlation": 0.08440735731602382, "p_value": 2.5151761220139406e-157}