{"correlation": 0.061770892543473184, "p_value": 4.973035823060979e-85}