{"correlation": 0.0395546250314466, "p_value": 6.96046504682021e-36}