{"correlation": 0.037688286308863866, "p_value": 9.877966637894596e-33}