{"correlation": 0.07218853511365006, "p_value": 1.6783283296313885e-115}