{"correlation": 0.017933579562552954, "p_value": 1.4438519100062563e-08}