{"correlation": 0.1184021826945831, "p_value": 1.3338413464452334e-308}