{"correlation": -0.01997328998723146, "p_value": 2.7385384902754153e-10}