{"correlation": 0.015286528011626747, "p_value": 1.3559721629131174e-06}