{"correlation": 0.11996206245524887, "p_value": 8.6903202e-317}