{"correlation": 0.062399725226450695, "p_value": 9.82206838623069e-87}