{"correlation": 0.0917538966975151, "p_value": 1.1909738329348687e-185}