{"correlation": 0.02738928617905904, "p_value": 4.817437469141727e-18}