{"correlation": 0.0828088582298617, "p_value": 1.765529795425245e-151}