{"correlation": 0.08912019334050619, "p_value": 3.202100195953405e-175}