{"correlation": 0.10174729579921353, "p_value": 4.9433342709548035e-228}