{"correlation": 0.046609294734718865, "p_value": 3.6638944474040964e-49}