{"correlation": 0.08536825205946685, "p_value": 6.789012321353672e-161}