{"correlation": 0.04889496192041397, "p_value": 6.2821971966165e-54}