{"correlation": -0.07129072575085367, "p_value": 1.0929148542958829e-112}