{"correlation": 0.07941920768500924, "p_value": 1.8637903632600677e-139}