{"correlation": 0.044176782099349825, "p_value": 2.435211834358286e-44}