{"correlation": 0.10672651631562079, "p_value": 8.174223965439278e-251}