{"correlation": 0.014686210935658991, "p_value": 3.456952422502853e-06}