{"correlation": 0.04174994316908297, "p_value": 8.747521603301295e-40}