{"correlation": -0.01381019622299576, "p_value": 1.2728466497559214e-05}