{"correlation": 0.03347451104909319, "p_value": 3.6077008331321246e-26}