{"correlation": 0.09750752855418272, "p_value": 1.6539002563880548e-209}