{"correlation": -0.09675036114880779, "p_value": 2.76905524239848e-206}