{"correlation": 0.06825981526949708, "p_value": 1.8868541157876483e-103}