{"correlation": 0.09189631660886181, "p_value": 3.185189780934867e-186}