{"correlation": 0.09499072574608718, "p_value": 6.85068180366339e-199}