{"correlation": 0.05237832281020116, "p_value": 1.2522677905205323e-61}