{"correlation": 0.09022227138494046, "p_value": 1.5088698766898974e-179}