{"correlation": 0.10377484851786666, "p_value": 3.558553881284838e-237}