{"correlation": 0.04546384450541731, "p_value": 7.360121379456181e-47}