{"correlation": -0.03078588923007702, "p_value": 2.2077603322325063e-22}