{"correlation": 0.08541335171733588, "p_value": 4.605770060647876e-161}