{"correlation": 0.05168533189423797, "p_value": 4.6962555403079076e-60}