{"correlation": 0.08961029336061921, "p_value": 3.8721056561239193e-177}