{"correlation": 0.10737552020315792, "p_value": 7.264482938536261e-254}