{"correlation": 0.035551675323255705, "p_value": 2.618986569625632e-29}