{"correlation": 0.07354421964390012, "p_value": 8.109922264983006e-120}