{"correlation": 0.09368928744881772, "p_value": 1.6415511622398622e-193}