{"correlation": 0.03282364554225885, "p_value": 3.180687857557548e-25}