{"correlation": 0.05085657697390233, "p_value": 3.3628521379642404e-58}