{"correlation": 0.013025228941166594, "p_value": 3.8448479012026484e-05}