{"correlation": -0.10244502046698094, "p_value": 3.7030176600568234e-231}