{"correlation": 0.07805120540093763, "p_value": 9.532098942872001e-135}