{"correlation": 0.02380997550728239, "p_value": 5.237175543423533e-14}