{"correlation": 0.06646639737413966, "p_value": 3.560532755155941e-98}