{"correlation": -0.06626184422133805, "p_value": 1.3940983326343186e-97}