{"correlation": -0.027524694499328275, "p_value": 3.3062438235786775e-18}