{"correlation": 0.048581671744238206, "p_value": 2.916012261395514e-53}