{"correlation": 0.09505351423924806, "p_value": 3.7522348115713533e-199}