{"correlation": 0.03912512014532133, "p_value": 3.8140071493864276e-35}