{"correlation": 0.0189465585135348, "p_value": 2.1201381953195266e-09}