{"correlation": 0.028463563257562198, "p_value": 2.3129029546010326e-19}