{"correlation": 0.08234026753711829, "p_value": 8.694945580524385e-150}