{"correlation": 0.06510327945103045, "p_value": 2.9315411101861543e-94}