{"correlation": 0.09723975080876182, "p_value": 2.2991032207791617e-208}