{"correlation": 0.019674658457533307, "p_value": 5.019480918058986e-10}