{"correlation": 0.06971790227555218, "p_value": 7.62728422876382e-108}