{"correlation": 0.07264138003684817, "p_value": 6.1976225489070865e-117}