{"correlation": 0.022739612041250266, "p_value": 6.600956760075657e-13}