{"correlation": -0.0031207029624187145, "p_value": 0.32400768586214357}