{"correlation": 0.11428632645670603, "p_value": 1.5734571822402914e-287}