{"correlation": -0.06160046103878234, "p_value": 1.4308246296014842e-84}