{"correlation": 0.1044899247464031, "p_value": 1.9183671798495317e-240}