{"correlation": 0.03423156678819482, "p_value": 2.7209107499194057e-27}