{"correlation": -0.056898587112151004, "p_value": 2.0730686045771573e-72}