{"correlation": 0.11031326462258711, "p_value": 6.502995700187267e-268}