{"correlation": 0.11902474167156565, "p_value": 7.433369437027e-312}