{"correlation": -0.03951258869263729, "p_value": 8.227975035300606e-36}