{"correlation": 0.09993157965290586, "p_value": 5.315562119463428e-220}