{"correlation": 0.008068930792502049, "p_value": 0.0107688661237248}