{"correlation": 0.09346650593198119, "p_value": 1.3445328142711273e-192}