{"correlation": 0.06832019830769201, "p_value": 1.2463807260626952e-103}