{"correlation": 0.0639524380205474, "p_value": 5.122725699505723e-91}