{"correlation": 0.03782652357316603, "p_value": 5.8394373639857936e-33}