{"correlation": -0.08225257559537179, "p_value": 1.7984665040313865e-149}