{"correlation": 0.03242180159545963, "p_value": 1.1940394389649127e-24}