{"correlation": 0.023900904687610924, "p_value": 4.2009800572857764e-14}