{"correlation": -0.02800008633374669, "p_value": 8.692591226298243e-19}