{"correlation": 0.08196979059091546, "p_value": 1.8639486890015736e-148}