{"correlation": 0.03463562660550051, "p_value": 6.690696748278998e-28}