{"correlation": 0.08908971890129755, "p_value": 4.21029380821405e-175}