{"correlation": 0.05845880264852998, "p_value": 2.445478192970335e-76}