{"correlation": 0.11643782255144997, "p_value": 1.8938645661248044e-298}