{"correlation": 0.11621074229925324, "p_value": 2.7523954735546655e-297}