{"correlation": 0.06434960064418059, "p_value": 3.9544386819324554e-92}