{"correlation": 0.07611337598189179, "p_value": 3.2219098876697986e-128}