{"correlation": 0.10090462768600592, "p_value": 2.752615291600327e-224}