{"correlation": 0.08887102391494613, "p_value": 2.9937050569934115e-174}