{"correlation": 0.10537580267284534, "p_value": 1.5928003564316716e-244}