{"correlation": 0.08157735707325502, "p_value": 4.7192988540213295e-147}